[17-Sep-2024 16:05:37 UTC] create_variation_product_id:334
[17-Sep-2024 16:05:37 UTC] create_stock:2190
[17-Sep-2024 16:05:37 UTC] create_price:3,85
[17-Sep-2024 16:05:38 UTC] create_variation_product_id:953
[17-Sep-2024 16:05:38 UTC] create_stock:6103
[17-Sep-2024 16:05:38 UTC] create_price:3,55
[17-Sep-2024 16:05:38 UTC] create_variation_product_id:954
[17-Sep-2024 16:05:38 UTC] create_stock:1372
[17-Sep-2024 16:05:38 UTC] create_price:41,16
[17-Sep-2024 16:05:38 UTC] create_variation_product_id:955
[17-Sep-2024 16:05:38 UTC] create_stock:10762
[17-Sep-2024 16:05:38 UTC] create_price:1,41
[17-Sep-2024 16:05:38 UTC] create_variation_product_id:956
[17-Sep-2024 16:05:38 UTC] create_stock:31882
[17-Sep-2024 16:05:38 UTC] create_price:1,20
[17-Sep-2024 16:05:39 UTC] create_variation_product_id:956
[17-Sep-2024 16:05:39 UTC] create_stock:25285
[17-Sep-2024 16:05:39 UTC] create_price:1,20
[17-Sep-2024 16:05:39 UTC] create_variation_product_id:956
[17-Sep-2024 16:05:39 UTC] create_stock:8391
[17-Sep-2024 16:05:39 UTC] create_price:1,20
[17-Sep-2024 16:05:39 UTC] create_variation_product_id:956
[17-Sep-2024 16:05:39 UTC] create_stock:9126
[17-Sep-2024 16:05:39 UTC] create_price:1,20
[17-Sep-2024 16:05:39 UTC] create_variation_product_id:956
[17-Sep-2024 16:05:39 UTC] create_stock:7292
[17-Sep-2024 16:05:39 UTC] create_price:1,20
[17-Sep-2024 16:05:40 UTC] create_variation_product_id:956
[17-Sep-2024 16:05:40 UTC] create_stock:25
[17-Sep-2024 16:05:40 UTC] create_price:1,20
[17-Sep-2024 16:05:40 UTC] create_variation_product_id:956
[17-Sep-2024 16:05:40 UTC] create_stock:951
[17-Sep-2024 16:05:40 UTC] create_price:1,20
[17-Sep-2024 16:05:40 UTC] create_variation_product_id:956
[17-Sep-2024 16:05:40 UTC] create_stock:2160
[17-Sep-2024 16:05:40 UTC] create_price:1,20
[17-Sep-2024 16:05:40 UTC] create_variation_product_id:957
[17-Sep-2024 16:05:40 UTC] create_stock:34
[17-Sep-2024 16:05:40 UTC] create_price:7,66
[17-Sep-2024 16:05:41 UTC] create_variation_product_id:958
[17-Sep-2024 16:05:41 UTC] create_stock:4736
[17-Sep-2024 16:05:41 UTC] create_price:0,35
[17-Sep-2024 16:05:41 UTC] create_variation_product_id:959
[17-Sep-2024 16:05:41 UTC] create_stock:97326
[17-Sep-2024 16:05:41 UTC] create_price:0,25
[17-Sep-2024 16:05:41 UTC] Erreur lors de l'exécution de la tâche cron : cURL error 28: Operation timed out after 15005 milliseconds with 0 bytes received
[17-Sep-2024 16:05:41 UTC] create_variation_product_id:960
[17-Sep-2024 16:05:41 UTC] create_stock:8573
[17-Sep-2024 16:05:41 UTC] create_price:2,60
[17-Sep-2024 16:05:41 UTC] create_variation_product_id:961
[17-Sep-2024 16:05:41 UTC] create_stock:9971
[17-Sep-2024 16:05:41 UTC] create_price:2,55
[17-Sep-2024 16:05:41 UTC] create_variation_product_id:962
[17-Sep-2024 16:05:41 UTC] create_stock:56177
[17-Sep-2024 16:05:41 UTC] create_price:0,42
[17-Sep-2024 16:05:42 UTC] create_variation_product_id:963
[17-Sep-2024 16:05:42 UTC] create_stock:31536
[17-Sep-2024 16:05:42 UTC] create_price:0,95
[17-Sep-2024 16:05:42 UTC] create_variation_product_id:964
[17-Sep-2024 16:05:42 UTC] create_stock:9949
[17-Sep-2024 16:05:42 UTC] create_price:3,08
[17-Sep-2024 16:05:42 UTC] create_variation_product_id:965
[17-Sep-2024 16:05:42 UTC] create_stock:14229
[17-Sep-2024 16:05:42 UTC] create_price:1,36
[17-Sep-2024 16:05:42 UTC] create_variation_product_id:966
[17-Sep-2024 16:05:42 UTC] create_stock:9753
[17-Sep-2024 16:05:42 UTC] create_price:1,36
[17-Sep-2024 16:05:42 UTC] create_variation_product_id:967
[17-Sep-2024 16:05:42 UTC] create_stock:38231
[17-Sep-2024 16:05:42 UTC] create_price:0,73
[17-Sep-2024 16:05:43 UTC] create_variation_product_id:968
[17-Sep-2024 16:05:43 UTC] create_stock:31946
[17-Sep-2024 16:05:43 UTC] create_price:0,32
[17-Sep-2024 16:05:43 UTC] create_variation_product_id:969
[17-Sep-2024 16:05:43 UTC] create_stock:0
[17-Sep-2024 16:05:43 UTC] create_price:0,41
[17-Sep-2024 16:05:44 UTC] create_variation_product_id:970
[17-Sep-2024 16:05:44 UTC] create_stock:0
[17-Sep-2024 16:05:44 UTC] create_price:0,63
[17-Sep-2024 16:05:44 UTC] create_variation_product_id:971
[17-Sep-2024 16:05:44 UTC] create_stock:0
[17-Sep-2024 16:05:44 UTC] create_price:0,73
[17-Sep-2024 16:05:46 UTC] create_variation_product_id:972
[17-Sep-2024 16:05:46 UTC] create_stock:14922
[17-Sep-2024 16:05:46 UTC] create_price:0,61
[17-Sep-2024 16:05:46 UTC] create_variation_product_id:973
[17-Sep-2024 16:05:46 UTC] create_stock:14377
[17-Sep-2024 16:05:46 UTC] create_price:0,61
[17-Sep-2024 16:05:46 UTC] create_variation_product_id:974
[17-Sep-2024 16:05:46 UTC] create_stock:27471
[17-Sep-2024 16:05:46 UTC] create_price:1,16
[17-Sep-2024 16:05:46 UTC] create_variation_product_id:975
[17-Sep-2024 16:05:46 UTC] create_stock:19485
[17-Sep-2024 16:05:46 UTC] create_price:1,11
[17-Sep-2024 16:05:46 UTC] create_variation_product_id:976
[17-Sep-2024 16:05:46 UTC] create_stock:5599
[17-Sep-2024 16:05:46 UTC] create_price:5,76
[17-Sep-2024 16:05:46 UTC] create_variation_product_id:977
[17-Sep-2024 16:05:46 UTC] create_stock:9893
[17-Sep-2024 16:05:46 UTC] create_price:1,67
[17-Sep-2024 16:05:47 UTC] create_variation_product_id:977
[17-Sep-2024 16:05:47 UTC] create_stock:9057
[17-Sep-2024 16:05:47 UTC] create_price:1,67
[17-Sep-2024 16:05:47 UTC] create_variation_product_id:978
[17-Sep-2024 16:05:47 UTC] create_stock:7763
[17-Sep-2024 16:05:47 UTC] create_price:5,49
[17-Sep-2024 16:05:47 UTC] create_variation_product_id:979
[17-Sep-2024 16:05:47 UTC] create_stock:289
[17-Sep-2024 16:05:47 UTC] create_price:5,23
[17-Sep-2024 16:05:47 UTC] create_variation_product_id:980
[17-Sep-2024 16:05:47 UTC] create_stock:20588
[17-Sep-2024 16:05:47 UTC] create_price:2,60
[17-Sep-2024 16:05:47 UTC] create_variation_product_id:981
[17-Sep-2024 16:05:47 UTC] create_stock:10049
[17-Sep-2024 16:05:47 UTC] create_price:1,16
[17-Sep-2024 16:05:48 UTC] create_variation_product_id:982
[17-Sep-2024 16:05:48 UTC] create_stock:10817
[17-Sep-2024 16:05:48 UTC] create_price:1,27
[17-Sep-2024 16:05:48 UTC] create_variation_product_id:982
[17-Sep-2024 16:05:48 UTC] create_stock:17810
[17-Sep-2024 16:05:48 UTC] create_price:1,27
[17-Sep-2024 16:05:48 UTC] create_variation_product_id:982
[17-Sep-2024 16:05:48 UTC] create_stock:14494
[17-Sep-2024 16:05:48 UTC] create_price:1,27
[17-Sep-2024 16:05:48 UTC] create_variation_product_id:983
[17-Sep-2024 16:05:48 UTC] create_stock:15765
[17-Sep-2024 16:05:48 UTC] create_price:1,93
[17-Sep-2024 16:05:48 UTC] create_variation_product_id:983
[17-Sep-2024 16:05:48 UTC] create_stock:15755
[17-Sep-2024 16:05:48 UTC] create_price:1,93
[17-Sep-2024 16:05:49 UTC] create_variation_product_id:984
[17-Sep-2024 16:05:49 UTC] create_stock:14989
[17-Sep-2024 16:05:49 UTC] create_price:1,28
[17-Sep-2024 16:05:49 UTC] create_variation_product_id:985
[17-Sep-2024 16:05:49 UTC] create_stock:96803
[17-Sep-2024 16:05:49 UTC] create_price:0,17
[17-Sep-2024 16:05:49 UTC] create_variation_product_id:986
[17-Sep-2024 16:05:49 UTC] create_stock:49702
[17-Sep-2024 16:05:49 UTC] create_price:0,17
[17-Sep-2024 16:05:49 UTC] create_variation_product_id:987
[17-Sep-2024 16:05:49 UTC] create_stock:47711
[17-Sep-2024 16:05:49 UTC] create_price:0,17
[17-Sep-2024 16:05:49 UTC] create_variation_product_id:988
[17-Sep-2024 16:05:49 UTC] create_stock:51106
[17-Sep-2024 16:05:49 UTC] create_price:0,17
[17-Sep-2024 16:05:50 UTC] create_variation_product_id:989
[17-Sep-2024 16:05:50 UTC] create_stock:2365
[17-Sep-2024 16:05:50 UTC] create_price:6,86
[17-Sep-2024 16:05:50 UTC] create_variation_product_id:990
[17-Sep-2024 16:05:50 UTC] create_stock:6984
[17-Sep-2024 16:05:50 UTC] create_price:2,29
[17-Sep-2024 16:05:50 UTC] create_variation_product_id:991
[17-Sep-2024 16:05:50 UTC] create_stock:16136
[17-Sep-2024 16:05:50 UTC] create_price:0,79
[17-Sep-2024 16:05:50 UTC] create_variation_product_id:991
[17-Sep-2024 16:05:50 UTC] create_stock:6343
[17-Sep-2024 16:05:50 UTC] create_price:0,79
[17-Sep-2024 16:05:50 UTC] create_variation_product_id:991
[17-Sep-2024 16:05:50 UTC] create_stock:8223
[17-Sep-2024 16:05:50 UTC] create_price:0,79
[17-Sep-2024 16:05:51 UTC] create_variation_product_id:992
[17-Sep-2024 16:05:51 UTC] create_stock:23470
[17-Sep-2024 16:05:51 UTC] create_price:0,47
[17-Sep-2024 16:05:51 UTC] create_variation_product_id:992
[17-Sep-2024 16:05:51 UTC] create_stock:7753
[17-Sep-2024 16:05:51 UTC] create_price:0,47
[17-Sep-2024 16:05:51 UTC] create_variation_product_id:993
[17-Sep-2024 16:05:51 UTC] create_stock:8043
[17-Sep-2024 16:05:51 UTC] create_price:1,82
[17-Sep-2024 16:05:51 UTC] create_variation_product_id:993
[17-Sep-2024 16:05:51 UTC] create_stock:3748
[17-Sep-2024 16:05:51 UTC] create_price:1,82
[17-Sep-2024 16:05:51 UTC] create_variation_product_id:993
[17-Sep-2024 16:05:51 UTC] create_stock:2418
[17-Sep-2024 16:05:51 UTC] create_price:1,82
[17-Sep-2024 16:05:52 UTC] create_variation_product_id:993
[17-Sep-2024 16:05:52 UTC] create_stock:3000
[17-Sep-2024 16:05:52 UTC] create_price:1,82
[17-Sep-2024 16:05:52 UTC] create_variation_product_id:994
[17-Sep-2024 16:05:52 UTC] create_stock:5112
[17-Sep-2024 16:05:52 UTC] create_price:3,54
[17-Sep-2024 16:05:52 UTC] create_variation_product_id:995
[17-Sep-2024 16:05:52 UTC] create_stock:7125
[17-Sep-2024 16:05:52 UTC] create_price:1,80
[17-Sep-2024 16:05:52 UTC] create_variation_product_id:996
[17-Sep-2024 16:05:52 UTC] create_stock:1165
[17-Sep-2024 16:05:52 UTC] create_price:10,00
[17-Sep-2024 16:05:52 UTC] create_variation_product_id:997
[17-Sep-2024 16:05:52 UTC] create_stock:2301
[17-Sep-2024 16:05:52 UTC] create_price:0,62
[17-Sep-2024 16:05:53 UTC] create_variation_product_id:998
[17-Sep-2024 16:05:53 UTC] create_stock:2332
[17-Sep-2024 16:05:53 UTC] create_price:0,62
[17-Sep-2024 16:05:53 UTC] create_variation_product_id:999
[17-Sep-2024 16:05:53 UTC] create_stock:1495
[17-Sep-2024 16:05:53 UTC] create_price:1,99
[17-Sep-2024 16:05:53 UTC] create_variation_product_id:999
[17-Sep-2024 16:05:53 UTC] create_stock:1672
[17-Sep-2024 16:05:53 UTC] create_price:1,99
[17-Sep-2024 16:05:53 UTC] create_variation_product_id:1000
[17-Sep-2024 16:05:53 UTC] create_stock:2190
[17-Sep-2024 16:05:53 UTC] create_price:1,57
[17-Sep-2024 16:05:53 UTC] create_variation_product_id:1001
[17-Sep-2024 16:05:53 UTC] create_stock:2274
[17-Sep-2024 16:05:53 UTC] create_price:4,14
[17-Sep-2024 16:05:53 UTC] create_variation_product_id:1002
[17-Sep-2024 16:05:53 UTC] create_stock:5001
[17-Sep-2024 16:05:53 UTC] create_price:7,34
[17-Sep-2024 16:05:54 UTC] create_variation_product_id:1003
[17-Sep-2024 16:05:54 UTC] create_stock:8889
[17-Sep-2024 16:05:54 UTC] create_price:3,11
[17-Sep-2024 16:05:54 UTC] create_variation_product_id:1004
[17-Sep-2024 16:05:54 UTC] create_stock:4924
[17-Sep-2024 16:05:54 UTC] create_price:1,21
[17-Sep-2024 16:05:54 UTC] create_variation_product_id:1005
[17-Sep-2024 16:05:54 UTC] create_stock:6098
[17-Sep-2024 16:05:54 UTC] create_price:0,57
[17-Sep-2024 16:05:54 UTC] create_variation_product_id:1005
[17-Sep-2024 16:05:54 UTC] create_stock:5454
[17-Sep-2024 16:05:54 UTC] create_price:0,57
[17-Sep-2024 16:05:55 UTC] create_variation_product_id:1005
[17-Sep-2024 16:05:55 UTC] create_stock:12819
[17-Sep-2024 16:05:55 UTC] create_price:1,23
[17-Sep-2024 16:05:55 UTC] create_variation_product_id:1006
[17-Sep-2024 16:05:55 UTC] create_stock:2047
[17-Sep-2024 16:05:55 UTC] create_price:7,16
[17-Sep-2024 16:05:55 UTC] create_variation_product_id:1007
[17-Sep-2024 16:05:55 UTC] create_stock:1957
[17-Sep-2024 16:05:55 UTC] create_price:6,29
[17-Sep-2024 16:05:55 UTC] create_variation_product_id:1008
[17-Sep-2024 16:05:55 UTC] create_stock:1933
[17-Sep-2024 16:05:55 UTC] create_price:13,71
[17-Sep-2024 16:05:55 UTC] create_variation_product_id:1009
[17-Sep-2024 16:05:55 UTC] create_stock:6108
[17-Sep-2024 16:05:55 UTC] create_price:2,05
[17-Sep-2024 16:05:56 UTC] create_variation_product_id:1009
[17-Sep-2024 16:05:56 UTC] create_stock:5891
[17-Sep-2024 16:05:56 UTC] create_price:2,05
[17-Sep-2024 16:05:56 UTC] create_variation_product_id:1009
[17-Sep-2024 16:05:56 UTC] create_stock:6102
[17-Sep-2024 16:05:56 UTC] create_price:2,05
[17-Sep-2024 16:05:56 UTC] create_variation_product_id:1010
[17-Sep-2024 16:05:56 UTC] create_stock:12080
[17-Sep-2024 16:05:56 UTC] create_price:2,05
[17-Sep-2024 16:05:56 UTC] create_variation_product_id:1010
[17-Sep-2024 16:05:56 UTC] create_stock:6070
[17-Sep-2024 16:05:56 UTC] create_price:2,05
[17-Sep-2024 16:05:56 UTC] create_variation_product_id:1010
[17-Sep-2024 16:05:56 UTC] create_stock:6019
[17-Sep-2024 16:05:56 UTC] create_price:2,05
[17-Sep-2024 16:05:57 UTC] create_variation_product_id:1011
[17-Sep-2024 16:05:57 UTC] create_stock:2188
[17-Sep-2024 16:05:57 UTC] create_price:1,31
[17-Sep-2024 16:05:57 UTC] create_variation_product_id:1012
[17-Sep-2024 16:05:57 UTC] create_stock:14980
[17-Sep-2024 16:05:57 UTC] create_price:1,84
[17-Sep-2024 16:05:57 UTC] create_variation_product_id:1013
[17-Sep-2024 16:05:57 UTC] create_stock:4899
[17-Sep-2024 16:05:57 UTC] create_price:3,10
[17-Sep-2024 16:05:57 UTC] create_variation_product_id:1014
[17-Sep-2024 16:05:57 UTC] create_stock:7994
[17-Sep-2024 16:05:57 UTC] create_price:2,90
[17-Sep-2024 16:05:57 UTC] create_variation_product_id:1015
[17-Sep-2024 16:05:57 UTC] create_stock:6120
[17-Sep-2024 16:05:57 UTC] create_price:8,40
[17-Sep-2024 16:05:57 UTC] create_variation_product_id:1016
[17-Sep-2024 16:05:57 UTC] create_stock:8956
[17-Sep-2024 16:05:57 UTC] create_price:2,29
[17-Sep-2024 16:05:58 UTC] create_variation_product_id:1017
[17-Sep-2024 16:05:58 UTC] create_stock:5015
[17-Sep-2024 16:05:58 UTC] create_price:2,60
[17-Sep-2024 16:05:58 UTC] create_variation_product_id:1018
[17-Sep-2024 16:05:58 UTC] create_stock:29866
[17-Sep-2024 16:05:58 UTC] create_price:0,45
[17-Sep-2024 16:05:58 UTC] create_variation_product_id:1019
[17-Sep-2024 16:05:58 UTC] create_stock:14831
[17-Sep-2024 16:05:58 UTC] create_price:0,45
[17-Sep-2024 16:05:58 UTC] create_variation_product_id:1020
[17-Sep-2024 16:05:58 UTC] create_stock:20268
[17-Sep-2024 16:05:58 UTC] create_price:0,45
[17-Sep-2024 16:05:58 UTC] create_variation_product_id:1021
[17-Sep-2024 16:05:58 UTC] create_stock:30734
[17-Sep-2024 16:05:58 UTC] create_price:0,24
[17-Sep-2024 16:05:59 UTC] create_variation_product_id:1022
[17-Sep-2024 16:05:59 UTC] create_stock:37332
[17-Sep-2024 16:05:59 UTC] create_price:0,33
[17-Sep-2024 16:05:59 UTC] create_variation_product_id:1023
[17-Sep-2024 16:05:59 UTC] create_stock:26466
[17-Sep-2024 16:05:59 UTC] create_price:0,39
[17-Sep-2024 16:05:59 UTC] create_variation_product_id:1024
[17-Sep-2024 16:05:59 UTC] create_stock:166
[17-Sep-2024 16:05:59 UTC] create_price:14,75
[17-Sep-2024 16:05:59 UTC] create_variation_product_id:1024
[17-Sep-2024 16:05:59 UTC] create_stock:236
[17-Sep-2024 16:05:59 UTC] create_price:14,75
[17-Sep-2024 16:05:59 UTC] create_variation_product_id:1024
[17-Sep-2024 16:05:59 UTC] create_stock:266
[17-Sep-2024 16:05:59 UTC] create_price:14,75
[17-Sep-2024 16:06:00 UTC] create_variation_product_id:1025
[17-Sep-2024 16:06:00 UTC] create_stock:299
[17-Sep-2024 16:06:00 UTC] create_price:14,75
[17-Sep-2024 16:06:00 UTC] create_variation_product_id:1025
[17-Sep-2024 16:06:00 UTC] create_stock:599
[17-Sep-2024 16:06:00 UTC] create_price:14,75
[17-Sep-2024 16:06:00 UTC] create_variation_product_id:1025
[17-Sep-2024 16:06:00 UTC] create_stock:461
[17-Sep-2024 16:06:00 UTC] create_price:14,75
[17-Sep-2024 16:06:00 UTC] create_variation_product_id:1026
[17-Sep-2024 16:06:00 UTC] create_stock:2989
[17-Sep-2024 16:06:00 UTC] create_price:7,32
[17-Sep-2024 16:06:00 UTC] create_variation_product_id:1027
[17-Sep-2024 16:06:00 UTC] create_stock:3166
[17-Sep-2024 16:06:00 UTC] create_price:7,32
[17-Sep-2024 16:06:01 UTC] create_variation_product_id:1028
[17-Sep-2024 16:06:01 UTC] create_stock:19006
[17-Sep-2024 16:06:01 UTC] create_price:0,71
[17-Sep-2024 16:06:01 UTC] create_variation_product_id:1029
[17-Sep-2024 16:06:01 UTC] create_stock:9971
[17-Sep-2024 16:06:01 UTC] create_price:0,63
[17-Sep-2024 16:06:01 UTC] create_variation_product_id:1030
[17-Sep-2024 16:06:01 UTC] create_stock:0
[17-Sep-2024 16:06:01 UTC] create_price:2,37
[17-Sep-2024 16:06:02 UTC] create_variation_product_id:1031
[17-Sep-2024 16:06:02 UTC] create_stock:4699
[17-Sep-2024 16:06:02 UTC] create_price:2,88
[17-Sep-2024 16:06:03 UTC] create_variation_product_id:1032
[17-Sep-2024 16:06:03 UTC] create_stock:6989
[17-Sep-2024 16:06:03 UTC] create_price:2,98
[17-Sep-2024 16:06:03 UTC] create_variation_product_id:1032
[17-Sep-2024 16:06:03 UTC] create_stock:4981
[17-Sep-2024 16:06:03 UTC] create_price:2,98
[17-Sep-2024 16:06:03 UTC] create_variation_product_id:1032
[17-Sep-2024 16:06:03 UTC] create_stock:4860
[17-Sep-2024 16:06:03 UTC] create_price:2,98
[17-Sep-2024 16:06:03 UTC] create_variation_product_id:1033
[17-Sep-2024 16:06:03 UTC] create_stock:9396
[17-Sep-2024 16:06:03 UTC] create_price:1,66
[17-Sep-2024 16:06:03 UTC] create_variation_product_id:1034
[17-Sep-2024 16:06:03 UTC] create_stock:8712
[17-Sep-2024 16:06:03 UTC] create_price:1,66
[17-Sep-2024 16:06:04 UTC] create_variation_product_id:1035
[17-Sep-2024 16:06:04 UTC] create_stock:2273
[17-Sep-2024 16:06:04 UTC] create_price:3,64
[17-Sep-2024 16:06:04 UTC] create_variation_product_id:1036
[17-Sep-2024 16:06:04 UTC] create_stock:0
[17-Sep-2024 16:06:04 UTC] create_price:2,02
[17-Sep-2024 16:06:05 UTC] create_variation_product_id:1037
[17-Sep-2024 16:06:05 UTC] create_stock:4956
[17-Sep-2024 16:06:05 UTC] create_price:2,27
[17-Sep-2024 16:06:05 UTC] create_variation_product_id:1038
[17-Sep-2024 16:06:05 UTC] create_stock:0
[17-Sep-2024 16:06:05 UTC] create_price:0,60
[17-Sep-2024 16:06:06 UTC] create_variation_product_id:1039
[17-Sep-2024 16:06:06 UTC] create_stock:2631
[17-Sep-2024 16:06:06 UTC] create_price:2,58
[17-Sep-2024 16:06:06 UTC] create_variation_product_id:1040
[17-Sep-2024 16:06:06 UTC] create_stock:4863
[17-Sep-2024 16:06:06 UTC] create_price:3,08
[17-Sep-2024 16:06:06 UTC] create_variation_product_id:1041
[17-Sep-2024 16:06:06 UTC] create_stock:1714
[17-Sep-2024 16:06:06 UTC] create_price:4,70
[17-Sep-2024 16:06:07 UTC] create_variation_product_id:1042
[17-Sep-2024 16:06:07 UTC] create_stock:3332
[17-Sep-2024 16:06:07 UTC] create_price:3,64
[17-Sep-2024 16:06:07 UTC] create_variation_product_id:1042
[17-Sep-2024 16:06:07 UTC] create_stock:2936
[17-Sep-2024 16:06:07 UTC] create_price:3,64
[17-Sep-2024 16:06:07 UTC] create_variation_product_id:1043
[17-Sep-2024 16:06:07 UTC] create_stock:7889
[17-Sep-2024 16:06:07 UTC] create_price:1,40
[17-Sep-2024 16:06:07 UTC] create_variation_product_id:1044
[17-Sep-2024 16:06:07 UTC] create_stock:3975
[17-Sep-2024 16:06:07 UTC] create_price:2,95
[17-Sep-2024 16:06:07 UTC] create_variation_product_id:1045
[17-Sep-2024 16:06:07 UTC] create_stock:4804
[17-Sep-2024 16:06:07 UTC] create_price:1,85
[17-Sep-2024 16:06:08 UTC] create_variation_product_id:1046
[17-Sep-2024 16:06:08 UTC] create_stock:4964
[17-Sep-2024 16:06:08 UTC] create_price:2,55
[17-Sep-2024 16:06:08 UTC] create_variation_product_id:1046
[17-Sep-2024 16:06:08 UTC] create_stock:5012
[17-Sep-2024 16:06:08 UTC] create_price:2,55
[17-Sep-2024 16:06:08 UTC] create_variation_product_id:1047
[17-Sep-2024 16:06:08 UTC] create_stock:719
[17-Sep-2024 16:06:08 UTC] create_price:1,50
[17-Sep-2024 16:06:08 UTC] create_variation_product_id:1048
[17-Sep-2024 16:06:08 UTC] create_stock:746
[17-Sep-2024 16:06:08 UTC] create_price:2,55
[17-Sep-2024 16:06:08 UTC] create_variation_product_id:1049
[17-Sep-2024 16:06:08 UTC] create_stock:9940
[17-Sep-2024 16:06:08 UTC] create_price:1,30
[17-Sep-2024 16:06:09 UTC] create_variation_product_id:1050
[17-Sep-2024 16:06:09 UTC] create_stock:19150
[17-Sep-2024 16:06:09 UTC] create_price:1,02
[17-Sep-2024 16:06:09 UTC] create_variation_product_id:1051
[17-Sep-2024 16:06:09 UTC] create_stock:7979
[17-Sep-2024 16:06:09 UTC] create_price:6,00
[17-Sep-2024 16:06:09 UTC] create_variation_product_id:1051
[17-Sep-2024 16:06:09 UTC] create_stock:4392
[17-Sep-2024 16:06:09 UTC] create_price:6,00
[17-Sep-2024 16:06:09 UTC] create_variation_product_id:1052
[17-Sep-2024 16:06:09 UTC] create_stock:5805
[17-Sep-2024 16:06:09 UTC] create_price:0,30
[17-Sep-2024 16:06:09 UTC] create_variation_product_id:1052
[17-Sep-2024 16:06:09 UTC] create_stock:29179
[17-Sep-2024 16:06:09 UTC] create_price:0,30
[17-Sep-2024 16:06:10 UTC] create_variation_product_id:1053
[17-Sep-2024 16:06:10 UTC] create_stock:30
[17-Sep-2024 16:06:10 UTC] create_price:4,10
[17-Sep-2024 16:06:10 UTC] create_variation_product_id:1054
[17-Sep-2024 16:06:10 UTC] create_stock:11220
[17-Sep-2024 16:06:10 UTC] create_price:1,10
[17-Sep-2024 16:06:10 UTC] create_variation_product_id:1055
[17-Sep-2024 16:06:10 UTC] create_stock:480
[17-Sep-2024 16:06:10 UTC] create_price:18,10
[17-Sep-2024 16:06:10 UTC] create_variation_product_id:1056
[17-Sep-2024 16:06:10 UTC] create_stock:927
[17-Sep-2024 16:06:10 UTC] create_price:18,10
[17-Sep-2024 16:06:10 UTC] create_variation_product_id:1057
[17-Sep-2024 16:06:10 UTC] create_stock:6713
[17-Sep-2024 16:06:10 UTC] create_price:0,92
[17-Sep-2024 16:06:10 UTC] create_variation_product_id:1058
[17-Sep-2024 16:06:10 UTC] create_stock:19765
[17-Sep-2024 16:06:10 UTC] create_price:0,92
[17-Sep-2024 16:06:11 UTC] create_variation_product_id:1059
[17-Sep-2024 16:06:11 UTC] create_stock:5984
[17-Sep-2024 16:06:11 UTC] create_price:4,10
[17-Sep-2024 16:06:11 UTC] Aucune variations trouvées dans le tableau.
[17-Sep-2024 16:06:11 UTC] Aucune variations trouvées dans le tableau.
[17-Sep-2024 16:06:11 UTC] Aucune variations trouvées dans le tableau.
[17-Sep-2024 16:06:11 UTC] Aucune variations trouvées dans le tableau.
[17-Sep-2024 16:06:11 UTC] Aucune variations trouvées dans le tableau.
[17-Sep-2024 16:06:11 UTC] Aucune variations trouvées dans le tableau.
[17-Sep-2024 16:06:11 UTC] Aucune variations trouvées dans le tableau.
[17-Sep-2024 16:06:11 UTC] Aucune variations trouvées dans le tableau.
[17-Sep-2024 16:06:11 UTC] Aucune variations trouvées dans le tableau.
[17-Sep-2024 16:06:11 UTC] Aucune variations trouvées dans le tableau.
[17-Sep-2024 16:06:11 UTC] Aucune variations trouvées dans le tableau.
[17-Sep-2024 16:06:11 UTC] Aucune variations trouvées dans le tableau.
[17-Sep-2024 16:06:11 UTC] Aucune variations trouvées dans le tableau.
[17-Sep-2024 16:06:11 UTC] Aucune variations trouvées dans le tableau.
[17-Sep-2024 16:06:11 UTC] Aucune variations trouvées dans le tableau.
[17-Sep-2024 16:06:11 UTC] Aucune variations trouvées dans le tableau.
[17-Sep-2024 16:06:11 UTC] Aucune variations trouvées dans le tableau.
[17-Sep-2024 16:06:11 UTC] Aucune variations trouvées dans le tableau.
[17-Sep-2024 16:06:11 UTC] create_variation_product_id:1060
[17-Sep-2024 16:06:11 UTC] create_stock:2318
[17-Sep-2024 16:06:11 UTC] create_price:2,05
[17-Sep-2024 16:06:11 UTC] create_variation_product_id:1060
[17-Sep-2024 16:06:11 UTC] create_stock:0
[17-Sep-2024 16:06:11 UTC] create_price:2,05
[17-Sep-2024 16:06:12 UTC] create_variation_product_id:1060
[17-Sep-2024 16:06:12 UTC] create_stock:8412
[17-Sep-2024 16:06:12 UTC] create_price:2,05
[17-Sep-2024 16:06:13 UTC] create_variation_product_id:1061
[17-Sep-2024 16:06:13 UTC] create_stock:0
[17-Sep-2024 16:06:13 UTC] create_price:0,28
[17-Sep-2024 16:06:14 UTC] create_variation_product_id:1061
[17-Sep-2024 16:06:14 UTC] create_stock:0
[17-Sep-2024 16:06:14 UTC] create_price:0,28
[17-Sep-2024 16:06:14 UTC] create_variation_product_id:1061
[17-Sep-2024 16:06:14 UTC] create_stock:0
[17-Sep-2024 16:06:14 UTC] create_price:0,28
[17-Sep-2024 16:06:15 UTC] create_variation_product_id:1062
[17-Sep-2024 16:06:15 UTC] create_stock:20527
[17-Sep-2024 16:06:15 UTC] create_price:0,22
[17-Sep-2024 16:06:15 UTC] create_variation_product_id:1063
[17-Sep-2024 16:06:15 UTC] create_stock:33537
[17-Sep-2024 16:06:15 UTC] create_price:0,21
[17-Sep-2024 16:06:15 UTC] create_variation_product_id:1064
[17-Sep-2024 16:06:15 UTC] create_stock:87398
[17-Sep-2024 16:06:15 UTC] create_price:0,45
[17-Sep-2024 16:06:16 UTC] create_variation_product_id:1064
[17-Sep-2024 16:06:16 UTC] create_stock:12431
[17-Sep-2024 16:06:16 UTC] create_price:0,45
[17-Sep-2024 16:06:16 UTC] create_variation_product_id:1064
[17-Sep-2024 16:06:16 UTC] create_stock:82723
[17-Sep-2024 16:06:16 UTC] create_price:0,45
[17-Sep-2024 16:06:16 UTC] create_variation_product_id:1064
[17-Sep-2024 16:06:16 UTC] create_stock:0
[17-Sep-2024 16:06:16 UTC] create_price:0,45
[17-Sep-2024 16:06:17 UTC] create_variation_product_id:1064
[17-Sep-2024 16:06:17 UTC] create_stock:12913
[17-Sep-2024 16:06:17 UTC] create_price:0,45
[17-Sep-2024 16:06:17 UTC] create_variation_product_id:1064
[17-Sep-2024 16:06:17 UTC] create_stock:37666
[17-Sep-2024 16:06:17 UTC] create_price:0,45
[17-Sep-2024 16:06:17 UTC] create_variation_product_id:1065
[17-Sep-2024 16:06:17 UTC] create_stock:1063
[17-Sep-2024 16:06:17 UTC] create_price:8,73
[17-Sep-2024 16:06:17 UTC] create_variation_product_id:1066
[17-Sep-2024 16:06:17 UTC] create_stock:6649
[17-Sep-2024 16:06:17 UTC] create_price:0,51
[17-Sep-2024 16:06:18 UTC] create_variation_product_id:1066
[17-Sep-2024 16:06:18 UTC] create_stock:23727
[17-Sep-2024 16:06:18 UTC] create_price:0,51
[17-Sep-2024 16:06:18 UTC] create_variation_product_id:1066
[17-Sep-2024 16:06:18 UTC] create_stock:22924
[17-Sep-2024 16:06:18 UTC] create_price:0,51
[17-Sep-2024 16:06:18 UTC] create_variation_product_id:1066
[17-Sep-2024 16:06:18 UTC] create_stock:2132
[17-Sep-2024 16:06:18 UTC] create_price:0,51
[17-Sep-2024 16:06:18 UTC] create_variation_product_id:1066
[17-Sep-2024 16:06:18 UTC] create_stock:23375
[17-Sep-2024 16:06:18 UTC] create_price:0,51
[17-Sep-2024 16:06:19 UTC] create_variation_product_id:1066
[17-Sep-2024 16:06:19 UTC] create_stock:11319
[17-Sep-2024 16:06:19 UTC] create_price:0,51
[17-Sep-2024 16:06:19 UTC] create_variation_product_id:1067
[17-Sep-2024 16:06:19 UTC] create_stock:14451
[17-Sep-2024 16:06:19 UTC] create_price:0,63
[17-Sep-2024 16:06:19 UTC] create_variation_product_id:1067
[17-Sep-2024 16:06:19 UTC] create_stock:9272
[17-Sep-2024 16:06:19 UTC] create_price:0,63
[17-Sep-2024 16:06:19 UTC] create_variation_product_id:1068
[17-Sep-2024 16:06:19 UTC] create_stock:7762
[17-Sep-2024 16:06:19 UTC] create_price:2,95
[17-Sep-2024 16:06:19 UTC] create_variation_product_id:1069
[17-Sep-2024 16:06:19 UTC] create_stock:8382
[17-Sep-2024 16:06:19 UTC] create_price:2,37
[17-Sep-2024 16:06:20 UTC] create_variation_product_id:1069
[17-Sep-2024 16:06:20 UTC] create_stock:10721
[17-Sep-2024 16:06:20 UTC] create_price:2,37
[17-Sep-2024 16:06:20 UTC] create_variation_product_id:1069
[17-Sep-2024 16:06:20 UTC] create_stock:4392
[17-Sep-2024 16:06:20 UTC] create_price:2,37
[17-Sep-2024 16:06:20 UTC] create_variation_product_id:1070
[17-Sep-2024 16:06:20 UTC] create_stock:2377
[17-Sep-2024 16:06:20 UTC] create_price:10,00
[17-Sep-2024 16:06:20 UTC] create_variation_product_id:1071
[17-Sep-2024 16:06:20 UTC] create_stock:5888
[17-Sep-2024 16:06:20 UTC] create_price:4,97
[17-Sep-2024 16:06:20 UTC] create_variation_product_id:1072
[17-Sep-2024 16:06:20 UTC] create_stock:358
[17-Sep-2024 16:06:20 UTC] create_price:0,16
[17-Sep-2024 16:06:21 UTC] create_variation_product_id:1074
[17-Sep-2024 16:06:21 UTC] create_stock:14846
[17-Sep-2024 16:06:21 UTC] create_price:1,08
[17-Sep-2024 16:06:21 UTC] create_variation_product_id:1075
[17-Sep-2024 16:06:21 UTC] create_stock:1831
[17-Sep-2024 16:06:21 UTC] create_price:6,62
[17-Sep-2024 16:06:21 UTC] create_variation_product_id:1076
[17-Sep-2024 16:06:21 UTC] create_stock:19836
[17-Sep-2024 16:06:21 UTC] create_price:0,22
[17-Sep-2024 16:06:21 UTC] create_variation_product_id:1076
[17-Sep-2024 16:06:21 UTC] create_stock:11697
[17-Sep-2024 16:06:21 UTC] create_price:0,22
[17-Sep-2024 16:06:21 UTC] create_variation_product_id:1077
[17-Sep-2024 16:06:21 UTC] create_stock:14944
[17-Sep-2024 16:06:21 UTC] create_price:0,61
[17-Sep-2024 16:06:22 UTC] create_variation_product_id:1077
[17-Sep-2024 16:06:22 UTC] create_stock:10207
[17-Sep-2024 16:06:22 UTC] create_price:0,61
[17-Sep-2024 16:06:22 UTC] create_variation_product_id:1077
[17-Sep-2024 16:06:22 UTC] create_stock:0
[17-Sep-2024 16:06:22 UTC] create_price:0,61
[17-Sep-2024 16:06:23 UTC] create_variation_product_id:1077
[17-Sep-2024 16:06:23 UTC] create_stock:12297
[17-Sep-2024 16:06:23 UTC] create_price:0,61
[17-Sep-2024 16:06:23 UTC] create_variation_product_id:1077
[17-Sep-2024 16:06:23 UTC] create_stock:9090
[17-Sep-2024 16:06:23 UTC] create_price:0,61
[17-Sep-2024 16:06:24 UTC] create_variation_product_id:1078
[17-Sep-2024 16:06:24 UTC] create_stock:5827
[17-Sep-2024 16:06:24 UTC] create_price:7,66
[17-Sep-2024 16:06:24 UTC] create_variation_product_id:1079
[17-Sep-2024 16:06:24 UTC] create_stock:14699
[17-Sep-2024 16:06:24 UTC] create_price:0,47
[17-Sep-2024 16:06:24 UTC] create_variation_product_id:1079
[17-Sep-2024 16:06:24 UTC] create_stock:18744
[17-Sep-2024 16:06:24 UTC] create_price:0,47
[17-Sep-2024 16:06:24 UTC] create_variation_product_id:1080
[17-Sep-2024 16:06:24 UTC] create_stock:12890
[17-Sep-2024 16:06:24 UTC] create_price:1,15
[17-Sep-2024 16:06:24 UTC] create_variation_product_id:1081
[17-Sep-2024 16:06:24 UTC] create_stock:53654
[17-Sep-2024 16:06:24 UTC] create_price:0,25
[17-Sep-2024 16:06:25 UTC] create_variation_product_id:1081
[17-Sep-2024 16:06:25 UTC] create_stock:72321
[17-Sep-2024 16:06:25 UTC] create_price:0,25
[17-Sep-2024 16:06:25 UTC] create_variation_product_id:1081
[17-Sep-2024 16:06:25 UTC] create_stock:82281
[17-Sep-2024 16:06:25 UTC] create_price:0,25
[17-Sep-2024 16:06:26 UTC] create_variation_product_id:1081
[17-Sep-2024 16:06:26 UTC] create_stock:0
[17-Sep-2024 16:06:26 UTC] create_price:0,25
[17-Sep-2024 16:06:27 UTC] create_variation_product_id:1081
[17-Sep-2024 16:06:27 UTC] create_stock:35170
[17-Sep-2024 16:06:27 UTC] create_price:0,25
[17-Sep-2024 16:06:27 UTC] create_variation_product_id:1081
[17-Sep-2024 16:06:27 UTC] create_stock:0
[17-Sep-2024 16:06:27 UTC] create_price:0,25
[17-Sep-2024 16:06:28 UTC] create_variation_product_id:1081
[17-Sep-2024 16:06:28 UTC] create_stock:42212
[17-Sep-2024 16:06:28 UTC] create_price:0,25
[17-Sep-2024 16:06:28 UTC] create_variation_product_id:1081
[17-Sep-2024 16:06:28 UTC] create_stock:68337
[17-Sep-2024 16:06:28 UTC] create_price:0,25
[17-Sep-2024 16:06:28 UTC] create_variation_product_id:1081
[17-Sep-2024 16:06:28 UTC] create_stock:25916
[17-Sep-2024 16:06:28 UTC] create_price:0,25
[17-Sep-2024 16:06:29 UTC] create_variation_product_id:1081
[17-Sep-2024 16:06:29 UTC] create_stock:30184
[17-Sep-2024 16:06:29 UTC] create_price:0,25
[17-Sep-2024 16:06:29 UTC] create_variation_product_id:1081
[17-Sep-2024 16:06:29 UTC] create_stock:27972
[17-Sep-2024 16:06:29 UTC] create_price:0,25
[17-Sep-2024 16:06:29 UTC] create_variation_product_id:1081
[17-Sep-2024 16:06:29 UTC] create_stock:29775
[17-Sep-2024 16:06:29 UTC] create_price:0,25
[17-Sep-2024 16:06:30 UTC] create_variation_product_id:1081
[17-Sep-2024 16:06:30 UTC] create_stock:24253
[17-Sep-2024 16:06:30 UTC] create_price:0,25
[17-Sep-2024 16:06:30 UTC] create_variation_product_id:1081
[17-Sep-2024 16:06:30 UTC] create_stock:27814
[17-Sep-2024 16:06:30 UTC] create_price:0,25
[17-Sep-2024 16:06:30 UTC] create_variation_product_id:1082
[17-Sep-2024 16:06:30 UTC] create_stock:2922
[17-Sep-2024 16:06:30 UTC] create_price:16,87
[17-Sep-2024 16:06:30 UTC] create_variation_product_id:1083
[17-Sep-2024 16:06:30 UTC] create_stock:42417
[17-Sep-2024 16:06:30 UTC] create_price:0,87
[17-Sep-2024 16:06:31 UTC] create_variation_product_id:1083
[17-Sep-2024 16:06:31 UTC] create_stock:73522
[17-Sep-2024 16:06:31 UTC] create_price:0,87
[17-Sep-2024 16:06:31 UTC] create_variation_product_id:1083
[17-Sep-2024 16:06:31 UTC] create_stock:23918
[17-Sep-2024 16:06:31 UTC] create_price:0,87
[17-Sep-2024 16:06:31 UTC] create_variation_product_id:1083
[17-Sep-2024 16:06:31 UTC] create_stock:14314
[17-Sep-2024 16:06:31 UTC] create_price:0,87
[17-Sep-2024 16:06:31 UTC] create_variation_product_id:1083
[17-Sep-2024 16:06:31 UTC] create_stock:13151
[17-Sep-2024 16:06:31 UTC] create_price:0,87
[17-Sep-2024 16:06:32 UTC] create_variation_product_id:1083
[17-Sep-2024 16:06:32 UTC] create_stock:8343
[17-Sep-2024 16:06:32 UTC] create_price:0,87
[17-Sep-2024 16:06:32 UTC] create_variation_product_id:1084
[17-Sep-2024 16:06:32 UTC] create_stock:4839
[17-Sep-2024 16:06:32 UTC] create_price:3,48
[17-Sep-2024 16:06:32 UTC] create_variation_product_id:1085
[17-Sep-2024 16:06:32 UTC] create_stock:68778
[17-Sep-2024 16:06:32 UTC] create_price:0,26
[17-Sep-2024 16:06:32 UTC] create_variation_product_id:1085
[17-Sep-2024 16:06:32 UTC] create_stock:64826
[17-Sep-2024 16:06:32 UTC] create_price:0,26
[17-Sep-2024 16:06:33 UTC] create_variation_product_id:1085
[17-Sep-2024 16:06:33 UTC] create_stock:88379
[17-Sep-2024 16:06:33 UTC] create_price:0,26
[17-Sep-2024 16:06:33 UTC] create_variation_product_id:1086
[17-Sep-2024 16:06:33 UTC] create_stock:31432
[17-Sep-2024 16:06:33 UTC] create_price:0,64
[17-Sep-2024 16:06:33 UTC] create_variation_product_id:1086
[17-Sep-2024 16:06:33 UTC] create_stock:16219
[17-Sep-2024 16:06:33 UTC] create_price:0,64
[17-Sep-2024 16:06:33 UTC] create_variation_product_id:1086
[17-Sep-2024 16:06:33 UTC] create_stock:15631
[17-Sep-2024 16:06:33 UTC] create_price:0,64
[17-Sep-2024 16:06:33 UTC] create_variation_product_id:1087
[17-Sep-2024 16:06:33 UTC] create_stock:8118
[17-Sep-2024 16:06:33 UTC] create_price:0,39
[17-Sep-2024 16:06:34 UTC] create_variation_product_id:1088
[17-Sep-2024 16:06:34 UTC] create_stock:7721
[17-Sep-2024 16:06:34 UTC] create_price:1,21
[17-Sep-2024 16:06:34 UTC] create_variation_product_id:1089
[17-Sep-2024 16:06:34 UTC] create_stock:4200
[17-Sep-2024 16:06:34 UTC] create_price:0,19
[17-Sep-2024 16:06:34 UTC] create_variation_product_id:1089
[17-Sep-2024 16:06:34 UTC] create_stock:3055
[17-Sep-2024 16:06:34 UTC] create_price:0,19
[17-Sep-2024 16:06:34 UTC] create_variation_product_id:1089
[17-Sep-2024 16:06:34 UTC] create_stock:4704
[17-Sep-2024 16:06:34 UTC] create_price:0,19
[17-Sep-2024 16:06:34 UTC] create_variation_product_id:1090
[17-Sep-2024 16:06:34 UTC] create_stock:7821
[17-Sep-2024 16:06:34 UTC] create_price:4,14
[17-Sep-2024 16:06:35 UTC] create_variation_product_id:1090
[17-Sep-2024 16:06:35 UTC] create_stock:3217
[17-Sep-2024 16:06:35 UTC] create_price:4,14
[17-Sep-2024 16:06:35 UTC] create_variation_product_id:1090
[17-Sep-2024 16:06:35 UTC] create_stock:2842
[17-Sep-2024 16:06:35 UTC] create_price:4,14
[17-Sep-2024 16:06:35 UTC] create_variation_product_id:1091
[17-Sep-2024 16:06:35 UTC] create_stock:4239
[17-Sep-2024 16:06:35 UTC] create_price:2,50
[17-Sep-2024 16:06:35 UTC] create_variation_product_id:1092
[17-Sep-2024 16:06:35 UTC] create_stock:36239
[17-Sep-2024 16:06:35 UTC] create_price:0,80
[17-Sep-2024 16:06:35 UTC] create_variation_product_id:1092
[17-Sep-2024 16:06:35 UTC] create_stock:37033
[17-Sep-2024 16:06:35 UTC] create_price:0,80
[17-Sep-2024 16:06:36 UTC] create_variation_product_id:1093
[17-Sep-2024 16:06:36 UTC] create_stock:3590
[17-Sep-2024 16:06:36 UTC] create_price:5,39
[17-Sep-2024 16:06:36 UTC] create_variation_product_id:1094
[17-Sep-2024 16:06:36 UTC] create_stock:2932
[17-Sep-2024 16:06:36 UTC] create_price:1,02
[17-Sep-2024 16:06:36 UTC] create_variation_product_id:1094
[17-Sep-2024 16:06:36 UTC] create_stock:13239
[17-Sep-2024 16:06:36 UTC] create_price:1,02
[17-Sep-2024 16:06:36 UTC] create_variation_product_id:1095
[17-Sep-2024 16:06:36 UTC] create_stock:59973
[17-Sep-2024 16:06:36 UTC] create_price:0,46
[17-Sep-2024 16:06:36 UTC] create_variation_product_id:1095
[17-Sep-2024 16:06:36 UTC] create_stock:16999
[17-Sep-2024 16:06:36 UTC] create_price:0,46
[17-Sep-2024 16:06:37 UTC] create_variation_product_id:1096
[17-Sep-2024 16:06:37 UTC] create_stock:2944
[17-Sep-2024 16:06:37 UTC] create_price:12,47
[17-Sep-2024 16:06:37 UTC] create_variation_product_id:1097
[17-Sep-2024 16:06:37 UTC] create_stock:16407
[17-Sep-2024 16:06:37 UTC] create_price:0,17
[17-Sep-2024 16:06:37 UTC] create_variation_product_id:1098
[17-Sep-2024 16:06:37 UTC] create_stock:7438
[17-Sep-2024 16:06:37 UTC] create_price:0,99
[17-Sep-2024 16:06:37 UTC] create_variation_product_id:1099
[17-Sep-2024 16:06:37 UTC] create_stock:12664
[17-Sep-2024 16:06:37 UTC] create_price:2,37
[17-Sep-2024 16:06:37 UTC] create_variation_product_id:1100
[17-Sep-2024 16:06:37 UTC] create_stock:8045
[17-Sep-2024 16:06:37 UTC] create_price:4,17
[17-Sep-2024 16:06:37 UTC] create_variation_product_id:1101
[17-Sep-2024 16:06:37 UTC] create_stock:3697
[17-Sep-2024 16:06:37 UTC] create_price:1,08
[17-Sep-2024 16:06:38 UTC] create_variation_product_id:1102
[17-Sep-2024 16:06:38 UTC] create_stock:7886
[17-Sep-2024 16:06:38 UTC] create_price:2,15
[17-Sep-2024 16:06:38 UTC] create_variation_product_id:1103
[17-Sep-2024 16:06:38 UTC] create_stock:5439
[17-Sep-2024 16:06:38 UTC] create_price:8,38
[17-Sep-2024 16:06:38 UTC] create_variation_product_id:1104
[17-Sep-2024 16:06:38 UTC] create_stock:18270
[17-Sep-2024 16:06:38 UTC] create_price:0,87
[17-Sep-2024 16:06:38 UTC] create_variation_product_id:1104
[17-Sep-2024 16:06:38 UTC] create_stock:43337
[17-Sep-2024 16:06:38 UTC] create_price:0,87
[17-Sep-2024 16:06:39 UTC] create_variation_product_id:1104
[17-Sep-2024 16:06:39 UTC] create_stock:12300
[17-Sep-2024 16:06:39 UTC] create_price:0,87
[17-Sep-2024 16:06:39 UTC] create_variation_product_id:1104
[17-Sep-2024 16:06:39 UTC] create_stock:34549
[17-Sep-2024 16:06:39 UTC] create_price:0,87
[17-Sep-2024 16:06:39 UTC] create_variation_product_id:1104
[17-Sep-2024 16:06:39 UTC] create_stock:21340
[17-Sep-2024 16:06:39 UTC] create_price:0,87
[17-Sep-2024 16:06:39 UTC] create_variation_product_id:1105
[17-Sep-2024 16:06:39 UTC] create_stock:244771
[17-Sep-2024 16:06:39 UTC] create_price:0,11
[17-Sep-2024 16:06:40 UTC] create_variation_product_id:1105
[17-Sep-2024 16:06:40 UTC] create_stock:100088
[17-Sep-2024 16:06:40 UTC] create_price:0,11
[17-Sep-2024 16:06:40 UTC] create_variation_product_id:1105
[17-Sep-2024 16:06:40 UTC] create_stock:92249
[17-Sep-2024 16:06:40 UTC] create_price:0,11
[17-Sep-2024 16:06:40 UTC] create_variation_product_id:1105
[17-Sep-2024 16:06:40 UTC] create_stock:86167
[17-Sep-2024 16:06:40 UTC] create_price:0,11
[17-Sep-2024 16:06:40 UTC] create_variation_product_id:1105
[17-Sep-2024 16:06:40 UTC] create_stock:128796
[17-Sep-2024 16:06:41 UTC] create_price:0,11
[17-Sep-2024 16:06:41 UTC] create_variation_product_id:1105
[17-Sep-2024 16:06:41 UTC] create_stock:46918
[17-Sep-2024 16:06:41 UTC] create_price:0,11
[17-Sep-2024 16:06:41 UTC] create_variation_product_id:1106
[17-Sep-2024 16:06:41 UTC] create_stock:171544
[17-Sep-2024 16:06:41 UTC] create_price:0,27
[17-Sep-2024 16:06:42 UTC] create_variation_product_id:1106
[17-Sep-2024 16:06:42 UTC] create_stock:41481
[17-Sep-2024 16:06:42 UTC] create_price:0,27
[17-Sep-2024 16:06:42 UTC] create_variation_product_id:1106
[17-Sep-2024 16:06:42 UTC] create_stock:35956
[17-Sep-2024 16:06:42 UTC] create_price:0,27
[17-Sep-2024 16:06:43 UTC] create_variation_product_id:1106
[17-Sep-2024 16:06:43 UTC] create_stock:15925
[17-Sep-2024 16:06:43 UTC] create_price:0,27
[17-Sep-2024 16:06:43 UTC] create_variation_product_id:1106
[17-Sep-2024 16:06:43 UTC] create_stock:78273
[17-Sep-2024 16:06:43 UTC] create_price:0,27
[17-Sep-2024 16:06:43 UTC] create_variation_product_id:1106
[17-Sep-2024 16:06:43 UTC] create_stock:59349
[17-Sep-2024 16:06:43 UTC] create_price:0,27
[17-Sep-2024 16:06:43 UTC] create_variation_product_id:1106
[17-Sep-2024 16:06:43 UTC] create_stock:102691
[17-Sep-2024 16:06:43 UTC] create_price:0,27
[17-Sep-2024 16:06:44 UTC] create_variation_product_id:1106
[17-Sep-2024 16:06:44 UTC] create_stock:38507
[17-Sep-2024 16:06:44 UTC] create_price:0,27
[17-Sep-2024 16:06:44 UTC] create_variation_product_id:1106
[17-Sep-2024 16:06:44 UTC] create_stock:28812
[17-Sep-2024 16:06:44 UTC] create_price:0,27
[17-Sep-2024 16:06:44 UTC] create_variation_product_id:1106
[17-Sep-2024 16:06:44 UTC] create_stock:38102
[17-Sep-2024 16:06:44 UTC] create_price:0,27
[17-Sep-2024 16:06:45 UTC] create_variation_product_id:1106
[17-Sep-2024 16:06:45 UTC] create_stock:43740
[17-Sep-2024 16:06:45 UTC] create_price:0,27
[17-Sep-2024 16:06:45 UTC] create_variation_product_id:1106
[17-Sep-2024 16:06:45 UTC] create_stock:14529
[17-Sep-2024 16:06:45 UTC] create_price:0,27
[17-Sep-2024 16:06:45 UTC] create_variation_product_id:1106
[17-Sep-2024 16:06:45 UTC] create_stock:41315
[17-Sep-2024 16:06:45 UTC] create_price:0,27
[17-Sep-2024 16:06:46 UTC] create_variation_product_id:1107
[17-Sep-2024 16:06:46 UTC] create_stock:14245
[17-Sep-2024 16:06:46 UTC] create_price:0,60
[17-Sep-2024 16:06:46 UTC] create_variation_product_id:1107
[17-Sep-2024 16:06:46 UTC] create_stock:46127
[17-Sep-2024 16:06:46 UTC] create_price:0,60
[17-Sep-2024 16:06:46 UTC] create_variation_product_id:1107
[17-Sep-2024 16:06:46 UTC] create_stock:10416
[17-Sep-2024 16:06:46 UTC] create_price:0,60
[17-Sep-2024 16:06:46 UTC] create_variation_product_id:1107
[17-Sep-2024 16:06:46 UTC] create_stock:13798
[17-Sep-2024 16:06:46 UTC] create_price:0,60
[17-Sep-2024 16:06:47 UTC] create_variation_product_id:1107
[17-Sep-2024 16:06:47 UTC] create_stock:18152
[17-Sep-2024 16:06:47 UTC] create_price:0,60
[17-Sep-2024 16:06:47 UTC] create_variation_product_id:1108
[17-Sep-2024 16:06:47 UTC] create_stock:3806
[17-Sep-2024 16:06:47 UTC] create_price:8,38
[17-Sep-2024 16:06:47 UTC] create_variation_product_id:1109
[17-Sep-2024 16:06:47 UTC] create_stock:0
[17-Sep-2024 16:06:47 UTC] create_price:1,08
[17-Sep-2024 16:06:48 UTC] create_variation_product_id:1109
[17-Sep-2024 16:06:48 UTC] create_stock:12592
[17-Sep-2024 16:06:48 UTC] create_price:1,08
[17-Sep-2024 16:06:48 UTC] create_variation_product_id:1110
[17-Sep-2024 16:06:48 UTC] create_stock:23133
[17-Sep-2024 16:06:48 UTC] create_price:0,92
[17-Sep-2024 16:06:48 UTC] create_variation_product_id:1111
[17-Sep-2024 16:06:48 UTC] create_stock:16072
[17-Sep-2024 16:06:48 UTC] create_price:1,37
[17-Sep-2024 16:06:48 UTC] create_variation_product_id:1112
[17-Sep-2024 16:06:48 UTC] create_stock:10558
[17-Sep-2024 16:06:48 UTC] create_price:1,03
[17-Sep-2024 16:06:48 UTC] create_variation_product_id:1113
[17-Sep-2024 16:06:48 UTC] create_stock:57000
[17-Sep-2024 16:06:48 UTC] create_price:0,11
[17-Sep-2024 16:06:49 UTC] create_variation_product_id:1113
[17-Sep-2024 16:06:49 UTC] create_stock:104351
[17-Sep-2024 16:06:49 UTC] create_price:0,11
[17-Sep-2024 16:06:49 UTC] create_variation_product_id:1114
[17-Sep-2024 16:06:49 UTC] create_stock:7901
[17-Sep-2024 16:06:49 UTC] create_price:2,35
[17-Sep-2024 16:06:49 UTC] create_variation_product_id:1115
[17-Sep-2024 16:06:49 UTC] create_stock:1748
[17-Sep-2024 16:06:49 UTC] create_price:0,26
[17-Sep-2024 16:06:49 UTC] create_variation_product_id:1116
[17-Sep-2024 16:06:49 UTC] create_stock:0
[17-Sep-2024 16:06:49 UTC] create_price:0,34
[17-Sep-2024 16:06:52 UTC] create_variation_product_id:1117
[17-Sep-2024 16:06:52 UTC] create_stock:0
[17-Sep-2024 16:06:52 UTC] create_price:1,72
[17-Sep-2024 16:06:57 UTC] create_variation_product_id:1117
[17-Sep-2024 16:06:57 UTC] create_stock:0
[17-Sep-2024 16:06:57 UTC] create_price:1,72
[17-Sep-2024 16:06:58 UTC] create_variation_product_id:1117
[17-Sep-2024 16:06:58 UTC] create_stock:0
[17-Sep-2024 16:06:58 UTC] create_price:1,72
[17-Sep-2024 16:07:00 UTC] create_variation_product_id:1117
[17-Sep-2024 16:07:00 UTC] create_stock:0
[17-Sep-2024 16:07:00 UTC] create_price:1,72
[17-Sep-2024 16:07:01 UTC] create_variation_product_id:1118
[17-Sep-2024 16:07:01 UTC] create_stock:11849
[17-Sep-2024 16:07:01 UTC] create_price:0,46
[17-Sep-2024 16:07:02 UTC] create_variation_product_id:1118
[17-Sep-2024 16:07:02 UTC] create_stock:13493
[17-Sep-2024 16:07:02 UTC] create_price:0,46
[17-Sep-2024 16:07:02 UTC] create_variation_product_id:1118
[17-Sep-2024 16:07:02 UTC] create_stock:5402
[17-Sep-2024 16:07:02 UTC] create_price:0,46
[17-Sep-2024 16:07:02 UTC] create_variation_product_id:1118
[17-Sep-2024 16:07:02 UTC] create_stock:1
[17-Sep-2024 16:07:02 UTC] create_price:0,46
[17-Sep-2024 16:07:04 UTC] create_variation_product_id:1118
[17-Sep-2024 16:07:04 UTC] create_stock:14519
[17-Sep-2024 16:07:04 UTC] create_price:0,46
[17-Sep-2024 16:07:04 UTC] create_variation_product_id:1118
[17-Sep-2024 16:07:04 UTC] create_stock:16544
[17-Sep-2024 16:07:04 UTC] create_price:0,46
[17-Sep-2024 16:07:04 UTC] create_variation_product_id:1119
[17-Sep-2024 16:07:04 UTC] create_stock:21829
[17-Sep-2024 16:07:04 UTC] create_price:0,68
[17-Sep-2024 16:07:05 UTC] create_variation_product_id:1119
[17-Sep-2024 16:07:05 UTC] create_stock:20219
[17-Sep-2024 16:07:05 UTC] create_price:0,68
[17-Sep-2024 16:07:05 UTC] create_variation_product_id:1119
[17-Sep-2024 16:07:05 UTC] create_stock:7804
[17-Sep-2024 16:07:05 UTC] create_price:0,68
[17-Sep-2024 16:07:05 UTC] create_variation_product_id:1119
[17-Sep-2024 16:07:05 UTC] create_stock:2397
[17-Sep-2024 16:07:05 UTC] create_price:0,68
[17-Sep-2024 16:07:06 UTC] create_variation_product_id:1119
[17-Sep-2024 16:07:06 UTC] create_stock:2037
[17-Sep-2024 16:07:06 UTC] create_price:0,68
[17-Sep-2024 16:07:06 UTC] create_variation_product_id:1119
[17-Sep-2024 16:07:06 UTC] create_stock:15512
[17-Sep-2024 16:07:06 UTC] create_price:0,68
[17-Sep-2024 16:07:06 UTC] create_variation_product_id:1119
[17-Sep-2024 16:07:06 UTC] create_stock:1346
[17-Sep-2024 16:07:06 UTC] create_price:0,68
[17-Sep-2024 16:07:06 UTC] create_variation_product_id:1119
[17-Sep-2024 16:07:06 UTC] create_stock:1250
[17-Sep-2024 16:07:06 UTC] create_price:0,68
[17-Sep-2024 16:07:07 UTC] create_variation_product_id:1119
[17-Sep-2024 16:07:07 UTC] create_stock:0
[17-Sep-2024 16:07:07 UTC] create_price:0,68
[17-Sep-2024 16:07:08 UTC] create_variation_product_id:1119
[17-Sep-2024 16:07:08 UTC] create_stock:13670
[17-Sep-2024 16:07:08 UTC] create_price:0,68
[17-Sep-2024 16:07:08 UTC] create_variation_product_id:1120
[17-Sep-2024 16:07:08 UTC] create_stock:10938
[17-Sep-2024 16:07:08 UTC] create_price:0,93
[17-Sep-2024 16:07:09 UTC] create_variation_product_id:1120
[17-Sep-2024 16:07:09 UTC] create_stock:39079
[17-Sep-2024 16:07:09 UTC] create_price:0,93
[17-Sep-2024 16:07:09 UTC] create_variation_product_id:1120
[17-Sep-2024 16:07:09 UTC] create_stock:17914
[17-Sep-2024 16:07:09 UTC] create_price:0,93
[17-Sep-2024 16:07:09 UTC] create_variation_product_id:1120
[17-Sep-2024 16:07:09 UTC] create_stock:18772
[17-Sep-2024 16:07:09 UTC] create_price:0,93
[17-Sep-2024 16:07:09 UTC] create_variation_product_id:1120
[17-Sep-2024 16:07:09 UTC] create_stock:5399
[17-Sep-2024 16:07:09 UTC] create_price:0,93
[17-Sep-2024 16:07:10 UTC] create_variation_product_id:1120
[17-Sep-2024 16:07:10 UTC] create_stock:9933
[17-Sep-2024 16:07:10 UTC] create_price:0,93
[17-Sep-2024 16:07:10 UTC] create_variation_product_id:1120
[17-Sep-2024 16:07:10 UTC] create_stock:17324
[17-Sep-2024 16:07:10 UTC] create_price:0,93
[17-Sep-2024 16:07:10 UTC] create_variation_product_id:1120
[17-Sep-2024 16:07:10 UTC] create_stock:8695
[17-Sep-2024 16:07:10 UTC] create_price:0,93
[17-Sep-2024 16:07:11 UTC] create_variation_product_id:1120
[17-Sep-2024 16:07:11 UTC] create_stock:8299
[17-Sep-2024 16:07:11 UTC] create_price:0,93
[17-Sep-2024 16:07:11 UTC] create_variation_product_id:1120
[17-Sep-2024 16:07:11 UTC] create_stock:2
[17-Sep-2024 16:07:11 UTC] create_price:0,93
[17-Sep-2024 16:07:14 UTC] create_variation_product_id:1121
[17-Sep-2024 16:07:14 UTC] create_stock:5685
[17-Sep-2024 16:07:14 UTC] create_price:1,40
[17-Sep-2024 16:07:14 UTC] create_variation_product_id:1121
[17-Sep-2024 16:07:14 UTC] create_stock:6114
[17-Sep-2024 16:07:14 UTC] create_price:1,40
[17-Sep-2024 16:07:14 UTC] create_variation_product_id:1121
[17-Sep-2024 16:07:14 UTC] create_stock:18397
[17-Sep-2024 16:07:14 UTC] create_price:1,40
[17-Sep-2024 16:07:14 UTC] create_variation_product_id:1121
[17-Sep-2024 16:07:14 UTC] create_stock:0
[17-Sep-2024 16:07:14 UTC] create_price:1,40
[17-Sep-2024 16:07:17 UTC] create_variation_product_id:1121
[17-Sep-2024 16:07:17 UTC] create_stock:0
[17-Sep-2024 16:07:17 UTC] create_price:1,40
[17-Sep-2024 16:07:18 UTC] create_variation_product_id:1121
[17-Sep-2024 16:07:18 UTC] create_stock:4657
[17-Sep-2024 16:07:18 UTC] create_price:1,40
[17-Sep-2024 16:07:18 UTC] create_variation_product_id:1122
[17-Sep-2024 16:07:18 UTC] create_stock:5680
[17-Sep-2024 16:07:18 UTC] create_price:5,76
[17-Sep-2024 16:07:18 UTC] create_variation_product_id:1123
[17-Sep-2024 16:07:18 UTC] create_stock:30793
[17-Sep-2024 16:07:18 UTC] create_price:0,15
[17-Sep-2024 16:07:19 UTC] create_variation_product_id:1124
[17-Sep-2024 16:07:19 UTC] create_stock:42884
[17-Sep-2024 16:07:19 UTC] create_price:0,13
[17-Sep-2024 16:07:19 UTC] create_variation_product_id:1125
[17-Sep-2024 16:07:19 UTC] create_stock:9157
[17-Sep-2024 16:07:19 UTC] create_price:1,57
[17-Sep-2024 16:07:19 UTC] create_variation_product_id:1126
[17-Sep-2024 16:07:19 UTC] create_stock:17578
[17-Sep-2024 16:07:19 UTC] create_price:0,95
[17-Sep-2024 16:07:19 UTC] create_variation_product_id:1127
[17-Sep-2024 16:07:19 UTC] create_stock:22152
[17-Sep-2024 16:07:19 UTC] create_price:1,00
[17-Sep-2024 16:07:19 UTC] create_variation_product_id:1128
[17-Sep-2024 16:07:19 UTC] create_stock:17380
[17-Sep-2024 16:07:19 UTC] create_price:1,16
[17-Sep-2024 16:07:19 UTC] create_variation_product_id:1129
[17-Sep-2024 16:07:19 UTC] create_stock:5421
[17-Sep-2024 16:07:19 UTC] create_price:1,57
[17-Sep-2024 16:07:20 UTC] create_variation_product_id:1130
[17-Sep-2024 16:07:20 UTC] create_stock:24050
[17-Sep-2024 16:07:20 UTC] create_price:0,48
[17-Sep-2024 16:07:20 UTC] create_variation_product_id:1131
[17-Sep-2024 16:07:20 UTC] create_stock:6695
[17-Sep-2024 16:07:20 UTC] create_price:1,00
[17-Sep-2024 16:07:20 UTC] create_variation_product_id:1132
[17-Sep-2024 16:07:20 UTC] create_stock:1474
[17-Sep-2024 16:07:20 UTC] create_price:5,61
[17-Sep-2024 16:07:20 UTC] create_variation_product_id:1133
[17-Sep-2024 16:07:20 UTC] create_stock:3518
[17-Sep-2024 16:07:20 UTC] create_price:2,21
[17-Sep-2024 16:07:21 UTC] create_variation_product_id:1133
[17-Sep-2024 16:07:21 UTC] create_stock:2807
[17-Sep-2024 16:07:21 UTC] create_price:2,21
[17-Sep-2024 16:07:21 UTC] create_variation_product_id:1133
[17-Sep-2024 16:07:21 UTC] create_stock:5185
[17-Sep-2024 16:07:21 UTC] create_price:2,21
[17-Sep-2024 16:07:21 UTC] create_variation_product_id:1133
[17-Sep-2024 16:07:21 UTC] create_stock:4108
[17-Sep-2024 16:07:21 UTC] create_price:2,21
[17-Sep-2024 16:07:21 UTC] create_variation_product_id:1133
[17-Sep-2024 16:07:21 UTC] create_stock:2625
[17-Sep-2024 16:07:21 UTC] create_price:2,21
[17-Sep-2024 16:07:22 UTC] create_variation_product_id:1133
[17-Sep-2024 16:07:22 UTC] create_stock:2766
[17-Sep-2024 16:07:22 UTC] create_price:2,21
[17-Sep-2024 16:07:22 UTC] create_variation_product_id:1133
[17-Sep-2024 16:07:22 UTC] create_stock:2415
[17-Sep-2024 16:07:22 UTC] create_price:2,21
[17-Sep-2024 16:07:22 UTC] create_variation_product_id:1133
[17-Sep-2024 16:07:22 UTC] create_stock:0
[17-Sep-2024 16:07:22 UTC] create_price:2,21
[17-Sep-2024 16:07:23 UTC] create_variation_product_id:1133
[17-Sep-2024 16:07:23 UTC] create_stock:2228
[17-Sep-2024 16:07:23 UTC] create_price:2,21
[17-Sep-2024 16:07:24 UTC] create_variation_product_id:1133
[17-Sep-2024 16:07:24 UTC] create_stock:2675
[17-Sep-2024 16:07:24 UTC] create_price:2,21
[17-Sep-2024 16:07:24 UTC] create_variation_product_id:1134
[17-Sep-2024 16:07:24 UTC] create_stock:10579
[17-Sep-2024 16:07:24 UTC] create_price:9,08
[17-Sep-2024 16:07:24 UTC] create_variation_product_id:1135
[17-Sep-2024 16:07:24 UTC] create_stock:26330
[17-Sep-2024 16:07:24 UTC] create_price:0,18
[17-Sep-2024 16:07:24 UTC] create_variation_product_id:1136
[17-Sep-2024 16:07:24 UTC] create_stock:652940
[17-Sep-2024 16:07:24 UTC] create_price:0,11
[17-Sep-2024 16:07:24 UTC] create_variation_product_id:1137
[17-Sep-2024 16:07:24 UTC] create_stock:101010
[17-Sep-2024 16:07:24 UTC] create_price:0,04
[17-Sep-2024 16:07:25 UTC] create_variation_product_id:1137
[17-Sep-2024 16:07:25 UTC] create_stock:143455
[17-Sep-2024 16:07:25 UTC] create_price:0,04
[17-Sep-2024 16:07:25 UTC] create_variation_product_id:1138
[17-Sep-2024 16:07:25 UTC] create_stock:21697
[17-Sep-2024 16:07:25 UTC] create_price:1,02
[17-Sep-2024 16:07:25 UTC] create_variation_product_id:1139
[17-Sep-2024 16:07:25 UTC] create_stock:7786
[17-Sep-2024 16:07:25 UTC] create_price:0,89
[17-Sep-2024 16:07:25 UTC] create_variation_product_id:1140
[17-Sep-2024 16:07:25 UTC] create_stock:12632
[17-Sep-2024 16:07:25 UTC] create_price:1,47
[17-Sep-2024 16:07:25 UTC] create_variation_product_id:1141
[17-Sep-2024 16:07:25 UTC] create_stock:10596
[17-Sep-2024 16:07:25 UTC] create_price:5,50
[17-Sep-2024 16:07:26 UTC] create_variation_product_id:1142
[17-Sep-2024 16:07:26 UTC] create_stock:22147
[17-Sep-2024 16:07:26 UTC] create_price:0,48
[17-Sep-2024 16:07:26 UTC] create_variation_product_id:1143
[17-Sep-2024 16:07:26 UTC] create_stock:977
[17-Sep-2024 16:07:26 UTC] create_price:12,07
[17-Sep-2024 16:07:26 UTC] create_variation_product_id:1144
[17-Sep-2024 16:07:26 UTC] create_stock:1796
[17-Sep-2024 16:07:26 UTC] create_price:10,20
[17-Sep-2024 16:07:26 UTC] create_variation_product_id:1145
[17-Sep-2024 16:07:26 UTC] create_stock:2838
[17-Sep-2024 16:07:26 UTC] create_price:0,46
[17-Sep-2024 16:07:26 UTC] create_variation_product_id:1146
[17-Sep-2024 16:07:26 UTC] create_stock:9932
[17-Sep-2024 16:07:26 UTC] create_price:0,86
[17-Sep-2024 16:07:26 UTC] create_variation_product_id:1147
[17-Sep-2024 16:07:26 UTC] create_stock:296851
[17-Sep-2024 16:07:26 UTC] create_price:0,38
[17-Sep-2024 16:07:27 UTC] create_variation_product_id:1148
[17-Sep-2024 16:07:27 UTC] create_stock:106771
[17-Sep-2024 16:07:27 UTC] create_price:0,24
[17-Sep-2024 16:07:27 UTC] create_variation_product_id:1149
[17-Sep-2024 16:07:27 UTC] create_stock:21542
[17-Sep-2024 16:07:27 UTC] create_price:3,02
[17-Sep-2024 16:07:27 UTC] create_variation_product_id:1150
[17-Sep-2024 16:07:27 UTC] create_stock:34918
[17-Sep-2024 16:07:27 UTC] create_price:0,21
[17-Sep-2024 16:07:27 UTC] create_variation_product_id:1150
[17-Sep-2024 16:07:27 UTC] create_stock:49912
[17-Sep-2024 16:07:27 UTC] create_price:0,21
[17-Sep-2024 16:07:27 UTC] create_variation_product_id:1151
[17-Sep-2024 16:07:27 UTC] create_stock:0
[17-Sep-2024 16:07:27 UTC] create_price:0,17
[17-Sep-2024 16:07:29 UTC] create_variation_product_id:1152
[17-Sep-2024 16:07:29 UTC] create_stock:14212
[17-Sep-2024 16:07:29 UTC] create_price:0,10
[17-Sep-2024 16:07:30 UTC] create_variation_product_id:1152
[17-Sep-2024 16:07:30 UTC] create_stock:33831
[17-Sep-2024 16:07:30 UTC] create_price:0,10
[17-Sep-2024 16:07:30 UTC] create_variation_product_id:1152
[17-Sep-2024 16:07:30 UTC] create_stock:20853
[17-Sep-2024 16:07:30 UTC] create_price:0,10
[17-Sep-2024 16:07:30 UTC] create_variation_product_id:1152
[17-Sep-2024 16:07:30 UTC] create_stock:0
[17-Sep-2024 16:07:30 UTC] create_price:0,10
[17-Sep-2024 16:07:31 UTC] create_variation_product_id:1152
[17-Sep-2024 16:07:31 UTC] create_stock:24021
[17-Sep-2024 16:07:31 UTC] create_price:0,10
[17-Sep-2024 16:07:31 UTC] create_variation_product_id:1152
[17-Sep-2024 16:07:31 UTC] create_stock:54602
[17-Sep-2024 16:07:31 UTC] create_price:0,10
[17-Sep-2024 16:07:32 UTC] create_variation_product_id:1152
[17-Sep-2024 16:07:32 UTC] create_stock:141225
[17-Sep-2024 16:07:32 UTC] create_price:0,10
[17-Sep-2024 16:07:32 UTC] create_variation_product_id:1152
[17-Sep-2024 16:07:32 UTC] create_stock:11
[17-Sep-2024 16:07:32 UTC] create_price:0,10
[17-Sep-2024 16:07:32 UTC] create_variation_product_id:1152
[17-Sep-2024 16:07:32 UTC] create_stock:18513
[17-Sep-2024 16:07:32 UTC] create_price:0,10
[17-Sep-2024 16:07:33 UTC] create_variation_product_id:1153
[17-Sep-2024 16:07:33 UTC] create_stock:3247
[17-Sep-2024 16:07:33 UTC] create_price:6,64
[17-Sep-2024 16:07:33 UTC] create_variation_product_id:1154
[17-Sep-2024 16:07:33 UTC] create_stock:19674
[17-Sep-2024 16:07:33 UTC] create_price:0,78
[17-Sep-2024 16:07:33 UTC] create_variation_product_id:1154
[17-Sep-2024 16:07:33 UTC] create_stock:2253
[17-Sep-2024 16:07:33 UTC] create_price:0,78
[17-Sep-2024 16:07:33 UTC] create_variation_product_id:1155
[17-Sep-2024 16:07:33 UTC] create_stock:2903
[17-Sep-2024 16:07:33 UTC] create_price:12,83
[17-Sep-2024 16:07:33 UTC] create_variation_product_id:1156
[17-Sep-2024 16:07:33 UTC] create_stock:5112
[17-Sep-2024 16:07:33 UTC] create_price:2,89
[17-Sep-2024 16:07:33 UTC] create_variation_product_id:1157
[17-Sep-2024 16:07:33 UTC] create_stock:20886
[17-Sep-2024 16:07:33 UTC] create_price:0,31
[17-Sep-2024 16:07:34 UTC] create_variation_product_id:1158
[17-Sep-2024 16:07:34 UTC] create_stock:3536
[17-Sep-2024 16:07:34 UTC] create_price:7,32
[17-Sep-2024 16:07:34 UTC] create_variation_product_id:1159
[17-Sep-2024 16:07:34 UTC] create_stock:4874
[17-Sep-2024 16:07:34 UTC] create_price:2,80
[17-Sep-2024 16:07:34 UTC] create_variation_product_id:1159
[17-Sep-2024 16:07:34 UTC] create_stock:3283
[17-Sep-2024 16:07:34 UTC] create_price:2,80
[17-Sep-2024 16:07:34 UTC] create_variation_product_id:1159
[17-Sep-2024 16:07:34 UTC] create_stock:7621
[17-Sep-2024 16:07:34 UTC] create_price:2,80
[17-Sep-2024 16:07:34 UTC] create_variation_product_id:1159
[17-Sep-2024 16:07:34 UTC] create_stock:1194
[17-Sep-2024 16:07:34 UTC] create_price:2,80
[17-Sep-2024 16:07:35 UTC] create_variation_product_id:1160
[17-Sep-2024 16:07:35 UTC] create_stock:3180
[17-Sep-2024 16:07:35 UTC] create_price:3,43
[17-Sep-2024 16:07:35 UTC] create_variation_product_id:1160
[17-Sep-2024 16:07:35 UTC] create_stock:4410
[17-Sep-2024 16:07:35 UTC] create_price:3,43
[17-Sep-2024 16:07:35 UTC] create_variation_product_id:1160
[17-Sep-2024 16:07:35 UTC] create_stock:16805
[17-Sep-2024 16:07:35 UTC] create_price:3,43
[17-Sep-2024 16:07:36 UTC] create_variation_product_id:1160
[17-Sep-2024 16:07:36 UTC] create_stock:16
[17-Sep-2024 16:07:36 UTC] create_price:3,43
[17-Sep-2024 16:07:36 UTC] create_variation_product_id:1160
[17-Sep-2024 16:07:36 UTC] create_stock:4772
[17-Sep-2024 16:07:36 UTC] create_price:3,43
[17-Sep-2024 16:07:36 UTC] create_variation_product_id:1160
[17-Sep-2024 16:07:36 UTC] create_stock:3353
[17-Sep-2024 16:07:36 UTC] create_price:3,43
[17-Sep-2024 16:07:36 UTC] create_variation_product_id:1160
[17-Sep-2024 16:07:36 UTC] create_stock:5185
[17-Sep-2024 16:07:36 UTC] create_price:3,43
[17-Sep-2024 16:07:37 UTC] create_variation_product_id:1160
[17-Sep-2024 16:07:37 UTC] create_stock:2414
[17-Sep-2024 16:07:37 UTC] create_price:3,43
[17-Sep-2024 16:07:37 UTC] create_variation_product_id:1160
[17-Sep-2024 16:07:37 UTC] create_stock:692
[17-Sep-2024 16:07:37 UTC] create_price:3,43
[17-Sep-2024 16:07:37 UTC] create_variation_product_id:1161
[17-Sep-2024 16:07:37 UTC] create_stock:0
[17-Sep-2024 16:07:37 UTC] create_price:3,20
[17-Sep-2024 16:07:40 UTC] create_variation_product_id:1161
[17-Sep-2024 16:07:40 UTC] create_stock:5317
[17-Sep-2024 16:07:40 UTC] create_price:3,20
[17-Sep-2024 16:07:40 UTC] create_variation_product_id:1161
[17-Sep-2024 16:07:40 UTC] create_stock:478
[17-Sep-2024 16:07:40 UTC] create_price:3,20
[17-Sep-2024 16:07:41 UTC] create_variation_product_id:1161
[17-Sep-2024 16:07:41 UTC] create_stock:5217
[17-Sep-2024 16:07:41 UTC] create_price:3,20
[17-Sep-2024 16:07:41 UTC] create_variation_product_id:1161
[17-Sep-2024 16:07:41 UTC] create_stock:4144
[17-Sep-2024 16:07:41 UTC] create_price:3,20
[17-Sep-2024 16:07:41 UTC] create_variation_product_id:1161
[17-Sep-2024 16:07:41 UTC] create_stock:2343
[17-Sep-2024 16:07:41 UTC] create_price:3,20
[17-Sep-2024 16:07:41 UTC] create_variation_product_id:1161
[17-Sep-2024 16:07:41 UTC] create_stock:3353
[17-Sep-2024 16:07:41 UTC] create_price:3,20
[17-Sep-2024 16:07:42 UTC] create_variation_product_id:1161
[17-Sep-2024 16:07:42 UTC] create_stock:1561
[17-Sep-2024 16:07:42 UTC] create_price:3,20
[17-Sep-2024 16:07:42 UTC] create_variation_product_id:1161
[17-Sep-2024 16:07:42 UTC] create_stock:347
[17-Sep-2024 16:07:42 UTC] create_price:3,20
[17-Sep-2024 16:07:42 UTC] create_variation_product_id:1162
[17-Sep-2024 16:07:42 UTC] create_stock:735
[17-Sep-2024 16:07:42 UTC] create_price:5,39
[17-Sep-2024 16:07:42 UTC] create_variation_product_id:1162
[17-Sep-2024 16:07:42 UTC] create_stock:2755
[17-Sep-2024 16:07:42 UTC] create_price:5,39
[17-Sep-2024 16:07:43 UTC] create_variation_product_id:1162
[17-Sep-2024 16:07:43 UTC] create_stock:4089
[17-Sep-2024 16:07:43 UTC] create_price:5,39
[17-Sep-2024 16:07:43 UTC] create_variation_product_id:1162
[17-Sep-2024 16:07:43 UTC] create_stock:0
[17-Sep-2024 16:07:43 UTC] create_price:5,39
[17-Sep-2024 16:07:44 UTC] create_variation_product_id:1163
[17-Sep-2024 16:07:44 UTC] create_stock:13399
[17-Sep-2024 16:07:44 UTC] create_price:0,51
[17-Sep-2024 16:07:44 UTC] create_variation_product_id:1164
[17-Sep-2024 16:07:44 UTC] create_stock:5545
[17-Sep-2024 16:07:44 UTC] create_price:3,55
[17-Sep-2024 16:07:44 UTC] create_variation_product_id:1164
[17-Sep-2024 16:07:44 UTC] create_stock:6371
[17-Sep-2024 16:07:44 UTC] create_price:3,55
[17-Sep-2024 16:07:44 UTC] create_variation_product_id:1165
[17-Sep-2024 16:07:44 UTC] create_stock:82472
[17-Sep-2024 16:07:44 UTC] create_price:0,07
[17-Sep-2024 16:07:45 UTC] create_variation_product_id:1165
[17-Sep-2024 16:07:45 UTC] create_stock:42624
[17-Sep-2024 16:07:45 UTC] create_price:0,07
[17-Sep-2024 16:07:45 UTC] create_variation_product_id:1165
[17-Sep-2024 16:07:45 UTC] create_stock:9850
[17-Sep-2024 16:07:45 UTC] create_price:0,07
[17-Sep-2024 16:07:45 UTC] create_variation_product_id:1165
[17-Sep-2024 16:07:45 UTC] create_stock:56723
[17-Sep-2024 16:07:45 UTC] create_price:0,07
[17-Sep-2024 16:07:45 UTC] create_variation_product_id:1166
[17-Sep-2024 16:07:45 UTC] create_stock:61091
[17-Sep-2024 16:07:45 UTC] create_price:0,44
[17-Sep-2024 16:07:46 UTC] create_variation_product_id:1166
[17-Sep-2024 16:07:46 UTC] create_stock:33383
[17-Sep-2024 16:07:46 UTC] create_price:0,44
[17-Sep-2024 16:07:46 UTC] create_variation_product_id:1166
[17-Sep-2024 16:07:46 UTC] create_stock:4623
[17-Sep-2024 16:07:46 UTC] create_price:0,44
[17-Sep-2024 16:07:46 UTC] create_variation_product_id:1167
[17-Sep-2024 16:07:46 UTC] create_stock:4180
[17-Sep-2024 16:07:46 UTC] create_price:1,21
[17-Sep-2024 16:07:46 UTC] create_variation_product_id:1168
[17-Sep-2024 16:07:46 UTC] create_stock:11682
[17-Sep-2024 16:07:46 UTC] create_price:1,26
[17-Sep-2024 16:07:46 UTC] create_variation_product_id:1169
[17-Sep-2024 16:07:46 UTC] create_stock:911
[17-Sep-2024 16:07:46 UTC] create_price:2,27
[17-Sep-2024 16:07:46 UTC] create_variation_product_id:1169
[17-Sep-2024 16:07:46 UTC] create_stock:3039
[17-Sep-2024 16:07:46 UTC] create_price:2,27
[17-Sep-2024 16:07:47 UTC] create_variation_product_id:1170
[17-Sep-2024 16:07:47 UTC] create_stock:7461
[17-Sep-2024 16:07:47 UTC] create_price:8,50
[17-Sep-2024 16:07:47 UTC] create_variation_product_id:1171
[17-Sep-2024 16:07:47 UTC] create_stock:1533
[17-Sep-2024 16:07:47 UTC] create_price:4,71
[17-Sep-2024 16:07:47 UTC] create_variation_product_id:1172
[17-Sep-2024 16:07:47 UTC] create_stock:14493
[17-Sep-2024 16:07:47 UTC] create_price:1,02
[17-Sep-2024 16:07:47 UTC] create_variation_product_id:1172
[17-Sep-2024 16:07:47 UTC] create_stock:4449
[17-Sep-2024 16:07:47 UTC] create_price:1,02
[17-Sep-2024 16:07:47 UTC] create_variation_product_id:1172
[17-Sep-2024 16:07:47 UTC] create_stock:2670
[17-Sep-2024 16:07:47 UTC] create_price:1,02
[17-Sep-2024 16:07:48 UTC] create_variation_product_id:1173
[17-Sep-2024 16:07:48 UTC] create_stock:5591
[17-Sep-2024 16:07:48 UTC] create_price:11,92
[17-Sep-2024 16:07:48 UTC] create_variation_product_id:1173
[17-Sep-2024 16:07:48 UTC] create_stock:4422
[17-Sep-2024 16:07:48 UTC] create_price:11,92
[17-Sep-2024 16:07:48 UTC] create_variation_product_id:1174
[17-Sep-2024 16:07:48 UTC] create_stock:387
[17-Sep-2024 16:07:48 UTC] create_price:17,91
[17-Sep-2024 16:07:48 UTC] create_variation_product_id:1175
[17-Sep-2024 16:07:48 UTC] create_stock:1879
[17-Sep-2024 16:07:48 UTC] create_price:8,13
[17-Sep-2024 16:07:48 UTC] create_variation_product_id:1177
[17-Sep-2024 16:07:48 UTC] create_stock:6270
[17-Sep-2024 16:07:48 UTC] create_price:3,04
[17-Sep-2024 16:07:49 UTC] create_variation_product_id:1178
[17-Sep-2024 16:07:49 UTC] create_stock:7929
[17-Sep-2024 16:07:49 UTC] create_price:4,25
[17-Sep-2024 16:07:49 UTC] create_variation_product_id:1179
[17-Sep-2024 16:07:49 UTC] create_stock:10761
[17-Sep-2024 16:07:49 UTC] create_price:0,98
[17-Sep-2024 16:07:49 UTC] create_variation_product_id:1180
[17-Sep-2024 16:07:49 UTC] create_stock:29871
[17-Sep-2024 16:07:49 UTC] create_price:0,72
[17-Sep-2024 16:07:49 UTC] create_variation_product_id:1181
[17-Sep-2024 16:07:49 UTC] create_stock:31496
[17-Sep-2024 16:07:49 UTC] create_price:0,46
[17-Sep-2024 16:07:49 UTC] create_variation_product_id:1182
[17-Sep-2024 16:07:49 UTC] create_stock:8118
[17-Sep-2024 16:07:49 UTC] create_price:0,40
[17-Sep-2024 16:07:50 UTC] create_variation_product_id:1183
[17-Sep-2024 16:07:50 UTC] create_stock:62950
[17-Sep-2024 16:07:50 UTC] create_price:0,38
[17-Sep-2024 16:07:50 UTC] create_variation_product_id:1183
[17-Sep-2024 16:07:50 UTC] create_stock:19410
[17-Sep-2024 16:07:50 UTC] create_price:0,38
[17-Sep-2024 16:07:50 UTC] create_variation_product_id:1184
[17-Sep-2024 16:07:50 UTC] create_stock:5762
[17-Sep-2024 16:07:50 UTC] create_price:1,24
[17-Sep-2024 16:07:50 UTC] create_variation_product_id:1185
[17-Sep-2024 16:07:50 UTC] create_stock:49712
[17-Sep-2024 16:07:50 UTC] create_price:0,78
[17-Sep-2024 16:07:50 UTC] create_variation_product_id:1185
[17-Sep-2024 16:07:50 UTC] create_stock:19440
[17-Sep-2024 16:07:50 UTC] create_price:0,78
[17-Sep-2024 16:07:51 UTC] create_variation_product_id:1185
[17-Sep-2024 16:07:51 UTC] create_stock:18821
[17-Sep-2024 16:07:51 UTC] create_price:0,78
[17-Sep-2024 16:07:51 UTC] create_variation_product_id:1185
[17-Sep-2024 16:07:51 UTC] create_stock:8366
[17-Sep-2024 16:07:51 UTC] create_price:0,78
[17-Sep-2024 16:07:51 UTC] create_variation_product_id:1185
[17-Sep-2024 16:07:51 UTC] create_stock:2506
[17-Sep-2024 16:07:51 UTC] create_price:0,78
[17-Sep-2024 16:07:51 UTC] create_variation_product_id:1186
[17-Sep-2024 16:07:51 UTC] create_stock:9527
[17-Sep-2024 16:07:51 UTC] create_price:3,35
[17-Sep-2024 16:07:51 UTC] create_variation_product_id:1187
[17-Sep-2024 16:07:51 UTC] create_stock:119960
[17-Sep-2024 16:07:51 UTC] create_price:0,21
[17-Sep-2024 16:07:52 UTC] create_variation_product_id:1188
[17-Sep-2024 16:07:52 UTC] create_stock:43180
[17-Sep-2024 16:07:52 UTC] create_price:0,25
[17-Sep-2024 16:07:52 UTC] create_variation_product_id:1189
[17-Sep-2024 16:07:52 UTC] create_stock:449
[17-Sep-2024 16:07:52 UTC] create_price:0,56
[17-Sep-2024 16:07:52 UTC] create_variation_product_id:1189
[17-Sep-2024 16:07:52 UTC] create_stock:42381
[17-Sep-2024 16:07:52 UTC] create_price:0,56
[17-Sep-2024 16:07:52 UTC] create_variation_product_id:1189
[17-Sep-2024 16:07:52 UTC] create_stock:25926
[17-Sep-2024 16:07:52 UTC] create_price:0,56
[17-Sep-2024 16:07:53 UTC] create_variation_product_id:1189
[17-Sep-2024 16:07:53 UTC] create_stock:20249
[17-Sep-2024 16:07:53 UTC] create_price:0,56
[17-Sep-2024 16:07:53 UTC] create_variation_product_id:1189
[17-Sep-2024 16:07:53 UTC] create_stock:14862
[17-Sep-2024 16:07:53 UTC] create_price:0,56
[17-Sep-2024 16:07:53 UTC] create_variation_product_id:1189
[17-Sep-2024 16:07:53 UTC] create_stock:21806
[17-Sep-2024 16:07:53 UTC] create_price:0,56
[17-Sep-2024 16:07:53 UTC] create_variation_product_id:1189
[17-Sep-2024 16:07:53 UTC] create_stock:5847
[17-Sep-2024 16:07:53 UTC] create_price:0,56
[17-Sep-2024 16:07:53 UTC] create_variation_product_id:1190
[17-Sep-2024 16:07:53 UTC] create_stock:5806
[17-Sep-2024 16:07:53 UTC] create_price:0,76
[17-Sep-2024 16:07:54 UTC] create_variation_product_id:1191
[17-Sep-2024 16:07:54 UTC] create_stock:11114
[17-Sep-2024 16:07:54 UTC] create_price:1,18
[17-Sep-2024 16:07:54 UTC] create_variation_product_id:1192
[17-Sep-2024 16:07:54 UTC] create_stock:1576
[17-Sep-2024 16:07:54 UTC] create_price:6,67
[17-Sep-2024 16:07:54 UTC] create_variation_product_id:1193
[17-Sep-2024 16:07:54 UTC] create_stock:2695
[17-Sep-2024 16:07:54 UTC] create_price:7,76
[17-Sep-2024 16:07:54 UTC] create_variation_product_id:1194
[17-Sep-2024 16:07:54 UTC] create_stock:6872
[17-Sep-2024 16:07:54 UTC] create_price:3,50
[17-Sep-2024 16:07:54 UTC] create_variation_product_id:1195
[17-Sep-2024 16:07:54 UTC] create_stock:26671
[17-Sep-2024 16:07:54 UTC] create_price:0,23
[17-Sep-2024 16:07:55 UTC] create_variation_product_id:1195
[17-Sep-2024 16:07:55 UTC] create_stock:8563
[17-Sep-2024 16:07:55 UTC] create_price:0,23
[17-Sep-2024 16:07:55 UTC] create_variation_product_id:1196
[17-Sep-2024 16:07:55 UTC] create_stock:2529
[17-Sep-2024 16:07:55 UTC] create_price:2,57
[17-Sep-2024 16:07:55 UTC] create_variation_product_id:1197
[17-Sep-2024 16:07:55 UTC] create_stock:15545
[17-Sep-2024 16:07:55 UTC] create_price:1,01
[17-Sep-2024 16:07:55 UTC] create_variation_product_id:1197
[17-Sep-2024 16:07:55 UTC] create_stock:25534
[17-Sep-2024 16:07:55 UTC] create_price:1,01
[17-Sep-2024 16:07:55 UTC] create_variation_product_id:1198
[17-Sep-2024 16:07:55 UTC] create_stock:2813
[17-Sep-2024 16:07:55 UTC] create_price:1,81
[17-Sep-2024 16:07:56 UTC] create_variation_product_id:1198
[17-Sep-2024 16:07:56 UTC] create_stock:6509
[17-Sep-2024 16:07:56 UTC] create_price:1,81
[17-Sep-2024 16:07:56 UTC] create_variation_product_id:1199
[17-Sep-2024 16:07:56 UTC] create_stock:6294
[17-Sep-2024 16:07:56 UTC] create_price:2,42
[17-Sep-2024 16:07:56 UTC] create_variation_product_id:1200
[17-Sep-2024 16:07:56 UTC] create_stock:8550
[17-Sep-2024 16:07:56 UTC] create_price:1,15
[17-Sep-2024 16:07:56 UTC] create_variation_product_id:1201
[17-Sep-2024 16:07:56 UTC] create_stock:43714
[17-Sep-2024 16:07:56 UTC] create_price:1,18
[17-Sep-2024 16:07:56 UTC] create_variation_product_id:1202
[17-Sep-2024 16:07:56 UTC] create_stock:10721
[17-Sep-2024 16:07:56 UTC] create_price:1,37
[17-Sep-2024 16:07:57 UTC] create_variation_product_id:1203
[17-Sep-2024 16:07:57 UTC] create_stock:8913
[17-Sep-2024 16:07:57 UTC] create_price:0,76
[17-Sep-2024 16:07:57 UTC] create_variation_product_id:1204
[17-Sep-2024 16:07:57 UTC] create_stock:5786
[17-Sep-2024 16:07:57 UTC] create_price:2,93
[17-Sep-2024 16:07:57 UTC] create_variation_product_id:1205
[17-Sep-2024 16:07:57 UTC] create_stock:2923
[17-Sep-2024 16:07:57 UTC] create_price:1,17
[17-Sep-2024 16:07:57 UTC] create_variation_product_id:1206
[17-Sep-2024 16:07:57 UTC] create_stock:2146
[17-Sep-2024 16:07:57 UTC] create_price:10,75
[17-Sep-2024 16:07:57 UTC] create_variation_product_id:1207
[17-Sep-2024 16:07:57 UTC] create_stock:19168
[17-Sep-2024 16:07:57 UTC] create_price:3,78
[17-Sep-2024 16:07:58 UTC] create_variation_product_id:1208
[17-Sep-2024 16:07:58 UTC] create_stock:2965
[17-Sep-2024 16:07:58 UTC] create_price:7,88
[17-Sep-2024 16:07:58 UTC] create_variation_product_id:1209
[17-Sep-2024 16:07:58 UTC] create_stock:7978
[17-Sep-2024 16:07:58 UTC] create_price:0,58
[17-Sep-2024 16:07:58 UTC] create_variation_product_id:1209
[17-Sep-2024 16:07:58 UTC] create_stock:11363
[17-Sep-2024 16:07:58 UTC] create_price:0,58
[17-Sep-2024 16:07:58 UTC] create_variation_product_id:1210
[17-Sep-2024 16:07:58 UTC] create_stock:53956
[17-Sep-2024 16:07:58 UTC] create_price:0,21
[17-Sep-2024 16:07:58 UTC] create_variation_product_id:1210
[17-Sep-2024 16:08:00 UTC] create_stock:15957
[17-Sep-2024 16:08:00 UTC] create_price:0,21
[17-Sep-2024 16:08:00 UTC] create_variation_product_id:1210
[17-Sep-2024 16:08:00 UTC] create_stock:37300
[17-Sep-2024 16:08:00 UTC] create_price:0,21
[17-Sep-2024 16:08:01 UTC] create_variation_product_id:1210
[17-Sep-2024 16:08:01 UTC] create_stock:10271
[17-Sep-2024 16:08:01 UTC] create_price:0,21
[17-Sep-2024 16:08:01 UTC] create_variation_product_id:1210
[17-Sep-2024 16:08:01 UTC] create_stock:5221
[17-Sep-2024 16:08:01 UTC] create_price:0,21
[17-Sep-2024 16:08:01 UTC] create_variation_product_id:1210
[17-Sep-2024 16:08:01 UTC] create_stock:16843
[17-Sep-2024 16:08:01 UTC] create_price:0,21
[17-Sep-2024 16:08:01 UTC] create_variation_product_id:1210
[17-Sep-2024 16:08:01 UTC] create_stock:21515
[17-Sep-2024 16:08:01 UTC] create_price:0,21
[17-Sep-2024 16:08:02 UTC] create_variation_product_id:1210
[17-Sep-2024 16:08:02 UTC] create_stock:37137
[17-Sep-2024 16:08:02 UTC] create_price:0,21
[17-Sep-2024 16:08:02 UTC] create_variation_product_id:1210
[17-Sep-2024 16:08:02 UTC] create_stock:1380
[17-Sep-2024 16:08:02 UTC] create_price:0,21
[17-Sep-2024 16:08:02 UTC] create_variation_product_id:1211
[17-Sep-2024 16:08:02 UTC] create_stock:
[17-Sep-2024 16:08:02 UTC] create_price:
[17-Sep-2024 16:08:05 UTC] create_variation_product_id:1211
[17-Sep-2024 16:08:05 UTC] create_stock:
[17-Sep-2024 16:08:05 UTC] create_price:
[17-Sep-2024 16:08:08 UTC] create_variation_product_id:1211
[17-Sep-2024 16:08:08 UTC] create_stock:
[17-Sep-2024 16:08:08 UTC] create_price:
[17-Sep-2024 16:08:10 UTC] create_variation_product_id:1211
[17-Sep-2024 16:08:10 UTC] create_stock:
[17-Sep-2024 16:08:10 UTC] create_price:
[17-Sep-2024 16:08:11 UTC] create_variation_product_id:1211
[17-Sep-2024 16:08:11 UTC] create_stock:
[17-Sep-2024 16:08:11 UTC] create_price:
[17-Sep-2024 16:08:13 UTC] create_variation_product_id:1211
[17-Sep-2024 16:08:13 UTC] create_stock:
[17-Sep-2024 16:08:13 UTC] create_price:
[17-Sep-2024 16:08:16 UTC] create_variation_product_id:1211
[17-Sep-2024 16:08:16 UTC] create_stock:
[17-Sep-2024 16:08:16 UTC] create_price:
[17-Sep-2024 16:08:19 UTC] create_variation_product_id:1211
[17-Sep-2024 16:08:19 UTC] create_stock:
[17-Sep-2024 16:08:19 UTC] create_price:
[17-Sep-2024 16:08:21 UTC] create_variation_product_id:1211
[17-Sep-2024 16:08:21 UTC] create_stock:
[17-Sep-2024 16:08:21 UTC] create_price:
[17-Sep-2024 16:08:23 UTC] create_variation_product_id:1211
[17-Sep-2024 16:08:23 UTC] create_stock:
[17-Sep-2024 16:08:23 UTC] create_price:
[17-Sep-2024 16:08:24 UTC] create_variation_product_id:1211
[17-Sep-2024 16:08:24 UTC] create_stock:
[17-Sep-2024 16:08:24 UTC] create_price:
[17-Sep-2024 16:08:25 UTC] create_variation_product_id:1211
[17-Sep-2024 16:08:25 UTC] create_stock:
[17-Sep-2024 16:08:25 UTC] create_price:
[17-Sep-2024 16:08:26 UTC] create_variation_product_id:1212
[17-Sep-2024 16:08:26 UTC] create_stock:
[17-Sep-2024 16:08:26 UTC] create_price:
[17-Sep-2024 16:08:27 UTC] create_variation_product_id:1212
[17-Sep-2024 16:08:27 UTC] create_stock:
[17-Sep-2024 16:08:27 UTC] create_price:
[17-Sep-2024 16:08:28 UTC] create_variation_product_id:1212
[17-Sep-2024 16:08:28 UTC] create_stock:
[17-Sep-2024 16:08:28 UTC] create_price:
[17-Sep-2024 16:08:29 UTC] create_variation_product_id:1212
[17-Sep-2024 16:08:30 UTC] create_stock:
[17-Sep-2024 16:08:30 UTC] create_price:
[17-Sep-2024 16:08:30 UTC] create_variation_product_id:1212
[17-Sep-2024 16:08:30 UTC] create_stock:
[17-Sep-2024 16:08:30 UTC] create_price:
[17-Sep-2024 16:08:31 UTC] create_variation_product_id:1212
[17-Sep-2024 16:08:31 UTC] create_stock:
[17-Sep-2024 16:08:31 UTC] create_price:
[17-Sep-2024 16:08:32 UTC] create_variation_product_id:1212
[17-Sep-2024 16:08:32 UTC] create_stock:
[17-Sep-2024 16:08:32 UTC] create_price:
[17-Sep-2024 16:08:33 UTC] create_variation_product_id:1212
[17-Sep-2024 16:08:33 UTC] create_stock:
[17-Sep-2024 16:08:33 UTC] create_price:
[17-Sep-2024 16:08:35 UTC] create_variation_product_id:1212
[17-Sep-2024 16:08:35 UTC] create_stock:
[17-Sep-2024 16:08:35 UTC] create_price:
[17-Sep-2024 16:08:37 UTC] create_variation_product_id:1212
[17-Sep-2024 16:08:37 UTC] create_stock:
[17-Sep-2024 16:08:37 UTC] create_price:
[17-Sep-2024 16:08:37 UTC] PHP Deprecated:  Creation of dynamic property PPOM_Form::$product_id is deprecated in /home/fmiq6457/goodies-sur-mesure/wp-content/plugins/woocommerce-product-addon/classes/form.class.php on line 53
[17-Sep-2024 16:08:38 UTC] create_variation_product_id:1212
[17-Sep-2024 16:08:38 UTC] create_stock:
[17-Sep-2024 16:08:38 UTC] create_price:
[17-Sep-2024 16:08:39 UTC] create_variation_product_id:1212
[17-Sep-2024 16:08:39 UTC] create_stock:
[17-Sep-2024 16:08:39 UTC] create_price:
[17-Sep-2024 16:08:40 UTC] create_variation_product_id:1213
[17-Sep-2024 16:08:40 UTC] create_stock:
[17-Sep-2024 16:08:40 UTC] create_price:
[17-Sep-2024 16:08:41 UTC] create_variation_product_id:1213
[17-Sep-2024 16:08:41 UTC] create_stock:
[17-Sep-2024 16:08:41 UTC] create_price:
[17-Sep-2024 16:08:41 UTC] create_variation_product_id:1213
[17-Sep-2024 16:08:41 UTC] create_stock:
[17-Sep-2024 16:08:41 UTC] create_price:
[17-Sep-2024 16:08:43 UTC] create_variation_product_id:1213
[17-Sep-2024 16:08:43 UTC] create_stock:
[17-Sep-2024 16:08:43 UTC] create_price:
[17-Sep-2024 16:08:44 UTC] create_variation_product_id:1213
[17-Sep-2024 16:08:44 UTC] create_stock:
[17-Sep-2024 16:08:44 UTC] create_price:
[17-Sep-2024 16:08:45 UTC] create_variation_product_id:1213
[17-Sep-2024 16:08:45 UTC] create_stock:
[17-Sep-2024 16:08:45 UTC] create_price:
[17-Sep-2024 16:08:45 UTC] create_variation_product_id:1213
[17-Sep-2024 16:08:45 UTC] create_stock:
[17-Sep-2024 16:08:45 UTC] create_price:
[17-Sep-2024 16:08:46 UTC] create_variation_product_id:1213
[17-Sep-2024 16:08:46 UTC] create_stock:
[17-Sep-2024 16:08:46 UTC] create_price:
[17-Sep-2024 16:08:47 UTC] create_variation_product_id:1213
[17-Sep-2024 16:08:47 UTC] create_stock:
[17-Sep-2024 16:08:47 UTC] create_price:
[17-Sep-2024 16:08:48 UTC] create_variation_product_id:1213
[17-Sep-2024 16:08:48 UTC] create_stock:
[17-Sep-2024 16:08:48 UTC] create_price:
[17-Sep-2024 16:08:49 UTC] create_variation_product_id:1213
[17-Sep-2024 16:08:49 UTC] create_stock:
[17-Sep-2024 16:08:49 UTC] create_price:
[17-Sep-2024 16:08:50 UTC] create_variation_product_id:1213
[17-Sep-2024 16:08:50 UTC] create_stock:
[17-Sep-2024 16:08:50 UTC] create_price:
[17-Sep-2024 16:08:51 UTC] create_variation_product_id:1214
[17-Sep-2024 16:08:51 UTC] create_stock:
[17-Sep-2024 16:08:51 UTC] create_price:
[17-Sep-2024 16:08:52 UTC] create_variation_product_id:1215
[17-Sep-2024 16:08:52 UTC] create_stock:
[17-Sep-2024 16:08:52 UTC] create_price:
[17-Sep-2024 16:08:53 UTC] create_variation_product_id:1216
[17-Sep-2024 16:08:53 UTC] create_stock:
[17-Sep-2024 16:08:53 UTC] create_price:
[17-Sep-2024 16:08:54 UTC] Aucune variations trouvées dans le tableau.
[17-Sep-2024 16:08:54 UTC] create_variation_product_id:1217
[17-Sep-2024 16:08:54 UTC] create_stock:0
[17-Sep-2024 16:08:54 UTC] create_price:3,65
[17-Sep-2024 16:08:55 UTC] create_variation_product_id:1218
[17-Sep-2024 16:08:55 UTC] create_stock:1557
[17-Sep-2024 16:08:55 UTC] create_price:3,97
[17-Sep-2024 16:08:55 UTC] create_variation_product_id:1219
[17-Sep-2024 16:08:55 UTC] create_stock:17577
[17-Sep-2024 16:08:55 UTC] create_price:0,68
[17-Sep-2024 16:08:55 UTC] create_variation_product_id:1219
[17-Sep-2024 16:08:55 UTC] create_stock:2628
[17-Sep-2024 16:08:55 UTC] create_price:0,68
[17-Sep-2024 16:08:55 UTC] create_variation_product_id:1219
[17-Sep-2024 16:08:55 UTC] create_stock:4113
[17-Sep-2024 16:08:55 UTC] create_price:0,68
[17-Sep-2024 16:08:56 UTC] create_variation_product_id:1219
[17-Sep-2024 16:08:56 UTC] create_stock:3632
[17-Sep-2024 16:08:56 UTC] create_price:0,68
[17-Sep-2024 16:08:56 UTC] create_variation_product_id:1219
[17-Sep-2024 16:08:56 UTC] create_stock:4857
[17-Sep-2024 16:08:56 UTC] create_price:0,68
[17-Sep-2024 16:08:56 UTC] create_variation_product_id:1219
[17-Sep-2024 16:08:56 UTC] create_stock:2128
[17-Sep-2024 16:08:56 UTC] create_price:0,68
[17-Sep-2024 16:08:56 UTC] create_variation_product_id:1219
[17-Sep-2024 16:08:56 UTC] create_stock:3874
[17-Sep-2024 16:08:56 UTC] create_price:0,68
[17-Sep-2024 16:08:57 UTC] create_variation_product_id:1219
[17-Sep-2024 16:08:57 UTC] create_stock:80
[17-Sep-2024 16:08:57 UTC] create_price:0,68
[17-Sep-2024 16:08:57 UTC] create_variation_product_id:1220
[17-Sep-2024 16:08:57 UTC] create_stock:86173
[17-Sep-2024 16:08:57 UTC] create_price:1,24
[17-Sep-2024 16:08:57 UTC] create_variation_product_id:1220
[17-Sep-2024 16:08:57 UTC] create_stock:10096
[17-Sep-2024 16:08:57 UTC] create_price:1,24
[17-Sep-2024 16:08:58 UTC] create_variation_product_id:1220
[17-Sep-2024 16:08:58 UTC] create_stock:31277
[17-Sep-2024 16:08:58 UTC] create_price:1,24
[17-Sep-2024 16:08:58 UTC] create_variation_product_id:1220
[17-Sep-2024 16:08:58 UTC] create_stock:0
[17-Sep-2024 16:08:58 UTC] create_price:1,24
[17-Sep-2024 16:08:59 UTC] create_variation_product_id:1220
[17-Sep-2024 16:08:59 UTC] create_stock:23083
[17-Sep-2024 16:08:59 UTC] create_price:1,24
[17-Sep-2024 16:08:59 UTC] create_variation_product_id:1220
[17-Sep-2024 16:08:59 UTC] create_stock:5715
[17-Sep-2024 16:08:59 UTC] create_price:1,24
[17-Sep-2024 16:08:59 UTC] create_variation_product_id:1220
[17-Sep-2024 16:08:59 UTC] create_stock:6741
[17-Sep-2024 16:08:59 UTC] create_price:1,24
[17-Sep-2024 16:09:00 UTC] create_variation_product_id:1220
[17-Sep-2024 16:09:00 UTC] create_stock:0
[17-Sep-2024 16:09:00 UTC] create_price:1,24
[17-Sep-2024 16:09:01 UTC] create_variation_product_id:1221
[17-Sep-2024 16:09:01 UTC] create_stock:0
[17-Sep-2024 16:09:01 UTC] create_price:1,40
[17-Sep-2024 16:09:01 UTC] create_variation_product_id:1221
[17-Sep-2024 16:09:01 UTC] create_stock:3096
[17-Sep-2024 16:09:01 UTC] create_price:1,40
[17-Sep-2024 16:09:02 UTC] create_variation_product_id:1221
[17-Sep-2024 16:09:02 UTC] create_stock:12500
[17-Sep-2024 16:09:02 UTC] create_price:1,40
[17-Sep-2024 16:09:02 UTC] create_variation_product_id:1221
[17-Sep-2024 16:09:02 UTC] create_stock:2721
[17-Sep-2024 16:09:02 UTC] create_price:1,40
[17-Sep-2024 16:09:02 UTC] create_variation_product_id:1221
[17-Sep-2024 16:09:02 UTC] create_stock:0
[17-Sep-2024 16:09:02 UTC] create_price:1,40
[17-Sep-2024 16:09:03 UTC] create_variation_product_id:1222
[17-Sep-2024 16:09:03 UTC] create_stock:566
[17-Sep-2024 16:09:03 UTC] create_price:11,56
[17-Sep-2024 16:09:03 UTC] create_variation_product_id:1223
[17-Sep-2024 16:09:03 UTC] create_stock:1544
[17-Sep-2024 16:09:03 UTC] create_price:11,56
[17-Sep-2024 16:09:03 UTC] create_variation_product_id:1224
[17-Sep-2024 16:09:03 UTC] create_stock:1031
[17-Sep-2024 16:09:03 UTC] create_price:11,56
[17-Sep-2024 16:09:03 UTC] create_variation_product_id:1225
[17-Sep-2024 16:09:03 UTC] create_stock:479
[17-Sep-2024 16:09:03 UTC] create_price:11,56
[17-Sep-2024 16:09:04 UTC] create_variation_product_id:1226
[17-Sep-2024 16:09:04 UTC] create_stock:525
[17-Sep-2024 16:09:04 UTC] create_price:11,56
[17-Sep-2024 16:09:04 UTC] create_variation_product_id:1227
[17-Sep-2024 16:09:04 UTC] create_stock:1123
[17-Sep-2024 16:09:04 UTC] create_price:11,56
[17-Sep-2024 16:09:04 UTC] create_variation_product_id:1228
[17-Sep-2024 16:09:04 UTC] create_stock:897
[17-Sep-2024 16:09:04 UTC] create_price:11,56
[17-Sep-2024 16:09:04 UTC] create_variation_product_id:1229
[17-Sep-2024 16:09:04 UTC] create_stock:228
[17-Sep-2024 16:09:04 UTC] create_price:11,56
[17-Sep-2024 16:09:04 UTC] create_variation_product_id:1230
[17-Sep-2024 16:09:04 UTC] create_stock:287
[17-Sep-2024 16:09:04 UTC] create_price:11,56
[17-Sep-2024 16:09:05 UTC] create_variation_product_id:1231
[17-Sep-2024 16:09:05 UTC] create_stock:1642
[17-Sep-2024 16:09:05 UTC] create_price:15,81
[17-Sep-2024 16:09:05 UTC] create_variation_product_id:1232
[17-Sep-2024 16:09:05 UTC] create_stock:1040
[17-Sep-2024 16:09:05 UTC] create_price:26,24
[17-Sep-2024 16:09:05 UTC] create_variation_product_id:1233
[17-Sep-2024 16:09:05 UTC] create_stock:718
[17-Sep-2024 16:09:05 UTC] create_price:16,61
[17-Sep-2024 16:09:05 UTC] create_variation_product_id:1234
[17-Sep-2024 16:09:05 UTC] create_stock:1764
[17-Sep-2024 16:09:05 UTC] create_price:7,32
[17-Sep-2024 16:09:05 UTC] create_variation_product_id:1234
[17-Sep-2024 16:09:05 UTC] create_stock:261
[17-Sep-2024 16:09:05 UTC] create_price:7,32
[17-Sep-2024 16:09:06 UTC] create_variation_product_id:1234
[17-Sep-2024 16:09:06 UTC] create_stock:371
[17-Sep-2024 16:09:06 UTC] create_price:7,32
[17-Sep-2024 16:09:06 UTC] create_variation_product_id:1235
[17-Sep-2024 16:09:06 UTC] create_stock:3459
[17-Sep-2024 16:09:06 UTC] create_price:14,24
[17-Sep-2024 16:09:06 UTC] create_variation_product_id:1236
[17-Sep-2024 16:09:06 UTC] create_stock:0
[17-Sep-2024 16:09:06 UTC] create_price:13,29
[17-Sep-2024 16:09:07 UTC] create_variation_product_id:1237
[17-Sep-2024 16:09:07 UTC] create_stock:2059
[17-Sep-2024 16:09:07 UTC] create_price:4,02
[17-Sep-2024 16:09:08 UTC] create_variation_product_id:1238
[17-Sep-2024 16:09:08 UTC] create_stock:1966
[17-Sep-2024 16:09:08 UTC] create_price:21,53
[17-Sep-2024 16:09:08 UTC] create_variation_product_id:1239
[17-Sep-2024 16:09:08 UTC] create_stock:2064
[17-Sep-2024 16:09:08 UTC] create_price:9,17
[17-Sep-2024 16:09:08 UTC] create_variation_product_id:1240
[17-Sep-2024 16:09:08 UTC] create_stock:1789
[17-Sep-2024 16:09:08 UTC] create_price:39,22
[17-Sep-2024 16:09:08 UTC] create_variation_product_id:1241
[17-Sep-2024 16:09:08 UTC] create_stock:4174
[17-Sep-2024 16:09:08 UTC] create_price:10,01
[17-Sep-2024 16:09:08 UTC] create_variation_product_id:1242
[17-Sep-2024 16:09:08 UTC] create_stock:2584
[17-Sep-2024 16:09:08 UTC] create_price:4,60
[17-Sep-2024 16:09:09 UTC] create_variation_product_id:1242
[17-Sep-2024 16:09:09 UTC] create_stock:4152
[17-Sep-2024 16:09:09 UTC] create_price:4,60
[17-Sep-2024 16:09:09 UTC] create_variation_product_id:1242
[17-Sep-2024 16:09:09 UTC] create_stock:3389
[17-Sep-2024 16:09:09 UTC] create_price:4,60
[17-Sep-2024 16:09:09 UTC] create_variation_product_id:1243
[17-Sep-2024 16:09:09 UTC] create_stock:4163
[17-Sep-2024 16:09:09 UTC] create_price:6,62
[17-Sep-2024 16:09:09 UTC] create_variation_product_id:1243
[17-Sep-2024 16:09:09 UTC] create_stock:2852
[17-Sep-2024 16:09:09 UTC] create_price:6,62
[17-Sep-2024 16:09:09 UTC] create_variation_product_id:1243
[17-Sep-2024 16:09:09 UTC] create_stock:1442
[17-Sep-2024 16:09:09 UTC] create_price:6,62
[17-Sep-2024 16:09:10 UTC] create_variation_product_id:1244
[17-Sep-2024 16:09:10 UTC] create_stock:1339
[17-Sep-2024 16:09:10 UTC] create_price:7,35
[17-Sep-2024 16:09:10 UTC] create_variation_product_id:1244
[17-Sep-2024 16:09:10 UTC] create_stock:2530
[17-Sep-2024 16:09:10 UTC] create_price:7,35
[17-Sep-2024 16:09:10 UTC] create_variation_product_id:1244
[17-Sep-2024 16:09:10 UTC] create_stock:983
[17-Sep-2024 16:09:10 UTC] create_price:7,35
[17-Sep-2024 16:09:10 UTC] create_variation_product_id:1245
[17-Sep-2024 16:09:10 UTC] create_stock:442
[17-Sep-2024 16:09:10 UTC] create_price:11,36
[17-Sep-2024 16:09:10 UTC] create_variation_product_id:1245
[17-Sep-2024 16:09:10 UTC] create_stock:1055
[17-Sep-2024 16:09:10 UTC] create_price:11,36
[17-Sep-2024 16:09:11 UTC] create_variation_product_id:1245
[17-Sep-2024 16:09:11 UTC] create_stock:489
[17-Sep-2024 16:09:11 UTC] create_price:11,36
[17-Sep-2024 16:09:11 UTC] create_variation_product_id:1246
[17-Sep-2024 16:09:11 UTC] create_stock:3670
[17-Sep-2024 16:09:11 UTC] create_price:3,54
[17-Sep-2024 16:09:11 UTC] create_variation_product_id:1247
[17-Sep-2024 16:09:11 UTC] create_stock:0
[17-Sep-2024 16:09:11 UTC] create_price:1,52
[17-Sep-2024 16:09:12 UTC] create_variation_product_id:1247
[17-Sep-2024 16:09:12 UTC] create_stock:0
[17-Sep-2024 16:09:12 UTC] create_price:1,52
[17-Sep-2024 16:09:13 UTC] create_variation_product_id:1247
[17-Sep-2024 16:09:13 UTC] create_stock:0
[17-Sep-2024 16:09:13 UTC] create_price:1,52
[17-Sep-2024 16:09:14 UTC] create_variation_product_id:1247
[17-Sep-2024 16:09:14 UTC] create_stock:0
[17-Sep-2024 16:09:14 UTC] create_price:1,52
[17-Sep-2024 16:09:15 UTC] create_variation_product_id:1247
[17-Sep-2024 16:09:15 UTC] create_stock:0
[17-Sep-2024 16:09:15 UTC] create_price:1,52
[17-Sep-2024 16:09:16 UTC] create_variation_product_id:1247
[17-Sep-2024 16:09:16 UTC] create_stock:0
[17-Sep-2024 16:09:16 UTC] create_price:1,52
[17-Sep-2024 16:09:17 UTC] create_variation_product_id:1247
[17-Sep-2024 16:09:17 UTC] create_stock:0
[17-Sep-2024 16:09:17 UTC] create_price:1,52
[17-Sep-2024 16:09:18 UTC] create_variation_product_id:1247
[17-Sep-2024 16:09:18 UTC] create_stock:0
[17-Sep-2024 16:09:18 UTC] create_price:1,52
[17-Sep-2024 16:09:18 UTC] create_variation_product_id:1247
[17-Sep-2024 16:09:18 UTC] create_stock:0
[17-Sep-2024 16:09:18 UTC] create_price:1,52
[17-Sep-2024 16:09:19 UTC] create_variation_product_id:1248
[17-Sep-2024 16:09:19 UTC] create_stock:7818
[17-Sep-2024 16:09:19 UTC] create_price:1,52
[17-Sep-2024 16:09:20 UTC] create_variation_product_id:1248
[17-Sep-2024 16:09:20 UTC] create_stock:8607
[17-Sep-2024 16:09:20 UTC] create_price:1,52
[17-Sep-2024 16:09:20 UTC] create_variation_product_id:1248
[17-Sep-2024 16:09:20 UTC] create_stock:9861
[17-Sep-2024 16:09:20 UTC] create_price:1,52
[17-Sep-2024 16:09:20 UTC] create_variation_product_id:1248
[17-Sep-2024 16:09:20 UTC] create_stock:5537
[17-Sep-2024 16:09:20 UTC] create_price:1,52
[17-Sep-2024 16:09:20 UTC] create_variation_product_id:1248
[17-Sep-2024 16:09:20 UTC] create_stock:11842
[17-Sep-2024 16:09:20 UTC] create_price:1,52
[17-Sep-2024 16:09:20 UTC] create_variation_product_id:1249
[17-Sep-2024 16:09:20 UTC] create_stock:3422
[17-Sep-2024 16:09:20 UTC] create_price:3,08
[17-Sep-2024 16:09:21 UTC] create_variation_product_id:1250
[17-Sep-2024 16:09:21 UTC] create_stock:2376
[17-Sep-2024 16:09:21 UTC] create_price:14,70
[17-Sep-2024 16:09:21 UTC] create_variation_product_id:1251
[17-Sep-2024 16:09:21 UTC] create_stock:7148
[17-Sep-2024 16:09:21 UTC] create_price:5,60
[17-Sep-2024 16:09:21 UTC] create_variation_product_id:1252
[17-Sep-2024 16:09:21 UTC] create_stock:0
[17-Sep-2024 16:09:21 UTC] create_price:0,18
[17-Sep-2024 16:09:22 UTC] create_variation_product_id:1252
[17-Sep-2024 16:09:22 UTC] create_stock:0
[17-Sep-2024 16:09:22 UTC] create_price:0,18
[17-Sep-2024 16:09:22 UTC] create_variation_product_id:1252
[17-Sep-2024 16:09:22 UTC] create_stock:6347
[17-Sep-2024 16:09:22 UTC] create_price:0,18
[17-Sep-2024 16:09:23 UTC] create_variation_product_id:1252
[17-Sep-2024 16:09:23 UTC] create_stock:22922
[17-Sep-2024 16:09:23 UTC] create_price:0,18
[17-Sep-2024 16:09:23 UTC] create_variation_product_id:1252
[17-Sep-2024 16:09:23 UTC] create_stock:61786
[17-Sep-2024 16:09:23 UTC] create_price:0,18
[17-Sep-2024 16:09:23 UTC] create_variation_product_id:1252
[17-Sep-2024 16:09:23 UTC] create_stock:332
[17-Sep-2024 16:09:23 UTC] create_price:0,18
[17-Sep-2024 16:09:23 UTC] create_variation_product_id:1252
[17-Sep-2024 16:09:23 UTC] create_stock:0
[17-Sep-2024 16:09:23 UTC] create_price:0,18
[17-Sep-2024 16:09:24 UTC] create_variation_product_id:1253
[17-Sep-2024 16:09:24 UTC] create_stock:6713
[17-Sep-2024 16:09:24 UTC] create_price:0,74
[17-Sep-2024 16:09:24 UTC] create_variation_product_id:1254
[17-Sep-2024 16:09:24 UTC] create_stock:5791
[17-Sep-2024 16:09:24 UTC] create_price:4,57
[17-Sep-2024 16:09:24 UTC] create_variation_product_id:1255
[17-Sep-2024 16:09:24 UTC] create_stock:1868
[17-Sep-2024 16:09:24 UTC] create_price:3,08
[17-Sep-2024 16:09:25 UTC] create_variation_product_id:1255
[17-Sep-2024 16:09:25 UTC] create_stock:1845
[17-Sep-2024 16:09:25 UTC] create_price:3,08
[17-Sep-2024 16:09:25 UTC] create_variation_product_id:1255
[17-Sep-2024 16:09:25 UTC] create_stock:1929
[17-Sep-2024 16:09:25 UTC] create_price:3,08
[17-Sep-2024 16:09:25 UTC] create_variation_product_id:1255
[17-Sep-2024 16:09:25 UTC] create_stock:1859
[17-Sep-2024 16:09:25 UTC] create_price:3,08
[17-Sep-2024 16:09:25 UTC] create_variation_product_id:1256
[17-Sep-2024 16:09:25 UTC] create_stock:10635
[17-Sep-2024 16:09:25 UTC] create_price:0,70
[17-Sep-2024 16:09:25 UTC] create_variation_product_id:1257
[17-Sep-2024 16:09:25 UTC] create_stock:2125
[17-Sep-2024 16:09:25 UTC] create_price:2,99
[17-Sep-2024 16:09:26 UTC] create_variation_product_id:1257
[17-Sep-2024 16:09:26 UTC] create_stock:4458
[17-Sep-2024 16:09:26 UTC] create_price:2,99
[17-Sep-2024 16:09:26 UTC] create_variation_product_id:1258
[17-Sep-2024 16:09:26 UTC] create_stock:5447
[17-Sep-2024 16:09:26 UTC] create_price:3,64
[17-Sep-2024 16:09:26 UTC] create_variation_product_id:1259
[17-Sep-2024 16:09:26 UTC] create_stock:3906
[17-Sep-2024 16:09:26 UTC] create_price:2,37
[17-Sep-2024 16:09:26 UTC] create_variation_product_id:1259
[17-Sep-2024 16:09:26 UTC] create_stock:2218
[17-Sep-2024 16:09:26 UTC] create_price:2,37
[17-Sep-2024 16:09:26 UTC] create_variation_product_id:1259
[17-Sep-2024 16:09:26 UTC] create_stock:3264
[17-Sep-2024 16:09:26 UTC] create_price:2,37
[17-Sep-2024 16:09:27 UTC] create_variation_product_id:1260
[17-Sep-2024 16:09:27 UTC] create_stock:10550
[17-Sep-2024 16:09:27 UTC] create_price:1,21
[17-Sep-2024 16:09:27 UTC] create_variation_product_id:1261
[17-Sep-2024 16:09:27 UTC] create_stock:7807
[17-Sep-2024 16:09:27 UTC] create_price:2,30
[17-Sep-2024 16:09:27 UTC] create_variation_product_id:1262
[17-Sep-2024 16:09:27 UTC] create_stock:2114
[17-Sep-2024 16:09:27 UTC] create_price:4,09
[17-Sep-2024 16:09:27 UTC] create_variation_product_id:1263
[17-Sep-2024 16:09:27 UTC] create_stock:6339
[17-Sep-2024 16:09:27 UTC] create_price:5,39
[17-Sep-2024 16:09:27 UTC] create_variation_product_id:1264
[17-Sep-2024 16:09:27 UTC] create_stock:8803
[17-Sep-2024 16:09:27 UTC] create_price:7,68
[17-Sep-2024 16:09:27 UTC] create_variation_product_id:1265
[17-Sep-2024 16:09:27 UTC] create_stock:4418
[17-Sep-2024 16:09:27 UTC] create_price:2,10
[17-Sep-2024 16:09:28 UTC] create_variation_product_id:1266
[17-Sep-2024 16:09:28 UTC] create_stock:8356
[17-Sep-2024 16:09:28 UTC] create_price:2,06
[17-Sep-2024 16:09:28 UTC] create_variation_product_id:1267
[17-Sep-2024 16:09:28 UTC] create_stock:2948
[17-Sep-2024 16:09:28 UTC] create_price:5,20
[17-Sep-2024 16:09:28 UTC] create_variation_product_id:1268
[17-Sep-2024 16:09:28 UTC] create_stock:2392
[17-Sep-2024 16:09:28 UTC] create_price:5,76
[17-Sep-2024 16:09:28 UTC] create_variation_product_id:1269
[17-Sep-2024 16:09:28 UTC] create_stock:2207
[17-Sep-2024 16:09:28 UTC] create_price:2,37
[17-Sep-2024 16:09:28 UTC] create_variation_product_id:1270
[17-Sep-2024 16:09:28 UTC] create_stock:1668
[17-Sep-2024 16:09:28 UTC] create_price:3,54
[17-Sep-2024 16:09:29 UTC] create_variation_product_id:1271
[17-Sep-2024 16:09:29 UTC] create_stock:1330
[17-Sep-2024 16:09:29 UTC] create_price:9,17
[17-Sep-2024 16:09:29 UTC] create_variation_product_id:1272
[17-Sep-2024 16:09:29 UTC] create_stock:2040
[17-Sep-2024 16:09:29 UTC] create_price:3,24
[17-Sep-2024 16:09:29 UTC] create_variation_product_id:1273
[17-Sep-2024 16:09:29 UTC] create_stock:1237
[17-Sep-2024 16:09:29 UTC] create_price:3,83
[17-Sep-2024 16:09:29 UTC] create_variation_product_id:1273
[17-Sep-2024 16:09:29 UTC] create_stock:8935
[17-Sep-2024 16:09:29 UTC] create_price:3,83
[17-Sep-2024 16:09:29 UTC] create_variation_product_id:1274
[17-Sep-2024 16:09:29 UTC] create_stock:49469
[17-Sep-2024 16:09:29 UTC] create_price:1,31
[17-Sep-2024 16:09:30 UTC] create_variation_product_id:1274
[17-Sep-2024 16:09:30 UTC] create_stock:17620
[17-Sep-2024 16:09:30 UTC] create_price:1,31
[17-Sep-2024 16:09:30 UTC] create_variation_product_id:1274
[17-Sep-2024 16:09:30 UTC] create_stock:46166
[17-Sep-2024 16:09:30 UTC] create_price:1,31
[17-Sep-2024 16:09:30 UTC] create_variation_product_id:1274
[17-Sep-2024 16:09:30 UTC] create_stock:27165
[17-Sep-2024 16:09:30 UTC] create_price:1,31
[17-Sep-2024 16:09:30 UTC] create_variation_product_id:1274
[17-Sep-2024 16:09:30 UTC] create_stock:19165
[17-Sep-2024 16:09:30 UTC] create_price:1,31
[17-Sep-2024 16:09:31 UTC] create_variation_product_id:1274
[17-Sep-2024 16:09:31 UTC] create_stock:19414
[17-Sep-2024 16:09:31 UTC] create_price:1,31
[17-Sep-2024 16:09:31 UTC] create_variation_product_id:1274
[17-Sep-2024 16:09:31 UTC] create_stock:22807
[17-Sep-2024 16:09:31 UTC] create_price:1,31
[17-Sep-2024 16:09:31 UTC] create_variation_product_id:1275
[17-Sep-2024 16:09:31 UTC] create_stock:13276
[17-Sep-2024 16:09:31 UTC] create_price:2,99
[17-Sep-2024 16:09:31 UTC] create_variation_product_id:1275
[17-Sep-2024 16:09:31 UTC] create_stock:7784
[17-Sep-2024 16:09:31 UTC] create_price:2,99
[17-Sep-2024 16:09:31 UTC] create_variation_product_id:1275
[17-Sep-2024 16:09:31 UTC] create_stock:16221
[17-Sep-2024 16:09:31 UTC] create_price:2,99
[17-Sep-2024 16:09:32 UTC] create_variation_product_id:1276
[17-Sep-2024 16:09:32 UTC] create_stock:0
[17-Sep-2024 16:09:32 UTC] create_price:2,21
[17-Sep-2024 16:09:33 UTC] create_variation_product_id:1277
[17-Sep-2024 16:09:33 UTC] create_stock:4427
[17-Sep-2024 16:09:33 UTC] create_price:12,26
[17-Sep-2024 16:09:33 UTC] create_variation_product_id:1278
[17-Sep-2024 16:09:33 UTC] create_stock:12370
[17-Sep-2024 16:09:33 UTC] create_price:1,71
[17-Sep-2024 16:09:33 UTC] create_variation_product_id:1279
[17-Sep-2024 16:09:33 UTC] create_stock:0
[17-Sep-2024 16:09:33 UTC] create_price:1,47
[17-Sep-2024 16:09:35 UTC] create_variation_product_id:1280
[17-Sep-2024 16:09:35 UTC] create_stock:125
[17-Sep-2024 16:09:35 UTC] create_price:0,81
[17-Sep-2024 16:09:35 UTC] create_variation_product_id:1281
[17-Sep-2024 16:09:35 UTC] create_stock:11194
[17-Sep-2024 16:09:35 UTC] create_price:1,15
[17-Sep-2024 16:09:35 UTC] create_variation_product_id:1282
[17-Sep-2024 16:09:35 UTC] create_stock:2707
[17-Sep-2024 16:09:35 UTC] create_price:7,68
[17-Sep-2024 16:09:35 UTC] create_variation_product_id:1283
[17-Sep-2024 16:09:35 UTC] create_stock:29636
[17-Sep-2024 16:09:35 UTC] create_price:1,31
[17-Sep-2024 16:09:36 UTC] create_variation_product_id:1283
[17-Sep-2024 16:09:36 UTC] create_stock:7514
[17-Sep-2024 16:09:36 UTC] create_price:1,31
[17-Sep-2024 16:09:36 UTC] create_variation_product_id:1283
[17-Sep-2024 16:09:36 UTC] create_stock:10459
[17-Sep-2024 16:09:36 UTC] create_price:1,31
[17-Sep-2024 16:09:36 UTC] create_variation_product_id:1283
[17-Sep-2024 16:09:36 UTC] create_stock:8389
[17-Sep-2024 16:09:36 UTC] create_price:1,31
[17-Sep-2024 16:09:36 UTC] create_variation_product_id:1283
[17-Sep-2024 16:09:36 UTC] create_stock:8742
[17-Sep-2024 16:09:36 UTC] create_price:1,31
[17-Sep-2024 16:09:37 UTC] create_variation_product_id:1283
[17-Sep-2024 16:09:37 UTC] create_stock:7965
[17-Sep-2024 16:09:37 UTC] create_price:1,31
[17-Sep-2024 16:09:37 UTC] create_variation_product_id:1283
[17-Sep-2024 16:09:37 UTC] create_stock:20488
[17-Sep-2024 16:09:37 UTC] create_price:1,31
[17-Sep-2024 16:09:37 UTC] create_variation_product_id:1283
[17-Sep-2024 16:09:37 UTC] create_stock:2932
[17-Sep-2024 16:09:37 UTC] create_price:1,31
[17-Sep-2024 16:09:37 UTC] create_variation_product_id:1283
[17-Sep-2024 16:09:37 UTC] create_stock:3232
[17-Sep-2024 16:09:37 UTC] create_price:1,31
[17-Sep-2024 16:09:38 UTC] create_variation_product_id:1283
[17-Sep-2024 16:09:38 UTC] create_stock:4454
[17-Sep-2024 16:09:38 UTC] create_price:1,31
[17-Sep-2024 16:09:38 UTC] create_variation_product_id:1283
[17-Sep-2024 16:09:38 UTC] create_stock:18883
[17-Sep-2024 16:09:38 UTC] create_price:1,31
[17-Sep-2024 16:09:38 UTC] create_variation_product_id:1284
[17-Sep-2024 16:09:38 UTC] create_stock:2278
[17-Sep-2024 16:09:38 UTC] create_price:12,07
[17-Sep-2024 16:09:39 UTC] create_variation_product_id:1285
[17-Sep-2024 16:09:39 UTC] create_stock:6574
[17-Sep-2024 16:09:39 UTC] create_price:5,60
[17-Sep-2024 16:09:39 UTC] create_variation_product_id:1286
[17-Sep-2024 16:09:39 UTC] create_stock:18335
[17-Sep-2024 16:09:39 UTC] create_price:1,96
[17-Sep-2024 16:09:39 UTC] create_variation_product_id:1287
[17-Sep-2024 16:09:39 UTC] create_stock:22440
[17-Sep-2024 16:09:39 UTC] create_price:2,25
[17-Sep-2024 16:09:39 UTC] create_variation_product_id:1288
[17-Sep-2024 16:09:39 UTC] create_stock:1403
[17-Sep-2024 16:09:39 UTC] create_price:8,48
[17-Sep-2024 16:09:39 UTC] create_variation_product_id:1288
[17-Sep-2024 16:09:39 UTC] create_stock:1803
[17-Sep-2024 16:09:39 UTC] create_price:8,48
[17-Sep-2024 16:09:39 UTC] create_variation_product_id:1289
[17-Sep-2024 16:09:39 UTC] create_stock:14521
[17-Sep-2024 16:09:39 UTC] create_price:0,29
[17-Sep-2024 16:09:40 UTC] create_variation_product_id:1290
[17-Sep-2024 16:09:40 UTC] create_stock:49515
[17-Sep-2024 16:09:40 UTC] create_price:1,61
[17-Sep-2024 16:09:40 UTC] create_variation_product_id:1290
[17-Sep-2024 16:09:40 UTC] create_stock:6388
[17-Sep-2024 16:09:40 UTC] create_price:1,61
[17-Sep-2024 16:09:40 UTC] create_variation_product_id:1290
[17-Sep-2024 16:09:40 UTC] create_stock:8348
[17-Sep-2024 16:09:40 UTC] create_price:1,61
[17-Sep-2024 16:09:40 UTC] create_variation_product_id:1290
[17-Sep-2024 16:09:40 UTC] create_stock:11353
[17-Sep-2024 16:09:40 UTC] create_price:1,61
[17-Sep-2024 16:09:40 UTC] create_variation_product_id:1291
[17-Sep-2024 16:09:40 UTC] create_stock:6030
[17-Sep-2024 16:09:40 UTC] create_price:3,11
[17-Sep-2024 16:09:41 UTC] create_variation_product_id:1292
[17-Sep-2024 16:09:41 UTC] create_stock:26766
[17-Sep-2024 16:09:41 UTC] create_price:4,35
[17-Sep-2024 16:09:41 UTC] create_variation_product_id:1292
[17-Sep-2024 16:09:41 UTC] create_stock:41187
[17-Sep-2024 16:09:41 UTC] create_price:4,35
[17-Sep-2024 16:09:41 UTC] create_variation_product_id:1292
[17-Sep-2024 16:09:41 UTC] create_stock:27755
[17-Sep-2024 16:09:41 UTC] create_price:4,35
[17-Sep-2024 16:09:42 UTC] create_variation_product_id:1292
[17-Sep-2024 16:09:42 UTC] create_stock:9467
[17-Sep-2024 16:09:42 UTC] create_price:4,35
[17-Sep-2024 16:09:42 UTC] create_variation_product_id:1292
[17-Sep-2024 16:09:42 UTC] create_stock:23990
[17-Sep-2024 16:09:42 UTC] create_price:4,35
[17-Sep-2024 16:09:42 UTC] create_variation_product_id:1292
[17-Sep-2024 16:09:42 UTC] create_stock:8717
[17-Sep-2024 16:09:42 UTC] create_price:4,35
[17-Sep-2024 16:09:43 UTC] create_variation_product_id:1292
[17-Sep-2024 16:09:43 UTC] create_stock:10594
[17-Sep-2024 16:09:43 UTC] create_price:4,35
[17-Sep-2024 16:09:43 UTC] create_variation_product_id:1292
[17-Sep-2024 16:09:43 UTC] create_stock:8789
[17-Sep-2024 16:09:43 UTC] create_price:4,35
[17-Sep-2024 16:09:43 UTC] create_variation_product_id:1292
[17-Sep-2024 16:09:43 UTC] create_stock:11439
[17-Sep-2024 16:09:43 UTC] create_price:4,35
[17-Sep-2024 16:09:43 UTC] create_variation_product_id:1292
[17-Sep-2024 16:09:43 UTC] create_stock:10701
[17-Sep-2024 16:09:43 UTC] create_price:4,35
[17-Sep-2024 16:09:44 UTC] create_variation_product_id:1292
[17-Sep-2024 16:09:44 UTC] create_stock:10639
[17-Sep-2024 16:09:44 UTC] create_price:4,35
[17-Sep-2024 16:09:44 UTC] create_variation_product_id:1293
[17-Sep-2024 16:09:44 UTC] create_stock:11745
[17-Sep-2024 16:09:44 UTC] create_price:4,70
[17-Sep-2024 16:09:44 UTC] create_variation_product_id:1294
[17-Sep-2024 16:09:44 UTC] create_stock:13836
[17-Sep-2024 16:09:44 UTC] create_price:3,88
[17-Sep-2024 16:09:44 UTC] create_variation_product_id:1295
[17-Sep-2024 16:09:44 UTC] create_stock:2399
[17-Sep-2024 16:09:44 UTC] create_price:7,66
[17-Sep-2024 16:09:44 UTC] create_variation_product_id:1296
[17-Sep-2024 16:09:44 UTC] create_stock:3961
[17-Sep-2024 16:09:44 UTC] create_price:5,20
[17-Sep-2024 16:09:45 UTC] create_variation_product_id:1296
[17-Sep-2024 16:09:45 UTC] create_stock:4618
[17-Sep-2024 16:09:45 UTC] create_price:5,20
[17-Sep-2024 16:09:45 UTC] create_variation_product_id:1297
[17-Sep-2024 16:09:45 UTC] create_stock:0
[17-Sep-2024 16:09:45 UTC] create_price:1,92
[17-Sep-2024 16:09:45 UTC] create_variation_product_id:1298
[17-Sep-2024 16:09:45 UTC] create_stock:1188
[17-Sep-2024 16:09:45 UTC] create_price:1,52
[17-Sep-2024 16:09:46 UTC] create_variation_product_id:1299
[17-Sep-2024 16:09:46 UTC] create_stock:0
[17-Sep-2024 16:09:46 UTC] create_price:1,82
[17-Sep-2024 16:09:46 UTC] create_variation_product_id:1300
[17-Sep-2024 16:09:46 UTC] create_stock:1955
[17-Sep-2024 16:09:46 UTC] create_price:7,88
[17-Sep-2024 16:09:46 UTC] create_variation_product_id:1301
[17-Sep-2024 16:09:46 UTC] create_stock:3893
[17-Sep-2024 16:09:46 UTC] create_price:5,10
[17-Sep-2024 16:09:47 UTC] create_variation_product_id:1301
[17-Sep-2024 16:09:47 UTC] create_stock:2356
[17-Sep-2024 16:09:47 UTC] create_price:5,10
[17-Sep-2024 16:09:47 UTC] create_variation_product_id:1301
[17-Sep-2024 16:09:47 UTC] create_stock:2332
[17-Sep-2024 16:09:47 UTC] create_price:5,10
[17-Sep-2024 16:09:47 UTC] create_variation_product_id:1302
[17-Sep-2024 16:09:47 UTC] create_stock:11068
[17-Sep-2024 16:09:47 UTC] create_price:1,72
[17-Sep-2024 16:09:47 UTC] create_variation_product_id:1302
[17-Sep-2024 16:09:47 UTC] create_stock:4874
[17-Sep-2024 16:09:47 UTC] create_price:1,72
[17-Sep-2024 16:09:47 UTC] create_variation_product_id:1302
[17-Sep-2024 16:09:47 UTC] create_stock:8952
[17-Sep-2024 16:09:47 UTC] create_price:1,72
[17-Sep-2024 16:09:48 UTC] create_variation_product_id:1302
[17-Sep-2024 16:09:48 UTC] create_stock:4425
[17-Sep-2024 16:09:48 UTC] create_price:1,72
[17-Sep-2024 16:09:48 UTC] create_variation_product_id:1303
[17-Sep-2024 16:09:48 UTC] create_stock:8686
[17-Sep-2024 16:09:48 UTC] create_price:4,49
[17-Sep-2024 16:09:48 UTC] create_variation_product_id:1304
[17-Sep-2024 16:09:48 UTC] create_stock:52753
[17-Sep-2024 16:09:48 UTC] create_price:0,59
[17-Sep-2024 16:09:48 UTC] create_variation_product_id:1305
[17-Sep-2024 16:09:48 UTC] create_stock:6921
[17-Sep-2024 16:09:48 UTC] create_price:2,61
[17-Sep-2024 16:09:48 UTC] create_variation_product_id:1306
[17-Sep-2024 16:09:48 UTC] create_stock:20574
[17-Sep-2024 16:09:48 UTC] create_price:0,41
[17-Sep-2024 16:09:49 UTC] create_variation_product_id:1307
[17-Sep-2024 16:09:49 UTC] create_stock:6022
[17-Sep-2024 16:09:49 UTC] create_price:8,40
[17-Sep-2024 16:09:49 UTC] create_variation_product_id:1308
[17-Sep-2024 16:09:49 UTC] create_stock:0
[17-Sep-2024 16:09:49 UTC] create_price:14,75
[17-Sep-2024 16:09:50 UTC] create_variation_product_id:1309
[17-Sep-2024 16:09:50 UTC] create_stock:1142
[17-Sep-2024 16:09:50 UTC] create_price:13,48
[17-Sep-2024 16:09:50 UTC] create_variation_product_id:1310
[17-Sep-2024 16:09:50 UTC] create_stock:3045
[17-Sep-2024 16:09:50 UTC] create_price:3,74
[17-Sep-2024 16:09:51 UTC] create_variation_product_id:1310
[17-Sep-2024 16:09:51 UTC] create_stock:7657
[17-Sep-2024 16:09:51 UTC] create_price:3,74
[17-Sep-2024 16:09:51 UTC] create_variation_product_id:1310
[17-Sep-2024 16:09:51 UTC] create_stock:9350
[17-Sep-2024 16:09:51 UTC] create_price:3,74
[17-Sep-2024 16:09:51 UTC] create_variation_product_id:1311
[17-Sep-2024 16:09:51 UTC] create_stock:8003
[17-Sep-2024 16:09:51 UTC] create_price:4,14
[17-Sep-2024 16:09:51 UTC] create_variation_product_id:1312
[17-Sep-2024 16:09:51 UTC] create_stock:4528
[17-Sep-2024 16:09:51 UTC] create_price:1,76
[17-Sep-2024 16:09:51 UTC] create_variation_product_id:1312
[17-Sep-2024 16:09:51 UTC] create_stock:3735
[17-Sep-2024 16:09:51 UTC] create_price:1,76
[17-Sep-2024 16:09:52 UTC] create_variation_product_id:1312
[17-Sep-2024 16:09:52 UTC] create_stock:2637
[17-Sep-2024 16:09:52 UTC] create_price:1,76
[17-Sep-2024 16:09:52 UTC] create_variation_product_id:1313
[17-Sep-2024 16:09:52 UTC] create_stock:7029
[17-Sep-2024 16:09:52 UTC] create_price:2,02
[17-Sep-2024 16:09:52 UTC] create_variation_product_id:1314
[17-Sep-2024 16:09:52 UTC] create_stock:291
[17-Sep-2024 16:09:52 UTC] create_price:3,64
[17-Sep-2024 16:09:52 UTC] create_variation_product_id:1315
[17-Sep-2024 16:09:52 UTC] create_stock:2595
[17-Sep-2024 16:09:52 UTC] create_price:3,64
[17-Sep-2024 16:09:52 UTC] create_variation_product_id:1316
[17-Sep-2024 16:09:52 UTC] create_stock:3568
[17-Sep-2024 16:09:52 UTC] create_price:4,14
[17-Sep-2024 16:09:53 UTC] create_variation_product_id:1317
[17-Sep-2024 16:09:53 UTC] create_stock:2907
[17-Sep-2024 16:09:53 UTC] create_price:5,00
[17-Sep-2024 16:09:53 UTC] create_variation_product_id:1318
[17-Sep-2024 16:09:53 UTC] create_stock:1187
[17-Sep-2024 16:09:53 UTC] create_price:11,56
[17-Sep-2024 16:09:53 UTC] create_variation_product_id:1319
[17-Sep-2024 16:09:53 UTC] create_stock:718
[17-Sep-2024 16:09:53 UTC] create_price:10,00
[17-Sep-2024 16:09:53 UTC] create_variation_product_id:1319
[17-Sep-2024 16:09:53 UTC] create_stock:2547
[17-Sep-2024 16:09:53 UTC] create_price:10,00
[17-Sep-2024 16:09:53 UTC] create_variation_product_id:1320
[17-Sep-2024 16:09:53 UTC] create_stock:4608
[17-Sep-2024 16:09:53 UTC] create_price:2,88
[17-Sep-2024 16:09:54 UTC] create_variation_product_id:1321
[17-Sep-2024 16:09:54 UTC] create_stock:10903
[17-Sep-2024 16:09:54 UTC] create_price:0,94
[17-Sep-2024 16:09:54 UTC] create_variation_product_id:1322
[17-Sep-2024 16:09:54 UTC] create_stock:119
[17-Sep-2024 16:09:54 UTC] create_price:2,05
[17-Sep-2024 16:09:54 UTC] create_variation_product_id:1323
[17-Sep-2024 16:09:54 UTC] create_stock:3399
[17-Sep-2024 16:09:54 UTC] create_price:1,31
[17-Sep-2024 16:09:54 UTC] create_variation_product_id:1324
[17-Sep-2024 16:09:54 UTC] create_stock:8139
[17-Sep-2024 16:09:54 UTC] create_price:1,31
[17-Sep-2024 16:09:54 UTC] create_variation_product_id:1324
[17-Sep-2024 16:09:54 UTC] create_stock:4528
[17-Sep-2024 16:09:54 UTC] create_price:1,31
[17-Sep-2024 16:09:55 UTC] create_variation_product_id:1324
[17-Sep-2024 16:09:55 UTC] create_stock:8308
[17-Sep-2024 16:09:55 UTC] create_price:1,31
[17-Sep-2024 16:09:55 UTC] create_variation_product_id:1325
[17-Sep-2024 16:09:55 UTC] create_stock:6114
[17-Sep-2024 16:09:55 UTC] create_price:3,11
[17-Sep-2024 16:09:55 UTC] create_variation_product_id:1325
[17-Sep-2024 16:09:55 UTC] create_stock:6529
[17-Sep-2024 16:09:55 UTC] create_price:3,11
[17-Sep-2024 16:09:55 UTC] create_variation_product_id:1326
[17-Sep-2024 16:09:55 UTC] create_stock:1689
[17-Sep-2024 16:09:55 UTC] create_price:3,64
[17-Sep-2024 16:09:55 UTC] create_variation_product_id:1327
[17-Sep-2024 16:09:55 UTC] create_stock:7972
[17-Sep-2024 16:09:55 UTC] create_price:4,14
[17-Sep-2024 16:09:55 UTC] create_variation_product_id:1328
[17-Sep-2024 16:09:56 UTC] create_stock:1968
[17-Sep-2024 16:09:56 UTC] create_price:11,02
[17-Sep-2024 16:09:56 UTC] create_variation_product_id:1329
[17-Sep-2024 16:09:56 UTC] create_stock:9085
[17-Sep-2024 16:09:56 UTC] create_price:2,68
[17-Sep-2024 16:09:56 UTC] create_variation_product_id:1330
[17-Sep-2024 16:09:56 UTC] create_stock:4844
[17-Sep-2024 16:09:56 UTC] create_price:0,39
[17-Sep-2024 16:09:56 UTC] create_variation_product_id:1330
[17-Sep-2024 16:09:56 UTC] create_stock:0
[17-Sep-2024 16:09:56 UTC] create_price:0,39
[17-Sep-2024 16:09:57 UTC] create_variation_product_id:1330
[17-Sep-2024 16:09:57 UTC] create_stock:4474
[17-Sep-2024 16:09:57 UTC] create_price:0,39
[17-Sep-2024 16:09:57 UTC] create_variation_product_id:1330
[17-Sep-2024 16:09:57 UTC] create_stock:14901
[17-Sep-2024 16:09:57 UTC] create_price:0,39
[17-Sep-2024 16:09:57 UTC] create_variation_product_id:1331
[17-Sep-2024 16:09:57 UTC] create_stock:28131
[17-Sep-2024 16:09:57 UTC] create_price:0,78
[17-Sep-2024 16:09:57 UTC] create_variation_product_id:1331
[17-Sep-2024 16:09:57 UTC] create_stock:15423
[17-Sep-2024 16:09:57 UTC] create_price:0,78
[17-Sep-2024 16:09:58 UTC] create_variation_product_id:1331
[17-Sep-2024 16:09:58 UTC] create_stock:12567
[17-Sep-2024 16:09:58 UTC] create_price:0,78
[17-Sep-2024 16:09:58 UTC] create_variation_product_id:1332
[17-Sep-2024 16:09:58 UTC] create_stock:3685
[17-Sep-2024 16:09:58 UTC] create_price:1,92
[17-Sep-2024 16:09:58 UTC] create_variation_product_id:1333
[17-Sep-2024 16:09:58 UTC] create_stock:0
[17-Sep-2024 16:09:58 UTC] create_price:3,94
[17-Sep-2024 16:09:59 UTC] create_variation_product_id:1334
[17-Sep-2024 16:09:59 UTC] create_stock:6069
[17-Sep-2024 16:09:59 UTC] create_price:3,69
[17-Sep-2024 16:09:59 UTC] create_variation_product_id:1335
[17-Sep-2024 16:09:59 UTC] create_stock:2944
[17-Sep-2024 16:09:59 UTC] create_price:1,21
[17-Sep-2024 16:09:59 UTC] create_variation_product_id:1336
[17-Sep-2024 16:09:59 UTC] create_stock:0
[17-Sep-2024 16:09:59 UTC] create_price:3,08
[17-Sep-2024 16:10:00 UTC] create_variation_product_id:1337
[17-Sep-2024 16:10:00 UTC] create_stock:3885
[17-Sep-2024 16:10:00 UTC] create_price:8,41
[17-Sep-2024 16:10:00 UTC] create_variation_product_id:1338
[17-Sep-2024 16:10:00 UTC] create_stock:5104
[17-Sep-2024 16:10:00 UTC] create_price:5,56
[17-Sep-2024 16:10:00 UTC] create_variation_product_id:1339
[17-Sep-2024 16:10:00 UTC] create_stock:7286
[17-Sep-2024 16:10:00 UTC] create_price:2,46
[17-Sep-2024 16:10:00 UTC] create_variation_product_id:1340
[17-Sep-2024 16:10:00 UTC] create_stock:13614
[17-Sep-2024 16:10:00 UTC] create_price:0,41
[17-Sep-2024 16:10:01 UTC] create_variation_product_id:1340
[17-Sep-2024 16:10:01 UTC] create_stock:13553
[17-Sep-2024 16:10:01 UTC] create_price:0,41
[17-Sep-2024 16:10:01 UTC] create_variation_product_id:1340
[17-Sep-2024 16:10:01 UTC] create_stock:1439
[17-Sep-2024 16:10:01 UTC] create_price:0,41
[17-Sep-2024 16:10:01 UTC] create_variation_product_id:1340
[17-Sep-2024 16:10:01 UTC] create_stock:5752
[17-Sep-2024 16:10:01 UTC] create_price:0,41
[17-Sep-2024 16:10:01 UTC] create_variation_product_id:1341
[17-Sep-2024 16:10:01 UTC] create_stock:13161
[17-Sep-2024 16:10:01 UTC] create_price:0,26
[17-Sep-2024 16:10:01 UTC] create_variation_product_id:1341
[17-Sep-2024 16:10:01 UTC] create_stock:21847
[17-Sep-2024 16:10:01 UTC] create_price:0,26
[17-Sep-2024 16:10:02 UTC] create_variation_product_id:1341
[17-Sep-2024 16:10:02 UTC] create_stock:23245
[17-Sep-2024 16:10:02 UTC] create_price:0,26
[17-Sep-2024 16:10:02 UTC] create_variation_product_id:1341
[17-Sep-2024 16:10:02 UTC] create_stock:4652
[17-Sep-2024 16:10:02 UTC] create_price:0,26
[17-Sep-2024 16:10:02 UTC] create_variation_product_id:1342
[17-Sep-2024 16:10:02 UTC] create_stock:16577
[17-Sep-2024 16:10:02 UTC] create_price:0,26
[17-Sep-2024 16:10:02 UTC] create_variation_product_id:1342
[17-Sep-2024 16:10:02 UTC] create_stock:19696
[17-Sep-2024 16:10:02 UTC] create_price:0,26
[17-Sep-2024 16:10:03 UTC] create_variation_product_id:1342
[17-Sep-2024 16:10:03 UTC] create_stock:0
[17-Sep-2024 16:10:03 UTC] create_price:0,26
[17-Sep-2024 16:10:03 UTC] create_variation_product_id:1342
[17-Sep-2024 16:10:03 UTC] create_stock:12900
[17-Sep-2024 16:10:03 UTC] create_price:0,26
[17-Sep-2024 16:10:03 UTC] create_variation_product_id:1343
[17-Sep-2024 16:10:03 UTC] create_stock:475
[17-Sep-2024 16:10:03 UTC] create_price:34,24
[17-Sep-2024 16:10:04 UTC] create_variation_product_id:1344
[17-Sep-2024 16:10:04 UTC] create_stock:25605
[17-Sep-2024 16:10:04 UTC] create_price:0,79
[17-Sep-2024 16:10:04 UTC] create_variation_product_id:1345
[17-Sep-2024 16:10:04 UTC] create_stock:734
[17-Sep-2024 16:10:04 UTC] create_price:18,94
[17-Sep-2024 16:10:04 UTC] create_variation_product_id:1346
[17-Sep-2024 16:10:04 UTC] create_stock:5621
[17-Sep-2024 16:10:04 UTC] create_price:2,27
[17-Sep-2024 16:10:04 UTC] create_variation_product_id:1347
[17-Sep-2024 16:10:04 UTC] create_stock:8558
[17-Sep-2024 16:10:04 UTC] create_price:5,56
[17-Sep-2024 16:10:04 UTC] create_variation_product_id:1348
[17-Sep-2024 16:10:04 UTC] create_stock:5552
[17-Sep-2024 16:10:04 UTC] create_price:5,76
[17-Sep-2024 16:10:05 UTC] create_variation_product_id:1349
[17-Sep-2024 16:10:05 UTC] create_stock:5333
[17-Sep-2024 16:10:05 UTC] create_price:8,38
[17-Sep-2024 16:10:05 UTC] create_variation_product_id:1350
[17-Sep-2024 16:10:05 UTC] create_stock:1622
[17-Sep-2024 16:10:05 UTC] create_price:4,66
[17-Sep-2024 16:10:05 UTC] create_variation_product_id:1350
[17-Sep-2024 16:10:05 UTC] create_stock:1112
[17-Sep-2024 16:10:05 UTC] create_price:4,66
[17-Sep-2024 16:10:05 UTC] create_variation_product_id:1351
[17-Sep-2024 16:10:05 UTC] create_stock:2781
[17-Sep-2024 16:10:05 UTC] create_price:4,70
[17-Sep-2024 16:10:05 UTC] create_variation_product_id:1351
[17-Sep-2024 16:10:05 UTC] create_stock:1021
[17-Sep-2024 16:10:05 UTC] create_price:4,70
[17-Sep-2024 16:10:06 UTC] create_variation_product_id:1351
[17-Sep-2024 16:10:06 UTC] create_stock:1573
[17-Sep-2024 16:10:06 UTC] create_price:4,70
[17-Sep-2024 16:10:06 UTC] create_variation_product_id:1351
[17-Sep-2024 16:10:06 UTC] create_stock:4634
[17-Sep-2024 16:10:06 UTC] create_price:4,70
[17-Sep-2024 16:10:06 UTC] create_variation_product_id:1351
[17-Sep-2024 16:10:06 UTC] create_stock:2362
[17-Sep-2024 16:10:06 UTC] create_price:4,70
[17-Sep-2024 16:10:06 UTC] create_variation_product_id:1352
[17-Sep-2024 16:10:06 UTC] create_stock:2902
[17-Sep-2024 16:10:06 UTC] create_price:8,20
[17-Sep-2024 16:10:06 UTC] create_variation_product_id:1353
[17-Sep-2024 16:10:06 UTC] create_stock:0
[17-Sep-2024 16:10:06 UTC] create_price:6,82
[17-Sep-2024 16:10:07 UTC] create_variation_product_id:1353
[17-Sep-2024 16:10:07 UTC] create_stock:0
[17-Sep-2024 16:10:07 UTC] create_price:6,82
[17-Sep-2024 16:10:08 UTC] create_variation_product_id:1353
[17-Sep-2024 16:10:08 UTC] create_stock:1519
[17-Sep-2024 16:10:08 UTC] create_price:6,82
[17-Sep-2024 16:10:08 UTC] create_variation_product_id:1353
[17-Sep-2024 16:10:08 UTC] create_stock:2177
[17-Sep-2024 16:10:08 UTC] create_price:6,82
[17-Sep-2024 16:10:09 UTC] create_variation_product_id:1353
[17-Sep-2024 16:10:09 UTC] create_stock:2555
[17-Sep-2024 16:10:09 UTC] create_price:6,82
[17-Sep-2024 16:10:09 UTC] create_variation_product_id:1353
[17-Sep-2024 16:10:09 UTC] create_stock:1627
[17-Sep-2024 16:10:09 UTC] create_price:6,82
[17-Sep-2024 16:10:09 UTC] create_variation_product_id:1353
[17-Sep-2024 16:10:09 UTC] create_stock:2853
[17-Sep-2024 16:10:09 UTC] create_price:6,82
[17-Sep-2024 16:10:09 UTC] create_variation_product_id:1353
[17-Sep-2024 16:10:09 UTC] create_stock:1104
[17-Sep-2024 16:10:09 UTC] create_price:6,82
[17-Sep-2024 16:10:10 UTC] create_variation_product_id:1354
[17-Sep-2024 16:10:10 UTC] create_stock:1946
[17-Sep-2024 16:10:10 UTC] create_price:1,97
[17-Sep-2024 16:10:10 UTC] create_variation_product_id:1355
[17-Sep-2024 16:10:10 UTC] create_stock:1743
[17-Sep-2024 16:10:10 UTC] create_price:24,71
[17-Sep-2024 16:10:10 UTC] create_variation_product_id:1356
[17-Sep-2024 16:10:10 UTC] create_stock:2443
[17-Sep-2024 16:10:10 UTC] create_price:5,56
[17-Sep-2024 16:10:10 UTC] create_variation_product_id:1357
[17-Sep-2024 16:10:10 UTC] create_stock:3326
[17-Sep-2024 16:10:10 UTC] create_price:0,84
[17-Sep-2024 16:10:10 UTC] create_variation_product_id:1358
[17-Sep-2024 16:10:10 UTC] create_stock:7585
[17-Sep-2024 16:10:10 UTC] create_price:4,49
[17-Sep-2024 16:10:11 UTC] create_variation_product_id:1359
[17-Sep-2024 16:10:11 UTC] create_stock:1987
[17-Sep-2024 16:10:11 UTC] create_price:10,00
[17-Sep-2024 16:10:11 UTC] create_variation_product_id:1360
[17-Sep-2024 16:10:11 UTC] create_stock:1086
[17-Sep-2024 16:10:11 UTC] create_price:10,00
[17-Sep-2024 16:10:11 UTC] create_variation_product_id:1361
[17-Sep-2024 16:10:11 UTC] create_stock:386
[17-Sep-2024 16:10:11 UTC] create_price:8,18
[17-Sep-2024 16:10:11 UTC] create_variation_product_id:1362
[17-Sep-2024 16:10:11 UTC] create_stock:1208
[17-Sep-2024 16:10:11 UTC] create_price:12,12
[17-Sep-2024 16:10:11 UTC] create_variation_product_id:1363
[17-Sep-2024 16:10:11 UTC] create_stock:18639
[17-Sep-2024 16:10:11 UTC] create_price:0,17
[17-Sep-2024 16:10:12 UTC] create_variation_product_id:1363
[17-Sep-2024 16:10:12 UTC] create_stock:7151
[17-Sep-2024 16:10:12 UTC] create_price:0,17
[17-Sep-2024 16:10:12 UTC] create_variation_product_id:1363
[17-Sep-2024 16:10:12 UTC] create_stock:12807
[17-Sep-2024 16:10:12 UTC] create_price:0,17
[17-Sep-2024 16:10:12 UTC] create_variation_product_id:1363
[17-Sep-2024 16:10:12 UTC] create_stock:7698
[17-Sep-2024 16:10:12 UTC] create_price:0,17
[17-Sep-2024 16:10:12 UTC] create_variation_product_id:1363
[17-Sep-2024 16:10:12 UTC] create_stock:8793
[17-Sep-2024 16:10:12 UTC] create_price:0,17
[17-Sep-2024 16:10:13 UTC] create_variation_product_id:1363
[17-Sep-2024 16:10:13 UTC] create_stock:9133
[17-Sep-2024 16:10:13 UTC] create_price:0,17
[17-Sep-2024 16:10:13 UTC] create_variation_product_id:1363
[17-Sep-2024 16:10:13 UTC] create_stock:6538
[17-Sep-2024 16:10:13 UTC] create_price:0,17
[17-Sep-2024 16:10:13 UTC] create_variation_product_id:1363
[17-Sep-2024 16:10:13 UTC] create_stock:5695
[17-Sep-2024 16:10:13 UTC] create_price:0,17
[17-Sep-2024 16:10:13 UTC] create_variation_product_id:1363
[17-Sep-2024 16:10:13 UTC] create_stock:7289
[17-Sep-2024 16:10:13 UTC] create_price:0,17
[17-Sep-2024 16:10:14 UTC] create_variation_product_id:1364
[17-Sep-2024 16:10:14 UTC] create_stock:2610
[17-Sep-2024 16:10:14 UTC] create_price:7,12
[17-Sep-2024 16:10:14 UTC] create_variation_product_id:1364
[17-Sep-2024 16:10:14 UTC] create_stock:1255
[17-Sep-2024 16:10:14 UTC] create_price:7,12
[17-Sep-2024 16:10:14 UTC] create_variation_product_id:1364
[17-Sep-2024 16:10:14 UTC] create_stock:99
[17-Sep-2024 16:10:14 UTC] create_price:7,12
[17-Sep-2024 16:10:14 UTC] create_variation_product_id:1365
[17-Sep-2024 16:10:14 UTC] create_stock:0
[17-Sep-2024 16:10:14 UTC] create_price:0,93
[17-Sep-2024 16:10:15 UTC] create_variation_product_id:1366
[17-Sep-2024 16:10:15 UTC] create_stock:48200
[17-Sep-2024 16:10:15 UTC] create_price:0,63
[17-Sep-2024 16:10:15 UTC] create_variation_product_id:1367
[17-Sep-2024 16:10:15 UTC] create_stock:6215
[17-Sep-2024 16:10:15 UTC] create_price:5,56
[17-Sep-2024 16:10:15 UTC] create_variation_product_id:1368
[17-Sep-2024 16:10:15 UTC] create_stock:5417
[17-Sep-2024 16:10:15 UTC] create_price:12,88
[17-Sep-2024 16:10:16 UTC] create_variation_product_id:1369
[17-Sep-2024 16:10:16 UTC] create_stock:4584
[17-Sep-2024 16:10:16 UTC] create_price:0,93
[17-Sep-2024 16:10:16 UTC] create_variation_product_id:1370
[17-Sep-2024 16:10:16 UTC] create_stock:4541
[17-Sep-2024 16:10:16 UTC] create_price:2,78
[17-Sep-2024 16:10:16 UTC] create_variation_product_id:1370
[17-Sep-2024 16:10:16 UTC] create_stock:9186
[17-Sep-2024 16:10:16 UTC] create_price:2,78
[17-Sep-2024 16:10:16 UTC] create_variation_product_id:1370
[17-Sep-2024 16:10:16 UTC] create_stock:959
[17-Sep-2024 16:10:16 UTC] create_price:2,78
[17-Sep-2024 16:10:16 UTC] create_variation_product_id:1371
[17-Sep-2024 16:10:16 UTC] create_stock:9713
[17-Sep-2024 16:10:16 UTC] create_price:3,56
[17-Sep-2024 16:10:17 UTC] create_variation_product_id:1371
[17-Sep-2024 16:10:17 UTC] create_stock:3233
[17-Sep-2024 16:10:17 UTC] create_price:3,56
[17-Sep-2024 16:10:17 UTC] create_variation_product_id:1371
[17-Sep-2024 16:10:17 UTC] create_stock:6685
[17-Sep-2024 16:10:17 UTC] create_price:3,56
[17-Sep-2024 16:10:17 UTC] create_variation_product_id:1372
[17-Sep-2024 16:10:17 UTC] create_stock:9784
[17-Sep-2024 16:10:17 UTC] create_price:1,11
[17-Sep-2024 16:10:17 UTC] create_variation_product_id:1372
[17-Sep-2024 16:10:17 UTC] create_stock:17671
[17-Sep-2024 16:10:17 UTC] create_price:1,11
[17-Sep-2024 16:10:17 UTC] create_variation_product_id:1372
[17-Sep-2024 16:10:17 UTC] create_stock:0
[17-Sep-2024 16:10:17 UTC] create_price:1,11
[17-Sep-2024 16:10:18 UTC] create_variation_product_id:1373
[17-Sep-2024 16:10:18 UTC] create_stock:27166
[17-Sep-2024 16:10:18 UTC] create_price:0,89
[17-Sep-2024 16:10:18 UTC] create_variation_product_id:1373
[17-Sep-2024 16:10:18 UTC] create_stock:27127
[17-Sep-2024 16:10:18 UTC] create_price:0,89
[17-Sep-2024 16:10:19 UTC] create_variation_product_id:1374
[17-Sep-2024 16:10:19 UTC] create_stock:3070
[17-Sep-2024 16:10:19 UTC] create_price:3,64
[17-Sep-2024 16:10:19 UTC] create_variation_product_id:1374
[17-Sep-2024 16:10:19 UTC] create_stock:854
[17-Sep-2024 16:10:19 UTC] create_price:3,64
[17-Sep-2024 16:10:19 UTC] create_variation_product_id:1375
[17-Sep-2024 16:10:19 UTC] create_stock:1323
[17-Sep-2024 16:10:19 UTC] create_price:11,51
[17-Sep-2024 16:10:19 UTC] create_variation_product_id:1376
[17-Sep-2024 16:10:19 UTC] create_stock:33156
[17-Sep-2024 16:10:19 UTC] create_price:0,72
[17-Sep-2024 16:10:19 UTC] create_variation_product_id:1376
[17-Sep-2024 16:10:19 UTC] create_stock:12154
[17-Sep-2024 16:10:19 UTC] create_price:0,72
[17-Sep-2024 16:10:20 UTC] create_variation_product_id:1376
[17-Sep-2024 16:10:20 UTC] create_stock:4418
[17-Sep-2024 16:10:20 UTC] create_price:0,72
[17-Sep-2024 16:10:20 UTC] create_variation_product_id:1376
[17-Sep-2024 16:10:20 UTC] create_stock:15040
[17-Sep-2024 16:10:20 UTC] create_price:0,72
[17-Sep-2024 16:10:20 UTC] create_variation_product_id:1377
[17-Sep-2024 16:10:20 UTC] create_stock:24067
[17-Sep-2024 16:10:20 UTC] create_price:0,47
[17-Sep-2024 16:10:20 UTC] create_variation_product_id:1377
[17-Sep-2024 16:10:20 UTC] create_stock:15055
[17-Sep-2024 16:10:20 UTC] create_price:0,47
[17-Sep-2024 16:10:20 UTC] create_variation_product_id:1377
[17-Sep-2024 16:10:20 UTC] create_stock:14662
[17-Sep-2024 16:10:20 UTC] create_price:0,47
[17-Sep-2024 16:10:21 UTC] create_variation_product_id:1377
[17-Sep-2024 16:10:21 UTC] create_stock:21148
[17-Sep-2024 16:10:21 UTC] create_price:0,47
[17-Sep-2024 16:10:21 UTC] create_variation_product_id:1378
[17-Sep-2024 16:10:21 UTC] create_stock:0
[17-Sep-2024 16:10:21 UTC] create_price:4,49
[17-Sep-2024 16:10:22 UTC] create_variation_product_id:1378
[17-Sep-2024 16:10:22 UTC] create_stock:1626
[17-Sep-2024 16:10:22 UTC] create_price:4,49
[17-Sep-2024 16:10:22 UTC] create_variation_product_id:1379
[17-Sep-2024 16:10:22 UTC] create_stock:28907
[17-Sep-2024 16:10:22 UTC] create_price:1,82
[17-Sep-2024 16:10:22 UTC] create_variation_product_id:1380
[17-Sep-2024 16:10:22 UTC] create_stock:51516
[17-Sep-2024 16:10:22 UTC] create_price:2,00
[17-Sep-2024 16:10:22 UTC] create_variation_product_id:1380
[17-Sep-2024 16:10:22 UTC] create_stock:3819
[17-Sep-2024 16:10:22 UTC] create_price:2,00
[17-Sep-2024 16:10:22 UTC] create_variation_product_id:1380
[17-Sep-2024 16:10:22 UTC] create_stock:8202
[17-Sep-2024 16:10:22 UTC] create_price:2,00
[17-Sep-2024 16:10:23 UTC] create_variation_product_id:1380
[17-Sep-2024 16:10:23 UTC] create_stock:13386
[17-Sep-2024 16:10:23 UTC] create_price:2,00
[17-Sep-2024 16:10:23 UTC] create_variation_product_id:1380
[17-Sep-2024 16:10:23 UTC] create_stock:7271
[17-Sep-2024 16:10:23 UTC] create_price:2,00
[17-Sep-2024 16:10:23 UTC] create_variation_product_id:1380
[17-Sep-2024 16:10:23 UTC] create_stock:3476
[17-Sep-2024 16:10:23 UTC] create_price:2,00
[17-Sep-2024 16:10:23 UTC] create_variation_product_id:1380
[17-Sep-2024 16:10:23 UTC] create_stock:12680
[17-Sep-2024 16:10:23 UTC] create_price:2,00
[17-Sep-2024 16:10:24 UTC] create_variation_product_id:1380
[17-Sep-2024 16:10:24 UTC] create_stock:2841
[17-Sep-2024 16:10:24 UTC] create_price:2,00
[17-Sep-2024 16:10:24 UTC] create_variation_product_id:1380
[17-Sep-2024 16:10:24 UTC] create_stock:7575
[17-Sep-2024 16:10:24 UTC] create_price:2,00
[17-Sep-2024 16:10:24 UTC] create_variation_product_id:1380
[17-Sep-2024 16:10:24 UTC] create_stock:7148
[17-Sep-2024 16:10:24 UTC] create_price:2,00
[17-Sep-2024 16:10:24 UTC] create_variation_product_id:1380
[17-Sep-2024 16:10:24 UTC] create_stock:5321
[17-Sep-2024 16:10:24 UTC] create_price:2,00
[17-Sep-2024 16:10:25 UTC] create_variation_product_id:1381
[17-Sep-2024 16:10:25 UTC] create_stock:4962
[17-Sep-2024 16:10:25 UTC] create_price:3,33
[17-Sep-2024 16:10:25 UTC] create_variation_product_id:1382
[17-Sep-2024 16:10:25 UTC] create_stock:2602
[17-Sep-2024 16:10:25 UTC] create_price:3,64
[17-Sep-2024 16:10:25 UTC] create_variation_product_id:1383
[17-Sep-2024 16:10:25 UTC] create_stock:3343
[17-Sep-2024 16:10:25 UTC] create_price:3,89
[17-Sep-2024 16:10:25 UTC] create_variation_product_id:1383
[17-Sep-2024 16:10:25 UTC] create_stock:1465
[17-Sep-2024 16:10:25 UTC] create_price:3,89
[17-Sep-2024 16:10:26 UTC] create_variation_product_id:1383
[17-Sep-2024 16:10:26 UTC] create_stock:2237
[17-Sep-2024 16:10:26 UTC] create_price:3,89
[17-Sep-2024 16:10:26 UTC] create_variation_product_id:1383
[17-Sep-2024 16:10:26 UTC] create_stock:2502
[17-Sep-2024 16:10:26 UTC] create_price:3,89
[17-Sep-2024 16:10:26 UTC] create_variation_product_id:1384
[17-Sep-2024 16:10:26 UTC] create_stock:3334
[17-Sep-2024 16:10:26 UTC] create_price:2,68
[17-Sep-2024 16:10:26 UTC] create_variation_product_id:1385
[17-Sep-2024 16:10:26 UTC] create_stock:1798
[17-Sep-2024 16:10:26 UTC] create_price:2,47
[17-Sep-2024 16:10:26 UTC] create_variation_product_id:1386
[17-Sep-2024 16:10:26 UTC] create_stock:6732
[17-Sep-2024 16:10:26 UTC] create_price:3,64
[17-Sep-2024 16:10:27 UTC] create_variation_product_id:1387
[17-Sep-2024 16:10:27 UTC] create_stock:8433
[17-Sep-2024 16:10:27 UTC] create_price:2,47
[17-Sep-2024 16:10:27 UTC] create_variation_product_id:1387
[17-Sep-2024 16:10:27 UTC] create_stock:3482
[17-Sep-2024 16:10:27 UTC] create_price:2,47
[17-Sep-2024 16:10:27 UTC] WordPress database error Commands out of sync; you can't run this command now for query SELECT DISTINCT t.term_id
			 FROM wpgsm_terms AS t  INNER JOIN wpgsm_term_taxonomy AS tt ON t.term_id = tt.term_id INNER JOIN wpgsm_term_relationships AS tr ON tr.term_taxonomy_id = tt.term_taxonomy_id
			 WHERE tt.taxonomy IN ('product_type') AND tr.object_id IN (334)
			 ORDER BY t.name ASC
			  made by shutdown_action_hook, do_action('shutdown'), WP_Hook->do_action, WP_Hook->apply_filters, WC_Post_Data::do_deferred_product_sync, array_walk, WC_Post_Data::deferred_product_sync, wc_get_product, WC_Product_Factory->get_product, WC_Product_Factory::get_product_type, WC_Data_Store->__call, WC_Product_Data_Store_CPT->get_product_type, get_the_terms, wp_get_object_terms, get_terms, WP_Term_Query->query, WP_Term_Query->get_terms
[17-Sep-2024 16:10:27 UTC] WordPress database error Commands out of sync; you can't run this command now for query SELECT DISTINCT t.term_id
			 FROM wpgsm_terms AS t  LEFT JOIN wpgsm_termmeta ON ( t.term_id = wpgsm_termmeta.term_id AND wpgsm_termmeta.meta_key='order') INNER JOIN wpgsm_term_taxonomy AS tt ON t.term_id = tt.term_id INNER JOIN wpgsm_term_relationships AS tr ON tr.term_taxonomy_id = tt.term_taxonomy_id
			 WHERE tt.taxonomy IN ('pa_color') AND tr.object_id IN (334) AND ( 
  ( wpgsm_termmeta.meta_key = 'order' OR wpgsm_termmeta.meta_key IS NULL )
)
			 ORDER BY wpgsm_termmeta.meta_value+0 ASC, t.name ASC
			  made by shutdown_action_hook, do_action('shutdown'), WP_Hook->do_action, WP_Hook->apply_filters, WC_Post_Data::do_deferred_product_sync, array_walk, WC_Post_Data::deferred_product_sync, wc_get_product, WC_Product_Factory->get_product, WC_Product_Simple->__construct, WC_Product->__construct, WC_Data_Store->read, WC_Product_Data_Store_CPT->read, WC_Product_Data_Store_CPT->read_attributes, wc_get_object_terms, get_the_terms, wp_get_object_terms, get_terms, WP_Term_Query->query, WP_Term_Query->get_terms
[17-Sep-2024 16:10:27 UTC] WordPress database error Commands out of sync; you can't run this command now for query SELECT DISTINCT t.term_id
			 FROM wpgsm_terms AS t  INNER JOIN wpgsm_term_taxonomy AS tt ON t.term_id = tt.term_id INNER JOIN wpgsm_term_relationships AS tr ON tr.term_taxonomy_id = tt.term_taxonomy_id
			 WHERE tt.taxonomy IN ('product_type') AND tr.object_id IN (953)
			 ORDER BY t.name ASC
			  made by shutdown_action_hook, do_action('shutdown'), WP_Hook->do_action, WP_Hook->apply_filters, WC_Post_Data::do_deferred_product_sync, array_walk, WC_Post_Data::deferred_product_sync, wc_get_product, WC_Product_Factory->get_product, WC_Product_Factory::get_product_type, WC_Data_Store->__call, WC_Product_Data_Store_CPT->get_product_type, get_the_terms, wp_get_object_terms, get_terms, WP_Term_Query->query, WP_Term_Query->get_terms
[17-Sep-2024 16:10:27 UTC] WordPress database error Commands out of sync; you can't run this command now for query SELECT DISTINCT t.term_id
			 FROM wpgsm_terms AS t  LEFT JOIN wpgsm_termmeta ON ( t.term_id = wpgsm_termmeta.term_id AND wpgsm_termmeta.meta_key='order') INNER JOIN wpgsm_term_taxonomy AS tt ON t.term_id = tt.term_id INNER JOIN wpgsm_term_relationships AS tr ON tr.term_taxonomy_id = tt.term_taxonomy_id
			 WHERE tt.taxonomy IN ('pa_color') AND tr.object_id IN (953) AND ( 
  ( wpgsm_termmeta.meta_key = 'order' OR wpgsm_termmeta.meta_key IS NULL )
)
			 ORDER BY wpgsm_termmeta.meta_value+0 ASC, t.name ASC
			  made by shutdown_action_hook, do_action('shutdown'), WP_Hook->do_action, WP_Hook->apply_filters, WC_Post_Data::do_deferred_product_sync, array_walk, WC_Post_Data::deferred_product_sync, wc_get_product, WC_Product_Factory->get_product, WC_Product_Simple->__construct, WC_Product->__construct, WC_Data_Store->read, WC_Product_Data_Store_CPT->read, WC_Product_Data_Store_CPT->read_attributes, wc_get_object_terms, get_the_terms, wp_get_object_terms, get_terms, WP_Term_Query->query, WP_Term_Query->get_terms
[17-Sep-2024 16:10:27 UTC] WordPress database error Commands out of sync; you can't run this command now for query SELECT DISTINCT t.term_id
			 FROM wpgsm_terms AS t  INNER JOIN wpgsm_term_taxonomy AS tt ON t.term_id = tt.term_id INNER JOIN wpgsm_term_relationships AS tr ON tr.term_taxonomy_id = tt.term_taxonomy_id
			 WHERE tt.taxonomy IN ('product_type') AND tr.object_id IN (954)
			 ORDER BY t.name ASC
			  made by shutdown_action_hook, do_action('shutdown'), WP_Hook->do_action, WP_Hook->apply_filters, WC_Post_Data::do_deferred_product_sync, array_walk, WC_Post_Data::deferred_product_sync, wc_get_product, WC_Product_Factory->get_product, WC_Product_Factory::get_product_type, WC_Data_Store->__call, WC_Product_Data_Store_CPT->get_product_type, get_the_terms, wp_get_object_terms, get_terms, WP_Term_Query->query, WP_Term_Query->get_terms
[17-Sep-2024 16:10:27 UTC] WordPress database error Commands out of sync; you can't run this command now for query SELECT DISTINCT t.term_id
			 FROM wpgsm_terms AS t  LEFT JOIN wpgsm_termmeta ON ( t.term_id = wpgsm_termmeta.term_id AND wpgsm_termmeta.meta_key='order') INNER JOIN wpgsm_term_taxonomy AS tt ON t.term_id = tt.term_id INNER JOIN wpgsm_term_relationships AS tr ON tr.term_taxonomy_id = tt.term_taxonomy_id
			 WHERE tt.taxonomy IN ('pa_color') AND tr.object_id IN (954) AND ( 
  ( wpgsm_termmeta.meta_key = 'order' OR wpgsm_termmeta.meta_key IS NULL )
)
			 ORDER BY wpgsm_termmeta.meta_value+0 ASC, t.name ASC
			  made by shutdown_action_hook, do_action('shutdown'), WP_Hook->do_action, WP_Hook->apply_filters, WC_Post_Data::do_deferred_product_sync, array_walk, WC_Post_Data::deferred_product_sync, wc_get_product, WC_Product_Factory->get_product, WC_Product_Simple->__construct, WC_Product->__construct, WC_Data_Store->read, WC_Product_Data_Store_CPT->read, WC_Product_Data_Store_CPT->read_attributes, wc_get_object_terms, get_the_terms, wp_get_object_terms, get_terms, WP_Term_Query->query, WP_Term_Query->get_terms
[17-Sep-2024 16:10:27 UTC] WordPress database error Commands out of sync; you can't run this command now for query SELECT DISTINCT t.term_id
			 FROM wpgsm_terms AS t  INNER JOIN wpgsm_term_taxonomy AS tt ON t.term_id = tt.term_id INNER JOIN wpgsm_term_relationships AS tr ON tr.term_taxonomy_id = tt.term_taxonomy_id
			 WHERE tt.taxonomy IN ('product_type') AND tr.object_id IN (955)
			 ORDER BY t.name ASC
			  made by shutdown_action_hook, do_action('shutdown'), WP_Hook->do_action, WP_Hook->apply_filters, WC_Post_Data::do_deferred_product_sync, array_walk, WC_Post_Data::deferred_product_sync, wc_get_product, WC_Product_Factory->get_product, WC_Product_Factory::get_product_type, WC_Data_Store->__call, WC_Product_Data_Store_CPT->get_product_type, get_the_terms, wp_get_object_terms, get_terms, WP_Term_Query->query, WP_Term_Query->get_terms
[17-Sep-2024 16:10:27 UTC] WordPress database error Commands out of sync; you can't run this command now for query SELECT DISTINCT t.term_id
			 FROM wpgsm_terms AS t  LEFT JOIN wpgsm_termmeta ON ( t.term_id = wpgsm_termmeta.term_id AND wpgsm_termmeta.meta_key='order') INNER JOIN wpgsm_term_taxonomy AS tt ON t.term_id = tt.term_id INNER JOIN wpgsm_term_relationships AS tr ON tr.term_taxonomy_id = tt.term_taxonomy_id
			 WHERE tt.taxonomy IN ('pa_color') AND tr.object_id IN (955) AND ( 
  ( wpgsm_termmeta.meta_key = 'order' OR wpgsm_termmeta.meta_key IS NULL )
)
			 ORDER BY wpgsm_termmeta.meta_value+0 ASC, t.name ASC
			  made by shutdown_action_hook, do_action('shutdown'), WP_Hook->do_action, WP_Hook->apply_filters, WC_Post_Data::do_deferred_product_sync, array_walk, WC_Post_Data::deferred_product_sync, wc_get_product, WC_Product_Factory->get_product, WC_Product_Simple->__construct, WC_Product->__construct, WC_Data_Store->read, WC_Product_Data_Store_CPT->read, WC_Product_Data_Store_CPT->read_attributes, wc_get_object_terms, get_the_terms, wp_get_object_terms, get_terms, WP_Term_Query->query, WP_Term_Query->get_terms
[17-Sep-2024 16:10:27 UTC] WordPress database error Commands out of sync; you can't run this command now for query SELECT DISTINCT t.term_id
			 FROM wpgsm_terms AS t  INNER JOIN wpgsm_term_taxonomy AS tt ON t.term_id = tt.term_id INNER JOIN wpgsm_term_relationships AS tr ON tr.term_taxonomy_id = tt.term_taxonomy_id
			 WHERE tt.taxonomy IN ('product_type') AND tr.object_id IN (956)
			 ORDER BY t.name ASC
			  made by shutdown_action_hook, do_action('shutdown'), WP_Hook->do_action, WP_Hook->apply_filters, WC_Post_Data::do_deferred_product_sync, array_walk, WC_Post_Data::deferred_product_sync, wc_get_product, WC_Product_Factory->get_product, WC_Product_Factory::get_product_type, WC_Data_Store->__call, WC_Product_Data_Store_CPT->get_product_type, get_the_terms, wp_get_object_terms, get_terms, WP_Term_Query->query, WP_Term_Query->get_terms
[17-Sep-2024 16:10:27 UTC] WordPress database error Commands out of sync; you can't run this command now for query SELECT DISTINCT t.term_id
			 FROM wpgsm_terms AS t  LEFT JOIN wpgsm_termmeta ON ( t.term_id = wpgsm_termmeta.term_id AND wpgsm_termmeta.meta_key='order') INNER JOIN wpgsm_term_taxonomy AS tt ON t.term_id = tt.term_id INNER JOIN wpgsm_term_relationships AS tr ON tr.term_taxonomy_id = tt.term_taxonomy_id
			 WHERE tt.taxonomy IN ('pa_color') AND tr.object_id IN (956) AND ( 
  ( wpgsm_termmeta.meta_key = 'order' OR wpgsm_termmeta.meta_key IS NULL )
)
			 ORDER BY wpgsm_termmeta.meta_value+0 ASC, t.name ASC
			  made by shutdown_action_hook, do_action('shutdown'), WP_Hook->do_action, WP_Hook->apply_filters, WC_Post_Data::do_deferred_product_sync, array_walk, WC_Post_Data::deferred_product_sync, wc_get_product, WC_Product_Factory->get_product, WC_Product_Simple->__construct, WC_Product->__construct, WC_Data_Store->read, WC_Product_Data_Store_CPT->read, WC_Product_Data_Store_CPT->read_attributes, wc_get_object_terms, get_the_terms, wp_get_object_terms, get_terms, WP_Term_Query->query, WP_Term_Query->get_terms
[17-Sep-2024 16:10:27 UTC] WordPress database error Commands out of sync; you can't run this command now for query SELECT DISTINCT t.term_id
			 FROM wpgsm_terms AS t  INNER JOIN wpgsm_term_taxonomy AS tt ON t.term_id = tt.term_id INNER JOIN wpgsm_term_relationships AS tr ON tr.term_taxonomy_id = tt.term_taxonomy_id
			 WHERE tt.taxonomy IN ('product_type') AND tr.object_id IN (957)
			 ORDER BY t.name ASC
			  made by shutdown_action_hook, do_action('shutdown'), WP_Hook->do_action, WP_Hook->apply_filters, WC_Post_Data::do_deferred_product_sync, array_walk, WC_Post_Data::deferred_product_sync, wc_get_product, WC_Product_Factory->get_product, WC_Product_Factory::get_product_type, WC_Data_Store->__call, WC_Product_Data_Store_CPT->get_product_type, get_the_terms, wp_get_object_terms, get_terms, WP_Term_Query->query, WP_Term_Query->get_terms
[17-Sep-2024 16:10:27 UTC] WordPress database error Commands out of sync; you can't run this command now for query SELECT DISTINCT t.term_id
			 FROM wpgsm_terms AS t  LEFT JOIN wpgsm_termmeta ON ( t.term_id = wpgsm_termmeta.term_id AND wpgsm_termmeta.meta_key='order') INNER JOIN wpgsm_term_taxonomy AS tt ON t.term_id = tt.term_id INNER JOIN wpgsm_term_relationships AS tr ON tr.term_taxonomy_id = tt.term_taxonomy_id
			 WHERE tt.taxonomy IN ('pa_color') AND tr.object_id IN (957) AND ( 
  ( wpgsm_termmeta.meta_key = 'order' OR wpgsm_termmeta.meta_key IS NULL )
)
			 ORDER BY wpgsm_termmeta.meta_value+0 ASC, t.name ASC
			  made by shutdown_action_hook, do_action('shutdown'), WP_Hook->do_action, WP_Hook->apply_filters, WC_Post_Data::do_deferred_product_sync, array_walk, WC_Post_Data::deferred_product_sync, wc_get_product, WC_Product_Factory->get_product, WC_Product_Simple->__construct, WC_Product->__construct, WC_Data_Store->read, WC_Product_Data_Store_CPT->read, WC_Product_Data_Store_CPT->read_attributes, wc_get_object_terms, get_the_terms, wp_get_object_terms, get_terms, WP_Term_Query->query, WP_Term_Query->get_terms
[17-Sep-2024 16:10:27 UTC] WordPress database error Commands out of sync; you can't run this command now for query SELECT DISTINCT t.term_id
			 FROM wpgsm_terms AS t  INNER JOIN wpgsm_term_taxonomy AS tt ON t.term_id = tt.term_id INNER JOIN wpgsm_term_relationships AS tr ON tr.term_taxonomy_id = tt.term_taxonomy_id
			 WHERE tt.taxonomy IN ('product_type') AND tr.object_id IN (958)
			 ORDER BY t.name ASC
			  made by shutdown_action_hook, do_action('shutdown'), WP_Hook->do_action, WP_Hook->apply_filters, WC_Post_Data::do_deferred_product_sync, array_walk, WC_Post_Data::deferred_product_sync, wc_get_product, WC_Product_Factory->get_product, WC_Product_Factory::get_product_type, WC_Data_Store->__call, WC_Product_Data_Store_CPT->get_product_type, get_the_terms, wp_get_object_terms, get_terms, WP_Term_Query->query, WP_Term_Query->get_terms
[17-Sep-2024 16:10:27 UTC] WordPress database error Commands out of sync; you can't run this command now for query SELECT DISTINCT t.term_id
			 FROM wpgsm_terms AS t  LEFT JOIN wpgsm_termmeta ON ( t.term_id = wpgsm_termmeta.term_id AND wpgsm_termmeta.meta_key='order') INNER JOIN wpgsm_term_taxonomy AS tt ON t.term_id = tt.term_id INNER JOIN wpgsm_term_relationships AS tr ON tr.term_taxonomy_id = tt.term_taxonomy_id
			 WHERE tt.taxonomy IN ('pa_color') AND tr.object_id IN (958) AND ( 
  ( wpgsm_termmeta.meta_key = 'order' OR wpgsm_termmeta.meta_key IS NULL )
)
			 ORDER BY wpgsm_termmeta.meta_value+0 ASC, t.name ASC
			  made by shutdown_action_hook, do_action('shutdown'), WP_Hook->do_action, WP_Hook->apply_filters, WC_Post_Data::do_deferred_product_sync, array_walk, WC_Post_Data::deferred_product_sync, wc_get_product, WC_Product_Factory->get_product, WC_Product_Simple->__construct, WC_Product->__construct, WC_Data_Store->read, WC_Product_Data_Store_CPT->read, WC_Product_Data_Store_CPT->read_attributes, wc_get_object_terms, get_the_terms, wp_get_object_terms, get_terms, WP_Term_Query->query, WP_Term_Query->get_terms
[17-Sep-2024 16:10:27 UTC] WordPress database error Commands out of sync; you can't run this command now for query SELECT DISTINCT t.term_id
			 FROM wpgsm_terms AS t  INNER JOIN wpgsm_term_taxonomy AS tt ON t.term_id = tt.term_id INNER JOIN wpgsm_term_relationships AS tr ON tr.term_taxonomy_id = tt.term_taxonomy_id
			 WHERE tt.taxonomy IN ('product_type') AND tr.object_id IN (959)
			 ORDER BY t.name ASC
			  made by shutdown_action_hook, do_action('shutdown'), WP_Hook->do_action, WP_Hook->apply_filters, WC_Post_Data::do_deferred_product_sync, array_walk, WC_Post_Data::deferred_product_sync, wc_get_product, WC_Product_Factory->get_product, WC_Product_Factory::get_product_type, WC_Data_Store->__call, WC_Product_Data_Store_CPT->get_product_type, get_the_terms, wp_get_object_terms, get_terms, WP_Term_Query->query, WP_Term_Query->get_terms
[17-Sep-2024 16:10:27 UTC] WordPress database error Commands out of sync; you can't run this command now for query SELECT DISTINCT t.term_id
			 FROM wpgsm_terms AS t  LEFT JOIN wpgsm_termmeta ON ( t.term_id = wpgsm_termmeta.term_id AND wpgsm_termmeta.meta_key='order') INNER JOIN wpgsm_term_taxonomy AS tt ON t.term_id = tt.term_id INNER JOIN wpgsm_term_relationships AS tr ON tr.term_taxonomy_id = tt.term_taxonomy_id
			 WHERE tt.taxonomy IN ('pa_color') AND tr.object_id IN (959) AND ( 
  ( wpgsm_termmeta.meta_key = 'order' OR wpgsm_termmeta.meta_key IS NULL )
)
			 ORDER BY wpgsm_termmeta.meta_value+0 ASC, t.name ASC
			  made by shutdown_action_hook, do_action('shutdown'), WP_Hook->do_action, WP_Hook->apply_filters, WC_Post_Data::do_deferred_product_sync, array_walk, WC_Post_Data::deferred_product_sync, wc_get_product, WC_Product_Factory->get_product, WC_Product_Simple->__construct, WC_Product->__construct, WC_Data_Store->read, WC_Product_Data_Store_CPT->read, WC_Product_Data_Store_CPT->read_attributes, wc_get_object_terms, get_the_terms, wp_get_object_terms, get_terms, WP_Term_Query->query, WP_Term_Query->get_terms
[17-Sep-2024 16:10:27 UTC] WordPress database error Commands out of sync; you can't run this command now for query SELECT DISTINCT t.term_id
			 FROM wpgsm_terms AS t  INNER JOIN wpgsm_term_taxonomy AS tt ON t.term_id = tt.term_id INNER JOIN wpgsm_term_relationships AS tr ON tr.term_taxonomy_id = tt.term_taxonomy_id
			 WHERE tt.taxonomy IN ('product_type') AND tr.object_id IN (960)
			 ORDER BY t.name ASC
			  made by shutdown_action_hook, do_action('shutdown'), WP_Hook->do_action, WP_Hook->apply_filters, WC_Post_Data::do_deferred_product_sync, array_walk, WC_Post_Data::deferred_product_sync, wc_get_product, WC_Product_Factory->get_product, WC_Product_Factory::get_product_type, WC_Data_Store->__call, WC_Product_Data_Store_CPT->get_product_type, get_the_terms, wp_get_object_terms, get_terms, WP_Term_Query->query, WP_Term_Query->get_terms
[17-Sep-2024 16:10:27 UTC] WordPress database error Commands out of sync; you can't run this command now for query SELECT DISTINCT t.term_id
			 FROM wpgsm_terms AS t  LEFT JOIN wpgsm_termmeta ON ( t.term_id = wpgsm_termmeta.term_id AND wpgsm_termmeta.meta_key='order') INNER JOIN wpgsm_term_taxonomy AS tt ON t.term_id = tt.term_id INNER JOIN wpgsm_term_relationships AS tr ON tr.term_taxonomy_id = tt.term_taxonomy_id
			 WHERE tt.taxonomy IN ('pa_color') AND tr.object_id IN (960) AND ( 
  ( wpgsm_termmeta.meta_key = 'order' OR wpgsm_termmeta.meta_key IS NULL )
)
			 ORDER BY wpgsm_termmeta.meta_value+0 ASC, t.name ASC
			  made by shutdown_action_hook, do_action('shutdown'), WP_Hook->do_action, WP_Hook->apply_filters, WC_Post_Data::do_deferred_product_sync, array_walk, WC_Post_Data::deferred_product_sync, wc_get_product, WC_Product_Factory->get_product, WC_Product_Simple->__construct, WC_Product->__construct, WC_Data_Store->read, WC_Product_Data_Store_CPT->read, WC_Product_Data_Store_CPT->read_attributes, wc_get_object_terms, get_the_terms, wp_get_object_terms, get_terms, WP_Term_Query->query, WP_Term_Query->get_terms
[17-Sep-2024 16:10:27 UTC] WordPress database error Commands out of sync; you can't run this command now for query SELECT DISTINCT t.term_id
			 FROM wpgsm_terms AS t  INNER JOIN wpgsm_term_taxonomy AS tt ON t.term_id = tt.term_id INNER JOIN wpgsm_term_relationships AS tr ON tr.term_taxonomy_id = tt.term_taxonomy_id
			 WHERE tt.taxonomy IN ('product_type') AND tr.object_id IN (961)
			 ORDER BY t.name ASC
			  made by shutdown_action_hook, do_action('shutdown'), WP_Hook->do_action, WP_Hook->apply_filters, WC_Post_Data::do_deferred_product_sync, array_walk, WC_Post_Data::deferred_product_sync, wc_get_product, WC_Product_Factory->get_product, WC_Product_Factory::get_product_type, WC_Data_Store->__call, WC_Product_Data_Store_CPT->get_product_type, get_the_terms, wp_get_object_terms, get_terms, WP_Term_Query->query, WP_Term_Query->get_terms
[17-Sep-2024 16:10:27 UTC] WordPress database error Commands out of sync; you can't run this command now for query SELECT DISTINCT t.term_id
			 FROM wpgsm_terms AS t  LEFT JOIN wpgsm_termmeta ON ( t.term_id = wpgsm_termmeta.term_id AND wpgsm_termmeta.meta_key='order') INNER JOIN wpgsm_term_taxonomy AS tt ON t.term_id = tt.term_id INNER JOIN wpgsm_term_relationships AS tr ON tr.term_taxonomy_id = tt.term_taxonomy_id
			 WHERE tt.taxonomy IN ('pa_color') AND tr.object_id IN (961) AND ( 
  ( wpgsm_termmeta.meta_key = 'order' OR wpgsm_termmeta.meta_key IS NULL )
)
			 ORDER BY wpgsm_termmeta.meta_value+0 ASC, t.name ASC
			  made by shutdown_action_hook, do_action('shutdown'), WP_Hook->do_action, WP_Hook->apply_filters, WC_Post_Data::do_deferred_product_sync, array_walk, WC_Post_Data::deferred_product_sync, wc_get_product, WC_Product_Factory->get_product, WC_Product_Simple->__construct, WC_Product->__construct, WC_Data_Store->read, WC_Product_Data_Store_CPT->read, WC_Product_Data_Store_CPT->read_attributes, wc_get_object_terms, get_the_terms, wp_get_object_terms, get_terms, WP_Term_Query->query, WP_Term_Query->get_terms
[17-Sep-2024 16:10:27 UTC] WordPress database error Commands out of sync; you can't run this command now for query SELECT DISTINCT t.term_id
			 FROM wpgsm_terms AS t  INNER JOIN wpgsm_term_taxonomy AS tt ON t.term_id = tt.term_id INNER JOIN wpgsm_term_relationships AS tr ON tr.term_taxonomy_id = tt.term_taxonomy_id
			 WHERE tt.taxonomy IN ('product_type') AND tr.object_id IN (962)
			 ORDER BY t.name ASC
			  made by shutdown_action_hook, do_action('shutdown'), WP_Hook->do_action, WP_Hook->apply_filters, WC_Post_Data::do_deferred_product_sync, array_walk, WC_Post_Data::deferred_product_sync, wc_get_product, WC_Product_Factory->get_product, WC_Product_Factory::get_product_type, WC_Data_Store->__call, WC_Product_Data_Store_CPT->get_product_type, get_the_terms, wp_get_object_terms, get_terms, WP_Term_Query->query, WP_Term_Query->get_terms
[17-Sep-2024 16:10:27 UTC] WordPress database error Commands out of sync; you can't run this command now for query SELECT DISTINCT t.term_id
			 FROM wpgsm_terms AS t  LEFT JOIN wpgsm_termmeta ON ( t.term_id = wpgsm_termmeta.term_id AND wpgsm_termmeta.meta_key='order') INNER JOIN wpgsm_term_taxonomy AS tt ON t.term_id = tt.term_id INNER JOIN wpgsm_term_relationships AS tr ON tr.term_taxonomy_id = tt.term_taxonomy_id
			 WHERE tt.taxonomy IN ('pa_color') AND tr.object_id IN (962) AND ( 
  ( wpgsm_termmeta.meta_key = 'order' OR wpgsm_termmeta.meta_key IS NULL )
)
			 ORDER BY wpgsm_termmeta.meta_value+0 ASC, t.name ASC
			  made by shutdown_action_hook, do_action('shutdown'), WP_Hook->do_action, WP_Hook->apply_filters, WC_Post_Data::do_deferred_product_sync, array_walk, WC_Post_Data::deferred_product_sync, wc_get_product, WC_Product_Factory->get_product, WC_Product_Simple->__construct, WC_Product->__construct, WC_Data_Store->read, WC_Product_Data_Store_CPT->read, WC_Product_Data_Store_CPT->read_attributes, wc_get_object_terms, get_the_terms, wp_get_object_terms, get_terms, WP_Term_Query->query, WP_Term_Query->get_terms
[17-Sep-2024 16:10:27 UTC] WordPress database error Commands out of sync; you can't run this command now for query SELECT DISTINCT t.term_id
			 FROM wpgsm_terms AS t  INNER JOIN wpgsm_term_taxonomy AS tt ON t.term_id = tt.term_id INNER JOIN wpgsm_term_relationships AS tr ON tr.term_taxonomy_id = tt.term_taxonomy_id
			 WHERE tt.taxonomy IN ('product_type') AND tr.object_id IN (963)
			 ORDER BY t.name ASC
			  made by shutdown_action_hook, do_action('shutdown'), WP_Hook->do_action, WP_Hook->apply_filters, WC_Post_Data::do_deferred_product_sync, array_walk, WC_Post_Data::deferred_product_sync, wc_get_product, WC_Product_Factory->get_product, WC_Product_Factory::get_product_type, WC_Data_Store->__call, WC_Product_Data_Store_CPT->get_product_type, get_the_terms, wp_get_object_terms, get_terms, WP_Term_Query->query, WP_Term_Query->get_terms
[17-Sep-2024 16:10:27 UTC] WordPress database error Commands out of sync; you can't run this command now for query SELECT DISTINCT t.term_id
			 FROM wpgsm_terms AS t  LEFT JOIN wpgsm_termmeta ON ( t.term_id = wpgsm_termmeta.term_id AND wpgsm_termmeta.meta_key='order') INNER JOIN wpgsm_term_taxonomy AS tt ON t.term_id = tt.term_id INNER JOIN wpgsm_term_relationships AS tr ON tr.term_taxonomy_id = tt.term_taxonomy_id
			 WHERE tt.taxonomy IN ('pa_color') AND tr.object_id IN (963) AND ( 
  ( wpgsm_termmeta.meta_key = 'order' OR wpgsm_termmeta.meta_key IS NULL )
)
			 ORDER BY wpgsm_termmeta.meta_value+0 ASC, t.name ASC
			  made by shutdown_action_hook, do_action('shutdown'), WP_Hook->do_action, WP_Hook->apply_filters, WC_Post_Data::do_deferred_product_sync, array_walk, WC_Post_Data::deferred_product_sync, wc_get_product, WC_Product_Factory->get_product, WC_Product_Simple->__construct, WC_Product->__construct, WC_Data_Store->read, WC_Product_Data_Store_CPT->read, WC_Product_Data_Store_CPT->read_attributes, wc_get_object_terms, get_the_terms, wp_get_object_terms, get_terms, WP_Term_Query->query, WP_Term_Query->get_terms
[17-Sep-2024 16:10:27 UTC] WordPress database error Commands out of sync; you can't run this command now for query SELECT DISTINCT t.term_id
			 FROM wpgsm_terms AS t  INNER JOIN wpgsm_term_taxonomy AS tt ON t.term_id = tt.term_id INNER JOIN wpgsm_term_relationships AS tr ON tr.term_taxonomy_id = tt.term_taxonomy_id
			 WHERE tt.taxonomy IN ('product_type') AND tr.object_id IN (964)
			 ORDER BY t.name ASC
			  made by shutdown_action_hook, do_action('shutdown'), WP_Hook->do_action, WP_Hook->apply_filters, WC_Post_Data::do_deferred_product_sync, array_walk, WC_Post_Data::deferred_product_sync, wc_get_product, WC_Product_Factory->get_product, WC_Product_Factory::get_product_type, WC_Data_Store->__call, WC_Product_Data_Store_CPT->get_product_type, get_the_terms, wp_get_object_terms, get_terms, WP_Term_Query->query, WP_Term_Query->get_terms
[17-Sep-2024 16:10:27 UTC] WordPress database error Commands out of sync; you can't run this command now for query SELECT DISTINCT t.term_id
			 FROM wpgsm_terms AS t  LEFT JOIN wpgsm_termmeta ON ( t.term_id = wpgsm_termmeta.term_id AND wpgsm_termmeta.meta_key='order') INNER JOIN wpgsm_term_taxonomy AS tt ON t.term_id = tt.term_id INNER JOIN wpgsm_term_relationships AS tr ON tr.term_taxonomy_id = tt.term_taxonomy_id
			 WHERE tt.taxonomy IN ('pa_color') AND tr.object_id IN (964) AND ( 
  ( wpgsm_termmeta.meta_key = 'order' OR wpgsm_termmeta.meta_key IS NULL )
)
			 ORDER BY wpgsm_termmeta.meta_value+0 ASC, t.name ASC
			  made by shutdown_action_hook, do_action('shutdown'), WP_Hook->do_action, WP_Hook->apply_filters, WC_Post_Data::do_deferred_product_sync, array_walk, WC_Post_Data::deferred_product_sync, wc_get_product, WC_Product_Factory->get_product, WC_Product_Simple->__construct, WC_Product->__construct, WC_Data_Store->read, WC_Product_Data_Store_CPT->read, WC_Product_Data_Store_CPT->read_attributes, wc_get_object_terms, get_the_terms, wp_get_object_terms, get_terms, WP_Term_Query->query, WP_Term_Query->get_terms
[17-Sep-2024 16:10:27 UTC] WordPress database error Commands out of sync; you can't run this command now for query SELECT DISTINCT t.term_id
			 FROM wpgsm_terms AS t  INNER JOIN wpgsm_term_taxonomy AS tt ON t.term_id = tt.term_id INNER JOIN wpgsm_term_relationships AS tr ON tr.term_taxonomy_id = tt.term_taxonomy_id
			 WHERE tt.taxonomy IN ('product_type') AND tr.object_id IN (965)
			 ORDER BY t.name ASC
			  made by shutdown_action_hook, do_action('shutdown'), WP_Hook->do_action, WP_Hook->apply_filters, WC_Post_Data::do_deferred_product_sync, array_walk, WC_Post_Data::deferred_product_sync, wc_get_product, WC_Product_Factory->get_product, WC_Product_Factory::get_product_type, WC_Data_Store->__call, WC_Product_Data_Store_CPT->get_product_type, get_the_terms, wp_get_object_terms, get_terms, WP_Term_Query->query, WP_Term_Query->get_terms
[17-Sep-2024 16:10:27 UTC] WordPress database error Commands out of sync; you can't run this command now for query SELECT DISTINCT t.term_id
			 FROM wpgsm_terms AS t  LEFT JOIN wpgsm_termmeta ON ( t.term_id = wpgsm_termmeta.term_id AND wpgsm_termmeta.meta_key='order') INNER JOIN wpgsm_term_taxonomy AS tt ON t.term_id = tt.term_id INNER JOIN wpgsm_term_relationships AS tr ON tr.term_taxonomy_id = tt.term_taxonomy_id
			 WHERE tt.taxonomy IN ('pa_color') AND tr.object_id IN (965) AND ( 
  ( wpgsm_termmeta.meta_key = 'order' OR wpgsm_termmeta.meta_key IS NULL )
)
			 ORDER BY wpgsm_termmeta.meta_value+0 ASC, t.name ASC
			  made by shutdown_action_hook, do_action('shutdown'), WP_Hook->do_action, WP_Hook->apply_filters, WC_Post_Data::do_deferred_product_sync, array_walk, WC_Post_Data::deferred_product_sync, wc_get_product, WC_Product_Factory->get_product, WC_Product_Simple->__construct, WC_Product->__construct, WC_Data_Store->read, WC_Product_Data_Store_CPT->read, WC_Product_Data_Store_CPT->read_attributes, wc_get_object_terms, get_the_terms, wp_get_object_terms, get_terms, WP_Term_Query->query, WP_Term_Query->get_terms
[17-Sep-2024 16:10:27 UTC] WordPress database error Commands out of sync; you can't run this command now for query SELECT DISTINCT t.term_id
			 FROM wpgsm_terms AS t  INNER JOIN wpgsm_term_taxonomy AS tt ON t.term_id = tt.term_id INNER JOIN wpgsm_term_relationships AS tr ON tr.term_taxonomy_id = tt.term_taxonomy_id
			 WHERE tt.taxonomy IN ('product_type') AND tr.object_id IN (966)
			 ORDER BY t.name ASC
			  made by shutdown_action_hook, do_action('shutdown'), WP_Hook->do_action, WP_Hook->apply_filters, WC_Post_Data::do_deferred_product_sync, array_walk, WC_Post_Data::deferred_product_sync, wc_get_product, WC_Product_Factory->get_product, WC_Product_Factory::get_product_type, WC_Data_Store->__call, WC_Product_Data_Store_CPT->get_product_type, get_the_terms, wp_get_object_terms, get_terms, WP_Term_Query->query, WP_Term_Query->get_terms
[17-Sep-2024 16:10:27 UTC] WordPress database error Commands out of sync; you can't run this command now for query SELECT DISTINCT t.term_id
			 FROM wpgsm_terms AS t  LEFT JOIN wpgsm_termmeta ON ( t.term_id = wpgsm_termmeta.term_id AND wpgsm_termmeta.meta_key='order') INNER JOIN wpgsm_term_taxonomy AS tt ON t.term_id = tt.term_id INNER JOIN wpgsm_term_relationships AS tr ON tr.term_taxonomy_id = tt.term_taxonomy_id
			 WHERE tt.taxonomy IN ('pa_color') AND tr.object_id IN (966) AND ( 
  ( wpgsm_termmeta.meta_key = 'order' OR wpgsm_termmeta.meta_key IS NULL )
)
			 ORDER BY wpgsm_termmeta.meta_value+0 ASC, t.name ASC
			  made by shutdown_action_hook, do_action('shutdown'), WP_Hook->do_action, WP_Hook->apply_filters, WC_Post_Data::do_deferred_product_sync, array_walk, WC_Post_Data::deferred_product_sync, wc_get_product, WC_Product_Factory->get_product, WC_Product_Simple->__construct, WC_Product->__construct, WC_Data_Store->read, WC_Product_Data_Store_CPT->read, WC_Product_Data_Store_CPT->read_attributes, wc_get_object_terms, get_the_terms, wp_get_object_terms, get_terms, WP_Term_Query->query, WP_Term_Query->get_terms
[17-Sep-2024 16:10:27 UTC] WordPress database error Commands out of sync; you can't run this command now for query SELECT DISTINCT t.term_id
			 FROM wpgsm_terms AS t  INNER JOIN wpgsm_term_taxonomy AS tt ON t.term_id = tt.term_id INNER JOIN wpgsm_term_relationships AS tr ON tr.term_taxonomy_id = tt.term_taxonomy_id
			 WHERE tt.taxonomy IN ('product_type') AND tr.object_id IN (967)
			 ORDER BY t.name ASC
			  made by shutdown_action_hook, do_action('shutdown'), WP_Hook->do_action, WP_Hook->apply_filters, WC_Post_Data::do_deferred_product_sync, array_walk, WC_Post_Data::deferred_product_sync, wc_get_product, WC_Product_Factory->get_product, WC_Product_Factory::get_product_type, WC_Data_Store->__call, WC_Product_Data_Store_CPT->get_product_type, get_the_terms, wp_get_object_terms, get_terms, WP_Term_Query->query, WP_Term_Query->get_terms
[17-Sep-2024 16:10:27 UTC] WordPress database error Commands out of sync; you can't run this command now for query SELECT DISTINCT t.term_id
			 FROM wpgsm_terms AS t  LEFT JOIN wpgsm_termmeta ON ( t.term_id = wpgsm_termmeta.term_id AND wpgsm_termmeta.meta_key='order') INNER JOIN wpgsm_term_taxonomy AS tt ON t.term_id = tt.term_id INNER JOIN wpgsm_term_relationships AS tr ON tr.term_taxonomy_id = tt.term_taxonomy_id
			 WHERE tt.taxonomy IN ('pa_color') AND tr.object_id IN (967) AND ( 
  ( wpgsm_termmeta.meta_key = 'order' OR wpgsm_termmeta.meta_key IS NULL )
)
			 ORDER BY wpgsm_termmeta.meta_value+0 ASC, t.name ASC
			  made by shutdown_action_hook, do_action('shutdown'), WP_Hook->do_action, WP_Hook->apply_filters, WC_Post_Data::do_deferred_product_sync, array_walk, WC_Post_Data::deferred_product_sync, wc_get_product, WC_Product_Factory->get_product, WC_Product_Simple->__construct, WC_Product->__construct, WC_Data_Store->read, WC_Product_Data_Store_CPT->read, WC_Product_Data_Store_CPT->read_attributes, wc_get_object_terms, get_the_terms, wp_get_object_terms, get_terms, WP_Term_Query->query, WP_Term_Query->get_terms
[17-Sep-2024 16:10:27 UTC] WordPress database error Commands out of sync; you can't run this command now for query SELECT DISTINCT t.term_id
			 FROM wpgsm_terms AS t  INNER JOIN wpgsm_term_taxonomy AS tt ON t.term_id = tt.term_id INNER JOIN wpgsm_term_relationships AS tr ON tr.term_taxonomy_id = tt.term_taxonomy_id
			 WHERE tt.taxonomy IN ('product_type') AND tr.object_id IN (968)
			 ORDER BY t.name ASC
			  made by shutdown_action_hook, do_action('shutdown'), WP_Hook->do_action, WP_Hook->apply_filters, WC_Post_Data::do_deferred_product_sync, array_walk, WC_Post_Data::deferred_product_sync, wc_get_product, WC_Product_Factory->get_product, WC_Product_Factory::get_product_type, WC_Data_Store->__call, WC_Product_Data_Store_CPT->get_product_type, get_the_terms, wp_get_object_terms, get_terms, WP_Term_Query->query, WP_Term_Query->get_terms
[17-Sep-2024 16:10:27 UTC] WordPress database error Commands out of sync; you can't run this command now for query SELECT DISTINCT t.term_id
			 FROM wpgsm_terms AS t  LEFT JOIN wpgsm_termmeta ON ( t.term_id = wpgsm_termmeta.term_id AND wpgsm_termmeta.meta_key='order') INNER JOIN wpgsm_term_taxonomy AS tt ON t.term_id = tt.term_id INNER JOIN wpgsm_term_relationships AS tr ON tr.term_taxonomy_id = tt.term_taxonomy_id
			 WHERE tt.taxonomy IN ('pa_color') AND tr.object_id IN (968) AND ( 
  ( wpgsm_termmeta.meta_key = 'order' OR wpgsm_termmeta.meta_key IS NULL )
)
			 ORDER BY wpgsm_termmeta.meta_value+0 ASC, t.name ASC
			  made by shutdown_action_hook, do_action('shutdown'), WP_Hook->do_action, WP_Hook->apply_filters, WC_Post_Data::do_deferred_product_sync, array_walk, WC_Post_Data::deferred_product_sync, wc_get_product, WC_Product_Factory->get_product, WC_Product_Simple->__construct, WC_Product->__construct, WC_Data_Store->read, WC_Product_Data_Store_CPT->read, WC_Product_Data_Store_CPT->read_attributes, wc_get_object_terms, get_the_terms, wp_get_object_terms, get_terms, WP_Term_Query->query, WP_Term_Query->get_terms
[17-Sep-2024 16:10:27 UTC] WordPress database error Commands out of sync; you can't run this command now for query SELECT DISTINCT t.term_id
			 FROM wpgsm_terms AS t  INNER JOIN wpgsm_term_taxonomy AS tt ON t.term_id = tt.term_id INNER JOIN wpgsm_term_relationships AS tr ON tr.term_taxonomy_id = tt.term_taxonomy_id
			 WHERE tt.taxonomy IN ('product_type') AND tr.object_id IN (969)
			 ORDER BY t.name ASC
			  made by shutdown_action_hook, do_action('shutdown'), WP_Hook->do_action, WP_Hook->apply_filters, WC_Post_Data::do_deferred_product_sync, array_walk, WC_Post_Data::deferred_product_sync, wc_get_product, WC_Product_Factory->get_product, WC_Product_Factory::get_product_type, WC_Data_Store->__call, WC_Product_Data_Store_CPT->get_product_type, get_the_terms, wp_get_object_terms, get_terms, WP_Term_Query->query, WP_Term_Query->get_terms
[17-Sep-2024 16:10:27 UTC] WordPress database error Commands out of sync; you can't run this command now for query SELECT DISTINCT t.term_id
			 FROM wpgsm_terms AS t  LEFT JOIN wpgsm_termmeta ON ( t.term_id = wpgsm_termmeta.term_id AND wpgsm_termmeta.meta_key='order') INNER JOIN wpgsm_term_taxonomy AS tt ON t.term_id = tt.term_id INNER JOIN wpgsm_term_relationships AS tr ON tr.term_taxonomy_id = tt.term_taxonomy_id
			 WHERE tt.taxonomy IN ('pa_color') AND tr.object_id IN (969) AND ( 
  ( wpgsm_termmeta.meta_key = 'order' OR wpgsm_termmeta.meta_key IS NULL )
)
			 ORDER BY wpgsm_termmeta.meta_value+0 ASC, t.name ASC
			  made by shutdown_action_hook, do_action('shutdown'), WP_Hook->do_action, WP_Hook->apply_filters, WC_Post_Data::do_deferred_product_sync, array_walk, WC_Post_Data::deferred_product_sync, wc_get_product, WC_Product_Factory->get_product, WC_Product_Simple->__construct, WC_Product->__construct, WC_Data_Store->read, WC_Product_Data_Store_CPT->read, WC_Product_Data_Store_CPT->read_attributes, wc_get_object_terms, get_the_terms, wp_get_object_terms, get_terms, WP_Term_Query->query, WP_Term_Query->get_terms
[17-Sep-2024 16:10:27 UTC] WordPress database error Commands out of sync; you can't run this command now for query SELECT DISTINCT t.term_id
			 FROM wpgsm_terms AS t  INNER JOIN wpgsm_term_taxonomy AS tt ON t.term_id = tt.term_id INNER JOIN wpgsm_term_relationships AS tr ON tr.term_taxonomy_id = tt.term_taxonomy_id
			 WHERE tt.taxonomy IN ('product_type') AND tr.object_id IN (970)
			 ORDER BY t.name ASC
			  made by shutdown_action_hook, do_action('shutdown'), WP_Hook->do_action, WP_Hook->apply_filters, WC_Post_Data::do_deferred_product_sync, array_walk, WC_Post_Data::deferred_product_sync, wc_get_product, WC_Product_Factory->get_product, WC_Product_Factory::get_product_type, WC_Data_Store->__call, WC_Product_Data_Store_CPT->get_product_type, get_the_terms, wp_get_object_terms, get_terms, WP_Term_Query->query, WP_Term_Query->get_terms
[17-Sep-2024 16:10:27 UTC] WordPress database error Commands out of sync; you can't run this command now for query SELECT DISTINCT t.term_id
			 FROM wpgsm_terms AS t  LEFT JOIN wpgsm_termmeta ON ( t.term_id = wpgsm_termmeta.term_id AND wpgsm_termmeta.meta_key='order') INNER JOIN wpgsm_term_taxonomy AS tt ON t.term_id = tt.term_id INNER JOIN wpgsm_term_relationships AS tr ON tr.term_taxonomy_id = tt.term_taxonomy_id
			 WHERE tt.taxonomy IN ('pa_color') AND tr.object_id IN (970) AND ( 
  ( wpgsm_termmeta.meta_key = 'order' OR wpgsm_termmeta.meta_key IS NULL )
)
			 ORDER BY wpgsm_termmeta.meta_value+0 ASC, t.name ASC
			  made by shutdown_action_hook, do_action('shutdown'), WP_Hook->do_action, WP_Hook->apply_filters, WC_Post_Data::do_deferred_product_sync, array_walk, WC_Post_Data::deferred_product_sync, wc_get_product, WC_Product_Factory->get_product, WC_Product_Simple->__construct, WC_Product->__construct, WC_Data_Store->read, WC_Product_Data_Store_CPT->read, WC_Product_Data_Store_CPT->read_attributes, wc_get_object_terms, get_the_terms, wp_get_object_terms, get_terms, WP_Term_Query->query, WP_Term_Query->get_terms
[17-Sep-2024 16:10:27 UTC] WordPress database error Commands out of sync; you can't run this command now for query SELECT DISTINCT t.term_id
			 FROM wpgsm_terms AS t  INNER JOIN wpgsm_term_taxonomy AS tt ON t.term_id = tt.term_id INNER JOIN wpgsm_term_relationships AS tr ON tr.term_taxonomy_id = tt.term_taxonomy_id
			 WHERE tt.taxonomy IN ('product_type') AND tr.object_id IN (971)
			 ORDER BY t.name ASC
			  made by shutdown_action_hook, do_action('shutdown'), WP_Hook->do_action, WP_Hook->apply_filters, WC_Post_Data::do_deferred_product_sync, array_walk, WC_Post_Data::deferred_product_sync, wc_get_product, WC_Product_Factory->get_product, WC_Product_Factory::get_product_type, WC_Data_Store->__call, WC_Product_Data_Store_CPT->get_product_type, get_the_terms, wp_get_object_terms, get_terms, WP_Term_Query->query, WP_Term_Query->get_terms
[17-Sep-2024 16:10:27 UTC] WordPress database error Commands out of sync; you can't run this command now for query SELECT DISTINCT t.term_id
			 FROM wpgsm_terms AS t  LEFT JOIN wpgsm_termmeta ON ( t.term_id = wpgsm_termmeta.term_id AND wpgsm_termmeta.meta_key='order') INNER JOIN wpgsm_term_taxonomy AS tt ON t.term_id = tt.term_id INNER JOIN wpgsm_term_relationships AS tr ON tr.term_taxonomy_id = tt.term_taxonomy_id
			 WHERE tt.taxonomy IN ('pa_color') AND tr.object_id IN (971) AND ( 
  ( wpgsm_termmeta.meta_key = 'order' OR wpgsm_termmeta.meta_key IS NULL )
)
			 ORDER BY wpgsm_termmeta.meta_value+0 ASC, t.name ASC
			  made by shutdown_action_hook, do_action('shutdown'), WP_Hook->do_action, WP_Hook->apply_filters, WC_Post_Data::do_deferred_product_sync, array_walk, WC_Post_Data::deferred_product_sync, wc_get_product, WC_Product_Factory->get_product, WC_Product_Simple->__construct, WC_Product->__construct, WC_Data_Store->read, WC_Product_Data_Store_CPT->read, WC_Product_Data_Store_CPT->read_attributes, wc_get_object_terms, get_the_terms, wp_get_object_terms, get_terms, WP_Term_Query->query, WP_Term_Query->get_terms
[17-Sep-2024 16:10:27 UTC] WordPress database error Commands out of sync; you can't run this command now for query SELECT DISTINCT t.term_id
			 FROM wpgsm_terms AS t  INNER JOIN wpgsm_term_taxonomy AS tt ON t.term_id = tt.term_id INNER JOIN wpgsm_term_relationships AS tr ON tr.term_taxonomy_id = tt.term_taxonomy_id
			 WHERE tt.taxonomy IN ('product_type') AND tr.object_id IN (972)
			 ORDER BY t.name ASC
			  made by shutdown_action_hook, do_action('shutdown'), WP_Hook->do_action, WP_Hook->apply_filters, WC_Post_Data::do_deferred_product_sync, array_walk, WC_Post_Data::deferred_product_sync, wc_get_product, WC_Product_Factory->get_product, WC_Product_Factory::get_product_type, WC_Data_Store->__call, WC_Product_Data_Store_CPT->get_product_type, get_the_terms, wp_get_object_terms, get_terms, WP_Term_Query->query, WP_Term_Query->get_terms
[17-Sep-2024 16:10:27 UTC] WordPress database error Commands out of sync; you can't run this command now for query SELECT DISTINCT t.term_id
			 FROM wpgsm_terms AS t  LEFT JOIN wpgsm_termmeta ON ( t.term_id = wpgsm_termmeta.term_id AND wpgsm_termmeta.meta_key='order') INNER JOIN wpgsm_term_taxonomy AS tt ON t.term_id = tt.term_id INNER JOIN wpgsm_term_relationships AS tr ON tr.term_taxonomy_id = tt.term_taxonomy_id
			 WHERE tt.taxonomy IN ('pa_color') AND tr.object_id IN (972) AND ( 
  ( wpgsm_termmeta.meta_key = 'order' OR wpgsm_termmeta.meta_key IS NULL )
)
			 ORDER BY wpgsm_termmeta.meta_value+0 ASC, t.name ASC
			  made by shutdown_action_hook, do_action('shutdown'), WP_Hook->do_action, WP_Hook->apply_filters, WC_Post_Data::do_deferred_product_sync, array_walk, WC_Post_Data::deferred_product_sync, wc_get_product, WC_Product_Factory->get_product, WC_Product_Simple->__construct, WC_Product->__construct, WC_Data_Store->read, WC_Product_Data_Store_CPT->read, WC_Product_Data_Store_CPT->read_attributes, wc_get_object_terms, get_the_terms, wp_get_object_terms, get_terms, WP_Term_Query->query, WP_Term_Query->get_terms
[17-Sep-2024 16:10:27 UTC] WordPress database error Commands out of sync; you can't run this command now for query SELECT DISTINCT t.term_id
			 FROM wpgsm_terms AS t  INNER JOIN wpgsm_term_taxonomy AS tt ON t.term_id = tt.term_id INNER JOIN wpgsm_term_relationships AS tr ON tr.term_taxonomy_id = tt.term_taxonomy_id
			 WHERE tt.taxonomy IN ('product_type') AND tr.object_id IN (973)
			 ORDER BY t.name ASC
			  made by shutdown_action_hook, do_action('shutdown'), WP_Hook->do_action, WP_Hook->apply_filters, WC_Post_Data::do_deferred_product_sync, array_walk, WC_Post_Data::deferred_product_sync, wc_get_product, WC_Product_Factory->get_product, WC_Product_Factory::get_product_type, WC_Data_Store->__call, WC_Product_Data_Store_CPT->get_product_type, get_the_terms, wp_get_object_terms, get_terms, WP_Term_Query->query, WP_Term_Query->get_terms
[17-Sep-2024 16:10:27 UTC] WordPress database error Commands out of sync; you can't run this command now for query SELECT DISTINCT t.term_id
			 FROM wpgsm_terms AS t  LEFT JOIN wpgsm_termmeta ON ( t.term_id = wpgsm_termmeta.term_id AND wpgsm_termmeta.meta_key='order') INNER JOIN wpgsm_term_taxonomy AS tt ON t.term_id = tt.term_id INNER JOIN wpgsm_term_relationships AS tr ON tr.term_taxonomy_id = tt.term_taxonomy_id
			 WHERE tt.taxonomy IN ('pa_color') AND tr.object_id IN (973) AND ( 
  ( wpgsm_termmeta.meta_key = 'order' OR wpgsm_termmeta.meta_key IS NULL )
)
			 ORDER BY wpgsm_termmeta.meta_value+0 ASC, t.name ASC
			  made by shutdown_action_hook, do_action('shutdown'), WP_Hook->do_action, WP_Hook->apply_filters, WC_Post_Data::do_deferred_product_sync, array_walk, WC_Post_Data::deferred_product_sync, wc_get_product, WC_Product_Factory->get_product, WC_Product_Simple->__construct, WC_Product->__construct, WC_Data_Store->read, WC_Product_Data_Store_CPT->read, WC_Product_Data_Store_CPT->read_attributes, wc_get_object_terms, get_the_terms, wp_get_object_terms, get_terms, WP_Term_Query->query, WP_Term_Query->get_terms
[17-Sep-2024 16:10:27 UTC] WordPress database error Commands out of sync; you can't run this command now for query SELECT DISTINCT t.term_id
			 FROM wpgsm_terms AS t  INNER JOIN wpgsm_term_taxonomy AS tt ON t.term_id = tt.term_id INNER JOIN wpgsm_term_relationships AS tr ON tr.term_taxonomy_id = tt.term_taxonomy_id
			 WHERE tt.taxonomy IN ('product_type') AND tr.object_id IN (974)
			 ORDER BY t.name ASC
			  made by shutdown_action_hook, do_action('shutdown'), WP_Hook->do_action, WP_Hook->apply_filters, WC_Post_Data::do_deferred_product_sync, array_walk, WC_Post_Data::deferred_product_sync, wc_get_product, WC_Product_Factory->get_product, WC_Product_Factory::get_product_type, WC_Data_Store->__call, WC_Product_Data_Store_CPT->get_product_type, get_the_terms, wp_get_object_terms, get_terms, WP_Term_Query->query, WP_Term_Query->get_terms
[17-Sep-2024 16:10:27 UTC] WordPress database error Commands out of sync; you can't run this command now for query SELECT DISTINCT t.term_id
			 FROM wpgsm_terms AS t  LEFT JOIN wpgsm_termmeta ON ( t.term_id = wpgsm_termmeta.term_id AND wpgsm_termmeta.meta_key='order') INNER JOIN wpgsm_term_taxonomy AS tt ON t.term_id = tt.term_id INNER JOIN wpgsm_term_relationships AS tr ON tr.term_taxonomy_id = tt.term_taxonomy_id
			 WHERE tt.taxonomy IN ('pa_color') AND tr.object_id IN (974) AND ( 
  ( wpgsm_termmeta.meta_key = 'order' OR wpgsm_termmeta.meta_key IS NULL )
)
			 ORDER BY wpgsm_termmeta.meta_value+0 ASC, t.name ASC
			  made by shutdown_action_hook, do_action('shutdown'), WP_Hook->do_action, WP_Hook->apply_filters, WC_Post_Data::do_deferred_product_sync, array_walk, WC_Post_Data::deferred_product_sync, wc_get_product, WC_Product_Factory->get_product, WC_Product_Simple->__construct, WC_Product->__construct, WC_Data_Store->read, WC_Product_Data_Store_CPT->read, WC_Product_Data_Store_CPT->read_attributes, wc_get_object_terms, get_the_terms, wp_get_object_terms, get_terms, WP_Term_Query->query, WP_Term_Query->get_terms
[17-Sep-2024 16:10:27 UTC] WordPress database error Commands out of sync; you can't run this command now for query SELECT DISTINCT t.term_id
			 FROM wpgsm_terms AS t  INNER JOIN wpgsm_term_taxonomy AS tt ON t.term_id = tt.term_id INNER JOIN wpgsm_term_relationships AS tr ON tr.term_taxonomy_id = tt.term_taxonomy_id
			 WHERE tt.taxonomy IN ('product_type') AND tr.object_id IN (975)
			 ORDER BY t.name ASC
			  made by shutdown_action_hook, do_action('shutdown'), WP_Hook->do_action, WP_Hook->apply_filters, WC_Post_Data::do_deferred_product_sync, array_walk, WC_Post_Data::deferred_product_sync, wc_get_product, WC_Product_Factory->get_product, WC_Product_Factory::get_product_type, WC_Data_Store->__call, WC_Product_Data_Store_CPT->get_product_type, get_the_terms, wp_get_object_terms, get_terms, WP_Term_Query->query, WP_Term_Query->get_terms
[17-Sep-2024 16:10:27 UTC] WordPress database error Commands out of sync; you can't run this command now for query SELECT DISTINCT t.term_id
			 FROM wpgsm_terms AS t  LEFT JOIN wpgsm_termmeta ON ( t.term_id = wpgsm_termmeta.term_id AND wpgsm_termmeta.meta_key='order') INNER JOIN wpgsm_term_taxonomy AS tt ON t.term_id = tt.term_id INNER JOIN wpgsm_term_relationships AS tr ON tr.term_taxonomy_id = tt.term_taxonomy_id
			 WHERE tt.taxonomy IN ('pa_color') AND tr.object_id IN (975) AND ( 
  ( wpgsm_termmeta.meta_key = 'order' OR wpgsm_termmeta.meta_key IS NULL )
)
			 ORDER BY wpgsm_termmeta.meta_value+0 ASC, t.name ASC
			  made by shutdown_action_hook, do_action('shutdown'), WP_Hook->do_action, WP_Hook->apply_filters, WC_Post_Data::do_deferred_product_sync, array_walk, WC_Post_Data::deferred_product_sync, wc_get_product, WC_Product_Factory->get_product, WC_Product_Simple->__construct, WC_Product->__construct, WC_Data_Store->read, WC_Product_Data_Store_CPT->read, WC_Product_Data_Store_CPT->read_attributes, wc_get_object_terms, get_the_terms, wp_get_object_terms, get_terms, WP_Term_Query->query, WP_Term_Query->get_terms
[17-Sep-2024 16:10:27 UTC] WordPress database error Commands out of sync; you can't run this command now for query SELECT DISTINCT t.term_id
			 FROM wpgsm_terms AS t  INNER JOIN wpgsm_term_taxonomy AS tt ON t.term_id = tt.term_id INNER JOIN wpgsm_term_relationships AS tr ON tr.term_taxonomy_id = tt.term_taxonomy_id
			 WHERE tt.taxonomy IN ('product_type') AND tr.object_id IN (976)
			 ORDER BY t.name ASC
			  made by shutdown_action_hook, do_action('shutdown'), WP_Hook->do_action, WP_Hook->apply_filters, WC_Post_Data::do_deferred_product_sync, array_walk, WC_Post_Data::deferred_product_sync, wc_get_product, WC_Product_Factory->get_product, WC_Product_Factory::get_product_type, WC_Data_Store->__call, WC_Product_Data_Store_CPT->get_product_type, get_the_terms, wp_get_object_terms, get_terms, WP_Term_Query->query, WP_Term_Query->get_terms
[17-Sep-2024 16:10:27 UTC] WordPress database error Commands out of sync; you can't run this command now for query SELECT DISTINCT t.term_id
			 FROM wpgsm_terms AS t  LEFT JOIN wpgsm_termmeta ON ( t.term_id = wpgsm_termmeta.term_id AND wpgsm_termmeta.meta_key='order') INNER JOIN wpgsm_term_taxonomy AS tt ON t.term_id = tt.term_id INNER JOIN wpgsm_term_relationships AS tr ON tr.term_taxonomy_id = tt.term_taxonomy_id
			 WHERE tt.taxonomy IN ('pa_color') AND tr.object_id IN (976) AND ( 
  ( wpgsm_termmeta.meta_key = 'order' OR wpgsm_termmeta.meta_key IS NULL )
)
			 ORDER BY wpgsm_termmeta.meta_value+0 ASC, t.name ASC
			  made by shutdown_action_hook, do_action('shutdown'), WP_Hook->do_action, WP_Hook->apply_filters, WC_Post_Data::do_deferred_product_sync, array_walk, WC_Post_Data::deferred_product_sync, wc_get_product, WC_Product_Factory->get_product, WC_Product_Simple->__construct, WC_Product->__construct, WC_Data_Store->read, WC_Product_Data_Store_CPT->read, WC_Product_Data_Store_CPT->read_attributes, wc_get_object_terms, get_the_terms, wp_get_object_terms, get_terms, WP_Term_Query->query, WP_Term_Query->get_terms
[17-Sep-2024 16:10:27 UTC] WordPress database error Commands out of sync; you can't run this command now for query SELECT DISTINCT t.term_id
			 FROM wpgsm_terms AS t  INNER JOIN wpgsm_term_taxonomy AS tt ON t.term_id = tt.term_id INNER JOIN wpgsm_term_relationships AS tr ON tr.term_taxonomy_id = tt.term_taxonomy_id
			 WHERE tt.taxonomy IN ('product_type') AND tr.object_id IN (977)
			 ORDER BY t.name ASC
			  made by shutdown_action_hook, do_action('shutdown'), WP_Hook->do_action, WP_Hook->apply_filters, WC_Post_Data::do_deferred_product_sync, array_walk, WC_Post_Data::deferred_product_sync, wc_get_product, WC_Product_Factory->get_product, WC_Product_Factory::get_product_type, WC_Data_Store->__call, WC_Product_Data_Store_CPT->get_product_type, get_the_terms, wp_get_object_terms, get_terms, WP_Term_Query->query, WP_Term_Query->get_terms
[17-Sep-2024 16:10:27 UTC] WordPress database error Commands out of sync; you can't run this command now for query SELECT DISTINCT t.term_id
			 FROM wpgsm_terms AS t  LEFT JOIN wpgsm_termmeta ON ( t.term_id = wpgsm_termmeta.term_id AND wpgsm_termmeta.meta_key='order') INNER JOIN wpgsm_term_taxonomy AS tt ON t.term_id = tt.term_id INNER JOIN wpgsm_term_relationships AS tr ON tr.term_taxonomy_id = tt.term_taxonomy_id
			 WHERE tt.taxonomy IN ('pa_color') AND tr.object_id IN (977) AND ( 
  ( wpgsm_termmeta.meta_key = 'order' OR wpgsm_termmeta.meta_key IS NULL )
)
			 ORDER BY wpgsm_termmeta.meta_value+0 ASC, t.name ASC
			  made by shutdown_action_hook, do_action('shutdown'), WP_Hook->do_action, WP_Hook->apply_filters, WC_Post_Data::do_deferred_product_sync, array_walk, WC_Post_Data::deferred_product_sync, wc_get_product, WC_Product_Factory->get_product, WC_Product_Simple->__construct, WC_Product->__construct, WC_Data_Store->read, WC_Product_Data_Store_CPT->read, WC_Product_Data_Store_CPT->read_attributes, wc_get_object_terms, get_the_terms, wp_get_object_terms, get_terms, WP_Term_Query->query, WP_Term_Query->get_terms
[17-Sep-2024 16:10:27 UTC] WordPress database error Commands out of sync; you can't run this command now for query SELECT DISTINCT t.term_id
			 FROM wpgsm_terms AS t  INNER JOIN wpgsm_term_taxonomy AS tt ON t.term_id = tt.term_id INNER JOIN wpgsm_term_relationships AS tr ON tr.term_taxonomy_id = tt.term_taxonomy_id
			 WHERE tt.taxonomy IN ('product_type') AND tr.object_id IN (978)
			 ORDER BY t.name ASC
			  made by shutdown_action_hook, do_action('shutdown'), WP_Hook->do_action, WP_Hook->apply_filters, WC_Post_Data::do_deferred_product_sync, array_walk, WC_Post_Data::deferred_product_sync, wc_get_product, WC_Product_Factory->get_product, WC_Product_Factory::get_product_type, WC_Data_Store->__call, WC_Product_Data_Store_CPT->get_product_type, get_the_terms, wp_get_object_terms, get_terms, WP_Term_Query->query, WP_Term_Query->get_terms
[17-Sep-2024 16:10:27 UTC] WordPress database error Commands out of sync; you can't run this command now for query SELECT DISTINCT t.term_id
			 FROM wpgsm_terms AS t  LEFT JOIN wpgsm_termmeta ON ( t.term_id = wpgsm_termmeta.term_id AND wpgsm_termmeta.meta_key='order') INNER JOIN wpgsm_term_taxonomy AS tt ON t.term_id = tt.term_id INNER JOIN wpgsm_term_relationships AS tr ON tr.term_taxonomy_id = tt.term_taxonomy_id
			 WHERE tt.taxonomy IN ('pa_color') AND tr.object_id IN (978) AND ( 
  ( wpgsm_termmeta.meta_key = 'order' OR wpgsm_termmeta.meta_key IS NULL )
)
			 ORDER BY wpgsm_termmeta.meta_value+0 ASC, t.name ASC
			  made by shutdown_action_hook, do_action('shutdown'), WP_Hook->do_action, WP_Hook->apply_filters, WC_Post_Data::do_deferred_product_sync, array_walk, WC_Post_Data::deferred_product_sync, wc_get_product, WC_Product_Factory->get_product, WC_Product_Simple->__construct, WC_Product->__construct, WC_Data_Store->read, WC_Product_Data_Store_CPT->read, WC_Product_Data_Store_CPT->read_attributes, wc_get_object_terms, get_the_terms, wp_get_object_terms, get_terms, WP_Term_Query->query, WP_Term_Query->get_terms
[17-Sep-2024 16:10:27 UTC] WordPress database error Commands out of sync; you can't run this command now for query SELECT DISTINCT t.term_id
			 FROM wpgsm_terms AS t  INNER JOIN wpgsm_term_taxonomy AS tt ON t.term_id = tt.term_id INNER JOIN wpgsm_term_relationships AS tr ON tr.term_taxonomy_id = tt.term_taxonomy_id
			 WHERE tt.taxonomy IN ('product_type') AND tr.object_id IN (979)
			 ORDER BY t.name ASC
			  made by shutdown_action_hook, do_action('shutdown'), WP_Hook->do_action, WP_Hook->apply_filters, WC_Post_Data::do_deferred_product_sync, array_walk, WC_Post_Data::deferred_product_sync, wc_get_product, WC_Product_Factory->get_product, WC_Product_Factory::get_product_type, WC_Data_Store->__call, WC_Product_Data_Store_CPT->get_product_type, get_the_terms, wp_get_object_terms, get_terms, WP_Term_Query->query, WP_Term_Query->get_terms
[17-Sep-2024 16:10:27 UTC] WordPress database error Commands out of sync; you can't run this command now for query SELECT DISTINCT t.term_id
			 FROM wpgsm_terms AS t  LEFT JOIN wpgsm_termmeta ON ( t.term_id = wpgsm_termmeta.term_id AND wpgsm_termmeta.meta_key='order') INNER JOIN wpgsm_term_taxonomy AS tt ON t.term_id = tt.term_id INNER JOIN wpgsm_term_relationships AS tr ON tr.term_taxonomy_id = tt.term_taxonomy_id
			 WHERE tt.taxonomy IN ('pa_color') AND tr.object_id IN (979) AND ( 
  ( wpgsm_termmeta.meta_key = 'order' OR wpgsm_termmeta.meta_key IS NULL )
)
			 ORDER BY wpgsm_termmeta.meta_value+0 ASC, t.name ASC
			  made by shutdown_action_hook, do_action('shutdown'), WP_Hook->do_action, WP_Hook->apply_filters, WC_Post_Data::do_deferred_product_sync, array_walk, WC_Post_Data::deferred_product_sync, wc_get_product, WC_Product_Factory->get_product, WC_Product_Simple->__construct, WC_Product->__construct, WC_Data_Store->read, WC_Product_Data_Store_CPT->read, WC_Product_Data_Store_CPT->read_attributes, wc_get_object_terms, get_the_terms, wp_get_object_terms, get_terms, WP_Term_Query->query, WP_Term_Query->get_terms
[17-Sep-2024 16:10:27 UTC] WordPress database error Commands out of sync; you can't run this command now for query SELECT DISTINCT t.term_id
			 FROM wpgsm_terms AS t  INNER JOIN wpgsm_term_taxonomy AS tt ON t.term_id = tt.term_id INNER JOIN wpgsm_term_relationships AS tr ON tr.term_taxonomy_id = tt.term_taxonomy_id
			 WHERE tt.taxonomy IN ('product_type') AND tr.object_id IN (980)
			 ORDER BY t.name ASC
			  made by shutdown_action_hook, do_action('shutdown'), WP_Hook->do_action, WP_Hook->apply_filters, WC_Post_Data::do_deferred_product_sync, array_walk, WC_Post_Data::deferred_product_sync, wc_get_product, WC_Product_Factory->get_product, WC_Product_Factory::get_product_type, WC_Data_Store->__call, WC_Product_Data_Store_CPT->get_product_type, get_the_terms, wp_get_object_terms, get_terms, WP_Term_Query->query, WP_Term_Query->get_terms
[17-Sep-2024 16:10:27 UTC] WordPress database error Commands out of sync; you can't run this command now for query SELECT DISTINCT t.term_id
			 FROM wpgsm_terms AS t  LEFT JOIN wpgsm_termmeta ON ( t.term_id = wpgsm_termmeta.term_id AND wpgsm_termmeta.meta_key='order') INNER JOIN wpgsm_term_taxonomy AS tt ON t.term_id = tt.term_id INNER JOIN wpgsm_term_relationships AS tr ON tr.term_taxonomy_id = tt.term_taxonomy_id
			 WHERE tt.taxonomy IN ('pa_color') AND tr.object_id IN (980) AND ( 
  ( wpgsm_termmeta.meta_key = 'order' OR wpgsm_termmeta.meta_key IS NULL )
)
			 ORDER BY wpgsm_termmeta.meta_value+0 ASC, t.name ASC
			  made by shutdown_action_hook, do_action('shutdown'), WP_Hook->do_action, WP_Hook->apply_filters, WC_Post_Data::do_deferred_product_sync, array_walk, WC_Post_Data::deferred_product_sync, wc_get_product, WC_Product_Factory->get_product, WC_Product_Simple->__construct, WC_Product->__construct, WC_Data_Store->read, WC_Product_Data_Store_CPT->read, WC_Product_Data_Store_CPT->read_attributes, wc_get_object_terms, get_the_terms, wp_get_object_terms, get_terms, WP_Term_Query->query, WP_Term_Query->get_terms
[17-Sep-2024 16:10:27 UTC] WordPress database error Commands out of sync; you can't run this command now for query SELECT DISTINCT t.term_id
			 FROM wpgsm_terms AS t  INNER JOIN wpgsm_term_taxonomy AS tt ON t.term_id = tt.term_id INNER JOIN wpgsm_term_relationships AS tr ON tr.term_taxonomy_id = tt.term_taxonomy_id
			 WHERE tt.taxonomy IN ('product_type') AND tr.object_id IN (981)
			 ORDER BY t.name ASC
			  made by shutdown_action_hook, do_action('shutdown'), WP_Hook->do_action, WP_Hook->apply_filters, WC_Post_Data::do_deferred_product_sync, array_walk, WC_Post_Data::deferred_product_sync, wc_get_product, WC_Product_Factory->get_product, WC_Product_Factory::get_product_type, WC_Data_Store->__call, WC_Product_Data_Store_CPT->get_product_type, get_the_terms, wp_get_object_terms, get_terms, WP_Term_Query->query, WP_Term_Query->get_terms
[17-Sep-2024 16:10:27 UTC] WordPress database error Commands out of sync; you can't run this command now for query SELECT DISTINCT t.term_id
			 FROM wpgsm_terms AS t  LEFT JOIN wpgsm_termmeta ON ( t.term_id = wpgsm_termmeta.term_id AND wpgsm_termmeta.meta_key='order') INNER JOIN wpgsm_term_taxonomy AS tt ON t.term_id = tt.term_id INNER JOIN wpgsm_term_relationships AS tr ON tr.term_taxonomy_id = tt.term_taxonomy_id
			 WHERE tt.taxonomy IN ('pa_color') AND tr.object_id IN (981) AND ( 
  ( wpgsm_termmeta.meta_key = 'order' OR wpgsm_termmeta.meta_key IS NULL )
)
			 ORDER BY wpgsm_termmeta.meta_value+0 ASC, t.name ASC
			  made by shutdown_action_hook, do_action('shutdown'), WP_Hook->do_action, WP_Hook->apply_filters, WC_Post_Data::do_deferred_product_sync, array_walk, WC_Post_Data::deferred_product_sync, wc_get_product, WC_Product_Factory->get_product, WC_Product_Simple->__construct, WC_Product->__construct, WC_Data_Store->read, WC_Product_Data_Store_CPT->read, WC_Product_Data_Store_CPT->read_attributes, wc_get_object_terms, get_the_terms, wp_get_object_terms, get_terms, WP_Term_Query->query, WP_Term_Query->get_terms
[17-Sep-2024 16:10:27 UTC] WordPress database error Commands out of sync; you can't run this command now for query SELECT DISTINCT t.term_id
			 FROM wpgsm_terms AS t  INNER JOIN wpgsm_term_taxonomy AS tt ON t.term_id = tt.term_id INNER JOIN wpgsm_term_relationships AS tr ON tr.term_taxonomy_id = tt.term_taxonomy_id
			 WHERE tt.taxonomy IN ('product_type') AND tr.object_id IN (982)
			 ORDER BY t.name ASC
			  made by shutdown_action_hook, do_action('shutdown'), WP_Hook->do_action, WP_Hook->apply_filters, WC_Post_Data::do_deferred_product_sync, array_walk, WC_Post_Data::deferred_product_sync, wc_get_product, WC_Product_Factory->get_product, WC_Product_Factory::get_product_type, WC_Data_Store->__call, WC_Product_Data_Store_CPT->get_product_type, get_the_terms, wp_get_object_terms, get_terms, WP_Term_Query->query, WP_Term_Query->get_terms
[17-Sep-2024 16:10:27 UTC] WordPress database error Commands out of sync; you can't run this command now for query SELECT DISTINCT t.term_id
			 FROM wpgsm_terms AS t  LEFT JOIN wpgsm_termmeta ON ( t.term_id = wpgsm_termmeta.term_id AND wpgsm_termmeta.meta_key='order') INNER JOIN wpgsm_term_taxonomy AS tt ON t.term_id = tt.term_id INNER JOIN wpgsm_term_relationships AS tr ON tr.term_taxonomy_id = tt.term_taxonomy_id
			 WHERE tt.taxonomy IN ('pa_color') AND tr.object_id IN (982) AND ( 
  ( wpgsm_termmeta.meta_key = 'order' OR wpgsm_termmeta.meta_key IS NULL )
)
			 ORDER BY wpgsm_termmeta.meta_value+0 ASC, t.name ASC
			  made by shutdown_action_hook, do_action('shutdown'), WP_Hook->do_action, WP_Hook->apply_filters, WC_Post_Data::do_deferred_product_sync, array_walk, WC_Post_Data::deferred_product_sync, wc_get_product, WC_Product_Factory->get_product, WC_Product_Simple->__construct, WC_Product->__construct, WC_Data_Store->read, WC_Product_Data_Store_CPT->read, WC_Product_Data_Store_CPT->read_attributes, wc_get_object_terms, get_the_terms, wp_get_object_terms, get_terms, WP_Term_Query->query, WP_Term_Query->get_terms
[17-Sep-2024 16:10:27 UTC] WordPress database error Commands out of sync; you can't run this command now for query SELECT DISTINCT t.term_id
			 FROM wpgsm_terms AS t  INNER JOIN wpgsm_term_taxonomy AS tt ON t.term_id = tt.term_id INNER JOIN wpgsm_term_relationships AS tr ON tr.term_taxonomy_id = tt.term_taxonomy_id
			 WHERE tt.taxonomy IN ('product_type') AND tr.object_id IN (983)
			 ORDER BY t.name ASC
			  made by shutdown_action_hook, do_action('shutdown'), WP_Hook->do_action, WP_Hook->apply_filters, WC_Post_Data::do_deferred_product_sync, array_walk, WC_Post_Data::deferred_product_sync, wc_get_product, WC_Product_Factory->get_product, WC_Product_Factory::get_product_type, WC_Data_Store->__call, WC_Product_Data_Store_CPT->get_product_type, get_the_terms, wp_get_object_terms, get_terms, WP_Term_Query->query, WP_Term_Query->get_terms
[17-Sep-2024 16:10:27 UTC] WordPress database error Commands out of sync; you can't run this command now for query SELECT DISTINCT t.term_id
			 FROM wpgsm_terms AS t  LEFT JOIN wpgsm_termmeta ON ( t.term_id = wpgsm_termmeta.term_id AND wpgsm_termmeta.meta_key='order') INNER JOIN wpgsm_term_taxonomy AS tt ON t.term_id = tt.term_id INNER JOIN wpgsm_term_relationships AS tr ON tr.term_taxonomy_id = tt.term_taxonomy_id
			 WHERE tt.taxonomy IN ('pa_color') AND tr.object_id IN (983) AND ( 
  ( wpgsm_termmeta.meta_key = 'order' OR wpgsm_termmeta.meta_key IS NULL )
)
			 ORDER BY wpgsm_termmeta.meta_value+0 ASC, t.name ASC
			  made by shutdown_action_hook, do_action('shutdown'), WP_Hook->do_action, WP_Hook->apply_filters, WC_Post_Data::do_deferred_product_sync, array_walk, WC_Post_Data::deferred_product_sync, wc_get_product, WC_Product_Factory->get_product, WC_Product_Simple->__construct, WC_Product->__construct, WC_Data_Store->read, WC_Product_Data_Store_CPT->read, WC_Product_Data_Store_CPT->read_attributes, wc_get_object_terms, get_the_terms, wp_get_object_terms, get_terms, WP_Term_Query->query, WP_Term_Query->get_terms
[17-Sep-2024 16:10:27 UTC] WordPress database error Commands out of sync; you can't run this command now for query SELECT DISTINCT t.term_id
			 FROM wpgsm_terms AS t  INNER JOIN wpgsm_term_taxonomy AS tt ON t.term_id = tt.term_id INNER JOIN wpgsm_term_relationships AS tr ON tr.term_taxonomy_id = tt.term_taxonomy_id
			 WHERE tt.taxonomy IN ('product_type') AND tr.object_id IN (984)
			 ORDER BY t.name ASC
			  made by shutdown_action_hook, do_action('shutdown'), WP_Hook->do_action, WP_Hook->apply_filters, WC_Post_Data::do_deferred_product_sync, array_walk, WC_Post_Data::deferred_product_sync, wc_get_product, WC_Product_Factory->get_product, WC_Product_Factory::get_product_type, WC_Data_Store->__call, WC_Product_Data_Store_CPT->get_product_type, get_the_terms, wp_get_object_terms, get_terms, WP_Term_Query->query, WP_Term_Query->get_terms
[17-Sep-2024 16:10:27 UTC] WordPress database error Commands out of sync; you can't run this command now for query SELECT DISTINCT t.term_id
			 FROM wpgsm_terms AS t  LEFT JOIN wpgsm_termmeta ON ( t.term_id = wpgsm_termmeta.term_id AND wpgsm_termmeta.meta_key='order') INNER JOIN wpgsm_term_taxonomy AS tt ON t.term_id = tt.term_id INNER JOIN wpgsm_term_relationships AS tr ON tr.term_taxonomy_id = tt.term_taxonomy_id
			 WHERE tt.taxonomy IN ('pa_color') AND tr.object_id IN (984) AND ( 
  ( wpgsm_termmeta.meta_key = 'order' OR wpgsm_termmeta.meta_key IS NULL )
)
			 ORDER BY wpgsm_termmeta.meta_value+0 ASC, t.name ASC
			  made by shutdown_action_hook, do_action('shutdown'), WP_Hook->do_action, WP_Hook->apply_filters, WC_Post_Data::do_deferred_product_sync, array_walk, WC_Post_Data::deferred_product_sync, wc_get_product, WC_Product_Factory->get_product, WC_Product_Simple->__construct, WC_Product->__construct, WC_Data_Store->read, WC_Product_Data_Store_CPT->read, WC_Product_Data_Store_CPT->read_attributes, wc_get_object_terms, get_the_terms, wp_get_object_terms, get_terms, WP_Term_Query->query, WP_Term_Query->get_terms
[17-Sep-2024 16:10:27 UTC] WordPress database error Commands out of sync; you can't run this command now for query SELECT DISTINCT t.term_id
			 FROM wpgsm_terms AS t  INNER JOIN wpgsm_term_taxonomy AS tt ON t.term_id = tt.term_id INNER JOIN wpgsm_term_relationships AS tr ON tr.term_taxonomy_id = tt.term_taxonomy_id
			 WHERE tt.taxonomy IN ('product_type') AND tr.object_id IN (985)
			 ORDER BY t.name ASC
			  made by shutdown_action_hook, do_action('shutdown'), WP_Hook->do_action, WP_Hook->apply_filters, WC_Post_Data::do_deferred_product_sync, array_walk, WC_Post_Data::deferred_product_sync, wc_get_product, WC_Product_Factory->get_product, WC_Product_Factory::get_product_type, WC_Data_Store->__call, WC_Product_Data_Store_CPT->get_product_type, get_the_terms, wp_get_object_terms, get_terms, WP_Term_Query->query, WP_Term_Query->get_terms
[17-Sep-2024 16:10:27 UTC] WordPress database error Commands out of sync; you can't run this command now for query SELECT DISTINCT t.term_id
			 FROM wpgsm_terms AS t  LEFT JOIN wpgsm_termmeta ON ( t.term_id = wpgsm_termmeta.term_id AND wpgsm_termmeta.meta_key='order') INNER JOIN wpgsm_term_taxonomy AS tt ON t.term_id = tt.term_id INNER JOIN wpgsm_term_relationships AS tr ON tr.term_taxonomy_id = tt.term_taxonomy_id
			 WHERE tt.taxonomy IN ('pa_color') AND tr.object_id IN (985) AND ( 
  ( wpgsm_termmeta.meta_key = 'order' OR wpgsm_termmeta.meta_key IS NULL )
)
			 ORDER BY wpgsm_termmeta.meta_value+0 ASC, t.name ASC
			  made by shutdown_action_hook, do_action('shutdown'), WP_Hook->do_action, WP_Hook->apply_filters, WC_Post_Data::do_deferred_product_sync, array_walk, WC_Post_Data::deferred_product_sync, wc_get_product, WC_Product_Factory->get_product, WC_Product_Simple->__construct, WC_Product->__construct, WC_Data_Store->read, WC_Product_Data_Store_CPT->read, WC_Product_Data_Store_CPT->read_attributes, wc_get_object_terms, get_the_terms, wp_get_object_terms, get_terms, WP_Term_Query->query, WP_Term_Query->get_terms
[17-Sep-2024 16:10:27 UTC] WordPress database error Commands out of sync; you can't run this command now for query SELECT DISTINCT t.term_id
			 FROM wpgsm_terms AS t  INNER JOIN wpgsm_term_taxonomy AS tt ON t.term_id = tt.term_id INNER JOIN wpgsm_term_relationships AS tr ON tr.term_taxonomy_id = tt.term_taxonomy_id
			 WHERE tt.taxonomy IN ('product_type') AND tr.object_id IN (986)
			 ORDER BY t.name ASC
			  made by shutdown_action_hook, do_action('shutdown'), WP_Hook->do_action, WP_Hook->apply_filters, WC_Post_Data::do_deferred_product_sync, array_walk, WC_Post_Data::deferred_product_sync, wc_get_product, WC_Product_Factory->get_product, WC_Product_Factory::get_product_type, WC_Data_Store->__call, WC_Product_Data_Store_CPT->get_product_type, get_the_terms, wp_get_object_terms, get_terms, WP_Term_Query->query, WP_Term_Query->get_terms
[17-Sep-2024 16:10:27 UTC] WordPress database error Commands out of sync; you can't run this command now for query SELECT DISTINCT t.term_id
			 FROM wpgsm_terms AS t  LEFT JOIN wpgsm_termmeta ON ( t.term_id = wpgsm_termmeta.term_id AND wpgsm_termmeta.meta_key='order') INNER JOIN wpgsm_term_taxonomy AS tt ON t.term_id = tt.term_id INNER JOIN wpgsm_term_relationships AS tr ON tr.term_taxonomy_id = tt.term_taxonomy_id
			 WHERE tt.taxonomy IN ('pa_color') AND tr.object_id IN (986) AND ( 
  ( wpgsm_termmeta.meta_key = 'order' OR wpgsm_termmeta.meta_key IS NULL )
)
			 ORDER BY wpgsm_termmeta.meta_value+0 ASC, t.name ASC
			  made by shutdown_action_hook, do_action('shutdown'), WP_Hook->do_action, WP_Hook->apply_filters, WC_Post_Data::do_deferred_product_sync, array_walk, WC_Post_Data::deferred_product_sync, wc_get_product, WC_Product_Factory->get_product, WC_Product_Simple->__construct, WC_Product->__construct, WC_Data_Store->read, WC_Product_Data_Store_CPT->read, WC_Product_Data_Store_CPT->read_attributes, wc_get_object_terms, get_the_terms, wp_get_object_terms, get_terms, WP_Term_Query->query, WP_Term_Query->get_terms
[17-Sep-2024 16:10:27 UTC] WordPress database error Commands out of sync; you can't run this command now for query SELECT DISTINCT t.term_id
			 FROM wpgsm_terms AS t  INNER JOIN wpgsm_term_taxonomy AS tt ON t.term_id = tt.term_id INNER JOIN wpgsm_term_relationships AS tr ON tr.term_taxonomy_id = tt.term_taxonomy_id
			 WHERE tt.taxonomy IN ('product_type') AND tr.object_id IN (987)
			 ORDER BY t.name ASC
			  made by shutdown_action_hook, do_action('shutdown'), WP_Hook->do_action, WP_Hook->apply_filters, WC_Post_Data::do_deferred_product_sync, array_walk, WC_Post_Data::deferred_product_sync, wc_get_product, WC_Product_Factory->get_product, WC_Product_Factory::get_product_type, WC_Data_Store->__call, WC_Product_Data_Store_CPT->get_product_type, get_the_terms, wp_get_object_terms, get_terms, WP_Term_Query->query, WP_Term_Query->get_terms
[17-Sep-2024 16:10:27 UTC] WordPress database error Commands out of sync; you can't run this command now for query SELECT DISTINCT t.term_id
			 FROM wpgsm_terms AS t  LEFT JOIN wpgsm_termmeta ON ( t.term_id = wpgsm_termmeta.term_id AND wpgsm_termmeta.meta_key='order') INNER JOIN wpgsm_term_taxonomy AS tt ON t.term_id = tt.term_id INNER JOIN wpgsm_term_relationships AS tr ON tr.term_taxonomy_id = tt.term_taxonomy_id
			 WHERE tt.taxonomy IN ('pa_color') AND tr.object_id IN (987) AND ( 
  ( wpgsm_termmeta.meta_key = 'order' OR wpgsm_termmeta.meta_key IS NULL )
)
			 ORDER BY wpgsm_termmeta.meta_value+0 ASC, t.name ASC
			  made by shutdown_action_hook, do_action('shutdown'), WP_Hook->do_action, WP_Hook->apply_filters, WC_Post_Data::do_deferred_product_sync, array_walk, WC_Post_Data::deferred_product_sync, wc_get_product, WC_Product_Factory->get_product, WC_Product_Simple->__construct, WC_Product->__construct, WC_Data_Store->read, WC_Product_Data_Store_CPT->read, WC_Product_Data_Store_CPT->read_attributes, wc_get_object_terms, get_the_terms, wp_get_object_terms, get_terms, WP_Term_Query->query, WP_Term_Query->get_terms
[17-Sep-2024 16:10:27 UTC] WordPress database error Commands out of sync; you can't run this command now for query SELECT DISTINCT t.term_id
			 FROM wpgsm_terms AS t  INNER JOIN wpgsm_term_taxonomy AS tt ON t.term_id = tt.term_id INNER JOIN wpgsm_term_relationships AS tr ON tr.term_taxonomy_id = tt.term_taxonomy_id
			 WHERE tt.taxonomy IN ('product_type') AND tr.object_id IN (988)
			 ORDER BY t.name ASC
			  made by shutdown_action_hook, do_action('shutdown'), WP_Hook->do_action, WP_Hook->apply_filters, WC_Post_Data::do_deferred_product_sync, array_walk, WC_Post_Data::deferred_product_sync, wc_get_product, WC_Product_Factory->get_product, WC_Product_Factory::get_product_type, WC_Data_Store->__call, WC_Product_Data_Store_CPT->get_product_type, get_the_terms, wp_get_object_terms, get_terms, WP_Term_Query->query, WP_Term_Query->get_terms
[17-Sep-2024 16:10:27 UTC] WordPress database error Commands out of sync; you can't run this command now for query SELECT DISTINCT t.term_id
			 FROM wpgsm_terms AS t  LEFT JOIN wpgsm_termmeta ON ( t.term_id = wpgsm_termmeta.term_id AND wpgsm_termmeta.meta_key='order') INNER JOIN wpgsm_term_taxonomy AS tt ON t.term_id = tt.term_id INNER JOIN wpgsm_term_relationships AS tr ON tr.term_taxonomy_id = tt.term_taxonomy_id
			 WHERE tt.taxonomy IN ('pa_color') AND tr.object_id IN (988) AND ( 
  ( wpgsm_termmeta.meta_key = 'order' OR wpgsm_termmeta.meta_key IS NULL )
)
			 ORDER BY wpgsm_termmeta.meta_value+0 ASC, t.name ASC
			  made by shutdown_action_hook, do_action('shutdown'), WP_Hook->do_action, WP_Hook->apply_filters, WC_Post_Data::do_deferred_product_sync, array_walk, WC_Post_Data::deferred_product_sync, wc_get_product, WC_Product_Factory->get_product, WC_Product_Simple->__construct, WC_Product->__construct, WC_Data_Store->read, WC_Product_Data_Store_CPT->read, WC_Product_Data_Store_CPT->read_attributes, wc_get_object_terms, get_the_terms, wp_get_object_terms, get_terms, WP_Term_Query->query, WP_Term_Query->get_terms
[17-Sep-2024 16:10:27 UTC] WordPress database error Commands out of sync; you can't run this command now for query SELECT DISTINCT t.term_id
			 FROM wpgsm_terms AS t  INNER JOIN wpgsm_term_taxonomy AS tt ON t.term_id = tt.term_id INNER JOIN wpgsm_term_relationships AS tr ON tr.term_taxonomy_id = tt.term_taxonomy_id
			 WHERE tt.taxonomy IN ('product_type') AND tr.object_id IN (989)
			 ORDER BY t.name ASC
			  made by shutdown_action_hook, do_action('shutdown'), WP_Hook->do_action, WP_Hook->apply_filters, WC_Post_Data::do_deferred_product_sync, array_walk, WC_Post_Data::deferred_product_sync, wc_get_product, WC_Product_Factory->get_product, WC_Product_Factory::get_product_type, WC_Data_Store->__call, WC_Product_Data_Store_CPT->get_product_type, get_the_terms, wp_get_object_terms, get_terms, WP_Term_Query->query, WP_Term_Query->get_terms
[17-Sep-2024 16:10:27 UTC] WordPress database error Commands out of sync; you can't run this command now for query SELECT DISTINCT t.term_id
			 FROM wpgsm_terms AS t  LEFT JOIN wpgsm_termmeta ON ( t.term_id = wpgsm_termmeta.term_id AND wpgsm_termmeta.meta_key='order') INNER JOIN wpgsm_term_taxonomy AS tt ON t.term_id = tt.term_id INNER JOIN wpgsm_term_relationships AS tr ON tr.term_taxonomy_id = tt.term_taxonomy_id
			 WHERE tt.taxonomy IN ('pa_color') AND tr.object_id IN (989) AND ( 
  ( wpgsm_termmeta.meta_key = 'order' OR wpgsm_termmeta.meta_key IS NULL )
)
			 ORDER BY wpgsm_termmeta.meta_value+0 ASC, t.name ASC
			  made by shutdown_action_hook, do_action('shutdown'), WP_Hook->do_action, WP_Hook->apply_filters, WC_Post_Data::do_deferred_product_sync, array_walk, WC_Post_Data::deferred_product_sync, wc_get_product, WC_Product_Factory->get_product, WC_Product_Simple->__construct, WC_Product->__construct, WC_Data_Store->read, WC_Product_Data_Store_CPT->read, WC_Product_Data_Store_CPT->read_attributes, wc_get_object_terms, get_the_terms, wp_get_object_terms, get_terms, WP_Term_Query->query, WP_Term_Query->get_terms
[17-Sep-2024 16:10:27 UTC] WordPress database error Commands out of sync; you can't run this command now for query SELECT DISTINCT t.term_id
			 FROM wpgsm_terms AS t  INNER JOIN wpgsm_term_taxonomy AS tt ON t.term_id = tt.term_id INNER JOIN wpgsm_term_relationships AS tr ON tr.term_taxonomy_id = tt.term_taxonomy_id
			 WHERE tt.taxonomy IN ('product_type') AND tr.object_id IN (990)
			 ORDER BY t.name ASC
			  made by shutdown_action_hook, do_action('shutdown'), WP_Hook->do_action, WP_Hook->apply_filters, WC_Post_Data::do_deferred_product_sync, array_walk, WC_Post_Data::deferred_product_sync, wc_get_product, WC_Product_Factory->get_product, WC_Product_Factory::get_product_type, WC_Data_Store->__call, WC_Product_Data_Store_CPT->get_product_type, get_the_terms, wp_get_object_terms, get_terms, WP_Term_Query->query, WP_Term_Query->get_terms
[17-Sep-2024 16:10:27 UTC] WordPress database error Commands out of sync; you can't run this command now for query SELECT DISTINCT t.term_id
			 FROM wpgsm_terms AS t  LEFT JOIN wpgsm_termmeta ON ( t.term_id = wpgsm_termmeta.term_id AND wpgsm_termmeta.meta_key='order') INNER JOIN wpgsm_term_taxonomy AS tt ON t.term_id = tt.term_id INNER JOIN wpgsm_term_relationships AS tr ON tr.term_taxonomy_id = tt.term_taxonomy_id
			 WHERE tt.taxonomy IN ('pa_color') AND tr.object_id IN (990) AND ( 
  ( wpgsm_termmeta.meta_key = 'order' OR wpgsm_termmeta.meta_key IS NULL )
)
			 ORDER BY wpgsm_termmeta.meta_value+0 ASC, t.name ASC
			  made by shutdown_action_hook, do_action('shutdown'), WP_Hook->do_action, WP_Hook->apply_filters, WC_Post_Data::do_deferred_product_sync, array_walk, WC_Post_Data::deferred_product_sync, wc_get_product, WC_Product_Factory->get_product, WC_Product_Simple->__construct, WC_Product->__construct, WC_Data_Store->read, WC_Product_Data_Store_CPT->read, WC_Product_Data_Store_CPT->read_attributes, wc_get_object_terms, get_the_terms, wp_get_object_terms, get_terms, WP_Term_Query->query, WP_Term_Query->get_terms
[17-Sep-2024 16:10:27 UTC] WordPress database error Commands out of sync; you can't run this command now for query SELECT DISTINCT t.term_id
			 FROM wpgsm_terms AS t  INNER JOIN wpgsm_term_taxonomy AS tt ON t.term_id = tt.term_id INNER JOIN wpgsm_term_relationships AS tr ON tr.term_taxonomy_id = tt.term_taxonomy_id
			 WHERE tt.taxonomy IN ('product_type') AND tr.object_id IN (991)
			 ORDER BY t.name ASC
			  made by shutdown_action_hook, do_action('shutdown'), WP_Hook->do_action, WP_Hook->apply_filters, WC_Post_Data::do_deferred_product_sync, array_walk, WC_Post_Data::deferred_product_sync, wc_get_product, WC_Product_Factory->get_product, WC_Product_Factory::get_product_type, WC_Data_Store->__call, WC_Product_Data_Store_CPT->get_product_type, get_the_terms, wp_get_object_terms, get_terms, WP_Term_Query->query, WP_Term_Query->get_terms
[17-Sep-2024 16:10:27 UTC] WordPress database error Commands out of sync; you can't run this command now for query SELECT DISTINCT t.term_id
			 FROM wpgsm_terms AS t  LEFT JOIN wpgsm_termmeta ON ( t.term_id = wpgsm_termmeta.term_id AND wpgsm_termmeta.meta_key='order') INNER JOIN wpgsm_term_taxonomy AS tt ON t.term_id = tt.term_id INNER JOIN wpgsm_term_relationships AS tr ON tr.term_taxonomy_id = tt.term_taxonomy_id
			 WHERE tt.taxonomy IN ('pa_color') AND tr.object_id IN (991) AND ( 
  ( wpgsm_termmeta.meta_key = 'order' OR wpgsm_termmeta.meta_key IS NULL )
)
			 ORDER BY wpgsm_termmeta.meta_value+0 ASC, t.name ASC
			  made by shutdown_action_hook, do_action('shutdown'), WP_Hook->do_action, WP_Hook->apply_filters, WC_Post_Data::do_deferred_product_sync, array_walk, WC_Post_Data::deferred_product_sync, wc_get_product, WC_Product_Factory->get_product, WC_Product_Simple->__construct, WC_Product->__construct, WC_Data_Store->read, WC_Product_Data_Store_CPT->read, WC_Product_Data_Store_CPT->read_attributes, wc_get_object_terms, get_the_terms, wp_get_object_terms, get_terms, WP_Term_Query->query, WP_Term_Query->get_terms
[17-Sep-2024 16:10:27 UTC] WordPress database error Commands out of sync; you can't run this command now for query SELECT DISTINCT t.term_id
			 FROM wpgsm_terms AS t  INNER JOIN wpgsm_term_taxonomy AS tt ON t.term_id = tt.term_id INNER JOIN wpgsm_term_relationships AS tr ON tr.term_taxonomy_id = tt.term_taxonomy_id
			 WHERE tt.taxonomy IN ('product_type') AND tr.object_id IN (992)
			 ORDER BY t.name ASC
			  made by shutdown_action_hook, do_action('shutdown'), WP_Hook->do_action, WP_Hook->apply_filters, WC_Post_Data::do_deferred_product_sync, array_walk, WC_Post_Data::deferred_product_sync, wc_get_product, WC_Product_Factory->get_product, WC_Product_Factory::get_product_type, WC_Data_Store->__call, WC_Product_Data_Store_CPT->get_product_type, get_the_terms, wp_get_object_terms, get_terms, WP_Term_Query->query, WP_Term_Query->get_terms
[17-Sep-2024 16:10:27 UTC] WordPress database error Commands out of sync; you can't run this command now for query SELECT DISTINCT t.term_id
			 FROM wpgsm_terms AS t  LEFT JOIN wpgsm_termmeta ON ( t.term_id = wpgsm_termmeta.term_id AND wpgsm_termmeta.meta_key='order') INNER JOIN wpgsm_term_taxonomy AS tt ON t.term_id = tt.term_id INNER JOIN wpgsm_term_relationships AS tr ON tr.term_taxonomy_id = tt.term_taxonomy_id
			 WHERE tt.taxonomy IN ('pa_color') AND tr.object_id IN (992) AND ( 
  ( wpgsm_termmeta.meta_key = 'order' OR wpgsm_termmeta.meta_key IS NULL )
)
			 ORDER BY wpgsm_termmeta.meta_value+0 ASC, t.name ASC
			  made by shutdown_action_hook, do_action('shutdown'), WP_Hook->do_action, WP_Hook->apply_filters, WC_Post_Data::do_deferred_product_sync, array_walk, WC_Post_Data::deferred_product_sync, wc_get_product, WC_Product_Factory->get_product, WC_Product_Simple->__construct, WC_Product->__construct, WC_Data_Store->read, WC_Product_Data_Store_CPT->read, WC_Product_Data_Store_CPT->read_attributes, wc_get_object_terms, get_the_terms, wp_get_object_terms, get_terms, WP_Term_Query->query, WP_Term_Query->get_terms
[17-Sep-2024 16:10:27 UTC] WordPress database error Commands out of sync; you can't run this command now for query SELECT DISTINCT t.term_id
			 FROM wpgsm_terms AS t  INNER JOIN wpgsm_term_taxonomy AS tt ON t.term_id = tt.term_id INNER JOIN wpgsm_term_relationships AS tr ON tr.term_taxonomy_id = tt.term_taxonomy_id
			 WHERE tt.taxonomy IN ('product_type') AND tr.object_id IN (993)
			 ORDER BY t.name ASC
			  made by shutdown_action_hook, do_action('shutdown'), WP_Hook->do_action, WP_Hook->apply_filters, WC_Post_Data::do_deferred_product_sync, array_walk, WC_Post_Data::deferred_product_sync, wc_get_product, WC_Product_Factory->get_product, WC_Product_Factory::get_product_type, WC_Data_Store->__call, WC_Product_Data_Store_CPT->get_product_type, get_the_terms, wp_get_object_terms, get_terms, WP_Term_Query->query, WP_Term_Query->get_terms
[17-Sep-2024 16:10:27 UTC] WordPress database error Commands out of sync; you can't run this command now for query SELECT DISTINCT t.term_id
			 FROM wpgsm_terms AS t  LEFT JOIN wpgsm_termmeta ON ( t.term_id = wpgsm_termmeta.term_id AND wpgsm_termmeta.meta_key='order') INNER JOIN wpgsm_term_taxonomy AS tt ON t.term_id = tt.term_id INNER JOIN wpgsm_term_relationships AS tr ON tr.term_taxonomy_id = tt.term_taxonomy_id
			 WHERE tt.taxonomy IN ('pa_color') AND tr.object_id IN (993) AND ( 
  ( wpgsm_termmeta.meta_key = 'order' OR wpgsm_termmeta.meta_key IS NULL )
)
			 ORDER BY wpgsm_termmeta.meta_value+0 ASC, t.name ASC
			  made by shutdown_action_hook, do_action('shutdown'), WP_Hook->do_action, WP_Hook->apply_filters, WC_Post_Data::do_deferred_product_sync, array_walk, WC_Post_Data::deferred_product_sync, wc_get_product, WC_Product_Factory->get_product, WC_Product_Simple->__construct, WC_Product->__construct, WC_Data_Store->read, WC_Product_Data_Store_CPT->read, WC_Product_Data_Store_CPT->read_attributes, wc_get_object_terms, get_the_terms, wp_get_object_terms, get_terms, WP_Term_Query->query, WP_Term_Query->get_terms
[17-Sep-2024 16:10:27 UTC] WordPress database error Commands out of sync; you can't run this command now for query SELECT DISTINCT t.term_id
			 FROM wpgsm_terms AS t  INNER JOIN wpgsm_term_taxonomy AS tt ON t.term_id = tt.term_id INNER JOIN wpgsm_term_relationships AS tr ON tr.term_taxonomy_id = tt.term_taxonomy_id
			 WHERE tt.taxonomy IN ('product_type') AND tr.object_id IN (994)
			 ORDER BY t.name ASC
			  made by shutdown_action_hook, do_action('shutdown'), WP_Hook->do_action, WP_Hook->apply_filters, WC_Post_Data::do_deferred_product_sync, array_walk, WC_Post_Data::deferred_product_sync, wc_get_product, WC_Product_Factory->get_product, WC_Product_Factory::get_product_type, WC_Data_Store->__call, WC_Product_Data_Store_CPT->get_product_type, get_the_terms, wp_get_object_terms, get_terms, WP_Term_Query->query, WP_Term_Query->get_terms
[17-Sep-2024 16:10:27 UTC] WordPress database error Commands out of sync; you can't run this command now for query SELECT DISTINCT t.term_id
			 FROM wpgsm_terms AS t  LEFT JOIN wpgsm_termmeta ON ( t.term_id = wpgsm_termmeta.term_id AND wpgsm_termmeta.meta_key='order') INNER JOIN wpgsm_term_taxonomy AS tt ON t.term_id = tt.term_id INNER JOIN wpgsm_term_relationships AS tr ON tr.term_taxonomy_id = tt.term_taxonomy_id
			 WHERE tt.taxonomy IN ('pa_color') AND tr.object_id IN (994) AND ( 
  ( wpgsm_termmeta.meta_key = 'order' OR wpgsm_termmeta.meta_key IS NULL )
)
			 ORDER BY wpgsm_termmeta.meta_value+0 ASC, t.name ASC
			  made by shutdown_action_hook, do_action('shutdown'), WP_Hook->do_action, WP_Hook->apply_filters, WC_Post_Data::do_deferred_product_sync, array_walk, WC_Post_Data::deferred_product_sync, wc_get_product, WC_Product_Factory->get_product, WC_Product_Simple->__construct, WC_Product->__construct, WC_Data_Store->read, WC_Product_Data_Store_CPT->read, WC_Product_Data_Store_CPT->read_attributes, wc_get_object_terms, get_the_terms, wp_get_object_terms, get_terms, WP_Term_Query->query, WP_Term_Query->get_terms
[17-Sep-2024 16:10:27 UTC] WordPress database error Commands out of sync; you can't run this command now for query SELECT DISTINCT t.term_id
			 FROM wpgsm_terms AS t  INNER JOIN wpgsm_term_taxonomy AS tt ON t.term_id = tt.term_id INNER JOIN wpgsm_term_relationships AS tr ON tr.term_taxonomy_id = tt.term_taxonomy_id
			 WHERE tt.taxonomy IN ('product_type') AND tr.object_id IN (995)
			 ORDER BY t.name ASC
			  made by shutdown_action_hook, do_action('shutdown'), WP_Hook->do_action, WP_Hook->apply_filters, WC_Post_Data::do_deferred_product_sync, array_walk, WC_Post_Data::deferred_product_sync, wc_get_product, WC_Product_Factory->get_product, WC_Product_Factory::get_product_type, WC_Data_Store->__call, WC_Product_Data_Store_CPT->get_product_type, get_the_terms, wp_get_object_terms, get_terms, WP_Term_Query->query, WP_Term_Query->get_terms
[17-Sep-2024 16:10:27 UTC] WordPress database error Commands out of sync; you can't run this command now for query SELECT DISTINCT t.term_id
			 FROM wpgsm_terms AS t  LEFT JOIN wpgsm_termmeta ON ( t.term_id = wpgsm_termmeta.term_id AND wpgsm_termmeta.meta_key='order') INNER JOIN wpgsm_term_taxonomy AS tt ON t.term_id = tt.term_id INNER JOIN wpgsm_term_relationships AS tr ON tr.term_taxonomy_id = tt.term_taxonomy_id
			 WHERE tt.taxonomy IN ('pa_color') AND tr.object_id IN (995) AND ( 
  ( wpgsm_termmeta.meta_key = 'order' OR wpgsm_termmeta.meta_key IS NULL )
)
			 ORDER BY wpgsm_termmeta.meta_value+0 ASC, t.name ASC
			  made by shutdown_action_hook, do_action('shutdown'), WP_Hook->do_action, WP_Hook->apply_filters, WC_Post_Data::do_deferred_product_sync, array_walk, WC_Post_Data::deferred_product_sync, wc_get_product, WC_Product_Factory->get_product, WC_Product_Simple->__construct, WC_Product->__construct, WC_Data_Store->read, WC_Product_Data_Store_CPT->read, WC_Product_Data_Store_CPT->read_attributes, wc_get_object_terms, get_the_terms, wp_get_object_terms, get_terms, WP_Term_Query->query, WP_Term_Query->get_terms
[17-Sep-2024 16:10:27 UTC] WordPress database error Commands out of sync; you can't run this command now for query SELECT DISTINCT t.term_id
			 FROM wpgsm_terms AS t  INNER JOIN wpgsm_term_taxonomy AS tt ON t.term_id = tt.term_id INNER JOIN wpgsm_term_relationships AS tr ON tr.term_taxonomy_id = tt.term_taxonomy_id
			 WHERE tt.taxonomy IN ('product_type') AND tr.object_id IN (996)
			 ORDER BY t.name ASC
			  made by shutdown_action_hook, do_action('shutdown'), WP_Hook->do_action, WP_Hook->apply_filters, WC_Post_Data::do_deferred_product_sync, array_walk, WC_Post_Data::deferred_product_sync, wc_get_product, WC_Product_Factory->get_product, WC_Product_Factory::get_product_type, WC_Data_Store->__call, WC_Product_Data_Store_CPT->get_product_type, get_the_terms, wp_get_object_terms, get_terms, WP_Term_Query->query, WP_Term_Query->get_terms
[17-Sep-2024 16:10:27 UTC] WordPress database error Commands out of sync; you can't run this command now for query SELECT DISTINCT t.term_id
			 FROM wpgsm_terms AS t  LEFT JOIN wpgsm_termmeta ON ( t.term_id = wpgsm_termmeta.term_id AND wpgsm_termmeta.meta_key='order') INNER JOIN wpgsm_term_taxonomy AS tt ON t.term_id = tt.term_id INNER JOIN wpgsm_term_relationships AS tr ON tr.term_taxonomy_id = tt.term_taxonomy_id
			 WHERE tt.taxonomy IN ('pa_color') AND tr.object_id IN (996) AND ( 
  ( wpgsm_termmeta.meta_key = 'order' OR wpgsm_termmeta.meta_key IS NULL )
)
			 ORDER BY wpgsm_termmeta.meta_value+0 ASC, t.name ASC
			  made by shutdown_action_hook, do_action('shutdown'), WP_Hook->do_action, WP_Hook->apply_filters, WC_Post_Data::do_deferred_product_sync, array_walk, WC_Post_Data::deferred_product_sync, wc_get_product, WC_Product_Factory->get_product, WC_Product_Simple->__construct, WC_Product->__construct, WC_Data_Store->read, WC_Product_Data_Store_CPT->read, WC_Product_Data_Store_CPT->read_attributes, wc_get_object_terms, get_the_terms, wp_get_object_terms, get_terms, WP_Term_Query->query, WP_Term_Query->get_terms
[17-Sep-2024 16:10:27 UTC] WordPress database error Commands out of sync; you can't run this command now for query SELECT DISTINCT t.term_id
			 FROM wpgsm_terms AS t  INNER JOIN wpgsm_term_taxonomy AS tt ON t.term_id = tt.term_id INNER JOIN wpgsm_term_relationships AS tr ON tr.term_taxonomy_id = tt.term_taxonomy_id
			 WHERE tt.taxonomy IN ('product_type') AND tr.object_id IN (997)
			 ORDER BY t.name ASC
			  made by shutdown_action_hook, do_action('shutdown'), WP_Hook->do_action, WP_Hook->apply_filters, WC_Post_Data::do_deferred_product_sync, array_walk, WC_Post_Data::deferred_product_sync, wc_get_product, WC_Product_Factory->get_product, WC_Product_Factory::get_product_type, WC_Data_Store->__call, WC_Product_Data_Store_CPT->get_product_type, get_the_terms, wp_get_object_terms, get_terms, WP_Term_Query->query, WP_Term_Query->get_terms
[17-Sep-2024 16:10:27 UTC] WordPress database error Commands out of sync; you can't run this command now for query SELECT DISTINCT t.term_id
			 FROM wpgsm_terms AS t  LEFT JOIN wpgsm_termmeta ON ( t.term_id = wpgsm_termmeta.term_id AND wpgsm_termmeta.meta_key='order') INNER JOIN wpgsm_term_taxonomy AS tt ON t.term_id = tt.term_id INNER JOIN wpgsm_term_relationships AS tr ON tr.term_taxonomy_id = tt.term_taxonomy_id
			 WHERE tt.taxonomy IN ('pa_color') AND tr.object_id IN (997) AND ( 
  ( wpgsm_termmeta.meta_key = 'order' OR wpgsm_termmeta.meta_key IS NULL )
)
			 ORDER BY wpgsm_termmeta.meta_value+0 ASC, t.name ASC
			  made by shutdown_action_hook, do_action('shutdown'), WP_Hook->do_action, WP_Hook->apply_filters, WC_Post_Data::do_deferred_product_sync, array_walk, WC_Post_Data::deferred_product_sync, wc_get_product, WC_Product_Factory->get_product, WC_Product_Simple->__construct, WC_Product->__construct, WC_Data_Store->read, WC_Product_Data_Store_CPT->read, WC_Product_Data_Store_CPT->read_attributes, wc_get_object_terms, get_the_terms, wp_get_object_terms, get_terms, WP_Term_Query->query, WP_Term_Query->get_terms
[17-Sep-2024 16:10:27 UTC] WordPress database error Commands out of sync; you can't run this command now for query SELECT DISTINCT t.term_id
			 FROM wpgsm_terms AS t  INNER JOIN wpgsm_term_taxonomy AS tt ON t.term_id = tt.term_id INNER JOIN wpgsm_term_relationships AS tr ON tr.term_taxonomy_id = tt.term_taxonomy_id
			 WHERE tt.taxonomy IN ('product_type') AND tr.object_id IN (998)
			 ORDER BY t.name ASC
			  made by shutdown_action_hook, do_action('shutdown'), WP_Hook->do_action, WP_Hook->apply_filters, WC_Post_Data::do_deferred_product_sync, array_walk, WC_Post_Data::deferred_product_sync, wc_get_product, WC_Product_Factory->get_product, WC_Product_Factory::get_product_type, WC_Data_Store->__call, WC_Product_Data_Store_CPT->get_product_type, get_the_terms, wp_get_object_terms, get_terms, WP_Term_Query->query, WP_Term_Query->get_terms
[17-Sep-2024 16:10:27 UTC] WordPress database error Commands out of sync; you can't run this command now for query SELECT DISTINCT t.term_id
			 FROM wpgsm_terms AS t  LEFT JOIN wpgsm_termmeta ON ( t.term_id = wpgsm_termmeta.term_id AND wpgsm_termmeta.meta_key='order') INNER JOIN wpgsm_term_taxonomy AS tt ON t.term_id = tt.term_id INNER JOIN wpgsm_term_relationships AS tr ON tr.term_taxonomy_id = tt.term_taxonomy_id
			 WHERE tt.taxonomy IN ('pa_color') AND tr.object_id IN (998) AND ( 
  ( wpgsm_termmeta.meta_key = 'order' OR wpgsm_termmeta.meta_key IS NULL )
)
			 ORDER BY wpgsm_termmeta.meta_value+0 ASC, t.name ASC
			  made by shutdown_action_hook, do_action('shutdown'), WP_Hook->do_action, WP_Hook->apply_filters, WC_Post_Data::do_deferred_product_sync, array_walk, WC_Post_Data::deferred_product_sync, wc_get_product, WC_Product_Factory->get_product, WC_Product_Simple->__construct, WC_Product->__construct, WC_Data_Store->read, WC_Product_Data_Store_CPT->read, WC_Product_Data_Store_CPT->read_attributes, wc_get_object_terms, get_the_terms, wp_get_object_terms, get_terms, WP_Term_Query->query, WP_Term_Query->get_terms
[17-Sep-2024 16:10:27 UTC] WordPress database error Commands out of sync; you can't run this command now for query SELECT DISTINCT t.term_id
			 FROM wpgsm_terms AS t  INNER JOIN wpgsm_term_taxonomy AS tt ON t.term_id = tt.term_id INNER JOIN wpgsm_term_relationships AS tr ON tr.term_taxonomy_id = tt.term_taxonomy_id
			 WHERE tt.taxonomy IN ('product_type') AND tr.object_id IN (999)
			 ORDER BY t.name ASC
			  made by shutdown_action_hook, do_action('shutdown'), WP_Hook->do_action, WP_Hook->apply_filters, WC_Post_Data::do_deferred_product_sync, array_walk, WC_Post_Data::deferred_product_sync, wc_get_product, WC_Product_Factory->get_product, WC_Product_Factory::get_product_type, WC_Data_Store->__call, WC_Product_Data_Store_CPT->get_product_type, get_the_terms, wp_get_object_terms, get_terms, WP_Term_Query->query, WP_Term_Query->get_terms
[17-Sep-2024 16:10:27 UTC] WordPress database error Commands out of sync; you can't run this command now for query SELECT DISTINCT t.term_id
			 FROM wpgsm_terms AS t  LEFT JOIN wpgsm_termmeta ON ( t.term_id = wpgsm_termmeta.term_id AND wpgsm_termmeta.meta_key='order') INNER JOIN wpgsm_term_taxonomy AS tt ON t.term_id = tt.term_id INNER JOIN wpgsm_term_relationships AS tr ON tr.term_taxonomy_id = tt.term_taxonomy_id
			 WHERE tt.taxonomy IN ('pa_color') AND tr.object_id IN (999) AND ( 
  ( wpgsm_termmeta.meta_key = 'order' OR wpgsm_termmeta.meta_key IS NULL )
)
			 ORDER BY wpgsm_termmeta.meta_value+0 ASC, t.name ASC
			  made by shutdown_action_hook, do_action('shutdown'), WP_Hook->do_action, WP_Hook->apply_filters, WC_Post_Data::do_deferred_product_sync, array_walk, WC_Post_Data::deferred_product_sync, wc_get_product, WC_Product_Factory->get_product, WC_Product_Simple->__construct, WC_Product->__construct, WC_Data_Store->read, WC_Product_Data_Store_CPT->read, WC_Product_Data_Store_CPT->read_attributes, wc_get_object_terms, get_the_terms, wp_get_object_terms, get_terms, WP_Term_Query->query, WP_Term_Query->get_terms
[17-Sep-2024 16:10:27 UTC] WordPress database error Commands out of sync; you can't run this command now for query SELECT DISTINCT t.term_id
			 FROM wpgsm_terms AS t  INNER JOIN wpgsm_term_taxonomy AS tt ON t.term_id = tt.term_id INNER JOIN wpgsm_term_relationships AS tr ON tr.term_taxonomy_id = tt.term_taxonomy_id
			 WHERE tt.taxonomy IN ('product_type') AND tr.object_id IN (1000)
			 ORDER BY t.name ASC
			  made by shutdown_action_hook, do_action('shutdown'), WP_Hook->do_action, WP_Hook->apply_filters, WC_Post_Data::do_deferred_product_sync, array_walk, WC_Post_Data::deferred_product_sync, wc_get_product, WC_Product_Factory->get_product, WC_Product_Factory::get_product_type, WC_Data_Store->__call, WC_Product_Data_Store_CPT->get_product_type, get_the_terms, wp_get_object_terms, get_terms, WP_Term_Query->query, WP_Term_Query->get_terms
[17-Sep-2024 16:10:27 UTC] WordPress database error Commands out of sync; you can't run this command now for query SELECT DISTINCT t.term_id
			 FROM wpgsm_terms AS t  LEFT JOIN wpgsm_termmeta ON ( t.term_id = wpgsm_termmeta.term_id AND wpgsm_termmeta.meta_key='order') INNER JOIN wpgsm_term_taxonomy AS tt ON t.term_id = tt.term_id INNER JOIN wpgsm_term_relationships AS tr ON tr.term_taxonomy_id = tt.term_taxonomy_id
			 WHERE tt.taxonomy IN ('pa_color') AND tr.object_id IN (1000) AND ( 
  ( wpgsm_termmeta.meta_key = 'order' OR wpgsm_termmeta.meta_key IS NULL )
)
			 ORDER BY wpgsm_termmeta.meta_value+0 ASC, t.name ASC
			  made by shutdown_action_hook, do_action('shutdown'), WP_Hook->do_action, WP_Hook->apply_filters, WC_Post_Data::do_deferred_product_sync, array_walk, WC_Post_Data::deferred_product_sync, wc_get_product, WC_Product_Factory->get_product, WC_Product_Simple->__construct, WC_Product->__construct, WC_Data_Store->read, WC_Product_Data_Store_CPT->read, WC_Product_Data_Store_CPT->read_attributes, wc_get_object_terms, get_the_terms, wp_get_object_terms, get_terms, WP_Term_Query->query, WP_Term_Query->get_terms
[17-Sep-2024 16:10:27 UTC] WordPress database error Commands out of sync; you can't run this command now for query SELECT DISTINCT t.term_id
			 FROM wpgsm_terms AS t  INNER JOIN wpgsm_term_taxonomy AS tt ON t.term_id = tt.term_id INNER JOIN wpgsm_term_relationships AS tr ON tr.term_taxonomy_id = tt.term_taxonomy_id
			 WHERE tt.taxonomy IN ('product_type') AND tr.object_id IN (1001)
			 ORDER BY t.name ASC
			  made by shutdown_action_hook, do_action('shutdown'), WP_Hook->do_action, WP_Hook->apply_filters, WC_Post_Data::do_deferred_product_sync, array_walk, WC_Post_Data::deferred_product_sync, wc_get_product, WC_Product_Factory->get_product, WC_Product_Factory::get_product_type, WC_Data_Store->__call, WC_Product_Data_Store_CPT->get_product_type, get_the_terms, wp_get_object_terms, get_terms, WP_Term_Query->query, WP_Term_Query->get_terms
[17-Sep-2024 16:10:27 UTC] WordPress database error Commands out of sync; you can't run this command now for query SELECT DISTINCT t.term_id
			 FROM wpgsm_terms AS t  LEFT JOIN wpgsm_termmeta ON ( t.term_id = wpgsm_termmeta.term_id AND wpgsm_termmeta.meta_key='order') INNER JOIN wpgsm_term_taxonomy AS tt ON t.term_id = tt.term_id INNER JOIN wpgsm_term_relationships AS tr ON tr.term_taxonomy_id = tt.term_taxonomy_id
			 WHERE tt.taxonomy IN ('pa_color') AND tr.object_id IN (1001) AND ( 
  ( wpgsm_termmeta.meta_key = 'order' OR wpgsm_termmeta.meta_key IS NULL )
)
			 ORDER BY wpgsm_termmeta.meta_value+0 ASC, t.name ASC
			  made by shutdown_action_hook, do_action('shutdown'), WP_Hook->do_action, WP_Hook->apply_filters, WC_Post_Data::do_deferred_product_sync, array_walk, WC_Post_Data::deferred_product_sync, wc_get_product, WC_Product_Factory->get_product, WC_Product_Simple->__construct, WC_Product->__construct, WC_Data_Store->read, WC_Product_Data_Store_CPT->read, WC_Product_Data_Store_CPT->read_attributes, wc_get_object_terms, get_the_terms, wp_get_object_terms, get_terms, WP_Term_Query->query, WP_Term_Query->get_terms
[17-Sep-2024 16:10:27 UTC] WordPress database error Commands out of sync; you can't run this command now for query SELECT DISTINCT t.term_id
			 FROM wpgsm_terms AS t  INNER JOIN wpgsm_term_taxonomy AS tt ON t.term_id = tt.term_id INNER JOIN wpgsm_term_relationships AS tr ON tr.term_taxonomy_id = tt.term_taxonomy_id
			 WHERE tt.taxonomy IN ('product_type') AND tr.object_id IN (1002)
			 ORDER BY t.name ASC
			  made by shutdown_action_hook, do_action('shutdown'), WP_Hook->do_action, WP_Hook->apply_filters, WC_Post_Data::do_deferred_product_sync, array_walk, WC_Post_Data::deferred_product_sync, wc_get_product, WC_Product_Factory->get_product, WC_Product_Factory::get_product_type, WC_Data_Store->__call, WC_Product_Data_Store_CPT->get_product_type, get_the_terms, wp_get_object_terms, get_terms, WP_Term_Query->query, WP_Term_Query->get_terms
[17-Sep-2024 16:10:27 UTC] WordPress database error Commands out of sync; you can't run this command now for query SELECT DISTINCT t.term_id
			 FROM wpgsm_terms AS t  LEFT JOIN wpgsm_termmeta ON ( t.term_id = wpgsm_termmeta.term_id AND wpgsm_termmeta.meta_key='order') INNER JOIN wpgsm_term_taxonomy AS tt ON t.term_id = tt.term_id INNER JOIN wpgsm_term_relationships AS tr ON tr.term_taxonomy_id = tt.term_taxonomy_id
			 WHERE tt.taxonomy IN ('pa_color') AND tr.object_id IN (1002) AND ( 
  ( wpgsm_termmeta.meta_key = 'order' OR wpgsm_termmeta.meta_key IS NULL )
)
			 ORDER BY wpgsm_termmeta.meta_value+0 ASC, t.name ASC
			  made by shutdown_action_hook, do_action('shutdown'), WP_Hook->do_action, WP_Hook->apply_filters, WC_Post_Data::do_deferred_product_sync, array_walk, WC_Post_Data::deferred_product_sync, wc_get_product, WC_Product_Factory->get_product, WC_Product_Simple->__construct, WC_Product->__construct, WC_Data_Store->read, WC_Product_Data_Store_CPT->read, WC_Product_Data_Store_CPT->read_attributes, wc_get_object_terms, get_the_terms, wp_get_object_terms, get_terms, WP_Term_Query->query, WP_Term_Query->get_terms
[17-Sep-2024 16:10:27 UTC] WordPress database error Commands out of sync; you can't run this command now for query SELECT DISTINCT t.term_id
			 FROM wpgsm_terms AS t  INNER JOIN wpgsm_term_taxonomy AS tt ON t.term_id = tt.term_id INNER JOIN wpgsm_term_relationships AS tr ON tr.term_taxonomy_id = tt.term_taxonomy_id
			 WHERE tt.taxonomy IN ('product_type') AND tr.object_id IN (1003)
			 ORDER BY t.name ASC
			  made by shutdown_action_hook, do_action('shutdown'), WP_Hook->do_action, WP_Hook->apply_filters, WC_Post_Data::do_deferred_product_sync, array_walk, WC_Post_Data::deferred_product_sync, wc_get_product, WC_Product_Factory->get_product, WC_Product_Factory::get_product_type, WC_Data_Store->__call, WC_Product_Data_Store_CPT->get_product_type, get_the_terms, wp_get_object_terms, get_terms, WP_Term_Query->query, WP_Term_Query->get_terms
[17-Sep-2024 16:10:27 UTC] WordPress database error Commands out of sync; you can't run this command now for query SELECT DISTINCT t.term_id
			 FROM wpgsm_terms AS t  LEFT JOIN wpgsm_termmeta ON ( t.term_id = wpgsm_termmeta.term_id AND wpgsm_termmeta.meta_key='order') INNER JOIN wpgsm_term_taxonomy AS tt ON t.term_id = tt.term_id INNER JOIN wpgsm_term_relationships AS tr ON tr.term_taxonomy_id = tt.term_taxonomy_id
			 WHERE tt.taxonomy IN ('pa_color') AND tr.object_id IN (1003) AND ( 
  ( wpgsm_termmeta.meta_key = 'order' OR wpgsm_termmeta.meta_key IS NULL )
)
			 ORDER BY wpgsm_termmeta.meta_value+0 ASC, t.name ASC
			  made by shutdown_action_hook, do_action('shutdown'), WP_Hook->do_action, WP_Hook->apply_filters, WC_Post_Data::do_deferred_product_sync, array_walk, WC_Post_Data::deferred_product_sync, wc_get_product, WC_Product_Factory->get_product, WC_Product_Simple->__construct, WC_Product->__construct, WC_Data_Store->read, WC_Product_Data_Store_CPT->read, WC_Product_Data_Store_CPT->read_attributes, wc_get_object_terms, get_the_terms, wp_get_object_terms, get_terms, WP_Term_Query->query, WP_Term_Query->get_terms
[17-Sep-2024 16:10:27 UTC] WordPress database error Commands out of sync; you can't run this command now for query SELECT DISTINCT t.term_id
			 FROM wpgsm_terms AS t  INNER JOIN wpgsm_term_taxonomy AS tt ON t.term_id = tt.term_id INNER JOIN wpgsm_term_relationships AS tr ON tr.term_taxonomy_id = tt.term_taxonomy_id
			 WHERE tt.taxonomy IN ('product_type') AND tr.object_id IN (1004)
			 ORDER BY t.name ASC
			  made by shutdown_action_hook, do_action('shutdown'), WP_Hook->do_action, WP_Hook->apply_filters, WC_Post_Data::do_deferred_product_sync, array_walk, WC_Post_Data::deferred_product_sync, wc_get_product, WC_Product_Factory->get_product, WC_Product_Factory::get_product_type, WC_Data_Store->__call, WC_Product_Data_Store_CPT->get_product_type, get_the_terms, wp_get_object_terms, get_terms, WP_Term_Query->query, WP_Term_Query->get_terms
[17-Sep-2024 16:10:27 UTC] WordPress database error Commands out of sync; you can't run this command now for query SELECT DISTINCT t.term_id
			 FROM wpgsm_terms AS t  LEFT JOIN wpgsm_termmeta ON ( t.term_id = wpgsm_termmeta.term_id AND wpgsm_termmeta.meta_key='order') INNER JOIN wpgsm_term_taxonomy AS tt ON t.term_id = tt.term_id INNER JOIN wpgsm_term_relationships AS tr ON tr.term_taxonomy_id = tt.term_taxonomy_id
			 WHERE tt.taxonomy IN ('pa_color') AND tr.object_id IN (1004) AND ( 
  ( wpgsm_termmeta.meta_key = 'order' OR wpgsm_termmeta.meta_key IS NULL )
)
			 ORDER BY wpgsm_termmeta.meta_value+0 ASC, t.name ASC
			  made by shutdown_action_hook, do_action('shutdown'), WP_Hook->do_action, WP_Hook->apply_filters, WC_Post_Data::do_deferred_product_sync, array_walk, WC_Post_Data::deferred_product_sync, wc_get_product, WC_Product_Factory->get_product, WC_Product_Simple->__construct, WC_Product->__construct, WC_Data_Store->read, WC_Product_Data_Store_CPT->read, WC_Product_Data_Store_CPT->read_attributes, wc_get_object_terms, get_the_terms, wp_get_object_terms, get_terms, WP_Term_Query->query, WP_Term_Query->get_terms
[17-Sep-2024 16:10:27 UTC] WordPress database error Commands out of sync; you can't run this command now for query SELECT DISTINCT t.term_id
			 FROM wpgsm_terms AS t  INNER JOIN wpgsm_term_taxonomy AS tt ON t.term_id = tt.term_id INNER JOIN wpgsm_term_relationships AS tr ON tr.term_taxonomy_id = tt.term_taxonomy_id
			 WHERE tt.taxonomy IN ('product_type') AND tr.object_id IN (1005)
			 ORDER BY t.name ASC
			  made by shutdown_action_hook, do_action('shutdown'), WP_Hook->do_action, WP_Hook->apply_filters, WC_Post_Data::do_deferred_product_sync, array_walk, WC_Post_Data::deferred_product_sync, wc_get_product, WC_Product_Factory->get_product, WC_Product_Factory::get_product_type, WC_Data_Store->__call, WC_Product_Data_Store_CPT->get_product_type, get_the_terms, wp_get_object_terms, get_terms, WP_Term_Query->query, WP_Term_Query->get_terms
[17-Sep-2024 16:10:27 UTC] WordPress database error Commands out of sync; you can't run this command now for query SELECT DISTINCT t.term_id
			 FROM wpgsm_terms AS t  LEFT JOIN wpgsm_termmeta ON ( t.term_id = wpgsm_termmeta.term_id AND wpgsm_termmeta.meta_key='order') INNER JOIN wpgsm_term_taxonomy AS tt ON t.term_id = tt.term_id INNER JOIN wpgsm_term_relationships AS tr ON tr.term_taxonomy_id = tt.term_taxonomy_id
			 WHERE tt.taxonomy IN ('pa_color') AND tr.object_id IN (1005) AND ( 
  ( wpgsm_termmeta.meta_key = 'order' OR wpgsm_termmeta.meta_key IS NULL )
)
			 ORDER BY wpgsm_termmeta.meta_value+0 ASC, t.name ASC
			  made by shutdown_action_hook, do_action('shutdown'), WP_Hook->do_action, WP_Hook->apply_filters, WC_Post_Data::do_deferred_product_sync, array_walk, WC_Post_Data::deferred_product_sync, wc_get_product, WC_Product_Factory->get_product, WC_Product_Simple->__construct, WC_Product->__construct, WC_Data_Store->read, WC_Product_Data_Store_CPT->read, WC_Product_Data_Store_CPT->read_attributes, wc_get_object_terms, get_the_terms, wp_get_object_terms, get_terms, WP_Term_Query->query, WP_Term_Query->get_terms
[17-Sep-2024 16:10:27 UTC] WordPress database error Commands out of sync; you can't run this command now for query SELECT DISTINCT t.term_id
			 FROM wpgsm_terms AS t  INNER JOIN wpgsm_term_taxonomy AS tt ON t.term_id = tt.term_id INNER JOIN wpgsm_term_relationships AS tr ON tr.term_taxonomy_id = tt.term_taxonomy_id
			 WHERE tt.taxonomy IN ('product_type') AND tr.object_id IN (1006)
			 ORDER BY t.name ASC
			  made by shutdown_action_hook, do_action('shutdown'), WP_Hook->do_action, WP_Hook->apply_filters, WC_Post_Data::do_deferred_product_sync, array_walk, WC_Post_Data::deferred_product_sync, wc_get_product, WC_Product_Factory->get_product, WC_Product_Factory::get_product_type, WC_Data_Store->__call, WC_Product_Data_Store_CPT->get_product_type, get_the_terms, wp_get_object_terms, get_terms, WP_Term_Query->query, WP_Term_Query->get_terms
[17-Sep-2024 16:10:27 UTC] WordPress database error Commands out of sync; you can't run this command now for query SELECT DISTINCT t.term_id
			 FROM wpgsm_terms AS t  LEFT JOIN wpgsm_termmeta ON ( t.term_id = wpgsm_termmeta.term_id AND wpgsm_termmeta.meta_key='order') INNER JOIN wpgsm_term_taxonomy AS tt ON t.term_id = tt.term_id INNER JOIN wpgsm_term_relationships AS tr ON tr.term_taxonomy_id = tt.term_taxonomy_id
			 WHERE tt.taxonomy IN ('pa_color') AND tr.object_id IN (1006) AND ( 
  ( wpgsm_termmeta.meta_key = 'order' OR wpgsm_termmeta.meta_key IS NULL )
)
			 ORDER BY wpgsm_termmeta.meta_value+0 ASC, t.name ASC
			  made by shutdown_action_hook, do_action('shutdown'), WP_Hook->do_action, WP_Hook->apply_filters, WC_Post_Data::do_deferred_product_sync, array_walk, WC_Post_Data::deferred_product_sync, wc_get_product, WC_Product_Factory->get_product, WC_Product_Simple->__construct, WC_Product->__construct, WC_Data_Store->read, WC_Product_Data_Store_CPT->read, WC_Product_Data_Store_CPT->read_attributes, wc_get_object_terms, get_the_terms, wp_get_object_terms, get_terms, WP_Term_Query->query, WP_Term_Query->get_terms
[17-Sep-2024 16:10:27 UTC] WordPress database error Commands out of sync; you can't run this command now for query SELECT DISTINCT t.term_id
			 FROM wpgsm_terms AS t  INNER JOIN wpgsm_term_taxonomy AS tt ON t.term_id = tt.term_id INNER JOIN wpgsm_term_relationships AS tr ON tr.term_taxonomy_id = tt.term_taxonomy_id
			 WHERE tt.taxonomy IN ('product_type') AND tr.object_id IN (1007)
			 ORDER BY t.name ASC
			  made by shutdown_action_hook, do_action('shutdown'), WP_Hook->do_action, WP_Hook->apply_filters, WC_Post_Data::do_deferred_product_sync, array_walk, WC_Post_Data::deferred_product_sync, wc_get_product, WC_Product_Factory->get_product, WC_Product_Factory::get_product_type, WC_Data_Store->__call, WC_Product_Data_Store_CPT->get_product_type, get_the_terms, wp_get_object_terms, get_terms, WP_Term_Query->query, WP_Term_Query->get_terms
[17-Sep-2024 16:10:27 UTC] WordPress database error Commands out of sync; you can't run this command now for query SELECT DISTINCT t.term_id
			 FROM wpgsm_terms AS t  LEFT JOIN wpgsm_termmeta ON ( t.term_id = wpgsm_termmeta.term_id AND wpgsm_termmeta.meta_key='order') INNER JOIN wpgsm_term_taxonomy AS tt ON t.term_id = tt.term_id INNER JOIN wpgsm_term_relationships AS tr ON tr.term_taxonomy_id = tt.term_taxonomy_id
			 WHERE tt.taxonomy IN ('pa_color') AND tr.object_id IN (1007) AND ( 
  ( wpgsm_termmeta.meta_key = 'order' OR wpgsm_termmeta.meta_key IS NULL )
)
			 ORDER BY wpgsm_termmeta.meta_value+0 ASC, t.name ASC
			  made by shutdown_action_hook, do_action('shutdown'), WP_Hook->do_action, WP_Hook->apply_filters, WC_Post_Data::do_deferred_product_sync, array_walk, WC_Post_Data::deferred_product_sync, wc_get_product, WC_Product_Factory->get_product, WC_Product_Simple->__construct, WC_Product->__construct, WC_Data_Store->read, WC_Product_Data_Store_CPT->read, WC_Product_Data_Store_CPT->read_attributes, wc_get_object_terms, get_the_terms, wp_get_object_terms, get_terms, WP_Term_Query->query, WP_Term_Query->get_terms
[17-Sep-2024 16:10:27 UTC] WordPress database error Commands out of sync; you can't run this command now for query SELECT DISTINCT t.term_id
			 FROM wpgsm_terms AS t  INNER JOIN wpgsm_term_taxonomy AS tt ON t.term_id = tt.term_id INNER JOIN wpgsm_term_relationships AS tr ON tr.term_taxonomy_id = tt.term_taxonomy_id
			 WHERE tt.taxonomy IN ('product_type') AND tr.object_id IN (1008)
			 ORDER BY t.name ASC
			  made by shutdown_action_hook, do_action('shutdown'), WP_Hook->do_action, WP_Hook->apply_filters, WC_Post_Data::do_deferred_product_sync, array_walk, WC_Post_Data::deferred_product_sync, wc_get_product, WC_Product_Factory->get_product, WC_Product_Factory::get_product_type, WC_Data_Store->__call, WC_Product_Data_Store_CPT->get_product_type, get_the_terms, wp_get_object_terms, get_terms, WP_Term_Query->query, WP_Term_Query->get_terms
[17-Sep-2024 16:10:27 UTC] WordPress database error Commands out of sync; you can't run this command now for query SELECT DISTINCT t.term_id
			 FROM wpgsm_terms AS t  LEFT JOIN wpgsm_termmeta ON ( t.term_id = wpgsm_termmeta.term_id AND wpgsm_termmeta.meta_key='order') INNER JOIN wpgsm_term_taxonomy AS tt ON t.term_id = tt.term_id INNER JOIN wpgsm_term_relationships AS tr ON tr.term_taxonomy_id = tt.term_taxonomy_id
			 WHERE tt.taxonomy IN ('pa_color') AND tr.object_id IN (1008) AND ( 
  ( wpgsm_termmeta.meta_key = 'order' OR wpgsm_termmeta.meta_key IS NULL )
)
			 ORDER BY wpgsm_termmeta.meta_value+0 ASC, t.name ASC
			  made by shutdown_action_hook, do_action('shutdown'), WP_Hook->do_action, WP_Hook->apply_filters, WC_Post_Data::do_deferred_product_sync, array_walk, WC_Post_Data::deferred_product_sync, wc_get_product, WC_Product_Factory->get_product, WC_Product_Simple->__construct, WC_Product->__construct, WC_Data_Store->read, WC_Product_Data_Store_CPT->read, WC_Product_Data_Store_CPT->read_attributes, wc_get_object_terms, get_the_terms, wp_get_object_terms, get_terms, WP_Term_Query->query, WP_Term_Query->get_terms
[17-Sep-2024 16:10:27 UTC] WordPress database error Commands out of sync; you can't run this command now for query SELECT DISTINCT t.term_id
			 FROM wpgsm_terms AS t  INNER JOIN wpgsm_term_taxonomy AS tt ON t.term_id = tt.term_id INNER JOIN wpgsm_term_relationships AS tr ON tr.term_taxonomy_id = tt.term_taxonomy_id
			 WHERE tt.taxonomy IN ('product_type') AND tr.object_id IN (1009)
			 ORDER BY t.name ASC
			  made by shutdown_action_hook, do_action('shutdown'), WP_Hook->do_action, WP_Hook->apply_filters, WC_Post_Data::do_deferred_product_sync, array_walk, WC_Post_Data::deferred_product_sync, wc_get_product, WC_Product_Factory->get_product, WC_Product_Factory::get_product_type, WC_Data_Store->__call, WC_Product_Data_Store_CPT->get_product_type, get_the_terms, wp_get_object_terms, get_terms, WP_Term_Query->query, WP_Term_Query->get_terms
[17-Sep-2024 16:10:27 UTC] WordPress database error Commands out of sync; you can't run this command now for query SELECT DISTINCT t.term_id
			 FROM wpgsm_terms AS t  LEFT JOIN wpgsm_termmeta ON ( t.term_id = wpgsm_termmeta.term_id AND wpgsm_termmeta.meta_key='order') INNER JOIN wpgsm_term_taxonomy AS tt ON t.term_id = tt.term_id INNER JOIN wpgsm_term_relationships AS tr ON tr.term_taxonomy_id = tt.term_taxonomy_id
			 WHERE tt.taxonomy IN ('pa_color') AND tr.object_id IN (1009) AND ( 
  ( wpgsm_termmeta.meta_key = 'order' OR wpgsm_termmeta.meta_key IS NULL )
)
			 ORDER BY wpgsm_termmeta.meta_value+0 ASC, t.name ASC
			  made by shutdown_action_hook, do_action('shutdown'), WP_Hook->do_action, WP_Hook->apply_filters, WC_Post_Data::do_deferred_product_sync, array_walk, WC_Post_Data::deferred_product_sync, wc_get_product, WC_Product_Factory->get_product, WC_Product_Simple->__construct, WC_Product->__construct, WC_Data_Store->read, WC_Product_Data_Store_CPT->read, WC_Product_Data_Store_CPT->read_attributes, wc_get_object_terms, get_the_terms, wp_get_object_terms, get_terms, WP_Term_Query->query, WP_Term_Query->get_terms
[17-Sep-2024 16:10:27 UTC] WordPress database error Commands out of sync; you can't run this command now for query SELECT DISTINCT t.term_id
			 FROM wpgsm_terms AS t  INNER JOIN wpgsm_term_taxonomy AS tt ON t.term_id = tt.term_id INNER JOIN wpgsm_term_relationships AS tr ON tr.term_taxonomy_id = tt.term_taxonomy_id
			 WHERE tt.taxonomy IN ('product_type') AND tr.object_id IN (1010)
			 ORDER BY t.name ASC
			  made by shutdown_action_hook, do_action('shutdown'), WP_Hook->do_action, WP_Hook->apply_filters, WC_Post_Data::do_deferred_product_sync, array_walk, WC_Post_Data::deferred_product_sync, wc_get_product, WC_Product_Factory->get_product, WC_Product_Factory::get_product_type, WC_Data_Store->__call, WC_Product_Data_Store_CPT->get_product_type, get_the_terms, wp_get_object_terms, get_terms, WP_Term_Query->query, WP_Term_Query->get_terms
[17-Sep-2024 16:10:27 UTC] WordPress database error Commands out of sync; you can't run this command now for query SELECT DISTINCT t.term_id
			 FROM wpgsm_terms AS t  LEFT JOIN wpgsm_termmeta ON ( t.term_id = wpgsm_termmeta.term_id AND wpgsm_termmeta.meta_key='order') INNER JOIN wpgsm_term_taxonomy AS tt ON t.term_id = tt.term_id INNER JOIN wpgsm_term_relationships AS tr ON tr.term_taxonomy_id = tt.term_taxonomy_id
			 WHERE tt.taxonomy IN ('pa_color') AND tr.object_id IN (1010) AND ( 
  ( wpgsm_termmeta.meta_key = 'order' OR wpgsm_termmeta.meta_key IS NULL )
)
			 ORDER BY wpgsm_termmeta.meta_value+0 ASC, t.name ASC
			  made by shutdown_action_hook, do_action('shutdown'), WP_Hook->do_action, WP_Hook->apply_filters, WC_Post_Data::do_deferred_product_sync, array_walk, WC_Post_Data::deferred_product_sync, wc_get_product, WC_Product_Factory->get_product, WC_Product_Simple->__construct, WC_Product->__construct, WC_Data_Store->read, WC_Product_Data_Store_CPT->read, WC_Product_Data_Store_CPT->read_attributes, wc_get_object_terms, get_the_terms, wp_get_object_terms, get_terms, WP_Term_Query->query, WP_Term_Query->get_terms
[17-Sep-2024 16:10:27 UTC] WordPress database error Commands out of sync; you can't run this command now for query SELECT DISTINCT t.term_id
			 FROM wpgsm_terms AS t  INNER JOIN wpgsm_term_taxonomy AS tt ON t.term_id = tt.term_id INNER JOIN wpgsm_term_relationships AS tr ON tr.term_taxonomy_id = tt.term_taxonomy_id
			 WHERE tt.taxonomy IN ('product_type') AND tr.object_id IN (1011)
			 ORDER BY t.name ASC
			  made by shutdown_action_hook, do_action('shutdown'), WP_Hook->do_action, WP_Hook->apply_filters, WC_Post_Data::do_deferred_product_sync, array_walk, WC_Post_Data::deferred_product_sync, wc_get_product, WC_Product_Factory->get_product, WC_Product_Factory::get_product_type, WC_Data_Store->__call, WC_Product_Data_Store_CPT->get_product_type, get_the_terms, wp_get_object_terms, get_terms, WP_Term_Query->query, WP_Term_Query->get_terms
[17-Sep-2024 16:10:37 UTC] create_variation_product_id:334
[17-Sep-2024 16:10:37 UTC] create_stock:2190
[17-Sep-2024 16:10:37 UTC] create_price:3,85
[17-Sep-2024 16:10:38 UTC] create_variation_product_id:953
[17-Sep-2024 16:10:38 UTC] create_stock:6103
[17-Sep-2024 16:10:38 UTC] create_price:3,55
[17-Sep-2024 16:10:38 UTC] create_variation_product_id:954
[17-Sep-2024 16:10:38 UTC] create_stock:1372
[17-Sep-2024 16:10:38 UTC] create_price:41,16
[17-Sep-2024 16:10:38 UTC] create_variation_product_id:955
[17-Sep-2024 16:10:38 UTC] create_stock:10762
[17-Sep-2024 16:10:38 UTC] create_price:1,41
[17-Sep-2024 16:10:38 UTC] create_variation_product_id:956
[17-Sep-2024 16:10:38 UTC] create_stock:31882
[17-Sep-2024 16:10:38 UTC] create_price:1,20
[17-Sep-2024 16:10:39 UTC] create_variation_product_id:956
[17-Sep-2024 16:10:39 UTC] create_stock:25285
[17-Sep-2024 16:10:39 UTC] create_price:1,20
[17-Sep-2024 16:10:39 UTC] create_variation_product_id:956
[17-Sep-2024 16:10:39 UTC] create_stock:8391
[17-Sep-2024 16:10:39 UTC] create_price:1,20
[17-Sep-2024 16:10:39 UTC] create_variation_product_id:956
[17-Sep-2024 16:10:39 UTC] create_stock:9126
[17-Sep-2024 16:10:39 UTC] create_price:1,20
[17-Sep-2024 16:10:39 UTC] create_variation_product_id:956
[17-Sep-2024 16:10:39 UTC] create_stock:7292
[17-Sep-2024 16:10:39 UTC] create_price:1,20
[17-Sep-2024 16:10:40 UTC] create_variation_product_id:956
[17-Sep-2024 16:10:40 UTC] create_stock:25
[17-Sep-2024 16:10:40 UTC] create_price:1,20
[17-Sep-2024 16:10:40 UTC] create_variation_product_id:956
[17-Sep-2024 16:10:40 UTC] create_stock:951
[17-Sep-2024 16:10:40 UTC] create_price:1,20
[17-Sep-2024 16:10:40 UTC] create_variation_product_id:956
[17-Sep-2024 16:10:40 UTC] create_stock:2160
[17-Sep-2024 16:10:40 UTC] create_price:1,20
[17-Sep-2024 16:10:41 UTC] create_variation_product_id:957
[17-Sep-2024 16:10:41 UTC] create_stock:34
[17-Sep-2024 16:10:41 UTC] create_price:7,66
[17-Sep-2024 16:10:41 UTC] create_variation_product_id:958
[17-Sep-2024 16:10:41 UTC] create_stock:4736
[17-Sep-2024 16:10:41 UTC] create_price:0,35
[17-Sep-2024 16:10:41 UTC] create_variation_product_id:959
[17-Sep-2024 16:10:41 UTC] create_stock:97326
[17-Sep-2024 16:10:41 UTC] create_price:0,25
[17-Sep-2024 16:10:41 UTC] create_variation_product_id:960
[17-Sep-2024 16:10:41 UTC] create_stock:8573
[17-Sep-2024 16:10:41 UTC] create_price:2,60
[17-Sep-2024 16:10:41 UTC] create_variation_product_id:961
[17-Sep-2024 16:10:41 UTC] create_stock:9971
[17-Sep-2024 16:10:41 UTC] create_price:2,55
[17-Sep-2024 16:10:41 UTC] create_variation_product_id:962
[17-Sep-2024 16:10:41 UTC] create_stock:56177
[17-Sep-2024 16:10:41 UTC] create_price:0,42
[17-Sep-2024 16:10:42 UTC] create_variation_product_id:963
[17-Sep-2024 16:10:42 UTC] create_stock:31536
[17-Sep-2024 16:10:42 UTC] create_price:0,95
[17-Sep-2024 16:10:42 UTC] create_variation_product_id:964
[17-Sep-2024 16:10:42 UTC] create_stock:9949
[17-Sep-2024 16:10:42 UTC] create_price:3,08
[17-Sep-2024 16:10:42 UTC] create_variation_product_id:965
[17-Sep-2024 16:10:42 UTC] create_stock:14229
[17-Sep-2024 16:10:42 UTC] create_price:1,36
[17-Sep-2024 16:10:42 UTC] create_variation_product_id:966
[17-Sep-2024 16:10:42 UTC] create_stock:9753
[17-Sep-2024 16:10:42 UTC] create_price:1,36
[17-Sep-2024 16:10:42 UTC] create_variation_product_id:967
[17-Sep-2024 16:10:42 UTC] create_stock:38231
[17-Sep-2024 16:10:42 UTC] create_price:0,73
[17-Sep-2024 16:10:43 UTC] create_variation_product_id:968
[17-Sep-2024 16:10:43 UTC] create_stock:31946
[17-Sep-2024 16:10:43 UTC] create_price:0,32
[17-Sep-2024 16:10:43 UTC] create_variation_product_id:969
[17-Sep-2024 16:10:43 UTC] create_stock:0
[17-Sep-2024 16:10:43 UTC] create_price:0,41
[17-Sep-2024 16:10:44 UTC] create_variation_product_id:970
[17-Sep-2024 16:10:44 UTC] create_stock:0
[17-Sep-2024 16:10:44 UTC] create_price:0,63
[17-Sep-2024 16:10:45 UTC] create_variation_product_id:971
[17-Sep-2024 16:10:45 UTC] create_stock:0
[17-Sep-2024 16:10:45 UTC] create_price:0,73
[17-Sep-2024 16:10:45 UTC] create_variation_product_id:972
[17-Sep-2024 16:10:45 UTC] create_stock:14922
[17-Sep-2024 16:10:45 UTC] create_price:0,61
[17-Sep-2024 16:10:46 UTC] create_variation_product_id:973
[17-Sep-2024 16:10:46 UTC] create_stock:14377
[17-Sep-2024 16:10:46 UTC] create_price:0,61
[17-Sep-2024 16:10:46 UTC] create_variation_product_id:974
[17-Sep-2024 16:10:46 UTC] create_stock:27471
[17-Sep-2024 16:10:46 UTC] create_price:1,16
[17-Sep-2024 16:10:46 UTC] create_variation_product_id:975
[17-Sep-2024 16:10:46 UTC] create_stock:19485
[17-Sep-2024 16:10:46 UTC] create_price:1,11
[17-Sep-2024 16:10:46 UTC] create_variation_product_id:976
[17-Sep-2024 16:10:46 UTC] create_stock:5599
[17-Sep-2024 16:10:46 UTC] create_price:5,76
[17-Sep-2024 16:10:46 UTC] create_variation_product_id:977
[17-Sep-2024 16:10:46 UTC] create_stock:9893
[17-Sep-2024 16:10:46 UTC] create_price:1,67
[17-Sep-2024 16:10:47 UTC] create_variation_product_id:977
[17-Sep-2024 16:10:47 UTC] create_stock:9057
[17-Sep-2024 16:10:47 UTC] create_price:1,67
[17-Sep-2024 16:10:47 UTC] create_variation_product_id:978
[17-Sep-2024 16:10:47 UTC] create_stock:7763
[17-Sep-2024 16:10:47 UTC] create_price:5,49
[17-Sep-2024 16:10:47 UTC] create_variation_product_id:979
[17-Sep-2024 16:10:47 UTC] create_stock:289
[17-Sep-2024 16:10:47 UTC] create_price:5,23
[17-Sep-2024 16:10:47 UTC] create_variation_product_id:980
[17-Sep-2024 16:10:47 UTC] create_stock:20588
[17-Sep-2024 16:10:47 UTC] create_price:2,60
[17-Sep-2024 16:10:47 UTC] create_variation_product_id:981
[17-Sep-2024 16:10:47 UTC] create_stock:10049
[17-Sep-2024 16:10:47 UTC] create_price:1,16
[17-Sep-2024 16:10:48 UTC] create_variation_product_id:982
[17-Sep-2024 16:10:48 UTC] create_stock:10817
[17-Sep-2024 16:10:48 UTC] create_price:1,27
[17-Sep-2024 16:10:48 UTC] create_variation_product_id:982
[17-Sep-2024 16:10:48 UTC] create_stock:17810
[17-Sep-2024 16:10:48 UTC] create_price:1,27
[17-Sep-2024 16:10:48 UTC] create_variation_product_id:982
[17-Sep-2024 16:10:48 UTC] create_stock:14494
[17-Sep-2024 16:10:48 UTC] create_price:1,27
[17-Sep-2024 16:10:48 UTC] create_variation_product_id:983
[17-Sep-2024 16:10:48 UTC] create_stock:15765
[17-Sep-2024 16:10:48 UTC] create_price:1,93
[17-Sep-2024 16:10:48 UTC] create_variation_product_id:983
[17-Sep-2024 16:10:48 UTC] create_stock:15755
[17-Sep-2024 16:10:48 UTC] create_price:1,93
[17-Sep-2024 16:10:49 UTC] create_variation_product_id:984
[17-Sep-2024 16:10:49 UTC] create_stock:14989
[17-Sep-2024 16:10:49 UTC] create_price:1,28
[17-Sep-2024 16:10:49 UTC] create_variation_product_id:985
[17-Sep-2024 16:10:49 UTC] create_stock:96803
[17-Sep-2024 16:10:49 UTC] create_price:0,17
[17-Sep-2024 16:10:49 UTC] create_variation_product_id:986
[17-Sep-2024 16:10:49 UTC] create_stock:49702
[17-Sep-2024 16:10:49 UTC] create_price:0,17
[17-Sep-2024 16:10:49 UTC] create_variation_product_id:987
[17-Sep-2024 16:10:49 UTC] create_stock:47711
[17-Sep-2024 16:10:49 UTC] create_price:0,17
[17-Sep-2024 16:10:49 UTC] create_variation_product_id:988
[17-Sep-2024 16:10:49 UTC] create_stock:51106
[17-Sep-2024 16:10:49 UTC] create_price:0,17
[17-Sep-2024 16:10:50 UTC] create_variation_product_id:989
[17-Sep-2024 16:10:50 UTC] create_stock:2365
[17-Sep-2024 16:10:50 UTC] create_price:6,86
[17-Sep-2024 16:10:50 UTC] create_variation_product_id:990
[17-Sep-2024 16:10:50 UTC] create_stock:6984
[17-Sep-2024 16:10:50 UTC] create_price:2,29
[17-Sep-2024 16:10:50 UTC] create_variation_product_id:991
[17-Sep-2024 16:10:50 UTC] create_stock:16136
[17-Sep-2024 16:10:50 UTC] create_price:0,79
[17-Sep-2024 16:10:50 UTC] create_variation_product_id:991
[17-Sep-2024 16:10:50 UTC] create_stock:6343
[17-Sep-2024 16:10:50 UTC] create_price:0,79
[17-Sep-2024 16:10:50 UTC] create_variation_product_id:991
[17-Sep-2024 16:10:51 UTC] create_stock:8223
[17-Sep-2024 16:10:51 UTC] create_price:0,79
[17-Sep-2024 16:10:51 UTC] create_variation_product_id:992
[17-Sep-2024 16:10:51 UTC] create_stock:23470
[17-Sep-2024 16:10:51 UTC] create_price:0,47
[17-Sep-2024 16:10:51 UTC] create_variation_product_id:992
[17-Sep-2024 16:10:51 UTC] create_stock:7753
[17-Sep-2024 16:10:51 UTC] create_price:0,47
[17-Sep-2024 16:10:51 UTC] create_variation_product_id:993
[17-Sep-2024 16:10:51 UTC] create_stock:8043
[17-Sep-2024 16:10:51 UTC] create_price:1,82
[17-Sep-2024 16:10:51 UTC] create_variation_product_id:993
[17-Sep-2024 16:10:51 UTC] create_stock:3748
[17-Sep-2024 16:10:51 UTC] create_price:1,82
[17-Sep-2024 16:10:52 UTC] create_variation_product_id:993
[17-Sep-2024 16:10:52 UTC] create_stock:2418
[17-Sep-2024 16:10:52 UTC] create_price:1,82
[17-Sep-2024 16:10:52 UTC] create_variation_product_id:993
[17-Sep-2024 16:10:52 UTC] create_stock:3000
[17-Sep-2024 16:10:52 UTC] create_price:1,82
[17-Sep-2024 16:10:52 UTC] create_variation_product_id:994
[17-Sep-2024 16:10:52 UTC] create_stock:5112
[17-Sep-2024 16:10:52 UTC] create_price:3,54
[17-Sep-2024 16:10:52 UTC] create_variation_product_id:995
[17-Sep-2024 16:10:52 UTC] create_stock:7125
[17-Sep-2024 16:10:52 UTC] create_price:1,80
[17-Sep-2024 16:10:52 UTC] create_variation_product_id:996
[17-Sep-2024 16:10:52 UTC] create_stock:1165
[17-Sep-2024 16:10:52 UTC] create_price:10,00
[17-Sep-2024 16:10:53 UTC] create_variation_product_id:997
[17-Sep-2024 16:10:53 UTC] create_stock:2301
[17-Sep-2024 16:10:53 UTC] create_price:0,62
[17-Sep-2024 16:10:53 UTC] create_variation_product_id:998
[17-Sep-2024 16:10:53 UTC] create_stock:2332
[17-Sep-2024 16:10:53 UTC] create_price:0,62
[17-Sep-2024 16:10:53 UTC] create_variation_product_id:999
[17-Sep-2024 16:10:53 UTC] create_stock:1495
[17-Sep-2024 16:10:53 UTC] create_price:1,99
[17-Sep-2024 16:10:53 UTC] create_variation_product_id:999
[17-Sep-2024 16:10:53 UTC] create_stock:1672
[17-Sep-2024 16:10:53 UTC] create_price:1,99
[17-Sep-2024 16:10:53 UTC] create_variation_product_id:1000
[17-Sep-2024 16:10:53 UTC] create_stock:2190
[17-Sep-2024 16:10:53 UTC] create_price:1,57
[17-Sep-2024 16:10:54 UTC] create_variation_product_id:1001
[17-Sep-2024 16:10:54 UTC] create_stock:2274
[17-Sep-2024 16:10:54 UTC] create_price:4,14
[17-Sep-2024 16:10:54 UTC] create_variation_product_id:1002
[17-Sep-2024 16:10:54 UTC] create_stock:5001
[17-Sep-2024 16:10:54 UTC] create_price:7,34
[17-Sep-2024 16:10:54 UTC] create_variation_product_id:1003
[17-Sep-2024 16:10:54 UTC] create_stock:8889
[17-Sep-2024 16:10:54 UTC] create_price:3,11
[17-Sep-2024 16:10:54 UTC] create_variation_product_id:1004
[17-Sep-2024 16:10:54 UTC] create_stock:4924
[17-Sep-2024 16:10:54 UTC] create_price:1,21
[17-Sep-2024 16:10:54 UTC] create_variation_product_id:1005
[17-Sep-2024 16:10:54 UTC] create_stock:6098
[17-Sep-2024 16:10:54 UTC] create_price:0,57
[17-Sep-2024 16:10:55 UTC] create_variation_product_id:1005
[17-Sep-2024 16:10:55 UTC] create_stock:5454
[17-Sep-2024 16:10:55 UTC] create_price:0,57
[17-Sep-2024 16:10:55 UTC] create_variation_product_id:1005
[17-Sep-2024 16:10:55 UTC] create_stock:12819
[17-Sep-2024 16:10:55 UTC] create_price:1,23
[17-Sep-2024 16:10:55 UTC] create_variation_product_id:1006
[17-Sep-2024 16:10:55 UTC] create_stock:2047
[17-Sep-2024 16:10:55 UTC] create_price:7,16
[17-Sep-2024 16:10:55 UTC] create_variation_product_id:1007
[17-Sep-2024 16:10:55 UTC] create_stock:1957
[17-Sep-2024 16:10:55 UTC] create_price:6,29
[17-Sep-2024 16:10:55 UTC] create_variation_product_id:1008
[17-Sep-2024 16:10:55 UTC] create_stock:1933
[17-Sep-2024 16:10:55 UTC] create_price:13,71
[17-Sep-2024 16:10:56 UTC] create_variation_product_id:1009
[17-Sep-2024 16:10:56 UTC] create_stock:6108
[17-Sep-2024 16:10:56 UTC] create_price:2,05
[17-Sep-2024 16:10:56 UTC] create_variation_product_id:1009
[17-Sep-2024 16:10:56 UTC] create_stock:5891
[17-Sep-2024 16:10:56 UTC] create_price:2,05
[17-Sep-2024 16:10:56 UTC] create_variation_product_id:1009
[17-Sep-2024 16:10:56 UTC] create_stock:6102
[17-Sep-2024 16:10:56 UTC] create_price:2,05
[17-Sep-2024 16:10:56 UTC] create_variation_product_id:1010
[17-Sep-2024 16:10:56 UTC] create_stock:12080
[17-Sep-2024 16:10:56 UTC] create_price:2,05
[17-Sep-2024 16:10:57 UTC] create_variation_product_id:1010
[17-Sep-2024 16:10:57 UTC] create_stock:6070
[17-Sep-2024 16:10:57 UTC] create_price:2,05
[17-Sep-2024 16:10:57 UTC] create_variation_product_id:1010
[17-Sep-2024 16:10:57 UTC] create_stock:6019
[17-Sep-2024 16:10:57 UTC] create_price:2,05
[17-Sep-2024 16:10:57 UTC] create_variation_product_id:1011
[17-Sep-2024 16:10:57 UTC] create_stock:2188
[17-Sep-2024 16:10:57 UTC] create_price:1,31
[17-Sep-2024 16:10:57 UTC] create_variation_product_id:1012
[17-Sep-2024 16:10:57 UTC] create_stock:14980
[17-Sep-2024 16:10:57 UTC] create_price:1,84
[17-Sep-2024 16:10:57 UTC] create_variation_product_id:1013
[17-Sep-2024 16:10:57 UTC] create_stock:4899
[17-Sep-2024 16:10:57 UTC] create_price:3,10
[17-Sep-2024 16:10:58 UTC] create_variation_product_id:1014
[17-Sep-2024 16:10:58 UTC] create_stock:7994
[17-Sep-2024 16:10:58 UTC] create_price:2,90
[17-Sep-2024 16:10:58 UTC] create_variation_product_id:1015
[17-Sep-2024 16:10:58 UTC] create_stock:6120
[17-Sep-2024 16:10:58 UTC] create_price:8,40
[17-Sep-2024 16:10:58 UTC] create_variation_product_id:1016
[17-Sep-2024 16:10:58 UTC] create_stock:8956
[17-Sep-2024 16:10:58 UTC] create_price:2,29
[17-Sep-2024 16:10:58 UTC] create_variation_product_id:1017
[17-Sep-2024 16:10:58 UTC] create_stock:5015
[17-Sep-2024 16:10:58 UTC] create_price:2,60
[17-Sep-2024 16:10:58 UTC] create_variation_product_id:1018
[17-Sep-2024 16:10:58 UTC] create_stock:29866
[17-Sep-2024 16:10:58 UTC] create_price:0,45
[17-Sep-2024 16:10:58 UTC] create_variation_product_id:1019
[17-Sep-2024 16:10:58 UTC] create_stock:14831
[17-Sep-2024 16:10:58 UTC] create_price:0,45
[17-Sep-2024 16:10:59 UTC] create_variation_product_id:1020
[17-Sep-2024 16:10:59 UTC] create_stock:20268
[17-Sep-2024 16:10:59 UTC] create_price:0,45
[17-Sep-2024 16:10:59 UTC] create_variation_product_id:1021
[17-Sep-2024 16:10:59 UTC] create_stock:30734
[17-Sep-2024 16:10:59 UTC] create_price:0,24
[17-Sep-2024 16:10:59 UTC] create_variation_product_id:1022
[17-Sep-2024 16:10:59 UTC] create_stock:37332
[17-Sep-2024 16:10:59 UTC] create_price:0,33
[17-Sep-2024 16:10:59 UTC] create_variation_product_id:1023
[17-Sep-2024 16:10:59 UTC] create_stock:26466
[17-Sep-2024 16:10:59 UTC] create_price:0,39
[17-Sep-2024 16:10:59 UTC] create_variation_product_id:1024
[17-Sep-2024 16:10:59 UTC] create_stock:166
[17-Sep-2024 16:10:59 UTC] create_price:14,75
[17-Sep-2024 16:11:00 UTC] create_variation_product_id:1024
[17-Sep-2024 16:11:00 UTC] create_stock:236
[17-Sep-2024 16:11:00 UTC] create_price:14,75
[17-Sep-2024 16:11:00 UTC] create_variation_product_id:1024
[17-Sep-2024 16:11:00 UTC] create_stock:266
[17-Sep-2024 16:11:00 UTC] create_price:14,75
[17-Sep-2024 16:11:00 UTC] create_variation_product_id:1025
[17-Sep-2024 16:11:00 UTC] create_stock:299
[17-Sep-2024 16:11:00 UTC] create_price:14,75
[17-Sep-2024 16:11:00 UTC] create_variation_product_id:1025
[17-Sep-2024 16:11:00 UTC] create_stock:599
[17-Sep-2024 16:11:00 UTC] create_price:14,75
[17-Sep-2024 16:11:00 UTC] create_variation_product_id:1025
[17-Sep-2024 16:11:00 UTC] create_stock:461
[17-Sep-2024 16:11:00 UTC] create_price:14,75
[17-Sep-2024 16:11:01 UTC] create_variation_product_id:1026
[17-Sep-2024 16:11:01 UTC] create_stock:2989
[17-Sep-2024 16:11:01 UTC] create_price:7,32
[17-Sep-2024 16:11:01 UTC] create_variation_product_id:1027
[17-Sep-2024 16:11:01 UTC] create_stock:3166
[17-Sep-2024 16:11:01 UTC] create_price:7,32
[17-Sep-2024 16:11:01 UTC] create_variation_product_id:1028
[17-Sep-2024 16:11:01 UTC] create_stock:19006
[17-Sep-2024 16:11:01 UTC] create_price:0,71
[17-Sep-2024 16:11:01 UTC] create_variation_product_id:1029
[17-Sep-2024 16:11:01 UTC] create_stock:9971
[17-Sep-2024 16:11:01 UTC] create_price:0,63
[17-Sep-2024 16:11:02 UTC] create_variation_product_id:1030
[17-Sep-2024 16:11:02 UTC] create_stock:0
[17-Sep-2024 16:11:02 UTC] create_price:2,37
[17-Sep-2024 16:11:03 UTC] create_variation_product_id:1031
[17-Sep-2024 16:11:03 UTC] create_stock:4699
[17-Sep-2024 16:11:03 UTC] create_price:2,88
[17-Sep-2024 16:11:03 UTC] create_variation_product_id:1032
[17-Sep-2024 16:11:03 UTC] create_stock:6989
[17-Sep-2024 16:11:03 UTC] create_price:2,98
[17-Sep-2024 16:11:04 UTC] create_variation_product_id:1032
[17-Sep-2024 16:11:04 UTC] create_stock:4981
[17-Sep-2024 16:11:04 UTC] create_price:2,98
[17-Sep-2024 16:11:04 UTC] create_variation_product_id:1032
[17-Sep-2024 16:11:04 UTC] create_stock:4860
[17-Sep-2024 16:11:04 UTC] create_price:2,98
[17-Sep-2024 16:11:04 UTC] create_variation_product_id:1033
[17-Sep-2024 16:11:04 UTC] create_stock:9396
[17-Sep-2024 16:11:04 UTC] create_price:1,66
[17-Sep-2024 16:11:04 UTC] create_variation_product_id:1034
[17-Sep-2024 16:11:04 UTC] create_stock:8712
[17-Sep-2024 16:11:04 UTC] create_price:1,66
[17-Sep-2024 16:11:04 UTC] create_variation_product_id:1035
[17-Sep-2024 16:11:04 UTC] create_stock:2273
[17-Sep-2024 16:11:04 UTC] create_price:3,64
[17-Sep-2024 16:11:05 UTC] create_variation_product_id:1036
[17-Sep-2024 16:11:05 UTC] create_stock:0
[17-Sep-2024 16:11:05 UTC] create_price:2,02
[17-Sep-2024 16:11:06 UTC] create_variation_product_id:1037
[17-Sep-2024 16:11:06 UTC] create_stock:4956
[17-Sep-2024 16:11:06 UTC] create_price:2,27
[17-Sep-2024 16:11:06 UTC] create_variation_product_id:1038
[17-Sep-2024 16:11:06 UTC] create_stock:0
[17-Sep-2024 16:11:06 UTC] create_price:0,60
[17-Sep-2024 16:11:07 UTC] create_variation_product_id:1039
[17-Sep-2024 16:11:07 UTC] create_stock:2631
[17-Sep-2024 16:11:07 UTC] create_price:2,58
[17-Sep-2024 16:11:07 UTC] create_variation_product_id:1040
[17-Sep-2024 16:11:07 UTC] create_stock:4863
[17-Sep-2024 16:11:07 UTC] create_price:3,08
[17-Sep-2024 16:11:07 UTC] create_variation_product_id:1041
[17-Sep-2024 16:11:07 UTC] create_stock:1714
[17-Sep-2024 16:11:07 UTC] create_price:4,70
[17-Sep-2024 16:11:07 UTC] create_variation_product_id:1042
[17-Sep-2024 16:11:07 UTC] create_stock:3332
[17-Sep-2024 16:11:07 UTC] create_price:3,64
[17-Sep-2024 16:11:07 UTC] create_variation_product_id:1042
[17-Sep-2024 16:11:07 UTC] create_stock:2936
[17-Sep-2024 16:11:07 UTC] create_price:3,64
[17-Sep-2024 16:11:08 UTC] create_variation_product_id:1043
[17-Sep-2024 16:11:08 UTC] create_stock:7889
[17-Sep-2024 16:11:08 UTC] create_price:1,40
[17-Sep-2024 16:11:08 UTC] create_variation_product_id:1044
[17-Sep-2024 16:11:08 UTC] create_stock:3975
[17-Sep-2024 16:11:08 UTC] create_price:2,95
[17-Sep-2024 16:11:08 UTC] create_variation_product_id:1045
[17-Sep-2024 16:11:08 UTC] create_stock:4804
[17-Sep-2024 16:11:08 UTC] create_price:1,85
[17-Sep-2024 16:11:08 UTC] create_variation_product_id:1046
[17-Sep-2024 16:11:08 UTC] create_stock:4964
[17-Sep-2024 16:11:08 UTC] create_price:2,55
[17-Sep-2024 16:11:08 UTC] create_variation_product_id:1046
[17-Sep-2024 16:11:08 UTC] create_stock:5012
[17-Sep-2024 16:11:08 UTC] create_price:2,55
[17-Sep-2024 16:11:09 UTC] create_variation_product_id:1047
[17-Sep-2024 16:11:09 UTC] create_stock:719
[17-Sep-2024 16:11:09 UTC] create_price:1,50
[17-Sep-2024 16:11:09 UTC] create_variation_product_id:1048
[17-Sep-2024 16:11:09 UTC] create_stock:746
[17-Sep-2024 16:11:09 UTC] create_price:2,55
[17-Sep-2024 16:11:09 UTC] create_variation_product_id:1049
[17-Sep-2024 16:11:09 UTC] create_stock:9940
[17-Sep-2024 16:11:09 UTC] create_price:1,30
[17-Sep-2024 16:11:09 UTC] create_variation_product_id:1050
[17-Sep-2024 16:11:09 UTC] create_stock:19150
[17-Sep-2024 16:11:09 UTC] create_price:1,02
[17-Sep-2024 16:11:09 UTC] create_variation_product_id:1051
[17-Sep-2024 16:11:09 UTC] create_stock:7979
[17-Sep-2024 16:11:09 UTC] create_price:6,00
[17-Sep-2024 16:11:10 UTC] create_variation_product_id:1051
[17-Sep-2024 16:11:10 UTC] create_stock:4392
[17-Sep-2024 16:11:10 UTC] create_price:6,00
[17-Sep-2024 16:11:10 UTC] create_variation_product_id:1052
[17-Sep-2024 16:11:10 UTC] create_stock:5805
[17-Sep-2024 16:11:10 UTC] create_price:0,30
[17-Sep-2024 16:11:10 UTC] create_variation_product_id:1052
[17-Sep-2024 16:11:10 UTC] create_stock:29179
[17-Sep-2024 16:11:10 UTC] create_price:0,30
[17-Sep-2024 16:11:10 UTC] create_variation_product_id:1053
[17-Sep-2024 16:11:10 UTC] create_stock:30
[17-Sep-2024 16:11:10 UTC] create_price:4,10
[17-Sep-2024 16:11:10 UTC] create_variation_product_id:1054
[17-Sep-2024 16:11:10 UTC] create_stock:11220
[17-Sep-2024 16:11:10 UTC] create_price:1,10
[17-Sep-2024 16:11:11 UTC] create_variation_product_id:1055
[17-Sep-2024 16:11:11 UTC] create_stock:480
[17-Sep-2024 16:11:11 UTC] create_price:18,10
[17-Sep-2024 16:11:11 UTC] create_variation_product_id:1056
[17-Sep-2024 16:11:11 UTC] create_stock:927
[17-Sep-2024 16:11:11 UTC] create_price:18,10
[17-Sep-2024 16:11:11 UTC] create_variation_product_id:1057
[17-Sep-2024 16:11:11 UTC] create_stock:6713
[17-Sep-2024 16:11:11 UTC] create_price:0,92
[17-Sep-2024 16:11:11 UTC] create_variation_product_id:1058
[17-Sep-2024 16:11:11 UTC] create_stock:19765
[17-Sep-2024 16:11:11 UTC] create_price:0,92
[17-Sep-2024 16:11:11 UTC] create_variation_product_id:1059
[17-Sep-2024 16:11:11 UTC] create_stock:5984
[17-Sep-2024 16:11:11 UTC] create_price:4,10
[17-Sep-2024 16:11:12 UTC] Aucune variations trouvées dans le tableau.
[17-Sep-2024 16:11:12 UTC] Aucune variations trouvées dans le tableau.
[17-Sep-2024 16:11:12 UTC] Aucune variations trouvées dans le tableau.
[17-Sep-2024 16:11:12 UTC] Aucune variations trouvées dans le tableau.
[17-Sep-2024 16:11:12 UTC] Aucune variations trouvées dans le tableau.
[17-Sep-2024 16:11:12 UTC] Aucune variations trouvées dans le tableau.
[17-Sep-2024 16:11:12 UTC] Aucune variations trouvées dans le tableau.
[17-Sep-2024 16:11:12 UTC] Aucune variations trouvées dans le tableau.
[17-Sep-2024 16:11:12 UTC] Aucune variations trouvées dans le tableau.
[17-Sep-2024 16:11:12 UTC] Aucune variations trouvées dans le tableau.
[17-Sep-2024 16:11:12 UTC] Aucune variations trouvées dans le tableau.
[17-Sep-2024 16:11:12 UTC] Aucune variations trouvées dans le tableau.
[17-Sep-2024 16:11:12 UTC] Aucune variations trouvées dans le tableau.
[17-Sep-2024 16:11:12 UTC] Aucune variations trouvées dans le tableau.
[17-Sep-2024 16:11:12 UTC] Aucune variations trouvées dans le tableau.
[17-Sep-2024 16:11:12 UTC] Aucune variations trouvées dans le tableau.
[17-Sep-2024 16:11:12 UTC] Aucune variations trouvées dans le tableau.
[17-Sep-2024 16:11:12 UTC] Aucune variations trouvées dans le tableau.
[17-Sep-2024 16:11:12 UTC] create_variation_product_id:1060
[17-Sep-2024 16:11:12 UTC] create_stock:2318
[17-Sep-2024 16:11:12 UTC] create_price:2,05
[17-Sep-2024 16:11:12 UTC] create_variation_product_id:1060
[17-Sep-2024 16:11:12 UTC] create_stock:0
[17-Sep-2024 16:11:12 UTC] create_price:2,05
[17-Sep-2024 16:11:13 UTC] create_variation_product_id:1060
[17-Sep-2024 16:11:13 UTC] create_stock:8412
[17-Sep-2024 16:11:13 UTC] create_price:2,05
[17-Sep-2024 16:11:13 UTC] create_variation_product_id:1061
[17-Sep-2024 16:11:13 UTC] create_stock:0
[17-Sep-2024 16:11:13 UTC] create_price:0,28
[17-Sep-2024 16:11:15 UTC] create_variation_product_id:1061
[17-Sep-2024 16:11:15 UTC] create_stock:0
[17-Sep-2024 16:11:15 UTC] create_price:0,28
[17-Sep-2024 16:11:17 UTC] create_variation_product_id:1061
[17-Sep-2024 16:11:17 UTC] create_stock:0
[17-Sep-2024 16:11:17 UTC] create_price:0,28
[17-Sep-2024 16:11:19 UTC] create_variation_product_id:1062
[17-Sep-2024 16:11:19 UTC] create_stock:20527
[17-Sep-2024 16:11:19 UTC] create_price:0,22
[17-Sep-2024 16:11:19 UTC] create_variation_product_id:1063
[17-Sep-2024 16:11:19 UTC] create_stock:33537
[17-Sep-2024 16:11:19 UTC] create_price:0,21
[17-Sep-2024 16:11:19 UTC] create_variation_product_id:1064
[17-Sep-2024 16:11:19 UTC] create_stock:87398
[17-Sep-2024 16:11:19 UTC] create_price:0,45
[17-Sep-2024 16:11:19 UTC] create_variation_product_id:1064
[17-Sep-2024 16:11:19 UTC] create_stock:12431
[17-Sep-2024 16:11:19 UTC] create_price:0,45
[17-Sep-2024 16:11:20 UTC] create_variation_product_id:1064
[17-Sep-2024 16:11:20 UTC] create_stock:82723
[17-Sep-2024 16:11:20 UTC] create_price:0,45
[17-Sep-2024 16:11:20 UTC] create_variation_product_id:1064
[17-Sep-2024 16:11:20 UTC] create_stock:0
[17-Sep-2024 16:11:20 UTC] create_price:0,45
[17-Sep-2024 16:11:20 UTC] create_variation_product_id:1064
[17-Sep-2024 16:11:20 UTC] create_stock:12913
[17-Sep-2024 16:11:20 UTC] create_price:0,45
[17-Sep-2024 16:11:21 UTC] create_variation_product_id:1064
[17-Sep-2024 16:11:21 UTC] create_stock:37666
[17-Sep-2024 16:11:21 UTC] create_price:0,45
[17-Sep-2024 16:11:21 UTC] create_variation_product_id:1065
[17-Sep-2024 16:11:21 UTC] create_stock:1063
[17-Sep-2024 16:11:21 UTC] create_price:8,73
[17-Sep-2024 16:11:21 UTC] create_variation_product_id:1066
[17-Sep-2024 16:11:21 UTC] create_stock:6649
[17-Sep-2024 16:11:21 UTC] create_price:0,51
[17-Sep-2024 16:11:21 UTC] create_variation_product_id:1066
[17-Sep-2024 16:11:21 UTC] create_stock:23727
[17-Sep-2024 16:11:21 UTC] create_price:0,51
[17-Sep-2024 16:11:22 UTC] create_variation_product_id:1066
[17-Sep-2024 16:11:22 UTC] create_stock:22924
[17-Sep-2024 16:11:22 UTC] create_price:0,51
[17-Sep-2024 16:11:22 UTC] create_variation_product_id:1066
[17-Sep-2024 16:11:22 UTC] create_stock:2132
[17-Sep-2024 16:11:22 UTC] create_price:0,51
[17-Sep-2024 16:11:22 UTC] create_variation_product_id:1066
[17-Sep-2024 16:11:22 UTC] create_stock:23375
[17-Sep-2024 16:11:22 UTC] create_price:0,51
[17-Sep-2024 16:11:22 UTC] create_variation_product_id:1066
[17-Sep-2024 16:11:22 UTC] create_stock:11319
[17-Sep-2024 16:11:22 UTC] create_price:0,51
[17-Sep-2024 16:11:23 UTC] create_variation_product_id:1067
[17-Sep-2024 16:11:23 UTC] create_stock:14451
[17-Sep-2024 16:11:23 UTC] create_price:0,63
[17-Sep-2024 16:11:23 UTC] create_variation_product_id:1067
[17-Sep-2024 16:11:23 UTC] create_stock:9272
[17-Sep-2024 16:11:23 UTC] create_price:0,63
[17-Sep-2024 16:11:23 UTC] create_variation_product_id:1068
[17-Sep-2024 16:11:23 UTC] create_stock:7762
[17-Sep-2024 16:11:23 UTC] create_price:2,95
[17-Sep-2024 16:11:23 UTC] create_variation_product_id:1069
[17-Sep-2024 16:11:23 UTC] create_stock:8382
[17-Sep-2024 16:11:23 UTC] create_price:2,37
[17-Sep-2024 16:11:24 UTC] create_variation_product_id:1069
[17-Sep-2024 16:11:24 UTC] create_stock:10721
[17-Sep-2024 16:11:24 UTC] create_price:2,37
[17-Sep-2024 16:11:24 UTC] create_variation_product_id:1069
[17-Sep-2024 16:11:24 UTC] create_stock:4392
[17-Sep-2024 16:11:24 UTC] create_price:2,37
[17-Sep-2024 16:11:24 UTC] create_variation_product_id:1070
[17-Sep-2024 16:11:24 UTC] create_stock:2377
[17-Sep-2024 16:11:24 UTC] create_price:10,00
[17-Sep-2024 16:11:24 UTC] create_variation_product_id:1071
[17-Sep-2024 16:11:24 UTC] create_stock:5888
[17-Sep-2024 16:11:24 UTC] create_price:4,97
[17-Sep-2024 16:11:24 UTC] create_variation_product_id:1072
[17-Sep-2024 16:11:24 UTC] create_stock:358
[17-Sep-2024 16:11:24 UTC] create_price:0,16
[17-Sep-2024 16:11:24 UTC] create_variation_product_id:1074
[17-Sep-2024 16:11:24 UTC] create_stock:14846
[17-Sep-2024 16:11:24 UTC] create_price:1,08
[17-Sep-2024 16:11:25 UTC] create_variation_product_id:1075
[17-Sep-2024 16:11:25 UTC] create_stock:1831
[17-Sep-2024 16:11:25 UTC] create_price:6,62
[17-Sep-2024 16:11:25 UTC] create_variation_product_id:1076
[17-Sep-2024 16:11:25 UTC] create_stock:19836
[17-Sep-2024 16:11:25 UTC] create_price:0,22
[17-Sep-2024 16:11:25 UTC] create_variation_product_id:1076
[17-Sep-2024 16:11:25 UTC] create_stock:11697
[17-Sep-2024 16:11:25 UTC] create_price:0,22
[17-Sep-2024 16:11:25 UTC] create_variation_product_id:1077
[17-Sep-2024 16:11:25 UTC] create_stock:14944
[17-Sep-2024 16:11:25 UTC] create_price:0,61
[17-Sep-2024 16:11:26 UTC] create_variation_product_id:1077
[17-Sep-2024 16:11:26 UTC] create_stock:10207
[17-Sep-2024 16:11:26 UTC] create_price:0,61
[17-Sep-2024 16:11:26 UTC] create_variation_product_id:1077
[17-Sep-2024 16:11:26 UTC] create_stock:0
[17-Sep-2024 16:11:26 UTC] create_price:0,61
[17-Sep-2024 16:11:27 UTC] create_variation_product_id:1077
[17-Sep-2024 16:11:27 UTC] create_stock:12297
[17-Sep-2024 16:11:27 UTC] create_price:0,61
[17-Sep-2024 16:11:27 UTC] create_variation_product_id:1077
[17-Sep-2024 16:11:27 UTC] create_stock:9090
[17-Sep-2024 16:11:27 UTC] create_price:0,61
[17-Sep-2024 16:11:27 UTC] create_variation_product_id:1078
[17-Sep-2024 16:11:27 UTC] create_stock:5827
[17-Sep-2024 16:11:27 UTC] create_price:7,66
[17-Sep-2024 16:11:27 UTC] create_variation_product_id:1079
[17-Sep-2024 16:11:27 UTC] create_stock:14699
[17-Sep-2024 16:11:27 UTC] create_price:0,47
[17-Sep-2024 16:11:28 UTC] create_variation_product_id:1079
[17-Sep-2024 16:11:28 UTC] create_stock:18744
[17-Sep-2024 16:11:28 UTC] create_price:0,47
[17-Sep-2024 16:11:28 UTC] create_variation_product_id:1080
[17-Sep-2024 16:11:28 UTC] create_stock:12890
[17-Sep-2024 16:11:28 UTC] create_price:1,15
[17-Sep-2024 16:11:28 UTC] create_variation_product_id:1081
[17-Sep-2024 16:11:28 UTC] create_stock:53654
[17-Sep-2024 16:11:28 UTC] create_price:0,25
[17-Sep-2024 16:11:29 UTC] create_variation_product_id:1081
[17-Sep-2024 16:11:29 UTC] create_stock:72321
[17-Sep-2024 16:11:29 UTC] create_price:0,25
[17-Sep-2024 16:11:29 UTC] create_variation_product_id:1081
[17-Sep-2024 16:11:29 UTC] create_stock:82281
[17-Sep-2024 16:11:29 UTC] create_price:0,25
[17-Sep-2024 16:11:29 UTC] create_variation_product_id:1081
[17-Sep-2024 16:11:29 UTC] create_stock:0
[17-Sep-2024 16:11:29 UTC] create_price:0,25
[17-Sep-2024 16:11:30 UTC] create_variation_product_id:1081
[17-Sep-2024 16:11:30 UTC] create_stock:35170
[17-Sep-2024 16:11:30 UTC] create_price:0,25
[17-Sep-2024 16:11:31 UTC] create_variation_product_id:1081
[17-Sep-2024 16:11:31 UTC] create_stock:0
[17-Sep-2024 16:11:31 UTC] create_price:0,25
[17-Sep-2024 16:11:31 UTC] create_variation_product_id:1081
[17-Sep-2024 16:11:31 UTC] create_stock:42212
[17-Sep-2024 16:11:31 UTC] create_price:0,25
[17-Sep-2024 16:11:32 UTC] create_variation_product_id:1081
[17-Sep-2024 16:11:32 UTC] create_stock:68337
[17-Sep-2024 16:11:32 UTC] create_price:0,25
[17-Sep-2024 16:11:32 UTC] create_variation_product_id:1081
[17-Sep-2024 16:11:32 UTC] create_stock:25916
[17-Sep-2024 16:11:32 UTC] create_price:0,25
[17-Sep-2024 16:11:32 UTC] create_variation_product_id:1081
[17-Sep-2024 16:11:32 UTC] create_stock:30184
[17-Sep-2024 16:11:32 UTC] create_price:0,25
[17-Sep-2024 16:11:33 UTC] create_variation_product_id:1081
[17-Sep-2024 16:11:33 UTC] create_stock:27972
[17-Sep-2024 16:11:33 UTC] create_price:0,25
[17-Sep-2024 16:11:33 UTC] create_variation_product_id:1081
[17-Sep-2024 16:11:33 UTC] create_stock:29775
[17-Sep-2024 16:11:33 UTC] create_price:0,25
[17-Sep-2024 16:11:33 UTC] create_variation_product_id:1081
[17-Sep-2024 16:11:33 UTC] create_stock:24253
[17-Sep-2024 16:11:33 UTC] create_price:0,25
[17-Sep-2024 16:11:34 UTC] create_variation_product_id:1081
[17-Sep-2024 16:11:34 UTC] create_stock:27814
[17-Sep-2024 16:11:34 UTC] create_price:0,25
[17-Sep-2024 16:11:34 UTC] create_variation_product_id:1082
[17-Sep-2024 16:11:34 UTC] create_stock:2922
[17-Sep-2024 16:11:34 UTC] create_price:16,87
[17-Sep-2024 16:11:34 UTC] create_variation_product_id:1083
[17-Sep-2024 16:11:34 UTC] create_stock:42417
[17-Sep-2024 16:11:34 UTC] create_price:0,87
[17-Sep-2024 16:11:35 UTC] create_variation_product_id:1083
[17-Sep-2024 16:11:35 UTC] create_stock:73522
[17-Sep-2024 16:11:35 UTC] create_price:0,87
[17-Sep-2024 16:11:35 UTC] create_variation_product_id:1083
[17-Sep-2024 16:11:35 UTC] create_stock:23918
[17-Sep-2024 16:11:35 UTC] create_price:0,87
[17-Sep-2024 16:11:35 UTC] create_variation_product_id:1083
[17-Sep-2024 16:11:35 UTC] create_stock:14314
[17-Sep-2024 16:11:35 UTC] create_price:0,87
[17-Sep-2024 16:11:35 UTC] create_variation_product_id:1083
[17-Sep-2024 16:11:35 UTC] create_stock:13151
[17-Sep-2024 16:11:35 UTC] create_price:0,87
[17-Sep-2024 16:11:36 UTC] create_variation_product_id:1083
[17-Sep-2024 16:11:36 UTC] create_stock:8343
[17-Sep-2024 16:11:36 UTC] create_price:0,87
[17-Sep-2024 16:11:36 UTC] create_variation_product_id:1084
[17-Sep-2024 16:11:36 UTC] create_stock:4839
[17-Sep-2024 16:11:36 UTC] create_price:3,48
[17-Sep-2024 16:11:36 UTC] create_variation_product_id:1085
[17-Sep-2024 16:11:36 UTC] create_stock:68778
[17-Sep-2024 16:11:36 UTC] create_price:0,26
[17-Sep-2024 16:11:36 UTC] create_variation_product_id:1085
[17-Sep-2024 16:11:36 UTC] create_stock:64826
[17-Sep-2024 16:11:36 UTC] create_price:0,26
[17-Sep-2024 16:11:36 UTC] create_variation_product_id:1085
[17-Sep-2024 16:11:36 UTC] create_stock:88379
[17-Sep-2024 16:11:36 UTC] create_price:0,26
[17-Sep-2024 16:11:37 UTC] create_variation_product_id:1086
[17-Sep-2024 16:11:37 UTC] create_stock:31432
[17-Sep-2024 16:11:37 UTC] create_price:0,64
[17-Sep-2024 16:11:37 UTC] create_variation_product_id:1086
[17-Sep-2024 16:11:37 UTC] create_stock:16219
[17-Sep-2024 16:11:37 UTC] create_price:0,64
[17-Sep-2024 16:11:37 UTC] create_variation_product_id:1086
[17-Sep-2024 16:11:37 UTC] create_stock:15631
[17-Sep-2024 16:11:37 UTC] create_price:0,64
[17-Sep-2024 16:11:37 UTC] create_variation_product_id:1087
[17-Sep-2024 16:11:37 UTC] create_stock:8118
[17-Sep-2024 16:11:37 UTC] create_price:0,39
[17-Sep-2024 16:11:37 UTC] create_variation_product_id:1088
[17-Sep-2024 16:11:37 UTC] create_stock:7721
[17-Sep-2024 16:11:37 UTC] create_price:1,21
[17-Sep-2024 16:11:38 UTC] create_variation_product_id:1089
[17-Sep-2024 16:11:38 UTC] create_stock:4200
[17-Sep-2024 16:11:38 UTC] create_price:0,19
[17-Sep-2024 16:11:38 UTC] create_variation_product_id:1089
[17-Sep-2024 16:11:38 UTC] create_stock:3055
[17-Sep-2024 16:11:38 UTC] create_price:0,19
[17-Sep-2024 16:11:38 UTC] create_variation_product_id:1089
[17-Sep-2024 16:11:38 UTC] create_stock:4704
[17-Sep-2024 16:11:38 UTC] create_price:0,19
[17-Sep-2024 16:11:38 UTC] create_variation_product_id:1090
[17-Sep-2024 16:11:38 UTC] create_stock:7821
[17-Sep-2024 16:11:38 UTC] create_price:4,14
[17-Sep-2024 16:11:38 UTC] create_variation_product_id:1090
[17-Sep-2024 16:11:38 UTC] create_stock:3217
[17-Sep-2024 16:11:38 UTC] create_price:4,14
[17-Sep-2024 16:11:39 UTC] create_variation_product_id:1090
[17-Sep-2024 16:11:39 UTC] create_stock:2842
[17-Sep-2024 16:11:39 UTC] create_price:4,14
[17-Sep-2024 16:11:39 UTC] create_variation_product_id:1091
[17-Sep-2024 16:11:39 UTC] create_stock:4239
[17-Sep-2024 16:11:39 UTC] create_price:2,50
[17-Sep-2024 16:11:39 UTC] create_variation_product_id:1092
[17-Sep-2024 16:11:39 UTC] create_stock:36239
[17-Sep-2024 16:11:39 UTC] create_price:0,80
[17-Sep-2024 16:11:39 UTC] create_variation_product_id:1092
[17-Sep-2024 16:11:39 UTC] create_stock:37033
[17-Sep-2024 16:11:39 UTC] create_price:0,80
[17-Sep-2024 16:11:40 UTC] create_variation_product_id:1093
[17-Sep-2024 16:11:40 UTC] create_stock:3590
[17-Sep-2024 16:11:40 UTC] create_price:5,39
[17-Sep-2024 16:11:40 UTC] create_variation_product_id:1094
[17-Sep-2024 16:11:40 UTC] create_stock:2932
[17-Sep-2024 16:11:40 UTC] create_price:1,02
[17-Sep-2024 16:11:40 UTC] create_variation_product_id:1094
[17-Sep-2024 16:11:40 UTC] create_stock:13239
[17-Sep-2024 16:11:40 UTC] create_price:1,02
[17-Sep-2024 16:11:40 UTC] create_variation_product_id:1095
[17-Sep-2024 16:11:40 UTC] create_stock:59973
[17-Sep-2024 16:11:40 UTC] create_price:0,46
[17-Sep-2024 16:11:40 UTC] create_variation_product_id:1095
[17-Sep-2024 16:11:40 UTC] create_stock:16999
[17-Sep-2024 16:11:40 UTC] create_price:0,46
[17-Sep-2024 16:11:40 UTC] create_variation_product_id:1096
[17-Sep-2024 16:11:40 UTC] create_stock:2944
[17-Sep-2024 16:11:40 UTC] create_price:12,47
[17-Sep-2024 16:11:41 UTC] create_variation_product_id:1097
[17-Sep-2024 16:11:41 UTC] create_stock:16407
[17-Sep-2024 16:11:41 UTC] create_price:0,17
[17-Sep-2024 16:11:41 UTC] create_variation_product_id:1098
[17-Sep-2024 16:11:41 UTC] create_stock:7438
[17-Sep-2024 16:11:41 UTC] create_price:0,99
[17-Sep-2024 16:11:41 UTC] create_variation_product_id:1099
[17-Sep-2024 16:11:41 UTC] create_stock:12664
[17-Sep-2024 16:11:41 UTC] create_price:2,37
[17-Sep-2024 16:11:41 UTC] create_variation_product_id:1100
[17-Sep-2024 16:11:41 UTC] create_stock:8045
[17-Sep-2024 16:11:41 UTC] create_price:4,17
[17-Sep-2024 16:11:41 UTC] create_variation_product_id:1101
[17-Sep-2024 16:11:41 UTC] create_stock:3697
[17-Sep-2024 16:11:41 UTC] create_price:1,08
[17-Sep-2024 16:11:42 UTC] create_variation_product_id:1102
[17-Sep-2024 16:11:42 UTC] create_stock:7886
[17-Sep-2024 16:11:42 UTC] create_price:2,15
[17-Sep-2024 16:11:42 UTC] create_variation_product_id:1103
[17-Sep-2024 16:11:42 UTC] create_stock:5439
[17-Sep-2024 16:11:42 UTC] create_price:8,38
[17-Sep-2024 16:11:42 UTC] create_variation_product_id:1104
[17-Sep-2024 16:11:42 UTC] create_stock:18270
[17-Sep-2024 16:11:42 UTC] create_price:0,87
[17-Sep-2024 16:11:42 UTC] create_variation_product_id:1104
[17-Sep-2024 16:11:42 UTC] create_stock:43337
[17-Sep-2024 16:11:42 UTC] create_price:0,87
[17-Sep-2024 16:11:43 UTC] create_variation_product_id:1104
[17-Sep-2024 16:11:43 UTC] create_stock:12300
[17-Sep-2024 16:11:43 UTC] create_price:0,87
[17-Sep-2024 16:11:43 UTC] create_variation_product_id:1104
[17-Sep-2024 16:11:43 UTC] create_stock:34549
[17-Sep-2024 16:11:43 UTC] create_price:0,87
[17-Sep-2024 16:11:43 UTC] create_variation_product_id:1104
[17-Sep-2024 16:11:43 UTC] create_stock:21340
[17-Sep-2024 16:11:43 UTC] create_price:0,87
[17-Sep-2024 16:11:43 UTC] create_variation_product_id:1105
[17-Sep-2024 16:11:43 UTC] create_stock:244771
[17-Sep-2024 16:11:43 UTC] create_price:0,11
[17-Sep-2024 16:11:43 UTC] create_variation_product_id:1105
[17-Sep-2024 16:11:43 UTC] create_stock:100088
[17-Sep-2024 16:11:43 UTC] create_price:0,11
[17-Sep-2024 16:11:44 UTC] create_variation_product_id:1105
[17-Sep-2024 16:11:44 UTC] create_stock:92249
[17-Sep-2024 16:11:44 UTC] create_price:0,11
[17-Sep-2024 16:11:44 UTC] create_variation_product_id:1105
[17-Sep-2024 16:11:44 UTC] create_stock:86167
[17-Sep-2024 16:11:44 UTC] create_price:0,11
[17-Sep-2024 16:11:44 UTC] create_variation_product_id:1105
[17-Sep-2024 16:11:44 UTC] create_stock:128796
[17-Sep-2024 16:11:44 UTC] create_price:0,11
[17-Sep-2024 16:11:44 UTC] create_variation_product_id:1105
[17-Sep-2024 16:11:44 UTC] create_stock:46918
[17-Sep-2024 16:11:44 UTC] create_price:0,11
[17-Sep-2024 16:11:45 UTC] create_variation_product_id:1106
[17-Sep-2024 16:11:45 UTC] create_stock:171544
[17-Sep-2024 16:11:45 UTC] create_price:0,27
[17-Sep-2024 16:11:45 UTC] create_variation_product_id:1106
[17-Sep-2024 16:11:45 UTC] create_stock:41481
[17-Sep-2024 16:11:45 UTC] create_price:0,27
[17-Sep-2024 16:11:46 UTC] create_variation_product_id:1106
[17-Sep-2024 16:11:46 UTC] create_stock:35956
[17-Sep-2024 16:11:46 UTC] create_price:0,27
[17-Sep-2024 16:11:46 UTC] create_variation_product_id:1106
[17-Sep-2024 16:11:46 UTC] create_stock:15925
[17-Sep-2024 16:11:46 UTC] create_price:0,27
[17-Sep-2024 16:11:46 UTC] create_variation_product_id:1106
[17-Sep-2024 16:11:46 UTC] create_stock:78273
[17-Sep-2024 16:11:46 UTC] create_price:0,27
[17-Sep-2024 16:11:47 UTC] create_variation_product_id:1106
[17-Sep-2024 16:11:47 UTC] create_stock:59349
[17-Sep-2024 16:11:47 UTC] create_price:0,27
[17-Sep-2024 16:11:47 UTC] create_variation_product_id:1106
[17-Sep-2024 16:11:47 UTC] create_stock:102691
[17-Sep-2024 16:11:47 UTC] create_price:0,27
[17-Sep-2024 16:11:47 UTC] create_variation_product_id:1106
[17-Sep-2024 16:11:47 UTC] create_stock:38507
[17-Sep-2024 16:11:47 UTC] create_price:0,27
[17-Sep-2024 16:11:47 UTC] create_variation_product_id:1106
[17-Sep-2024 16:11:47 UTC] create_stock:28812
[17-Sep-2024 16:11:47 UTC] create_price:0,27
[17-Sep-2024 16:11:48 UTC] create_variation_product_id:1106
[17-Sep-2024 16:11:48 UTC] create_stock:38102
[17-Sep-2024 16:11:48 UTC] create_price:0,27
[17-Sep-2024 16:11:48 UTC] create_variation_product_id:1106
[17-Sep-2024 16:11:48 UTC] create_stock:43740
[17-Sep-2024 16:11:48 UTC] create_price:0,27
[17-Sep-2024 16:11:48 UTC] create_variation_product_id:1106
[17-Sep-2024 16:11:48 UTC] create_stock:14529
[17-Sep-2024 16:11:48 UTC] create_price:0,27
[17-Sep-2024 16:11:49 UTC] create_variation_product_id:1106
[17-Sep-2024 16:11:49 UTC] create_stock:41315
[17-Sep-2024 16:11:49 UTC] create_price:0,27
[17-Sep-2024 16:11:49 UTC] create_variation_product_id:1107
[17-Sep-2024 16:11:49 UTC] create_stock:14245
[17-Sep-2024 16:11:49 UTC] create_price:0,60
[17-Sep-2024 16:11:49 UTC] create_variation_product_id:1107
[17-Sep-2024 16:11:49 UTC] create_stock:46127
[17-Sep-2024 16:11:49 UTC] create_price:0,60
[17-Sep-2024 16:11:49 UTC] create_variation_product_id:1107
[17-Sep-2024 16:11:49 UTC] create_stock:10416
[17-Sep-2024 16:11:49 UTC] create_price:0,60
[17-Sep-2024 16:11:50 UTC] create_variation_product_id:1107
[17-Sep-2024 16:11:50 UTC] create_stock:13798
[17-Sep-2024 16:11:50 UTC] create_price:0,60
[17-Sep-2024 16:11:50 UTC] create_variation_product_id:1107
[17-Sep-2024 16:11:50 UTC] create_stock:18152
[17-Sep-2024 16:11:50 UTC] create_price:0,60
[17-Sep-2024 16:11:50 UTC] create_variation_product_id:1108
[17-Sep-2024 16:11:50 UTC] create_stock:3806
[17-Sep-2024 16:11:50 UTC] create_price:8,38
[17-Sep-2024 16:11:50 UTC] create_variation_product_id:1109
[17-Sep-2024 16:11:50 UTC] create_stock:0
[17-Sep-2024 16:11:50 UTC] create_price:1,08
[17-Sep-2024 16:11:52 UTC] create_variation_product_id:1109
[17-Sep-2024 16:11:52 UTC] create_stock:12592
[17-Sep-2024 16:11:52 UTC] create_price:1,08
[17-Sep-2024 16:11:52 UTC] create_variation_product_id:1110
[17-Sep-2024 16:11:52 UTC] create_stock:23133
[17-Sep-2024 16:11:52 UTC] create_price:0,92
[17-Sep-2024 16:11:52 UTC] create_variation_product_id:1111
[17-Sep-2024 16:11:52 UTC] create_stock:16072
[17-Sep-2024 16:11:52 UTC] create_price:1,37
[17-Sep-2024 16:11:52 UTC] create_variation_product_id:1112
[17-Sep-2024 16:11:52 UTC] create_stock:10558
[17-Sep-2024 16:11:52 UTC] create_price:1,03
[17-Sep-2024 16:11:52 UTC] create_variation_product_id:1113
[17-Sep-2024 16:11:52 UTC] create_stock:57000
[17-Sep-2024 16:11:52 UTC] create_price:0,11
[17-Sep-2024 16:11:53 UTC] create_variation_product_id:1113
[17-Sep-2024 16:11:53 UTC] create_stock:104351
[17-Sep-2024 16:11:53 UTC] create_price:0,11
[17-Sep-2024 16:11:53 UTC] create_variation_product_id:1114
[17-Sep-2024 16:11:53 UTC] create_stock:7901
[17-Sep-2024 16:11:53 UTC] create_price:2,35
[17-Sep-2024 16:11:53 UTC] create_variation_product_id:1115
[17-Sep-2024 16:11:53 UTC] create_stock:1748
[17-Sep-2024 16:11:53 UTC] create_price:0,26
[17-Sep-2024 16:11:53 UTC] create_variation_product_id:1116
[17-Sep-2024 16:11:53 UTC] create_stock:0
[17-Sep-2024 16:11:53 UTC] create_price:0,34
[17-Sep-2024 16:11:54 UTC] create_variation_product_id:1117
[17-Sep-2024 16:11:54 UTC] create_stock:0
[17-Sep-2024 16:11:54 UTC] create_price:1,72
[17-Sep-2024 16:11:55 UTC] create_variation_product_id:1117
[17-Sep-2024 16:11:55 UTC] create_stock:0
[17-Sep-2024 16:11:55 UTC] create_price:1,72
[17-Sep-2024 16:11:56 UTC] create_variation_product_id:1117
[17-Sep-2024 16:11:56 UTC] create_stock:0
[17-Sep-2024 16:11:56 UTC] create_price:1,72
[17-Sep-2024 16:11:57 UTC] create_variation_product_id:1117
[17-Sep-2024 16:11:57 UTC] create_stock:0
[17-Sep-2024 16:11:57 UTC] create_price:1,72
[17-Sep-2024 16:11:58 UTC] create_variation_product_id:1118
[17-Sep-2024 16:11:58 UTC] create_stock:11849
[17-Sep-2024 16:11:58 UTC] create_price:0,46
[17-Sep-2024 16:11:59 UTC] create_variation_product_id:1118
[17-Sep-2024 16:11:59 UTC] create_stock:13493
[17-Sep-2024 16:11:59 UTC] create_price:0,46
[17-Sep-2024 16:11:59 UTC] create_variation_product_id:1118
[17-Sep-2024 16:11:59 UTC] create_stock:5402
[17-Sep-2024 16:11:59 UTC] create_price:0,46
[17-Sep-2024 16:11:59 UTC] create_variation_product_id:1118
[17-Sep-2024 16:11:59 UTC] create_stock:1
[17-Sep-2024 16:11:59 UTC] create_price:0,46
[17-Sep-2024 16:12:00 UTC] create_variation_product_id:1118
[17-Sep-2024 16:12:00 UTC] create_stock:14519
[17-Sep-2024 16:12:00 UTC] create_price:0,46
[17-Sep-2024 16:12:00 UTC] create_variation_product_id:1118
[17-Sep-2024 16:12:00 UTC] create_stock:16544
[17-Sep-2024 16:12:00 UTC] create_price:0,46
[17-Sep-2024 16:12:00 UTC] create_variation_product_id:1119
[17-Sep-2024 16:12:00 UTC] create_stock:21829
[17-Sep-2024 16:12:00 UTC] create_price:0,68
[17-Sep-2024 16:12:01 UTC] create_variation_product_id:1119
[17-Sep-2024 16:12:01 UTC] create_stock:20219
[17-Sep-2024 16:12:01 UTC] create_price:0,68
[17-Sep-2024 16:12:01 UTC] create_variation_product_id:1119
[17-Sep-2024 16:12:01 UTC] create_stock:7804
[17-Sep-2024 16:12:01 UTC] create_price:0,68
[17-Sep-2024 16:12:01 UTC] create_variation_product_id:1119
[17-Sep-2024 16:12:01 UTC] create_stock:2397
[17-Sep-2024 16:12:01 UTC] create_price:0,68
[17-Sep-2024 16:12:02 UTC] create_variation_product_id:1119
[17-Sep-2024 16:12:02 UTC] create_stock:2037
[17-Sep-2024 16:12:02 UTC] create_price:0,68
[17-Sep-2024 16:12:02 UTC] create_variation_product_id:1119
[17-Sep-2024 16:12:02 UTC] create_stock:15512
[17-Sep-2024 16:12:02 UTC] create_price:0,68
[17-Sep-2024 16:12:02 UTC] create_variation_product_id:1119
[17-Sep-2024 16:12:02 UTC] create_stock:1346
[17-Sep-2024 16:12:02 UTC] create_price:0,68
[17-Sep-2024 16:12:02 UTC] create_variation_product_id:1119
[17-Sep-2024 16:12:02 UTC] create_stock:1250
[17-Sep-2024 16:12:02 UTC] create_price:0,68
[17-Sep-2024 16:12:03 UTC] create_variation_product_id:1119
[17-Sep-2024 16:12:03 UTC] create_stock:0
[17-Sep-2024 16:12:03 UTC] create_price:0,68
[17-Sep-2024 16:12:04 UTC] create_variation_product_id:1119
[17-Sep-2024 16:12:04 UTC] create_stock:13670
[17-Sep-2024 16:12:04 UTC] create_price:0,68
[17-Sep-2024 16:12:04 UTC] create_variation_product_id:1120
[17-Sep-2024 16:12:04 UTC] create_stock:10938
[17-Sep-2024 16:12:04 UTC] create_price:0,93
[17-Sep-2024 16:12:04 UTC] create_variation_product_id:1120
[17-Sep-2024 16:12:04 UTC] create_stock:39079
[17-Sep-2024 16:12:04 UTC] create_price:0,93
[17-Sep-2024 16:12:05 UTC] create_variation_product_id:1120
[17-Sep-2024 16:12:05 UTC] create_stock:17914
[17-Sep-2024 16:12:05 UTC] create_price:0,93
[17-Sep-2024 16:12:05 UTC] create_variation_product_id:1120
[17-Sep-2024 16:12:05 UTC] create_stock:18772
[17-Sep-2024 16:12:05 UTC] create_price:0,93
[17-Sep-2024 16:12:05 UTC] create_variation_product_id:1120
[17-Sep-2024 16:12:05 UTC] create_stock:5399
[17-Sep-2024 16:12:05 UTC] create_price:0,93
[17-Sep-2024 16:12:06 UTC] create_variation_product_id:1120
[17-Sep-2024 16:12:06 UTC] create_stock:9933
[17-Sep-2024 16:12:06 UTC] create_price:0,93
[17-Sep-2024 16:12:06 UTC] create_variation_product_id:1120
[17-Sep-2024 16:12:06 UTC] create_stock:17324
[17-Sep-2024 16:12:06 UTC] create_price:0,93
[17-Sep-2024 16:12:06 UTC] create_variation_product_id:1120
[17-Sep-2024 16:12:06 UTC] create_stock:8695
[17-Sep-2024 16:12:06 UTC] create_price:0,93
[17-Sep-2024 16:12:06 UTC] create_variation_product_id:1120
[17-Sep-2024 16:12:06 UTC] create_stock:8299
[17-Sep-2024 16:12:06 UTC] create_price:0,93
[17-Sep-2024 16:12:07 UTC] create_variation_product_id:1120
[17-Sep-2024 16:12:07 UTC] create_stock:2
[17-Sep-2024 16:12:07 UTC] create_price:0,93
[17-Sep-2024 16:12:08 UTC] create_variation_product_id:1121
[17-Sep-2024 16:12:08 UTC] create_stock:5685
[17-Sep-2024 16:12:08 UTC] create_price:1,40
[17-Sep-2024 16:12:08 UTC] create_variation_product_id:1121
[17-Sep-2024 16:12:08 UTC] create_stock:6114
[17-Sep-2024 16:12:08 UTC] create_price:1,40
[17-Sep-2024 16:12:09 UTC] create_variation_product_id:1121
[17-Sep-2024 16:12:09 UTC] create_stock:18397
[17-Sep-2024 16:12:09 UTC] create_price:1,40
[17-Sep-2024 16:12:09 UTC] create_variation_product_id:1121
[17-Sep-2024 16:12:09 UTC] create_stock:0
[17-Sep-2024 16:12:09 UTC] create_price:1,40
[17-Sep-2024 16:12:10 UTC] create_variation_product_id:1121
[17-Sep-2024 16:12:10 UTC] create_stock:0
[17-Sep-2024 16:12:10 UTC] create_price:1,40
[17-Sep-2024 16:12:12 UTC] create_variation_product_id:1121
[17-Sep-2024 16:12:12 UTC] create_stock:4657
[17-Sep-2024 16:12:12 UTC] create_price:1,40
[17-Sep-2024 16:12:12 UTC] create_variation_product_id:1122
[17-Sep-2024 16:12:12 UTC] create_stock:5680
[17-Sep-2024 16:12:12 UTC] create_price:5,76
[17-Sep-2024 16:12:12 UTC] create_variation_product_id:1123
[17-Sep-2024 16:12:12 UTC] create_stock:30793
[17-Sep-2024 16:12:12 UTC] create_price:0,15
[17-Sep-2024 16:12:12 UTC] create_variation_product_id:1124
[17-Sep-2024 16:12:12 UTC] create_stock:42884
[17-Sep-2024 16:12:12 UTC] create_price:0,13
[17-Sep-2024 16:12:13 UTC] create_variation_product_id:1125
[17-Sep-2024 16:12:13 UTC] create_stock:9157
[17-Sep-2024 16:12:13 UTC] create_price:1,57
[17-Sep-2024 16:12:13 UTC] create_variation_product_id:1126
[17-Sep-2024 16:12:13 UTC] create_stock:17578
[17-Sep-2024 16:12:13 UTC] create_price:0,95
[17-Sep-2024 16:12:13 UTC] create_variation_product_id:1127
[17-Sep-2024 16:12:13 UTC] create_stock:22152
[17-Sep-2024 16:12:13 UTC] create_price:1,00
[17-Sep-2024 16:12:13 UTC] create_variation_product_id:1128
[17-Sep-2024 16:12:13 UTC] create_stock:17380
[17-Sep-2024 16:12:13 UTC] create_price:1,16
[17-Sep-2024 16:12:13 UTC] create_variation_product_id:1129
[17-Sep-2024 16:12:13 UTC] create_stock:5421
[17-Sep-2024 16:12:13 UTC] create_price:1,57
[17-Sep-2024 16:12:14 UTC] create_variation_product_id:1130
[17-Sep-2024 16:12:14 UTC] create_stock:24050
[17-Sep-2024 16:12:14 UTC] create_price:0,48
[17-Sep-2024 16:12:14 UTC] create_variation_product_id:1131
[17-Sep-2024 16:12:14 UTC] create_stock:6695
[17-Sep-2024 16:12:14 UTC] create_price:1,00
[17-Sep-2024 16:12:14 UTC] create_variation_product_id:1132
[17-Sep-2024 16:12:14 UTC] create_stock:1474
[17-Sep-2024 16:12:14 UTC] create_price:5,61
[17-Sep-2024 16:12:14 UTC] create_variation_product_id:1133
[17-Sep-2024 16:12:14 UTC] create_stock:3518
[17-Sep-2024 16:12:14 UTC] create_price:2,21
[17-Sep-2024 16:12:15 UTC] create_variation_product_id:1133
[17-Sep-2024 16:12:15 UTC] create_stock:2807
[17-Sep-2024 16:12:15 UTC] create_price:2,21
[17-Sep-2024 16:12:15 UTC] create_variation_product_id:1133
[17-Sep-2024 16:12:15 UTC] create_stock:5185
[17-Sep-2024 16:12:15 UTC] create_price:2,21
[17-Sep-2024 16:12:15 UTC] create_variation_product_id:1133
[17-Sep-2024 16:12:15 UTC] create_stock:4108
[17-Sep-2024 16:12:15 UTC] create_price:2,21
[17-Sep-2024 16:12:16 UTC] create_variation_product_id:1133
[17-Sep-2024 16:12:16 UTC] create_stock:2625
[17-Sep-2024 16:12:16 UTC] create_price:2,21
[17-Sep-2024 16:12:16 UTC] create_variation_product_id:1133
[17-Sep-2024 16:12:16 UTC] create_stock:2766
[17-Sep-2024 16:12:16 UTC] create_price:2,21
[17-Sep-2024 16:12:16 UTC] create_variation_product_id:1133
[17-Sep-2024 16:12:16 UTC] create_stock:2415
[17-Sep-2024 16:12:16 UTC] create_price:2,21
[17-Sep-2024 16:12:16 UTC] create_variation_product_id:1133
[17-Sep-2024 16:12:16 UTC] create_stock:0
[17-Sep-2024 16:12:16 UTC] create_price:2,21
[17-Sep-2024 16:12:17 UTC] create_variation_product_id:1133
[17-Sep-2024 16:12:17 UTC] create_stock:2228
[17-Sep-2024 16:12:17 UTC] create_price:2,21
[17-Sep-2024 16:12:17 UTC] create_variation_product_id:1133
[17-Sep-2024 16:12:17 UTC] create_stock:2675
[17-Sep-2024 16:12:17 UTC] create_price:2,21
[17-Sep-2024 16:12:18 UTC] create_variation_product_id:1134
[17-Sep-2024 16:12:18 UTC] create_stock:10579
[17-Sep-2024 16:12:18 UTC] create_price:9,08
[17-Sep-2024 16:12:18 UTC] create_variation_product_id:1135
[17-Sep-2024 16:12:18 UTC] create_stock:26330
[17-Sep-2024 16:12:18 UTC] create_price:0,18
[17-Sep-2024 16:12:18 UTC] create_variation_product_id:1136
[17-Sep-2024 16:12:18 UTC] create_stock:652940
[17-Sep-2024 16:12:18 UTC] create_price:0,11
[17-Sep-2024 16:12:18 UTC] create_variation_product_id:1137
[17-Sep-2024 16:12:18 UTC] create_stock:101010
[17-Sep-2024 16:12:18 UTC] create_price:0,04
[17-Sep-2024 16:12:18 UTC] create_variation_product_id:1137
[17-Sep-2024 16:12:18 UTC] create_stock:143455
[17-Sep-2024 16:12:18 UTC] create_price:0,04
[17-Sep-2024 16:12:19 UTC] create_variation_product_id:1138
[17-Sep-2024 16:12:19 UTC] create_stock:21697
[17-Sep-2024 16:12:19 UTC] create_price:1,02
[17-Sep-2024 16:12:19 UTC] create_variation_product_id:1139
[17-Sep-2024 16:12:19 UTC] create_stock:7786
[17-Sep-2024 16:12:19 UTC] create_price:0,89
[17-Sep-2024 16:12:19 UTC] create_variation_product_id:1140
[17-Sep-2024 16:12:19 UTC] create_stock:12632
[17-Sep-2024 16:12:19 UTC] create_price:1,47
[17-Sep-2024 16:12:19 UTC] create_variation_product_id:1141
[17-Sep-2024 16:12:19 UTC] create_stock:10596
[17-Sep-2024 16:12:19 UTC] create_price:5,50
[17-Sep-2024 16:12:19 UTC] create_variation_product_id:1142
[17-Sep-2024 16:12:19 UTC] create_stock:22147
[17-Sep-2024 16:12:19 UTC] create_price:0,48
[17-Sep-2024 16:12:20 UTC] create_variation_product_id:1143
[17-Sep-2024 16:12:20 UTC] create_stock:977
[17-Sep-2024 16:12:20 UTC] create_price:12,07
[17-Sep-2024 16:12:20 UTC] create_variation_product_id:1144
[17-Sep-2024 16:12:20 UTC] create_stock:1796
[17-Sep-2024 16:12:20 UTC] create_price:10,20
[17-Sep-2024 16:12:20 UTC] create_variation_product_id:1145
[17-Sep-2024 16:12:20 UTC] create_stock:2838
[17-Sep-2024 16:12:20 UTC] create_price:0,46
[17-Sep-2024 16:12:20 UTC] create_variation_product_id:1146
[17-Sep-2024 16:12:20 UTC] create_stock:9932
[17-Sep-2024 16:12:20 UTC] create_price:0,86
[17-Sep-2024 16:12:20 UTC] create_variation_product_id:1147
[17-Sep-2024 16:12:20 UTC] create_stock:296851
[17-Sep-2024 16:12:20 UTC] create_price:0,38
[17-Sep-2024 16:12:21 UTC] create_variation_product_id:1148
[17-Sep-2024 16:12:21 UTC] create_stock:106771
[17-Sep-2024 16:12:21 UTC] create_price:0,24
[17-Sep-2024 16:12:21 UTC] create_variation_product_id:1149
[17-Sep-2024 16:12:21 UTC] create_stock:21542
[17-Sep-2024 16:12:21 UTC] create_price:3,02
[17-Sep-2024 16:12:21 UTC] create_variation_product_id:1150
[17-Sep-2024 16:12:21 UTC] create_stock:34918
[17-Sep-2024 16:12:21 UTC] create_price:0,21
[17-Sep-2024 16:12:21 UTC] create_variation_product_id:1150
[17-Sep-2024 16:12:21 UTC] create_stock:49912
[17-Sep-2024 16:12:21 UTC] create_price:0,21
[17-Sep-2024 16:12:21 UTC] create_variation_product_id:1151
[17-Sep-2024 16:12:21 UTC] create_stock:0
[17-Sep-2024 16:12:21 UTC] create_price:0,17
[17-Sep-2024 16:12:22 UTC] create_variation_product_id:1152
[17-Sep-2024 16:12:22 UTC] create_stock:14212
[17-Sep-2024 16:12:22 UTC] create_price:0,10
[17-Sep-2024 16:12:23 UTC] create_variation_product_id:1152
[17-Sep-2024 16:12:23 UTC] create_stock:33831
[17-Sep-2024 16:12:23 UTC] create_price:0,10
[17-Sep-2024 16:12:23 UTC] create_variation_product_id:1152
[17-Sep-2024 16:12:23 UTC] create_stock:20853
[17-Sep-2024 16:12:23 UTC] create_price:0,10
[17-Sep-2024 16:12:23 UTC] create_variation_product_id:1152
[17-Sep-2024 16:12:23 UTC] create_stock:0
[17-Sep-2024 16:12:23 UTC] create_price:0,10
[17-Sep-2024 16:12:24 UTC] create_variation_product_id:1152
[17-Sep-2024 16:12:24 UTC] create_stock:24021
[17-Sep-2024 16:12:24 UTC] create_price:0,10
[17-Sep-2024 16:12:25 UTC] create_variation_product_id:1152
[17-Sep-2024 16:12:25 UTC] create_stock:54602
[17-Sep-2024 16:12:25 UTC] create_price:0,10
[17-Sep-2024 16:12:25 UTC] create_variation_product_id:1152
[17-Sep-2024 16:12:25 UTC] create_stock:141225
[17-Sep-2024 16:12:25 UTC] create_price:0,10
[17-Sep-2024 16:12:25 UTC] create_variation_product_id:1152
[17-Sep-2024 16:12:25 UTC] create_stock:11
[17-Sep-2024 16:12:25 UTC] create_price:0,10
[17-Sep-2024 16:12:25 UTC] create_variation_product_id:1152
[17-Sep-2024 16:12:25 UTC] create_stock:18513
[17-Sep-2024 16:12:25 UTC] create_price:0,10
[17-Sep-2024 16:12:26 UTC] create_variation_product_id:1153
[17-Sep-2024 16:12:26 UTC] create_stock:3247
[17-Sep-2024 16:12:26 UTC] create_price:6,64
[17-Sep-2024 16:12:26 UTC] create_variation_product_id:1154
[17-Sep-2024 16:12:26 UTC] create_stock:19674
[17-Sep-2024 16:12:26 UTC] create_price:0,78
[17-Sep-2024 16:12:26 UTC] create_variation_product_id:1154
[17-Sep-2024 16:12:26 UTC] create_stock:2253
[17-Sep-2024 16:12:26 UTC] create_price:0,78
[17-Sep-2024 16:12:26 UTC] create_variation_product_id:1155
[17-Sep-2024 16:12:26 UTC] create_stock:2903
[17-Sep-2024 16:12:26 UTC] create_price:12,83
[17-Sep-2024 16:12:26 UTC] create_variation_product_id:1156
[17-Sep-2024 16:12:26 UTC] create_stock:5112
[17-Sep-2024 16:12:26 UTC] create_price:2,89
[17-Sep-2024 16:12:27 UTC] create_variation_product_id:1157
[17-Sep-2024 16:12:27 UTC] create_stock:20886
[17-Sep-2024 16:12:27 UTC] create_price:0,31
[17-Sep-2024 16:12:27 UTC] create_variation_product_id:1158
[17-Sep-2024 16:12:27 UTC] create_stock:3536
[17-Sep-2024 16:12:27 UTC] create_price:7,32
[17-Sep-2024 16:12:27 UTC] create_variation_product_id:1159
[17-Sep-2024 16:12:27 UTC] create_stock:4874
[17-Sep-2024 16:12:27 UTC] create_price:2,80
[17-Sep-2024 16:12:27 UTC] create_variation_product_id:1159
[17-Sep-2024 16:12:27 UTC] create_stock:3283
[17-Sep-2024 16:12:27 UTC] create_price:2,80
[17-Sep-2024 16:12:27 UTC] create_variation_product_id:1159
[17-Sep-2024 16:12:27 UTC] create_stock:7621
[17-Sep-2024 16:12:27 UTC] create_price:2,80
[17-Sep-2024 16:12:28 UTC] create_variation_product_id:1159
[17-Sep-2024 16:12:28 UTC] create_stock:1194
[17-Sep-2024 16:12:28 UTC] create_price:2,80
[17-Sep-2024 16:12:28 UTC] create_variation_product_id:1160
[17-Sep-2024 16:12:28 UTC] create_stock:3180
[17-Sep-2024 16:12:28 UTC] create_price:3,43
[17-Sep-2024 16:12:28 UTC] create_variation_product_id:1160
[17-Sep-2024 16:12:28 UTC] create_stock:4410
[17-Sep-2024 16:12:28 UTC] create_price:3,43
[17-Sep-2024 16:12:29 UTC] create_variation_product_id:1160
[17-Sep-2024 16:12:29 UTC] create_stock:16805
[17-Sep-2024 16:12:29 UTC] create_price:3,43
[17-Sep-2024 16:12:29 UTC] create_variation_product_id:1160
[17-Sep-2024 16:12:29 UTC] create_stock:16
[17-Sep-2024 16:12:29 UTC] create_price:3,43
[17-Sep-2024 16:12:29 UTC] create_variation_product_id:1160
[17-Sep-2024 16:12:29 UTC] create_stock:4772
[17-Sep-2024 16:12:29 UTC] create_price:3,43
[17-Sep-2024 16:12:29 UTC] create_variation_product_id:1160
[17-Sep-2024 16:12:29 UTC] create_stock:3353
[17-Sep-2024 16:12:29 UTC] create_price:3,43
[17-Sep-2024 16:12:30 UTC] create_variation_product_id:1160
[17-Sep-2024 16:12:30 UTC] create_stock:5185
[17-Sep-2024 16:12:30 UTC] create_price:3,43
[17-Sep-2024 16:12:30 UTC] create_variation_product_id:1160
[17-Sep-2024 16:12:30 UTC] create_stock:2414
[17-Sep-2024 16:12:30 UTC] create_price:3,43
[17-Sep-2024 16:12:30 UTC] create_variation_product_id:1160
[17-Sep-2024 16:12:30 UTC] create_stock:692
[17-Sep-2024 16:12:30 UTC] create_price:3,43
[17-Sep-2024 16:12:30 UTC] create_variation_product_id:1161
[17-Sep-2024 16:12:30 UTC] create_stock:0
[17-Sep-2024 16:12:30 UTC] create_price:3,20
[17-Sep-2024 16:12:31 UTC] create_variation_product_id:1161
[17-Sep-2024 16:12:31 UTC] create_stock:5317
[17-Sep-2024 16:12:31 UTC] create_price:3,20
[17-Sep-2024 16:12:31 UTC] create_variation_product_id:1161
[17-Sep-2024 16:12:31 UTC] create_stock:478
[17-Sep-2024 16:12:31 UTC] create_price:3,20
[17-Sep-2024 16:12:32 UTC] create_variation_product_id:1161
[17-Sep-2024 16:12:32 UTC] create_stock:5217
[17-Sep-2024 16:12:32 UTC] create_price:3,20
[17-Sep-2024 16:12:32 UTC] create_variation_product_id:1161
[17-Sep-2024 16:12:32 UTC] create_stock:4144
[17-Sep-2024 16:12:32 UTC] create_price:3,20
[17-Sep-2024 16:12:32 UTC] create_variation_product_id:1161
[17-Sep-2024 16:12:32 UTC] create_stock:2343
[17-Sep-2024 16:12:32 UTC] create_price:3,20
[17-Sep-2024 16:12:33 UTC] create_variation_product_id:1161
[17-Sep-2024 16:12:33 UTC] create_stock:3353
[17-Sep-2024 16:12:33 UTC] create_price:3,20
[17-Sep-2024 16:12:33 UTC] create_variation_product_id:1161
[17-Sep-2024 16:12:33 UTC] create_stock:1561
[17-Sep-2024 16:12:33 UTC] create_price:3,20
[17-Sep-2024 16:12:33 UTC] create_variation_product_id:1161
[17-Sep-2024 16:12:33 UTC] create_stock:347
[17-Sep-2024 16:12:33 UTC] create_price:3,20
[17-Sep-2024 16:12:33 UTC] create_variation_product_id:1162
[17-Sep-2024 16:12:33 UTC] create_stock:735
[17-Sep-2024 16:12:33 UTC] create_price:5,39
[17-Sep-2024 16:12:34 UTC] create_variation_product_id:1162
[17-Sep-2024 16:12:34 UTC] create_stock:2755
[17-Sep-2024 16:12:34 UTC] create_price:5,39
[17-Sep-2024 16:12:34 UTC] create_variation_product_id:1162
[17-Sep-2024 16:12:34 UTC] create_stock:4089
[17-Sep-2024 16:12:34 UTC] create_price:5,39
[17-Sep-2024 16:12:34 UTC] create_variation_product_id:1162
[17-Sep-2024 16:12:34 UTC] create_stock:0
[17-Sep-2024 16:12:34 UTC] create_price:5,39
[17-Sep-2024 16:12:36 UTC] create_variation_product_id:1163
[17-Sep-2024 16:12:36 UTC] create_stock:13399
[17-Sep-2024 16:12:36 UTC] create_price:0,51
[17-Sep-2024 16:12:36 UTC] create_variation_product_id:1164
[17-Sep-2024 16:12:36 UTC] create_stock:5545
[17-Sep-2024 16:12:36 UTC] create_price:3,55
[17-Sep-2024 16:12:36 UTC] create_variation_product_id:1164
[17-Sep-2024 16:12:36 UTC] create_stock:6371
[17-Sep-2024 16:12:36 UTC] create_price:3,55
[17-Sep-2024 16:12:36 UTC] create_variation_product_id:1165
[17-Sep-2024 16:12:36 UTC] create_stock:82472
[17-Sep-2024 16:12:36 UTC] create_price:0,07
[17-Sep-2024 16:12:36 UTC] create_variation_product_id:1165
[17-Sep-2024 16:12:36 UTC] create_stock:42624
[17-Sep-2024 16:12:36 UTC] create_price:0,07
[17-Sep-2024 16:12:37 UTC] create_variation_product_id:1165
[17-Sep-2024 16:12:37 UTC] create_stock:9850
[17-Sep-2024 16:12:37 UTC] create_price:0,07
[17-Sep-2024 16:12:37 UTC] create_variation_product_id:1165
[17-Sep-2024 16:12:37 UTC] create_stock:56723
[17-Sep-2024 16:12:37 UTC] create_price:0,07
[17-Sep-2024 16:12:37 UTC] create_variation_product_id:1166
[17-Sep-2024 16:12:37 UTC] create_stock:61091
[17-Sep-2024 16:12:37 UTC] create_price:0,44
[17-Sep-2024 16:12:37 UTC] create_variation_product_id:1166
[17-Sep-2024 16:12:37 UTC] create_stock:33383
[17-Sep-2024 16:12:37 UTC] create_price:0,44
[17-Sep-2024 16:12:37 UTC] create_variation_product_id:1166
[17-Sep-2024 16:12:37 UTC] create_stock:4623
[17-Sep-2024 16:12:37 UTC] create_price:0,44
[17-Sep-2024 16:12:38 UTC] create_variation_product_id:1167
[17-Sep-2024 16:12:38 UTC] create_stock:4180
[17-Sep-2024 16:12:38 UTC] create_price:1,21
[17-Sep-2024 16:12:38 UTC] create_variation_product_id:1168
[17-Sep-2024 16:12:38 UTC] create_stock:11682
[17-Sep-2024 16:12:38 UTC] create_price:1,26
[17-Sep-2024 16:12:38 UTC] create_variation_product_id:1169
[17-Sep-2024 16:12:38 UTC] create_stock:911
[17-Sep-2024 16:12:38 UTC] create_price:2,27
[17-Sep-2024 16:12:38 UTC] create_variation_product_id:1169
[17-Sep-2024 16:12:38 UTC] create_stock:3039
[17-Sep-2024 16:12:38 UTC] create_price:2,27
[17-Sep-2024 16:12:39 UTC] create_variation_product_id:1170
[17-Sep-2024 16:12:39 UTC] create_stock:7461
[17-Sep-2024 16:12:39 UTC] create_price:8,50
[17-Sep-2024 16:12:39 UTC] create_variation_product_id:1171
[17-Sep-2024 16:12:39 UTC] create_stock:1533
[17-Sep-2024 16:12:39 UTC] create_price:4,71
[17-Sep-2024 16:12:39 UTC] create_variation_product_id:1172
[17-Sep-2024 16:12:39 UTC] create_stock:14493
[17-Sep-2024 16:12:39 UTC] create_price:1,02
[17-Sep-2024 16:12:39 UTC] create_variation_product_id:1172
[17-Sep-2024 16:12:39 UTC] create_stock:4449
[17-Sep-2024 16:12:39 UTC] create_price:1,02
[17-Sep-2024 16:12:39 UTC] create_variation_product_id:1172
[17-Sep-2024 16:12:39 UTC] create_stock:2670
[17-Sep-2024 16:12:39 UTC] create_price:1,02
[17-Sep-2024 16:12:40 UTC] create_variation_product_id:1173
[17-Sep-2024 16:12:40 UTC] create_stock:5591
[17-Sep-2024 16:12:40 UTC] create_price:11,92
[17-Sep-2024 16:12:40 UTC] create_variation_product_id:1173
[17-Sep-2024 16:12:40 UTC] create_stock:4422
[17-Sep-2024 16:12:40 UTC] create_price:11,92
[17-Sep-2024 16:12:40 UTC] create_variation_product_id:1174
[17-Sep-2024 16:12:40 UTC] create_stock:387
[17-Sep-2024 16:12:40 UTC] create_price:17,91
[17-Sep-2024 16:12:40 UTC] create_variation_product_id:1175
[17-Sep-2024 16:12:40 UTC] create_stock:1879
[17-Sep-2024 16:12:40 UTC] create_price:8,13
[17-Sep-2024 16:12:40 UTC] create_variation_product_id:1177
[17-Sep-2024 16:12:40 UTC] create_stock:6270
[17-Sep-2024 16:12:40 UTC] create_price:3,04
[17-Sep-2024 16:12:41 UTC] create_variation_product_id:1178
[17-Sep-2024 16:12:41 UTC] create_stock:7929
[17-Sep-2024 16:12:41 UTC] create_price:4,25
[17-Sep-2024 16:12:41 UTC] create_variation_product_id:1179
[17-Sep-2024 16:12:41 UTC] create_stock:10761
[17-Sep-2024 16:12:41 UTC] create_price:0,98
[17-Sep-2024 16:12:41 UTC] create_variation_product_id:1180
[17-Sep-2024 16:12:41 UTC] create_stock:29871
[17-Sep-2024 16:12:41 UTC] create_price:0,72
[17-Sep-2024 16:12:41 UTC] create_variation_product_id:1181
[17-Sep-2024 16:12:41 UTC] create_stock:31496
[17-Sep-2024 16:12:41 UTC] create_price:0,46
[17-Sep-2024 16:12:41 UTC] create_variation_product_id:1182
[17-Sep-2024 16:12:41 UTC] create_stock:8118
[17-Sep-2024 16:12:41 UTC] create_price:0,40
[17-Sep-2024 16:12:42 UTC] create_variation_product_id:1183
[17-Sep-2024 16:12:42 UTC] create_stock:62950
[17-Sep-2024 16:12:42 UTC] create_price:0,38
[17-Sep-2024 16:12:42 UTC] create_variation_product_id:1183
[17-Sep-2024 16:12:42 UTC] create_stock:19410
[17-Sep-2024 16:12:42 UTC] create_price:0,38
[17-Sep-2024 16:12:42 UTC] create_variation_product_id:1184
[17-Sep-2024 16:12:42 UTC] create_stock:5762
[17-Sep-2024 16:12:42 UTC] create_price:1,24
[17-Sep-2024 16:12:42 UTC] create_variation_product_id:1185
[17-Sep-2024 16:12:42 UTC] create_stock:49712
[17-Sep-2024 16:12:42 UTC] create_price:0,78
[17-Sep-2024 16:12:43 UTC] create_variation_product_id:1185
[17-Sep-2024 16:12:43 UTC] create_stock:19440
[17-Sep-2024 16:12:43 UTC] create_price:0,78
[17-Sep-2024 16:12:43 UTC] create_variation_product_id:1185
[17-Sep-2024 16:12:43 UTC] create_stock:18821
[17-Sep-2024 16:12:43 UTC] create_price:0,78
[17-Sep-2024 16:12:43 UTC] create_variation_product_id:1185
[17-Sep-2024 16:12:43 UTC] create_stock:8366
[17-Sep-2024 16:12:43 UTC] create_price:0,78
[17-Sep-2024 16:12:43 UTC] create_variation_product_id:1185
[17-Sep-2024 16:12:43 UTC] create_stock:2506
[17-Sep-2024 16:12:43 UTC] create_price:0,78
[17-Sep-2024 16:12:43 UTC] create_variation_product_id:1186
[17-Sep-2024 16:12:43 UTC] create_stock:9527
[17-Sep-2024 16:12:43 UTC] create_price:3,35
[17-Sep-2024 16:12:44 UTC] create_variation_product_id:1187
[17-Sep-2024 16:12:44 UTC] create_stock:119960
[17-Sep-2024 16:12:44 UTC] create_price:0,21
[17-Sep-2024 16:12:44 UTC] create_variation_product_id:1188
[17-Sep-2024 16:12:44 UTC] create_stock:43180
[17-Sep-2024 16:12:44 UTC] create_price:0,25
[17-Sep-2024 16:12:44 UTC] create_variation_product_id:1189
[17-Sep-2024 16:12:44 UTC] create_stock:449
[17-Sep-2024 16:12:44 UTC] create_price:0,56
[17-Sep-2024 16:12:44 UTC] create_variation_product_id:1189
[17-Sep-2024 16:12:44 UTC] create_stock:42381
[17-Sep-2024 16:12:44 UTC] create_price:0,56
[17-Sep-2024 16:12:45 UTC] create_variation_product_id:1189
[17-Sep-2024 16:12:45 UTC] create_stock:25926
[17-Sep-2024 16:12:45 UTC] create_price:0,56
[17-Sep-2024 16:12:45 UTC] create_variation_product_id:1189
[17-Sep-2024 16:12:45 UTC] create_stock:20249
[17-Sep-2024 16:12:45 UTC] create_price:0,56
[17-Sep-2024 16:12:45 UTC] create_variation_product_id:1189
[17-Sep-2024 16:12:45 UTC] create_stock:14862
[17-Sep-2024 16:12:45 UTC] create_price:0,56
[17-Sep-2024 16:12:45 UTC] create_variation_product_id:1189
[17-Sep-2024 16:12:45 UTC] create_stock:21806
[17-Sep-2024 16:12:45 UTC] create_price:0,56
[17-Sep-2024 16:12:46 UTC] create_variation_product_id:1189
[17-Sep-2024 16:12:46 UTC] create_stock:5847
[17-Sep-2024 16:12:46 UTC] create_price:0,56
[17-Sep-2024 16:12:46 UTC] create_variation_product_id:1190
[17-Sep-2024 16:12:46 UTC] create_stock:5806
[17-Sep-2024 16:12:46 UTC] create_price:0,76
[17-Sep-2024 16:12:46 UTC] create_variation_product_id:1191
[17-Sep-2024 16:12:46 UTC] create_stock:11114
[17-Sep-2024 16:12:46 UTC] create_price:1,18
[17-Sep-2024 16:12:46 UTC] create_variation_product_id:1192
[17-Sep-2024 16:12:46 UTC] create_stock:1576
[17-Sep-2024 16:12:46 UTC] create_price:6,67
[17-Sep-2024 16:12:46 UTC] create_variation_product_id:1193
[17-Sep-2024 16:12:46 UTC] create_stock:2695
[17-Sep-2024 16:12:46 UTC] create_price:7,76
[17-Sep-2024 16:12:47 UTC] create_variation_product_id:1194
[17-Sep-2024 16:12:47 UTC] create_stock:6872
[17-Sep-2024 16:12:47 UTC] create_price:3,50
[17-Sep-2024 16:12:47 UTC] create_variation_product_id:1195
[17-Sep-2024 16:12:47 UTC] create_stock:26671
[17-Sep-2024 16:12:47 UTC] create_price:0,23
[17-Sep-2024 16:12:47 UTC] create_variation_product_id:1195
[17-Sep-2024 16:12:47 UTC] create_stock:8563
[17-Sep-2024 16:12:47 UTC] create_price:0,23
[17-Sep-2024 16:12:47 UTC] create_variation_product_id:1196
[17-Sep-2024 16:12:47 UTC] create_stock:2529
[17-Sep-2024 16:12:47 UTC] create_price:2,57
[17-Sep-2024 16:12:47 UTC] create_variation_product_id:1197
[17-Sep-2024 16:12:47 UTC] create_stock:15545
[17-Sep-2024 16:12:47 UTC] create_price:1,01
[17-Sep-2024 16:12:48 UTC] create_variation_product_id:1197
[17-Sep-2024 16:12:48 UTC] create_stock:25534
[17-Sep-2024 16:12:48 UTC] create_price:1,01
[17-Sep-2024 16:12:48 UTC] create_variation_product_id:1198
[17-Sep-2024 16:12:48 UTC] create_stock:2813
[17-Sep-2024 16:12:48 UTC] create_price:1,81
[17-Sep-2024 16:12:48 UTC] create_variation_product_id:1198
[17-Sep-2024 16:12:48 UTC] create_stock:6509
[17-Sep-2024 16:12:48 UTC] create_price:1,81
[17-Sep-2024 16:12:48 UTC] create_variation_product_id:1199
[17-Sep-2024 16:12:48 UTC] create_stock:6294
[17-Sep-2024 16:12:48 UTC] create_price:2,42
[17-Sep-2024 16:12:48 UTC] create_variation_product_id:1200
[17-Sep-2024 16:12:48 UTC] create_stock:8550
[17-Sep-2024 16:12:48 UTC] create_price:1,15
[17-Sep-2024 16:12:49 UTC] create_variation_product_id:1201
[17-Sep-2024 16:12:49 UTC] create_stock:43714
[17-Sep-2024 16:12:49 UTC] create_price:1,18
[17-Sep-2024 16:12:49 UTC] create_variation_product_id:1202
[17-Sep-2024 16:12:49 UTC] create_stock:10721
[17-Sep-2024 16:12:49 UTC] create_price:1,37
[17-Sep-2024 16:12:49 UTC] create_variation_product_id:1203
[17-Sep-2024 16:12:49 UTC] create_stock:8913
[17-Sep-2024 16:12:49 UTC] create_price:0,76
[17-Sep-2024 16:12:49 UTC] create_variation_product_id:1204
[17-Sep-2024 16:12:49 UTC] create_stock:5786
[17-Sep-2024 16:12:49 UTC] create_price:2,93
[17-Sep-2024 16:12:49 UTC] create_variation_product_id:1205
[17-Sep-2024 16:12:49 UTC] create_stock:2923
[17-Sep-2024 16:12:49 UTC] create_price:1,17
[17-Sep-2024 16:12:50 UTC] create_variation_product_id:1206
[17-Sep-2024 16:12:50 UTC] create_stock:2146
[17-Sep-2024 16:12:50 UTC] create_price:10,75
[17-Sep-2024 16:12:50 UTC] create_variation_product_id:1207
[17-Sep-2024 16:12:50 UTC] create_stock:19168
[17-Sep-2024 16:12:50 UTC] create_price:3,78
[17-Sep-2024 16:12:50 UTC] create_variation_product_id:1208
[17-Sep-2024 16:12:50 UTC] create_stock:2965
[17-Sep-2024 16:12:50 UTC] create_price:7,88
[17-Sep-2024 16:12:50 UTC] create_variation_product_id:1209
[17-Sep-2024 16:12:50 UTC] create_stock:7978
[17-Sep-2024 16:12:50 UTC] create_price:0,58
[17-Sep-2024 16:12:50 UTC] create_variation_product_id:1209
[17-Sep-2024 16:12:50 UTC] create_stock:11363
[17-Sep-2024 16:12:50 UTC] create_price:0,58
[17-Sep-2024 16:12:51 UTC] create_variation_product_id:1210
[17-Sep-2024 16:12:51 UTC] create_stock:53956
[17-Sep-2024 16:12:51 UTC] create_price:0,21
[17-Sep-2024 16:12:51 UTC] create_variation_product_id:1210
[17-Sep-2024 16:12:51 UTC] create_stock:15957
[17-Sep-2024 16:12:51 UTC] create_price:0,21
[17-Sep-2024 16:12:52 UTC] create_variation_product_id:1210
[17-Sep-2024 16:12:52 UTC] create_stock:37300
[17-Sep-2024 16:12:52 UTC] create_price:0,21
[17-Sep-2024 16:12:52 UTC] create_variation_product_id:1210
[17-Sep-2024 16:12:52 UTC] create_stock:10271
[17-Sep-2024 16:12:52 UTC] create_price:0,21
[17-Sep-2024 16:12:52 UTC] create_variation_product_id:1210
[17-Sep-2024 16:12:52 UTC] create_stock:5221
[17-Sep-2024 16:12:52 UTC] create_price:0,21
[17-Sep-2024 16:12:52 UTC] create_variation_product_id:1210
[17-Sep-2024 16:12:52 UTC] create_stock:16843
[17-Sep-2024 16:12:52 UTC] create_price:0,21
[17-Sep-2024 16:12:53 UTC] create_variation_product_id:1210
[17-Sep-2024 16:12:53 UTC] create_stock:21515
[17-Sep-2024 16:12:53 UTC] create_price:0,21
[17-Sep-2024 16:12:53 UTC] create_variation_product_id:1210
[17-Sep-2024 16:12:53 UTC] create_stock:37137
[17-Sep-2024 16:12:53 UTC] create_price:0,21
[17-Sep-2024 16:12:53 UTC] create_variation_product_id:1210
[17-Sep-2024 16:12:53 UTC] create_stock:1380
[17-Sep-2024 16:12:53 UTC] create_price:0,21
[17-Sep-2024 16:12:54 UTC] create_variation_product_id:1211
[17-Sep-2024 16:12:54 UTC] create_stock:
[17-Sep-2024 16:12:54 UTC] create_price:
[17-Sep-2024 16:12:55 UTC] create_variation_product_id:1211
[17-Sep-2024 16:12:55 UTC] create_stock:
[17-Sep-2024 16:12:55 UTC] create_price:
[17-Sep-2024 16:12:55 UTC] create_variation_product_id:1211
[17-Sep-2024 16:12:55 UTC] create_stock:
[17-Sep-2024 16:12:55 UTC] create_price:
[17-Sep-2024 16:12:56 UTC] create_variation_product_id:1211
[17-Sep-2024 16:12:56 UTC] create_stock:
[17-Sep-2024 16:12:56 UTC] create_price:
[17-Sep-2024 16:12:57 UTC] create_variation_product_id:1211
[17-Sep-2024 16:12:57 UTC] create_stock:
[17-Sep-2024 16:12:57 UTC] create_price:
[17-Sep-2024 16:12:58 UTC] create_variation_product_id:1211
[17-Sep-2024 16:12:58 UTC] create_stock:
[17-Sep-2024 16:12:58 UTC] create_price:
[17-Sep-2024 16:12:58 UTC] create_variation_product_id:1211
[17-Sep-2024 16:12:58 UTC] create_stock:
[17-Sep-2024 16:12:58 UTC] create_price:
[17-Sep-2024 16:12:59 UTC] create_variation_product_id:1211
[17-Sep-2024 16:12:59 UTC] create_stock:
[17-Sep-2024 16:12:59 UTC] create_price:
[17-Sep-2024 16:13:00 UTC] create_variation_product_id:1211
[17-Sep-2024 16:13:00 UTC] create_stock:
[17-Sep-2024 16:13:00 UTC] create_price:
[17-Sep-2024 16:13:01 UTC] create_variation_product_id:1211
[17-Sep-2024 16:13:01 UTC] create_stock:
[17-Sep-2024 16:13:01 UTC] create_price:
[17-Sep-2024 16:13:02 UTC] create_variation_product_id:1211
[17-Sep-2024 16:13:02 UTC] create_stock:
[17-Sep-2024 16:13:02 UTC] create_price:
[17-Sep-2024 16:13:03 UTC] create_variation_product_id:1211
[17-Sep-2024 16:13:03 UTC] create_stock:
[17-Sep-2024 16:13:03 UTC] create_price:
[17-Sep-2024 16:13:04 UTC] create_variation_product_id:1212
[17-Sep-2024 16:13:04 UTC] create_stock:
[17-Sep-2024 16:13:04 UTC] create_price:
[17-Sep-2024 16:13:05 UTC] create_variation_product_id:1212
[17-Sep-2024 16:13:05 UTC] create_stock:
[17-Sep-2024 16:13:05 UTC] create_price:
[17-Sep-2024 16:13:05 UTC] create_variation_product_id:1212
[17-Sep-2024 16:13:05 UTC] create_stock:
[17-Sep-2024 16:13:05 UTC] create_price:
[17-Sep-2024 16:13:06 UTC] create_variation_product_id:1212
[17-Sep-2024 16:13:06 UTC] create_stock:
[17-Sep-2024 16:13:06 UTC] create_price:
[17-Sep-2024 16:13:08 UTC] create_variation_product_id:1212
[17-Sep-2024 16:13:08 UTC] create_stock:
[17-Sep-2024 16:13:08 UTC] create_price:
[17-Sep-2024 16:13:09 UTC] create_variation_product_id:1212
[17-Sep-2024 16:13:09 UTC] create_stock:
[17-Sep-2024 16:13:09 UTC] create_price:
[17-Sep-2024 16:13:09 UTC] create_variation_product_id:1212
[17-Sep-2024 16:13:09 UTC] create_stock:
[17-Sep-2024 16:13:09 UTC] create_price:
[17-Sep-2024 16:13:10 UTC] create_variation_product_id:1212
[17-Sep-2024 16:13:10 UTC] create_stock:
[17-Sep-2024 16:13:10 UTC] create_price:
[17-Sep-2024 16:13:11 UTC] create_variation_product_id:1212
[17-Sep-2024 16:13:11 UTC] create_stock:
[17-Sep-2024 16:13:11 UTC] create_price:
[17-Sep-2024 16:13:12 UTC] create_variation_product_id:1212
[17-Sep-2024 16:13:12 UTC] create_stock:
[17-Sep-2024 16:13:12 UTC] create_price:
[17-Sep-2024 16:13:12 UTC] create_variation_product_id:1212
[17-Sep-2024 16:13:12 UTC] create_stock:
[17-Sep-2024 16:13:12 UTC] create_price:
[17-Sep-2024 16:13:14 UTC] create_variation_product_id:1212
[17-Sep-2024 16:13:14 UTC] create_stock:
[17-Sep-2024 16:13:14 UTC] create_price:
[17-Sep-2024 16:13:15 UTC] create_variation_product_id:1213
[17-Sep-2024 16:13:15 UTC] create_stock:
[17-Sep-2024 16:13:15 UTC] create_price:
[17-Sep-2024 16:13:15 UTC] create_variation_product_id:1213
[17-Sep-2024 16:13:15 UTC] create_stock:
[17-Sep-2024 16:13:15 UTC] create_price:
[17-Sep-2024 16:13:16 UTC] create_variation_product_id:1213
[17-Sep-2024 16:13:16 UTC] create_stock:
[17-Sep-2024 16:13:16 UTC] create_price:
[17-Sep-2024 16:13:17 UTC] create_variation_product_id:1213
[17-Sep-2024 16:13:17 UTC] create_stock:
[17-Sep-2024 16:13:17 UTC] create_price:
[17-Sep-2024 16:13:18 UTC] create_variation_product_id:1213
[17-Sep-2024 16:13:18 UTC] create_stock:
[17-Sep-2024 16:13:18 UTC] create_price:
[17-Sep-2024 16:13:19 UTC] create_variation_product_id:1213
[17-Sep-2024 16:13:19 UTC] create_stock:
[17-Sep-2024 16:13:19 UTC] create_price:
[17-Sep-2024 16:13:21 UTC] create_variation_product_id:1213
[17-Sep-2024 16:13:21 UTC] create_stock:
[17-Sep-2024 16:13:21 UTC] create_price:
[17-Sep-2024 16:13:22 UTC] create_variation_product_id:1213
[17-Sep-2024 16:13:22 UTC] create_stock:
[17-Sep-2024 16:13:22 UTC] create_price:
[17-Sep-2024 16:13:22 UTC] create_variation_product_id:1213
[17-Sep-2024 16:13:22 UTC] create_stock:
[17-Sep-2024 16:13:22 UTC] create_price:
[17-Sep-2024 16:13:23 UTC] create_variation_product_id:1213
[17-Sep-2024 16:13:23 UTC] create_stock:
[17-Sep-2024 16:13:23 UTC] create_price:
[17-Sep-2024 16:13:24 UTC] create_variation_product_id:1213
[17-Sep-2024 16:13:24 UTC] create_stock:
[17-Sep-2024 16:13:24 UTC] create_price:
[17-Sep-2024 16:13:26 UTC] create_variation_product_id:1213
[17-Sep-2024 16:13:26 UTC] create_stock:
[17-Sep-2024 16:13:26 UTC] create_price:
[17-Sep-2024 16:13:26 UTC] create_variation_product_id:1214
[17-Sep-2024 16:13:26 UTC] create_stock:
[17-Sep-2024 16:13:26 UTC] create_price:
[17-Sep-2024 16:13:27 UTC] create_variation_product_id:1215
[17-Sep-2024 16:13:27 UTC] create_stock:
[17-Sep-2024 16:13:27 UTC] create_price:
[17-Sep-2024 16:13:28 UTC] create_variation_product_id:1216
[17-Sep-2024 16:13:28 UTC] create_stock:
[17-Sep-2024 16:13:28 UTC] create_price:
[17-Sep-2024 16:13:28 UTC] Aucune variations trouvées dans le tableau.
[17-Sep-2024 16:13:28 UTC] create_variation_product_id:1217
[17-Sep-2024 16:13:28 UTC] create_stock:0
[17-Sep-2024 16:13:28 UTC] create_price:3,65
[17-Sep-2024 16:13:29 UTC] create_variation_product_id:1218
[17-Sep-2024 16:13:29 UTC] create_stock:1557
[17-Sep-2024 16:13:29 UTC] create_price:3,97
[17-Sep-2024 16:13:29 UTC] create_variation_product_id:1219
[17-Sep-2024 16:13:29 UTC] create_stock:17577
[17-Sep-2024 16:13:29 UTC] create_price:0,68
[17-Sep-2024 16:13:29 UTC] create_variation_product_id:1219
[17-Sep-2024 16:13:29 UTC] create_stock:2628
[17-Sep-2024 16:13:29 UTC] create_price:0,68
[17-Sep-2024 16:13:30 UTC] create_variation_product_id:1219
[17-Sep-2024 16:13:30 UTC] create_stock:4113
[17-Sep-2024 16:13:30 UTC] create_price:0,68
[17-Sep-2024 16:13:30 UTC] create_variation_product_id:1219
[17-Sep-2024 16:13:30 UTC] create_stock:3632
[17-Sep-2024 16:13:30 UTC] create_price:0,68
[17-Sep-2024 16:13:30 UTC] create_variation_product_id:1219
[17-Sep-2024 16:13:30 UTC] create_stock:4857
[17-Sep-2024 16:13:30 UTC] create_price:0,68
[17-Sep-2024 16:13:30 UTC] create_variation_product_id:1219
[17-Sep-2024 16:13:30 UTC] create_stock:2128
[17-Sep-2024 16:13:30 UTC] create_price:0,68
[17-Sep-2024 16:13:31 UTC] create_variation_product_id:1219
[17-Sep-2024 16:13:31 UTC] create_stock:3874
[17-Sep-2024 16:13:31 UTC] create_price:0,68
[17-Sep-2024 16:13:31 UTC] create_variation_product_id:1219
[17-Sep-2024 16:13:31 UTC] create_stock:80
[17-Sep-2024 16:13:31 UTC] create_price:0,68
[17-Sep-2024 16:13:32 UTC] create_variation_product_id:1220
[17-Sep-2024 16:13:32 UTC] create_stock:86173
[17-Sep-2024 16:13:32 UTC] create_price:1,24
[17-Sep-2024 16:13:32 UTC] create_variation_product_id:1220
[17-Sep-2024 16:13:32 UTC] create_stock:10096
[17-Sep-2024 16:13:32 UTC] create_price:1,24
[17-Sep-2024 16:13:32 UTC] create_variation_product_id:1220
[17-Sep-2024 16:13:32 UTC] create_stock:31277
[17-Sep-2024 16:13:32 UTC] create_price:1,24
[17-Sep-2024 16:13:33 UTC] create_variation_product_id:1220
[17-Sep-2024 16:13:33 UTC] create_stock:0
[17-Sep-2024 16:13:33 UTC] create_price:1,24
[17-Sep-2024 16:13:33 UTC] create_variation_product_id:1220
[17-Sep-2024 16:13:33 UTC] create_stock:23083
[17-Sep-2024 16:13:33 UTC] create_price:1,24
[17-Sep-2024 16:13:34 UTC] create_variation_product_id:1220
[17-Sep-2024 16:13:34 UTC] create_stock:5715
[17-Sep-2024 16:13:34 UTC] create_price:1,24
[17-Sep-2024 16:13:34 UTC] create_variation_product_id:1220
[17-Sep-2024 16:13:34 UTC] create_stock:6741
[17-Sep-2024 16:13:34 UTC] create_price:1,24
[17-Sep-2024 16:13:34 UTC] create_variation_product_id:1220
[17-Sep-2024 16:13:34 UTC] create_stock:0
[17-Sep-2024 16:13:34 UTC] create_price:1,24
[17-Sep-2024 16:13:35 UTC] create_variation_product_id:1221
[17-Sep-2024 16:13:35 UTC] create_stock:0
[17-Sep-2024 16:13:35 UTC] create_price:1,40
[17-Sep-2024 16:13:36 UTC] create_variation_product_id:1221
[17-Sep-2024 16:13:36 UTC] create_stock:3096
[17-Sep-2024 16:13:36 UTC] create_price:1,40
[17-Sep-2024 16:13:36 UTC] create_variation_product_id:1221
[17-Sep-2024 16:13:36 UTC] create_stock:12500
[17-Sep-2024 16:13:36 UTC] create_price:1,40
[17-Sep-2024 16:13:36 UTC] create_variation_product_id:1221
[17-Sep-2024 16:13:36 UTC] create_stock:2721
[17-Sep-2024 16:13:36 UTC] create_price:1,40
[17-Sep-2024 16:13:36 UTC] create_variation_product_id:1221
[17-Sep-2024 16:13:36 UTC] create_stock:0
[17-Sep-2024 16:13:36 UTC] create_price:1,40
[17-Sep-2024 16:13:38 UTC] create_variation_product_id:1222
[17-Sep-2024 16:13:38 UTC] create_stock:566
[17-Sep-2024 16:13:38 UTC] create_price:11,56
[17-Sep-2024 16:13:38 UTC] create_variation_product_id:1223
[17-Sep-2024 16:13:38 UTC] create_stock:1544
[17-Sep-2024 16:13:38 UTC] create_price:11,56
[17-Sep-2024 16:13:38 UTC] create_variation_product_id:1224
[17-Sep-2024 16:13:38 UTC] create_stock:1031
[17-Sep-2024 16:13:38 UTC] create_price:11,56
[17-Sep-2024 16:13:38 UTC] create_variation_product_id:1225
[17-Sep-2024 16:13:38 UTC] create_stock:479
[17-Sep-2024 16:13:38 UTC] create_price:11,56
[17-Sep-2024 16:13:38 UTC] create_variation_product_id:1226
[17-Sep-2024 16:13:38 UTC] create_stock:525
[17-Sep-2024 16:13:38 UTC] create_price:11,56
[17-Sep-2024 16:13:39 UTC] create_variation_product_id:1227
[17-Sep-2024 16:13:39 UTC] create_stock:1123
[17-Sep-2024 16:13:39 UTC] create_price:11,56
[17-Sep-2024 16:13:39 UTC] create_variation_product_id:1228
[17-Sep-2024 16:13:39 UTC] create_stock:897
[17-Sep-2024 16:13:39 UTC] create_price:11,56
[17-Sep-2024 16:13:39 UTC] create_variation_product_id:1229
[17-Sep-2024 16:13:39 UTC] create_stock:228
[17-Sep-2024 16:13:39 UTC] create_price:11,56
[17-Sep-2024 16:13:39 UTC] create_variation_product_id:1230
[17-Sep-2024 16:13:39 UTC] create_stock:287
[17-Sep-2024 16:13:39 UTC] create_price:11,56
[17-Sep-2024 16:13:40 UTC] create_variation_product_id:1231
[17-Sep-2024 16:13:40 UTC] create_stock:1642
[17-Sep-2024 16:13:40 UTC] create_price:15,81
[17-Sep-2024 16:13:40 UTC] create_variation_product_id:1232
[17-Sep-2024 16:13:40 UTC] create_stock:1040
[17-Sep-2024 16:13:40 UTC] create_price:26,24
[17-Sep-2024 16:13:40 UTC] create_variation_product_id:1233
[17-Sep-2024 16:13:40 UTC] create_stock:718
[17-Sep-2024 16:13:40 UTC] create_price:16,61
[17-Sep-2024 16:13:40 UTC] create_variation_product_id:1234
[17-Sep-2024 16:13:40 UTC] create_stock:1764
[17-Sep-2024 16:13:40 UTC] create_price:7,32
[17-Sep-2024 16:13:40 UTC] create_variation_product_id:1234
[17-Sep-2024 16:13:40 UTC] create_stock:261
[17-Sep-2024 16:13:40 UTC] create_price:7,32
[17-Sep-2024 16:13:41 UTC] create_variation_product_id:1234
[17-Sep-2024 16:13:41 UTC] create_stock:371
[17-Sep-2024 16:13:41 UTC] create_price:7,32
[17-Sep-2024 16:13:41 UTC] create_variation_product_id:1235
[17-Sep-2024 16:13:41 UTC] create_stock:3459
[17-Sep-2024 16:13:41 UTC] create_price:14,24
[17-Sep-2024 16:13:41 UTC] create_variation_product_id:1236
[17-Sep-2024 16:13:41 UTC] create_stock:0
[17-Sep-2024 16:13:41 UTC] create_price:13,29
[17-Sep-2024 16:13:41 UTC] create_variation_product_id:1237
[17-Sep-2024 16:13:41 UTC] create_stock:2059
[17-Sep-2024 16:13:41 UTC] create_price:4,02
[17-Sep-2024 16:13:42 UTC] create_variation_product_id:1238
[17-Sep-2024 16:13:42 UTC] create_stock:1966
[17-Sep-2024 16:13:42 UTC] create_price:21,53
[17-Sep-2024 16:13:42 UTC] create_variation_product_id:1239
[17-Sep-2024 16:13:42 UTC] create_stock:2064
[17-Sep-2024 16:13:42 UTC] create_price:9,17
[17-Sep-2024 16:13:42 UTC] create_variation_product_id:1240
[17-Sep-2024 16:13:42 UTC] create_stock:1789
[17-Sep-2024 16:13:42 UTC] create_price:39,22
[17-Sep-2024 16:13:42 UTC] create_variation_product_id:1241
[17-Sep-2024 16:13:42 UTC] create_stock:4174
[17-Sep-2024 16:13:42 UTC] create_price:10,01
[17-Sep-2024 16:13:42 UTC] create_variation_product_id:1242
[17-Sep-2024 16:13:42 UTC] create_stock:2584
[17-Sep-2024 16:13:42 UTC] create_price:4,60
[17-Sep-2024 16:13:43 UTC] create_variation_product_id:1242
[17-Sep-2024 16:13:43 UTC] create_stock:4152
[17-Sep-2024 16:13:43 UTC] create_price:4,60
[17-Sep-2024 16:13:43 UTC] create_variation_product_id:1242
[17-Sep-2024 16:13:43 UTC] create_stock:3389
[17-Sep-2024 16:13:43 UTC] create_price:4,60
[17-Sep-2024 16:13:43 UTC] create_variation_product_id:1243
[17-Sep-2024 16:13:43 UTC] create_stock:4163
[17-Sep-2024 16:13:43 UTC] create_price:6,62
[17-Sep-2024 16:13:43 UTC] create_variation_product_id:1243
[17-Sep-2024 16:13:43 UTC] create_stock:2852
[17-Sep-2024 16:13:43 UTC] create_price:6,62
[17-Sep-2024 16:13:44 UTC] create_variation_product_id:1243
[17-Sep-2024 16:13:44 UTC] create_stock:1442
[17-Sep-2024 16:13:44 UTC] create_price:6,62
[17-Sep-2024 16:13:44 UTC] create_variation_product_id:1244
[17-Sep-2024 16:13:44 UTC] create_stock:1339
[17-Sep-2024 16:13:44 UTC] create_price:7,35
[17-Sep-2024 16:13:44 UTC] create_variation_product_id:1244
[17-Sep-2024 16:13:44 UTC] create_stock:2530
[17-Sep-2024 16:13:44 UTC] create_price:7,35
[17-Sep-2024 16:13:44 UTC] create_variation_product_id:1244
[17-Sep-2024 16:13:44 UTC] create_stock:983
[17-Sep-2024 16:13:44 UTC] create_price:7,35
[17-Sep-2024 16:13:44 UTC] create_variation_product_id:1245
[17-Sep-2024 16:13:44 UTC] create_stock:442
[17-Sep-2024 16:13:44 UTC] create_price:11,36
[17-Sep-2024 16:13:45 UTC] create_variation_product_id:1245
[17-Sep-2024 16:13:45 UTC] create_stock:1055
[17-Sep-2024 16:13:45 UTC] create_price:11,36
[17-Sep-2024 16:13:45 UTC] create_variation_product_id:1245
[17-Sep-2024 16:13:45 UTC] create_stock:489
[17-Sep-2024 16:13:45 UTC] create_price:11,36
[17-Sep-2024 16:13:45 UTC] create_variation_product_id:1246
[17-Sep-2024 16:13:45 UTC] create_stock:3670
[17-Sep-2024 16:13:45 UTC] create_price:3,54
[17-Sep-2024 16:13:45 UTC] create_variation_product_id:1247
[17-Sep-2024 16:13:45 UTC] create_stock:0
[17-Sep-2024 16:13:45 UTC] create_price:1,52
[17-Sep-2024 16:13:46 UTC] create_variation_product_id:1247
[17-Sep-2024 16:13:46 UTC] create_stock:0
[17-Sep-2024 16:13:46 UTC] create_price:1,52
[17-Sep-2024 16:13:47 UTC] create_variation_product_id:1247
[17-Sep-2024 16:13:47 UTC] create_stock:0
[17-Sep-2024 16:13:47 UTC] create_price:1,52
[17-Sep-2024 16:13:48 UTC] create_variation_product_id:1247
[17-Sep-2024 16:13:48 UTC] create_stock:0
[17-Sep-2024 16:13:48 UTC] create_price:1,52
[17-Sep-2024 16:13:49 UTC] create_variation_product_id:1247
[17-Sep-2024 16:13:49 UTC] create_stock:0
[17-Sep-2024 16:13:49 UTC] create_price:1,52
[17-Sep-2024 16:13:50 UTC] create_variation_product_id:1247
[17-Sep-2024 16:13:50 UTC] create_stock:0
[17-Sep-2024 16:13:50 UTC] create_price:1,52
[17-Sep-2024 16:13:51 UTC] create_variation_product_id:1247
[17-Sep-2024 16:13:51 UTC] create_stock:0
[17-Sep-2024 16:13:51 UTC] create_price:1,52
[17-Sep-2024 16:13:51 UTC] create_variation_product_id:1247
[17-Sep-2024 16:13:51 UTC] create_stock:0
[17-Sep-2024 16:13:51 UTC] create_price:1,52
[17-Sep-2024 16:13:52 UTC] create_variation_product_id:1247
[17-Sep-2024 16:13:52 UTC] create_stock:0
[17-Sep-2024 16:13:52 UTC] create_price:1,52
[17-Sep-2024 16:13:53 UTC] create_variation_product_id:1248
[17-Sep-2024 16:13:53 UTC] create_stock:7818
[17-Sep-2024 16:13:53 UTC] create_price:1,52
[17-Sep-2024 16:13:53 UTC] create_variation_product_id:1248
[17-Sep-2024 16:13:53 UTC] create_stock:8607
[17-Sep-2024 16:13:53 UTC] create_price:1,52
[17-Sep-2024 16:13:53 UTC] create_variation_product_id:1248
[17-Sep-2024 16:13:53 UTC] create_stock:9861
[17-Sep-2024 16:13:53 UTC] create_price:1,52
[17-Sep-2024 16:13:54 UTC] create_variation_product_id:1248
[17-Sep-2024 16:13:54 UTC] create_stock:5537
[17-Sep-2024 16:13:54 UTC] create_price:1,52
[17-Sep-2024 16:13:54 UTC] create_variation_product_id:1248
[17-Sep-2024 16:13:54 UTC] create_stock:11842
[17-Sep-2024 16:13:54 UTC] create_price:1,52
[17-Sep-2024 16:13:54 UTC] create_variation_product_id:1249
[17-Sep-2024 16:13:54 UTC] create_stock:3422
[17-Sep-2024 16:13:54 UTC] create_price:3,08
[17-Sep-2024 16:13:54 UTC] create_variation_product_id:1250
[17-Sep-2024 16:13:54 UTC] create_stock:2376
[17-Sep-2024 16:13:54 UTC] create_price:14,70
[17-Sep-2024 16:13:55 UTC] create_variation_product_id:1251
[17-Sep-2024 16:13:55 UTC] create_stock:7148
[17-Sep-2024 16:13:55 UTC] create_price:5,60
[17-Sep-2024 16:13:55 UTC] create_variation_product_id:1252
[17-Sep-2024 16:13:55 UTC] create_stock:0
[17-Sep-2024 16:13:55 UTC] create_price:0,18
[17-Sep-2024 16:13:56 UTC] create_variation_product_id:1252
[17-Sep-2024 16:13:56 UTC] create_stock:0
[17-Sep-2024 16:13:56 UTC] create_price:0,18
[17-Sep-2024 16:13:56 UTC] create_variation_product_id:1252
[17-Sep-2024 16:13:56 UTC] create_stock:6347
[17-Sep-2024 16:13:56 UTC] create_price:0,18
[17-Sep-2024 16:13:57 UTC] create_variation_product_id:1252
[17-Sep-2024 16:13:57 UTC] create_stock:22922
[17-Sep-2024 16:13:57 UTC] create_price:0,18
[17-Sep-2024 16:13:57 UTC] create_variation_product_id:1252
[17-Sep-2024 16:13:57 UTC] create_stock:61786
[17-Sep-2024 16:13:57 UTC] create_price:0,18
[17-Sep-2024 16:13:57 UTC] create_variation_product_id:1252
[17-Sep-2024 16:13:57 UTC] create_stock:332
[17-Sep-2024 16:13:57 UTC] create_price:0,18
[17-Sep-2024 16:13:57 UTC] create_variation_product_id:1252
[17-Sep-2024 16:13:57 UTC] create_stock:0
[17-Sep-2024 16:13:57 UTC] create_price:0,18
[17-Sep-2024 16:13:58 UTC] create_variation_product_id:1253
[17-Sep-2024 16:13:58 UTC] create_stock:6713
[17-Sep-2024 16:13:58 UTC] create_price:0,74
[17-Sep-2024 16:13:58 UTC] create_variation_product_id:1254
[17-Sep-2024 16:13:58 UTC] create_stock:5791
[17-Sep-2024 16:13:58 UTC] create_price:4,57
[17-Sep-2024 16:13:59 UTC] create_variation_product_id:1255
[17-Sep-2024 16:13:59 UTC] create_stock:1868
[17-Sep-2024 16:13:59 UTC] create_price:3,08
[17-Sep-2024 16:13:59 UTC] create_variation_product_id:1255
[17-Sep-2024 16:13:59 UTC] create_stock:1845
[17-Sep-2024 16:13:59 UTC] create_price:3,08
[17-Sep-2024 16:13:59 UTC] create_variation_product_id:1255
[17-Sep-2024 16:13:59 UTC] create_stock:1929
[17-Sep-2024 16:13:59 UTC] create_price:3,08
[17-Sep-2024 16:13:59 UTC] create_variation_product_id:1255
[17-Sep-2024 16:13:59 UTC] create_stock:1859
[17-Sep-2024 16:13:59 UTC] create_price:3,08
[17-Sep-2024 16:13:59 UTC] create_variation_product_id:1256
[17-Sep-2024 16:14:00 UTC] create_stock:10635
[17-Sep-2024 16:14:00 UTC] create_price:0,70
[17-Sep-2024 16:14:00 UTC] create_variation_product_id:1257
[17-Sep-2024 16:14:00 UTC] create_stock:2125
[17-Sep-2024 16:14:00 UTC] create_price:2,99
[17-Sep-2024 16:14:00 UTC] create_variation_product_id:1257
[17-Sep-2024 16:14:00 UTC] create_stock:4458
[17-Sep-2024 16:14:00 UTC] create_price:2,99
[17-Sep-2024 16:14:00 UTC] create_variation_product_id:1258
[17-Sep-2024 16:14:00 UTC] create_stock:5447
[17-Sep-2024 16:14:00 UTC] create_price:3,64
[17-Sep-2024 16:14:00 UTC] create_variation_product_id:1259
[17-Sep-2024 16:14:00 UTC] create_stock:3906
[17-Sep-2024 16:14:00 UTC] create_price:2,37
[17-Sep-2024 16:14:00 UTC] create_variation_product_id:1259
[17-Sep-2024 16:14:00 UTC] create_stock:2218
[17-Sep-2024 16:14:00 UTC] create_price:2,37
[17-Sep-2024 16:14:01 UTC] create_variation_product_id:1259
[17-Sep-2024 16:14:01 UTC] create_stock:3264
[17-Sep-2024 16:14:01 UTC] create_price:2,37
[17-Sep-2024 16:14:01 UTC] create_variation_product_id:1260
[17-Sep-2024 16:14:01 UTC] create_stock:10550
[17-Sep-2024 16:14:01 UTC] create_price:1,21
[17-Sep-2024 16:14:01 UTC] create_variation_product_id:1261
[17-Sep-2024 16:14:01 UTC] create_stock:7807
[17-Sep-2024 16:14:01 UTC] create_price:2,30
[17-Sep-2024 16:14:01 UTC] create_variation_product_id:1262
[17-Sep-2024 16:14:01 UTC] create_stock:2114
[17-Sep-2024 16:14:01 UTC] create_price:4,09
[17-Sep-2024 16:14:01 UTC] create_variation_product_id:1263
[17-Sep-2024 16:14:01 UTC] create_stock:6339
[17-Sep-2024 16:14:01 UTC] create_price:5,39
[17-Sep-2024 16:14:02 UTC] create_variation_product_id:1264
[17-Sep-2024 16:14:02 UTC] create_stock:8803
[17-Sep-2024 16:14:02 UTC] create_price:7,68
[17-Sep-2024 16:14:02 UTC] create_variation_product_id:1265
[17-Sep-2024 16:14:02 UTC] create_stock:4418
[17-Sep-2024 16:14:02 UTC] create_price:2,10
[17-Sep-2024 16:14:02 UTC] create_variation_product_id:1266
[17-Sep-2024 16:14:02 UTC] create_stock:8356
[17-Sep-2024 16:14:02 UTC] create_price:2,06
[17-Sep-2024 16:14:02 UTC] create_variation_product_id:1267
[17-Sep-2024 16:14:02 UTC] create_stock:2948
[17-Sep-2024 16:14:02 UTC] create_price:5,20
[17-Sep-2024 16:14:02 UTC] create_variation_product_id:1268
[17-Sep-2024 16:14:02 UTC] create_stock:2392
[17-Sep-2024 16:14:02 UTC] create_price:5,76
[17-Sep-2024 16:14:03 UTC] create_variation_product_id:1269
[17-Sep-2024 16:14:03 UTC] create_stock:2207
[17-Sep-2024 16:14:03 UTC] create_price:2,37
[17-Sep-2024 16:14:03 UTC] create_variation_product_id:1270
[17-Sep-2024 16:14:03 UTC] create_stock:1668
[17-Sep-2024 16:14:03 UTC] create_price:3,54
[17-Sep-2024 16:14:03 UTC] create_variation_product_id:1271
[17-Sep-2024 16:14:03 UTC] create_stock:1330
[17-Sep-2024 16:14:03 UTC] create_price:9,17
[17-Sep-2024 16:14:03 UTC] create_variation_product_id:1272
[17-Sep-2024 16:14:03 UTC] create_stock:2040
[17-Sep-2024 16:14:03 UTC] create_price:3,24
[17-Sep-2024 16:14:03 UTC] create_variation_product_id:1273
[17-Sep-2024 16:14:03 UTC] create_stock:1237
[17-Sep-2024 16:14:03 UTC] create_price:3,83
[17-Sep-2024 16:14:04 UTC] create_variation_product_id:1273
[17-Sep-2024 16:14:04 UTC] create_stock:8935
[17-Sep-2024 16:14:04 UTC] create_price:3,83
[17-Sep-2024 16:14:04 UTC] create_variation_product_id:1274
[17-Sep-2024 16:14:04 UTC] create_stock:49469
[17-Sep-2024 16:14:04 UTC] create_price:1,31
[17-Sep-2024 16:14:04 UTC] create_variation_product_id:1274
[17-Sep-2024 16:14:04 UTC] create_stock:17620
[17-Sep-2024 16:14:04 UTC] create_price:1,31
[17-Sep-2024 16:14:05 UTC] create_variation_product_id:1274
[17-Sep-2024 16:14:05 UTC] create_stock:46166
[17-Sep-2024 16:14:05 UTC] create_price:1,31
[17-Sep-2024 16:14:05 UTC] create_variation_product_id:1274
[17-Sep-2024 16:14:05 UTC] create_stock:27165
[17-Sep-2024 16:14:05 UTC] create_price:1,31
[17-Sep-2024 16:14:05 UTC] create_variation_product_id:1274
[17-Sep-2024 16:14:05 UTC] create_stock:19165
[17-Sep-2024 16:14:05 UTC] create_price:1,31
[17-Sep-2024 16:14:05 UTC] create_variation_product_id:1274
[17-Sep-2024 16:14:05 UTC] create_stock:19414
[17-Sep-2024 16:14:05 UTC] create_price:1,31
[17-Sep-2024 16:14:06 UTC] create_variation_product_id:1274
[17-Sep-2024 16:14:06 UTC] create_stock:22807
[17-Sep-2024 16:14:06 UTC] create_price:1,31
[17-Sep-2024 16:14:06 UTC] create_variation_product_id:1275
[17-Sep-2024 16:14:06 UTC] create_stock:13276
[17-Sep-2024 16:14:06 UTC] create_price:2,99
[17-Sep-2024 16:14:06 UTC] create_variation_product_id:1275
[17-Sep-2024 16:14:06 UTC] create_stock:7784
[17-Sep-2024 16:14:06 UTC] create_price:2,99
[17-Sep-2024 16:14:06 UTC] create_variation_product_id:1275
[17-Sep-2024 16:14:06 UTC] create_stock:16221
[17-Sep-2024 16:14:06 UTC] create_price:2,99
[17-Sep-2024 16:14:06 UTC] create_variation_product_id:1276
[17-Sep-2024 16:14:06 UTC] create_stock:0
[17-Sep-2024 16:14:06 UTC] create_price:2,21
[17-Sep-2024 16:14:07 UTC] create_variation_product_id:1277
[17-Sep-2024 16:14:07 UTC] create_stock:4427
[17-Sep-2024 16:14:07 UTC] create_price:12,26
[17-Sep-2024 16:14:07 UTC] create_variation_product_id:1278
[17-Sep-2024 16:14:07 UTC] create_stock:12370
[17-Sep-2024 16:14:07 UTC] create_price:1,71
[17-Sep-2024 16:14:07 UTC] create_variation_product_id:1279
[17-Sep-2024 16:14:07 UTC] create_stock:0
[17-Sep-2024 16:14:07 UTC] create_price:1,47
[17-Sep-2024 16:14:08 UTC] create_variation_product_id:1280
[17-Sep-2024 16:14:08 UTC] create_stock:125
[17-Sep-2024 16:14:08 UTC] create_price:0,81
[17-Sep-2024 16:14:08 UTC] create_variation_product_id:1281
[17-Sep-2024 16:14:08 UTC] create_stock:11194
[17-Sep-2024 16:14:08 UTC] create_price:1,15
[17-Sep-2024 16:14:08 UTC] create_variation_product_id:1282
[17-Sep-2024 16:14:08 UTC] create_stock:2707
[17-Sep-2024 16:14:08 UTC] create_price:7,68
[17-Sep-2024 16:14:09 UTC] create_variation_product_id:1283
[17-Sep-2024 16:14:09 UTC] create_stock:29636
[17-Sep-2024 16:14:09 UTC] create_price:1,31
[17-Sep-2024 16:14:09 UTC] create_variation_product_id:1283
[17-Sep-2024 16:14:09 UTC] create_stock:7514
[17-Sep-2024 16:14:09 UTC] create_price:1,31
[17-Sep-2024 16:14:09 UTC] create_variation_product_id:1283
[17-Sep-2024 16:14:09 UTC] create_stock:10459
[17-Sep-2024 16:14:09 UTC] create_price:1,31
[17-Sep-2024 16:14:10 UTC] create_variation_product_id:1283
[17-Sep-2024 16:14:10 UTC] create_stock:8389
[17-Sep-2024 16:14:10 UTC] create_price:1,31
[17-Sep-2024 16:14:10 UTC] create_variation_product_id:1283
[17-Sep-2024 16:14:10 UTC] create_stock:8742
[17-Sep-2024 16:14:10 UTC] create_price:1,31
[17-Sep-2024 16:14:10 UTC] create_variation_product_id:1283
[17-Sep-2024 16:14:10 UTC] create_stock:7965
[17-Sep-2024 16:14:10 UTC] create_price:1,31
[17-Sep-2024 16:14:11 UTC] create_variation_product_id:1283
[17-Sep-2024 16:14:11 UTC] create_stock:20488
[17-Sep-2024 16:14:11 UTC] create_price:1,31
[17-Sep-2024 16:14:11 UTC] create_variation_product_id:1283
[17-Sep-2024 16:14:11 UTC] create_stock:2932
[17-Sep-2024 16:14:11 UTC] create_price:1,31
[17-Sep-2024 16:14:11 UTC] create_variation_product_id:1283
[17-Sep-2024 16:14:11 UTC] create_stock:3232
[17-Sep-2024 16:14:11 UTC] create_price:1,31
[17-Sep-2024 16:14:11 UTC] create_variation_product_id:1283
[17-Sep-2024 16:14:11 UTC] create_stock:4454
[17-Sep-2024 16:14:11 UTC] create_price:1,31
[17-Sep-2024 16:14:12 UTC] create_variation_product_id:1283
[17-Sep-2024 16:14:12 UTC] create_stock:18883
[17-Sep-2024 16:14:12 UTC] create_price:1,31
[17-Sep-2024 16:14:12 UTC] create_variation_product_id:1284
[17-Sep-2024 16:14:12 UTC] create_stock:2278
[17-Sep-2024 16:14:12 UTC] create_price:12,07
[17-Sep-2024 16:14:12 UTC] create_variation_product_id:1285
[17-Sep-2024 16:14:12 UTC] create_stock:6574
[17-Sep-2024 16:14:12 UTC] create_price:5,60
[17-Sep-2024 16:14:12 UTC] create_variation_product_id:1286
[17-Sep-2024 16:14:12 UTC] create_stock:18335
[17-Sep-2024 16:14:12 UTC] create_price:1,96
[17-Sep-2024 16:14:13 UTC] create_variation_product_id:1287
[17-Sep-2024 16:14:13 UTC] create_stock:22440
[17-Sep-2024 16:14:13 UTC] create_price:2,25
[17-Sep-2024 16:14:13 UTC] create_variation_product_id:1288
[17-Sep-2024 16:14:13 UTC] create_stock:1403
[17-Sep-2024 16:14:13 UTC] create_price:8,48
[17-Sep-2024 16:14:13 UTC] create_variation_product_id:1288
[17-Sep-2024 16:14:13 UTC] create_stock:1803
[17-Sep-2024 16:14:13 UTC] create_price:8,48
[17-Sep-2024 16:14:13 UTC] create_variation_product_id:1289
[17-Sep-2024 16:14:13 UTC] create_stock:14521
[17-Sep-2024 16:14:13 UTC] create_price:0,29
[17-Sep-2024 16:14:14 UTC] create_variation_product_id:1290
[17-Sep-2024 16:14:14 UTC] create_stock:49515
[17-Sep-2024 16:14:14 UTC] create_price:1,61
[17-Sep-2024 16:14:14 UTC] create_variation_product_id:1290
[17-Sep-2024 16:14:14 UTC] create_stock:6388
[17-Sep-2024 16:14:14 UTC] create_price:1,61
[17-Sep-2024 16:14:14 UTC] create_variation_product_id:1290
[17-Sep-2024 16:14:14 UTC] create_stock:8348
[17-Sep-2024 16:14:14 UTC] create_price:1,61
[17-Sep-2024 16:14:14 UTC] create_variation_product_id:1290
[17-Sep-2024 16:14:14 UTC] create_stock:11353
[17-Sep-2024 16:14:14 UTC] create_price:1,61
[17-Sep-2024 16:14:15 UTC] create_variation_product_id:1291
[17-Sep-2024 16:14:15 UTC] create_stock:6030
[17-Sep-2024 16:14:15 UTC] create_price:3,11
[17-Sep-2024 16:14:15 UTC] create_variation_product_id:1292
[17-Sep-2024 16:14:15 UTC] create_stock:26766
[17-Sep-2024 16:14:15 UTC] create_price:4,35
[17-Sep-2024 16:14:15 UTC] create_variation_product_id:1292
[17-Sep-2024 16:14:15 UTC] create_stock:41187
[17-Sep-2024 16:14:15 UTC] create_price:4,35
[17-Sep-2024 16:14:16 UTC] create_variation_product_id:1292
[17-Sep-2024 16:14:16 UTC] create_stock:27755
[17-Sep-2024 16:14:16 UTC] create_price:4,35
[17-Sep-2024 16:14:16 UTC] create_variation_product_id:1292
[17-Sep-2024 16:14:16 UTC] create_stock:9467
[17-Sep-2024 16:14:16 UTC] create_price:4,35
[17-Sep-2024 16:14:16 UTC] create_variation_product_id:1292
[17-Sep-2024 16:14:16 UTC] create_stock:23990
[17-Sep-2024 16:14:16 UTC] create_price:4,35
[17-Sep-2024 16:14:16 UTC] create_variation_product_id:1292
[17-Sep-2024 16:14:16 UTC] create_stock:8717
[17-Sep-2024 16:14:16 UTC] create_price:4,35
[17-Sep-2024 16:14:17 UTC] create_variation_product_id:1292
[17-Sep-2024 16:14:17 UTC] create_stock:10594
[17-Sep-2024 16:14:17 UTC] create_price:4,35
[17-Sep-2024 16:14:17 UTC] create_variation_product_id:1292
[17-Sep-2024 16:14:17 UTC] create_stock:8789
[17-Sep-2024 16:14:17 UTC] create_price:4,35
[17-Sep-2024 16:14:17 UTC] create_variation_product_id:1292
[17-Sep-2024 16:14:17 UTC] create_stock:11439
[17-Sep-2024 16:14:17 UTC] create_price:4,35
[17-Sep-2024 16:14:18 UTC] create_variation_product_id:1292
[17-Sep-2024 16:14:18 UTC] create_stock:10701
[17-Sep-2024 16:14:18 UTC] create_price:4,35
[17-Sep-2024 16:14:18 UTC] create_variation_product_id:1292
[17-Sep-2024 16:14:18 UTC] create_stock:10639
[17-Sep-2024 16:14:18 UTC] create_price:4,35
[17-Sep-2024 16:14:18 UTC] create_variation_product_id:1293
[17-Sep-2024 16:14:18 UTC] create_stock:11745
[17-Sep-2024 16:14:18 UTC] create_price:4,70
[17-Sep-2024 16:14:18 UTC] create_variation_product_id:1294
[17-Sep-2024 16:14:18 UTC] create_stock:13836
[17-Sep-2024 16:14:18 UTC] create_price:3,88
[17-Sep-2024 16:14:19 UTC] create_variation_product_id:1295
[17-Sep-2024 16:14:19 UTC] create_stock:2399
[17-Sep-2024 16:14:19 UTC] create_price:7,66
[17-Sep-2024 16:14:19 UTC] create_variation_product_id:1296
[17-Sep-2024 16:14:19 UTC] create_stock:3961
[17-Sep-2024 16:14:19 UTC] create_price:5,20
[17-Sep-2024 16:14:19 UTC] create_variation_product_id:1296
[17-Sep-2024 16:14:19 UTC] create_stock:4618
[17-Sep-2024 16:14:19 UTC] create_price:5,20
[17-Sep-2024 16:14:19 UTC] create_variation_product_id:1297
[17-Sep-2024 16:14:19 UTC] create_stock:0
[17-Sep-2024 16:14:19 UTC] create_price:1,92
[17-Sep-2024 16:14:20 UTC] create_variation_product_id:1298
[17-Sep-2024 16:14:20 UTC] create_stock:1188
[17-Sep-2024 16:14:20 UTC] create_price:1,52
[17-Sep-2024 16:14:20 UTC] create_variation_product_id:1299
[17-Sep-2024 16:14:20 UTC] create_stock:0
[17-Sep-2024 16:14:20 UTC] create_price:1,82
[17-Sep-2024 16:14:21 UTC] create_variation_product_id:1300
[17-Sep-2024 16:14:21 UTC] create_stock:1955
[17-Sep-2024 16:14:21 UTC] create_price:7,88
[17-Sep-2024 16:14:21 UTC] create_variation_product_id:1301
[17-Sep-2024 16:14:21 UTC] create_stock:3893
[17-Sep-2024 16:14:21 UTC] create_price:5,10
[17-Sep-2024 16:14:21 UTC] create_variation_product_id:1301
[17-Sep-2024 16:14:21 UTC] create_stock:2356
[17-Sep-2024 16:14:21 UTC] create_price:5,10
[17-Sep-2024 16:14:21 UTC] create_variation_product_id:1301
[17-Sep-2024 16:14:21 UTC] create_stock:2332
[17-Sep-2024 16:14:21 UTC] create_price:5,10
[17-Sep-2024 16:14:21 UTC] create_variation_product_id:1302
[17-Sep-2024 16:14:21 UTC] create_stock:11068
[17-Sep-2024 16:14:21 UTC] create_price:1,72
[17-Sep-2024 16:14:22 UTC] create_variation_product_id:1302
[17-Sep-2024 16:14:22 UTC] create_stock:4874
[17-Sep-2024 16:14:22 UTC] create_price:1,72
[17-Sep-2024 16:14:22 UTC] create_variation_product_id:1302
[17-Sep-2024 16:14:22 UTC] create_stock:8952
[17-Sep-2024 16:14:22 UTC] create_price:1,72
[17-Sep-2024 16:14:22 UTC] create_variation_product_id:1302
[17-Sep-2024 16:14:22 UTC] create_stock:4425
[17-Sep-2024 16:14:22 UTC] create_price:1,72
[17-Sep-2024 16:14:22 UTC] create_variation_product_id:1303
[17-Sep-2024 16:14:22 UTC] create_stock:8686
[17-Sep-2024 16:14:22 UTC] create_price:4,49
[17-Sep-2024 16:14:22 UTC] create_variation_product_id:1304
[17-Sep-2024 16:14:22 UTC] create_stock:52753
[17-Sep-2024 16:14:22 UTC] create_price:0,59
[17-Sep-2024 16:14:23 UTC] create_variation_product_id:1305
[17-Sep-2024 16:14:23 UTC] create_stock:6921
[17-Sep-2024 16:14:23 UTC] create_price:2,61
[17-Sep-2024 16:14:23 UTC] create_variation_product_id:1306
[17-Sep-2024 16:14:23 UTC] create_stock:20574
[17-Sep-2024 16:14:23 UTC] create_price:0,41
[17-Sep-2024 16:14:23 UTC] create_variation_product_id:1307
[17-Sep-2024 16:14:23 UTC] create_stock:6022
[17-Sep-2024 16:14:23 UTC] create_price:8,40
[17-Sep-2024 16:14:23 UTC] create_variation_product_id:1308
[17-Sep-2024 16:14:23 UTC] create_stock:0
[17-Sep-2024 16:14:23 UTC] create_price:14,75
[17-Sep-2024 16:14:24 UTC] create_variation_product_id:1309
[17-Sep-2024 16:14:24 UTC] create_stock:1142
[17-Sep-2024 16:14:24 UTC] create_price:13,48
[17-Sep-2024 16:14:24 UTC] create_variation_product_id:1310
[17-Sep-2024 16:14:24 UTC] create_stock:3045
[17-Sep-2024 16:14:24 UTC] create_price:3,74
[17-Sep-2024 16:14:24 UTC] create_variation_product_id:1310
[17-Sep-2024 16:14:24 UTC] create_stock:7657
[17-Sep-2024 16:14:24 UTC] create_price:3,74
[17-Sep-2024 16:14:25 UTC] create_variation_product_id:1310
[17-Sep-2024 16:14:25 UTC] create_stock:9350
[17-Sep-2024 16:14:25 UTC] create_price:3,74
[17-Sep-2024 16:14:25 UTC] create_variation_product_id:1311
[17-Sep-2024 16:14:25 UTC] create_stock:8003
[17-Sep-2024 16:14:25 UTC] create_price:4,14
[17-Sep-2024 16:14:25 UTC] create_variation_product_id:1312
[17-Sep-2024 16:14:25 UTC] create_stock:4528
[17-Sep-2024 16:14:25 UTC] create_price:1,76
[17-Sep-2024 16:14:25 UTC] create_variation_product_id:1312
[17-Sep-2024 16:14:25 UTC] create_stock:3735
[17-Sep-2024 16:14:25 UTC] create_price:1,76
[17-Sep-2024 16:14:25 UTC] create_variation_product_id:1312
[17-Sep-2024 16:14:25 UTC] create_stock:2637
[17-Sep-2024 16:14:25 UTC] create_price:1,76
[17-Sep-2024 16:14:26 UTC] create_variation_product_id:1313
[17-Sep-2024 16:14:26 UTC] create_stock:7029
[17-Sep-2024 16:14:26 UTC] create_price:2,02
[17-Sep-2024 16:14:26 UTC] create_variation_product_id:1314
[17-Sep-2024 16:14:26 UTC] create_stock:291
[17-Sep-2024 16:14:26 UTC] create_price:3,64
[17-Sep-2024 16:14:26 UTC] create_variation_product_id:1315
[17-Sep-2024 16:14:26 UTC] create_stock:2595
[17-Sep-2024 16:14:26 UTC] create_price:3,64
[17-Sep-2024 16:14:26 UTC] create_variation_product_id:1316
[17-Sep-2024 16:14:26 UTC] create_stock:3568
[17-Sep-2024 16:14:26 UTC] create_price:4,14
[17-Sep-2024 16:14:26 UTC] create_variation_product_id:1317
[17-Sep-2024 16:14:26 UTC] create_stock:2907
[17-Sep-2024 16:14:26 UTC] create_price:5,00
[17-Sep-2024 16:14:27 UTC] create_variation_product_id:1318
[17-Sep-2024 16:14:27 UTC] create_stock:1187
[17-Sep-2024 16:14:27 UTC] create_price:11,56
[17-Sep-2024 16:14:27 UTC] create_variation_product_id:1319
[17-Sep-2024 16:14:27 UTC] create_stock:718
[17-Sep-2024 16:14:27 UTC] create_price:10,00
[17-Sep-2024 16:14:27 UTC] create_variation_product_id:1319
[17-Sep-2024 16:14:27 UTC] create_stock:2547
[17-Sep-2024 16:14:27 UTC] create_price:10,00
[17-Sep-2024 16:14:27 UTC] create_variation_product_id:1320
[17-Sep-2024 16:14:27 UTC] create_stock:4608
[17-Sep-2024 16:14:27 UTC] create_price:2,88
[17-Sep-2024 16:14:27 UTC] create_variation_product_id:1321
[17-Sep-2024 16:14:27 UTC] create_stock:10903
[17-Sep-2024 16:14:27 UTC] create_price:0,94
[17-Sep-2024 16:14:28 UTC] create_variation_product_id:1322
[17-Sep-2024 16:14:28 UTC] create_stock:119
[17-Sep-2024 16:14:28 UTC] create_price:2,05
[17-Sep-2024 16:14:28 UTC] create_variation_product_id:1323
[17-Sep-2024 16:14:28 UTC] create_stock:3399
[17-Sep-2024 16:14:28 UTC] create_price:1,31
[17-Sep-2024 16:14:28 UTC] create_variation_product_id:1324
[17-Sep-2024 16:14:28 UTC] create_stock:8139
[17-Sep-2024 16:14:28 UTC] create_price:1,31
[17-Sep-2024 16:14:28 UTC] create_variation_product_id:1324
[17-Sep-2024 16:14:28 UTC] create_stock:4528
[17-Sep-2024 16:14:28 UTC] create_price:1,31
[17-Sep-2024 16:14:28 UTC] create_variation_product_id:1324
[17-Sep-2024 16:14:28 UTC] create_stock:8308
[17-Sep-2024 16:14:28 UTC] create_price:1,31
[17-Sep-2024 16:14:29 UTC] create_variation_product_id:1325
[17-Sep-2024 16:14:29 UTC] create_stock:6114
[17-Sep-2024 16:14:29 UTC] create_price:3,11
[17-Sep-2024 16:14:29 UTC] create_variation_product_id:1325
[17-Sep-2024 16:14:29 UTC] create_stock:6529
[17-Sep-2024 16:14:29 UTC] create_price:3,11
[17-Sep-2024 16:14:29 UTC] create_variation_product_id:1326
[17-Sep-2024 16:14:29 UTC] create_stock:1689
[17-Sep-2024 16:14:29 UTC] create_price:3,64
[17-Sep-2024 16:14:29 UTC] create_variation_product_id:1327
[17-Sep-2024 16:14:29 UTC] create_stock:7972
[17-Sep-2024 16:14:29 UTC] create_price:4,14
[17-Sep-2024 16:14:29 UTC] create_variation_product_id:1328
[17-Sep-2024 16:14:29 UTC] create_stock:1968
[17-Sep-2024 16:14:29 UTC] create_price:11,02
[17-Sep-2024 16:14:30 UTC] create_variation_product_id:1329
[17-Sep-2024 16:14:30 UTC] create_stock:9085
[17-Sep-2024 16:14:30 UTC] create_price:2,68
[17-Sep-2024 16:14:30 UTC] create_variation_product_id:1330
[17-Sep-2024 16:14:30 UTC] create_stock:4844
[17-Sep-2024 16:14:30 UTC] create_price:0,39
[17-Sep-2024 16:14:30 UTC] create_variation_product_id:1330
[17-Sep-2024 16:14:30 UTC] create_stock:0
[17-Sep-2024 16:14:30 UTC] create_price:0,39
[17-Sep-2024 16:14:31 UTC] create_variation_product_id:1330
[17-Sep-2024 16:14:31 UTC] create_stock:4474
[17-Sep-2024 16:14:31 UTC] create_price:0,39
[17-Sep-2024 16:14:31 UTC] create_variation_product_id:1330
[17-Sep-2024 16:14:31 UTC] create_stock:14901
[17-Sep-2024 16:14:31 UTC] create_price:0,39
[17-Sep-2024 16:14:31 UTC] create_variation_product_id:1331
[17-Sep-2024 16:14:31 UTC] create_stock:28131
[17-Sep-2024 16:14:31 UTC] create_price:0,78
[17-Sep-2024 16:14:32 UTC] create_variation_product_id:1331
[17-Sep-2024 16:14:32 UTC] create_stock:15423
[17-Sep-2024 16:14:32 UTC] create_price:0,78
[17-Sep-2024 16:14:32 UTC] create_variation_product_id:1331
[17-Sep-2024 16:14:32 UTC] create_stock:12567
[17-Sep-2024 16:14:32 UTC] create_price:0,78
[17-Sep-2024 16:14:32 UTC] create_variation_product_id:1332
[17-Sep-2024 16:14:32 UTC] create_stock:3685
[17-Sep-2024 16:14:32 UTC] create_price:1,92
[17-Sep-2024 16:14:32 UTC] create_variation_product_id:1333
[17-Sep-2024 16:14:32 UTC] create_stock:0
[17-Sep-2024 16:14:32 UTC] create_price:3,94
[17-Sep-2024 16:14:33 UTC] create_variation_product_id:1334
[17-Sep-2024 16:14:33 UTC] create_stock:6069
[17-Sep-2024 16:14:33 UTC] create_price:3,69
[17-Sep-2024 16:14:33 UTC] create_variation_product_id:1335
[17-Sep-2024 16:14:33 UTC] create_stock:2944
[17-Sep-2024 16:14:33 UTC] create_price:1,21
[17-Sep-2024 16:14:33 UTC] create_variation_product_id:1336
[17-Sep-2024 16:14:33 UTC] create_stock:0
[17-Sep-2024 16:14:33 UTC] create_price:3,08
[17-Sep-2024 16:14:34 UTC] create_variation_product_id:1337
[17-Sep-2024 16:14:34 UTC] create_stock:3885
[17-Sep-2024 16:14:34 UTC] create_price:8,41
[17-Sep-2024 16:14:34 UTC] create_variation_product_id:1338
[17-Sep-2024 16:14:34 UTC] create_stock:5104
[17-Sep-2024 16:14:34 UTC] create_price:5,56
[17-Sep-2024 16:14:35 UTC] create_variation_product_id:1339
[17-Sep-2024 16:14:35 UTC] create_stock:7286
[17-Sep-2024 16:14:35 UTC] create_price:2,46
[17-Sep-2024 16:14:35 UTC] create_variation_product_id:1340
[17-Sep-2024 16:14:35 UTC] create_stock:13614
[17-Sep-2024 16:14:35 UTC] create_price:0,41
[17-Sep-2024 16:14:35 UTC] create_variation_product_id:1340
[17-Sep-2024 16:14:35 UTC] create_stock:13553
[17-Sep-2024 16:14:35 UTC] create_price:0,41
[17-Sep-2024 16:14:35 UTC] create_variation_product_id:1340
[17-Sep-2024 16:14:35 UTC] create_stock:1439
[17-Sep-2024 16:14:35 UTC] create_price:0,41
[17-Sep-2024 16:14:35 UTC] create_variation_product_id:1340
[17-Sep-2024 16:14:35 UTC] create_stock:5752
[17-Sep-2024 16:14:35 UTC] create_price:0,41
[17-Sep-2024 16:14:36 UTC] create_variation_product_id:1341
[17-Sep-2024 16:14:36 UTC] create_stock:13161
[17-Sep-2024 16:14:36 UTC] create_price:0,26
[17-Sep-2024 16:14:36 UTC] create_variation_product_id:1341
[17-Sep-2024 16:14:36 UTC] create_stock:21847
[17-Sep-2024 16:14:36 UTC] create_price:0,26
[17-Sep-2024 16:14:36 UTC] create_variation_product_id:1341
[17-Sep-2024 16:14:36 UTC] create_stock:23245
[17-Sep-2024 16:14:36 UTC] create_price:0,26
[17-Sep-2024 16:14:36 UTC] create_variation_product_id:1341
[17-Sep-2024 16:14:36 UTC] create_stock:4652
[17-Sep-2024 16:14:36 UTC] create_price:0,26
[17-Sep-2024 16:14:36 UTC] create_variation_product_id:1342
[17-Sep-2024 16:14:36 UTC] create_stock:16577
[17-Sep-2024 16:14:36 UTC] create_price:0,26
[17-Sep-2024 16:14:37 UTC] create_variation_product_id:1342
[17-Sep-2024 16:14:37 UTC] create_stock:19696
[17-Sep-2024 16:14:37 UTC] create_price:0,26
[17-Sep-2024 16:14:37 UTC] create_variation_product_id:1342
[17-Sep-2024 16:14:37 UTC] create_stock:0
[17-Sep-2024 16:14:37 UTC] create_price:0,26
[17-Sep-2024 16:14:38 UTC] create_variation_product_id:1342
[17-Sep-2024 16:14:38 UTC] create_stock:12900
[17-Sep-2024 16:14:38 UTC] create_price:0,26
[17-Sep-2024 16:14:38 UTC] create_variation_product_id:1343
[17-Sep-2024 16:14:38 UTC] create_stock:475
[17-Sep-2024 16:14:38 UTC] create_price:34,24
[17-Sep-2024 16:14:38 UTC] create_variation_product_id:1344
[17-Sep-2024 16:14:38 UTC] create_stock:25605
[17-Sep-2024 16:14:38 UTC] create_price:0,79
[17-Sep-2024 16:14:39 UTC] create_variation_product_id:1345
[17-Sep-2024 16:14:39 UTC] create_stock:734
[17-Sep-2024 16:14:39 UTC] create_price:18,94
[17-Sep-2024 16:14:39 UTC] create_variation_product_id:1346
[17-Sep-2024 16:14:39 UTC] create_stock:5621
[17-Sep-2024 16:14:39 UTC] create_price:2,27
[17-Sep-2024 16:14:39 UTC] create_variation_product_id:1347
[17-Sep-2024 16:14:39 UTC] create_stock:8558
[17-Sep-2024 16:14:39 UTC] create_price:5,56
[17-Sep-2024 16:14:39 UTC] create_variation_product_id:1348
[17-Sep-2024 16:14:39 UTC] create_stock:5552
[17-Sep-2024 16:14:39 UTC] create_price:5,76
[17-Sep-2024 16:14:39 UTC] create_variation_product_id:1349
[17-Sep-2024 16:14:39 UTC] create_stock:5333
[17-Sep-2024 16:14:39 UTC] create_price:8,38
[17-Sep-2024 16:14:40 UTC] create_variation_product_id:1350
[17-Sep-2024 16:14:40 UTC] create_stock:1622
[17-Sep-2024 16:14:40 UTC] create_price:4,66
[17-Sep-2024 16:14:40 UTC] create_variation_product_id:1350
[17-Sep-2024 16:14:40 UTC] create_stock:1112
[17-Sep-2024 16:14:40 UTC] create_price:4,66
[17-Sep-2024 16:14:40 UTC] create_variation_product_id:1351
[17-Sep-2024 16:14:40 UTC] create_stock:2781
[17-Sep-2024 16:14:40 UTC] create_price:4,70
[17-Sep-2024 16:14:40 UTC] create_variation_product_id:1351
[17-Sep-2024 16:14:40 UTC] create_stock:1021
[17-Sep-2024 16:14:40 UTC] create_price:4,70
[17-Sep-2024 16:14:40 UTC] create_variation_product_id:1351
[17-Sep-2024 16:14:40 UTC] create_stock:1573
[17-Sep-2024 16:14:40 UTC] create_price:4,70
[17-Sep-2024 16:14:41 UTC] create_variation_product_id:1351
[17-Sep-2024 16:14:41 UTC] create_stock:4634
[17-Sep-2024 16:14:41 UTC] create_price:4,70
[17-Sep-2024 16:14:41 UTC] create_variation_product_id:1351
[17-Sep-2024 16:14:41 UTC] create_stock:2362
[17-Sep-2024 16:14:41 UTC] create_price:4,70
[17-Sep-2024 16:14:41 UTC] create_variation_product_id:1352
[17-Sep-2024 16:14:41 UTC] create_stock:2902
[17-Sep-2024 16:14:41 UTC] create_price:8,20
[17-Sep-2024 16:14:41 UTC] create_variation_product_id:1353
[17-Sep-2024 16:14:41 UTC] create_stock:0
[17-Sep-2024 16:14:41 UTC] create_price:6,82
[17-Sep-2024 16:14:42 UTC] create_variation_product_id:1353
[17-Sep-2024 16:14:42 UTC] create_stock:0
[17-Sep-2024 16:14:42 UTC] create_price:6,82
[17-Sep-2024 16:14:43 UTC] create_variation_product_id:1353
[17-Sep-2024 16:14:43 UTC] create_stock:1519
[17-Sep-2024 16:14:43 UTC] create_price:6,82
[17-Sep-2024 16:14:43 UTC] create_variation_product_id:1353
[17-Sep-2024 16:14:43 UTC] create_stock:2177
[17-Sep-2024 16:14:43 UTC] create_price:6,82
[17-Sep-2024 16:14:43 UTC] create_variation_product_id:1353
[17-Sep-2024 16:14:43 UTC] create_stock:2555
[17-Sep-2024 16:14:43 UTC] create_price:6,82
[17-Sep-2024 16:14:44 UTC] create_variation_product_id:1353
[17-Sep-2024 16:14:44 UTC] create_stock:1627
[17-Sep-2024 16:14:44 UTC] create_price:6,82
[17-Sep-2024 16:14:44 UTC] create_variation_product_id:1353
[17-Sep-2024 16:14:44 UTC] create_stock:2853
[17-Sep-2024 16:14:44 UTC] create_price:6,82
[17-Sep-2024 16:14:44 UTC] create_variation_product_id:1353
[17-Sep-2024 16:14:44 UTC] create_stock:1104
[17-Sep-2024 16:14:44 UTC] create_price:6,82
[17-Sep-2024 16:14:44 UTC] create_variation_product_id:1354
[17-Sep-2024 16:14:44 UTC] create_stock:1946
[17-Sep-2024 16:14:44 UTC] create_price:1,97
[17-Sep-2024 16:14:45 UTC] create_variation_product_id:1355
[17-Sep-2024 16:14:45 UTC] create_stock:1743
[17-Sep-2024 16:14:45 UTC] create_price:24,71
[17-Sep-2024 16:14:45 UTC] create_variation_product_id:1356
[17-Sep-2024 16:14:45 UTC] create_stock:2443
[17-Sep-2024 16:14:45 UTC] create_price:5,56
[17-Sep-2024 16:14:45 UTC] create_variation_product_id:1357
[17-Sep-2024 16:14:45 UTC] create_stock:3326
[17-Sep-2024 16:14:45 UTC] create_price:0,84
[17-Sep-2024 16:14:45 UTC] create_variation_product_id:1358
[17-Sep-2024 16:14:45 UTC] create_stock:7585
[17-Sep-2024 16:14:45 UTC] create_price:4,49
[17-Sep-2024 16:14:45 UTC] create_variation_product_id:1359
[17-Sep-2024 16:14:45 UTC] create_stock:1987
[17-Sep-2024 16:14:45 UTC] create_price:10,00
[17-Sep-2024 16:14:46 UTC] create_variation_product_id:1360
[17-Sep-2024 16:14:46 UTC] create_stock:1086
[17-Sep-2024 16:14:46 UTC] create_price:10,00
[17-Sep-2024 16:14:46 UTC] create_variation_product_id:1361
[17-Sep-2024 16:14:46 UTC] create_stock:386
[17-Sep-2024 16:14:46 UTC] create_price:8,18
[17-Sep-2024 16:14:46 UTC] create_variation_product_id:1362
[17-Sep-2024 16:14:46 UTC] create_stock:1208
[17-Sep-2024 16:14:46 UTC] create_price:12,12
[17-Sep-2024 16:14:46 UTC] create_variation_product_id:1363
[17-Sep-2024 16:14:46 UTC] create_stock:18639
[17-Sep-2024 16:14:46 UTC] create_price:0,17
[17-Sep-2024 16:14:47 UTC] create_variation_product_id:1363
[17-Sep-2024 16:14:47 UTC] create_stock:7151
[17-Sep-2024 16:14:47 UTC] create_price:0,17
[17-Sep-2024 16:14:47 UTC] create_variation_product_id:1363
[17-Sep-2024 16:14:47 UTC] create_stock:12807
[17-Sep-2024 16:14:47 UTC] create_price:0,17
[17-Sep-2024 16:14:47 UTC] create_variation_product_id:1363
[17-Sep-2024 16:14:47 UTC] create_stock:7698
[17-Sep-2024 16:14:47 UTC] create_price:0,17
[17-Sep-2024 16:14:48 UTC] create_variation_product_id:1363
[17-Sep-2024 16:14:48 UTC] create_stock:8793
[17-Sep-2024 16:14:48 UTC] create_price:0,17
[17-Sep-2024 16:14:48 UTC] create_variation_product_id:1363
[17-Sep-2024 16:14:48 UTC] create_stock:9133
[17-Sep-2024 16:14:48 UTC] create_price:0,17
[17-Sep-2024 16:14:48 UTC] create_variation_product_id:1363
[17-Sep-2024 16:14:48 UTC] create_stock:6538
[17-Sep-2024 16:14:48 UTC] create_price:0,17
[17-Sep-2024 16:14:49 UTC] create_variation_product_id:1363
[17-Sep-2024 16:14:49 UTC] create_stock:5695
[17-Sep-2024 16:14:49 UTC] create_price:0,17
[17-Sep-2024 16:14:49 UTC] create_variation_product_id:1363
[17-Sep-2024 16:14:49 UTC] create_stock:7289
[17-Sep-2024 16:14:49 UTC] create_price:0,17
[17-Sep-2024 16:14:49 UTC] create_variation_product_id:1364
[17-Sep-2024 16:14:49 UTC] create_stock:2610
[17-Sep-2024 16:14:49 UTC] create_price:7,12
[17-Sep-2024 16:14:49 UTC] create_variation_product_id:1364
[17-Sep-2024 16:14:49 UTC] create_stock:1255
[17-Sep-2024 16:14:49 UTC] create_price:7,12
[17-Sep-2024 16:14:50 UTC] create_variation_product_id:1364
[17-Sep-2024 16:14:50 UTC] create_stock:99
[17-Sep-2024 16:14:50 UTC] create_price:7,12
[17-Sep-2024 16:14:50 UTC] create_variation_product_id:1365
[17-Sep-2024 16:14:50 UTC] create_stock:0
[17-Sep-2024 16:14:50 UTC] create_price:0,93
[17-Sep-2024 16:14:51 UTC] create_variation_product_id:1366
[17-Sep-2024 16:14:51 UTC] create_stock:48200
[17-Sep-2024 16:14:51 UTC] create_price:0,63
[17-Sep-2024 16:14:51 UTC] create_variation_product_id:1367
[17-Sep-2024 16:14:51 UTC] create_stock:6215
[17-Sep-2024 16:14:51 UTC] create_price:5,56
[17-Sep-2024 16:14:51 UTC] create_variation_product_id:1368
[17-Sep-2024 16:14:51 UTC] create_stock:5417
[17-Sep-2024 16:14:51 UTC] create_price:12,88
[17-Sep-2024 16:14:51 UTC] create_variation_product_id:1369
[17-Sep-2024 16:14:51 UTC] create_stock:4584
[17-Sep-2024 16:14:51 UTC] create_price:0,93
[17-Sep-2024 16:14:52 UTC] create_variation_product_id:1370
[17-Sep-2024 16:14:52 UTC] create_stock:4541
[17-Sep-2024 16:14:52 UTC] create_price:2,78
[17-Sep-2024 16:14:52 UTC] create_variation_product_id:1370
[17-Sep-2024 16:14:52 UTC] create_stock:9186
[17-Sep-2024 16:14:52 UTC] create_price:2,78
[17-Sep-2024 16:14:52 UTC] create_variation_product_id:1370
[17-Sep-2024 16:14:52 UTC] create_stock:959
[17-Sep-2024 16:14:52 UTC] create_price:2,78
[17-Sep-2024 16:14:52 UTC] create_variation_product_id:1371
[17-Sep-2024 16:14:52 UTC] create_stock:9713
[17-Sep-2024 16:14:52 UTC] create_price:3,56
[17-Sep-2024 16:14:52 UTC] create_variation_product_id:1371
[17-Sep-2024 16:14:52 UTC] create_stock:3233
[17-Sep-2024 16:14:52 UTC] create_price:3,56
[17-Sep-2024 16:14:53 UTC] create_variation_product_id:1371
[17-Sep-2024 16:14:53 UTC] create_stock:6685
[17-Sep-2024 16:14:53 UTC] create_price:3,56
[17-Sep-2024 16:14:53 UTC] create_variation_product_id:1372
[17-Sep-2024 16:14:53 UTC] create_stock:9784
[17-Sep-2024 16:14:53 UTC] create_price:1,11
[17-Sep-2024 16:14:53 UTC] create_variation_product_id:1372
[17-Sep-2024 16:14:53 UTC] create_stock:17671
[17-Sep-2024 16:14:53 UTC] create_price:1,11
[17-Sep-2024 16:14:53 UTC] create_variation_product_id:1372
[17-Sep-2024 16:14:53 UTC] create_stock:0
[17-Sep-2024 16:14:53 UTC] create_price:1,11
[17-Sep-2024 16:14:54 UTC] create_variation_product_id:1373
[17-Sep-2024 16:14:55 UTC] create_stock:27166
[17-Sep-2024 16:14:55 UTC] create_price:0,89
[17-Sep-2024 16:14:55 UTC] create_variation_product_id:1373
[17-Sep-2024 16:14:55 UTC] create_stock:27127
[17-Sep-2024 16:14:55 UTC] create_price:0,89
[17-Sep-2024 16:14:55 UTC] create_variation_product_id:1374
[17-Sep-2024 16:14:55 UTC] create_stock:3070
[17-Sep-2024 16:14:55 UTC] create_price:3,64
[17-Sep-2024 16:14:55 UTC] create_variation_product_id:1374
[17-Sep-2024 16:14:55 UTC] create_stock:854
[17-Sep-2024 16:14:55 UTC] create_price:3,64
[17-Sep-2024 16:14:55 UTC] create_variation_product_id:1375
[17-Sep-2024 16:14:55 UTC] create_stock:1323
[17-Sep-2024 16:14:55 UTC] create_price:11,51
[17-Sep-2024 16:14:55 UTC] create_variation_product_id:1376
[17-Sep-2024 16:14:55 UTC] create_stock:33156
[17-Sep-2024 16:14:55 UTC] create_price:0,72
[17-Sep-2024 16:14:56 UTC] create_variation_product_id:1376
[17-Sep-2024 16:14:56 UTC] create_stock:12154
[17-Sep-2024 16:14:56 UTC] create_price:0,72
[17-Sep-2024 16:14:56 UTC] create_variation_product_id:1376
[17-Sep-2024 16:14:56 UTC] create_stock:4418
[17-Sep-2024 16:14:56 UTC] create_price:0,72
[17-Sep-2024 16:14:56 UTC] create_variation_product_id:1376
[17-Sep-2024 16:14:56 UTC] create_stock:15040
[17-Sep-2024 16:14:56 UTC] create_price:0,72
[17-Sep-2024 16:14:56 UTC] create_variation_product_id:1377
[17-Sep-2024 16:14:56 UTC] create_stock:24067
[17-Sep-2024 16:14:56 UTC] create_price:0,47
[17-Sep-2024 16:14:56 UTC] create_variation_product_id:1377
[17-Sep-2024 16:14:56 UTC] create_stock:15055
[17-Sep-2024 16:14:56 UTC] create_price:0,47
[17-Sep-2024 16:14:57 UTC] create_variation_product_id:1377
[17-Sep-2024 16:14:57 UTC] create_stock:14662
[17-Sep-2024 16:14:57 UTC] create_price:0,47
[17-Sep-2024 16:14:57 UTC] create_variation_product_id:1377
[17-Sep-2024 16:14:57 UTC] create_stock:21148
[17-Sep-2024 16:14:57 UTC] create_price:0,47
[17-Sep-2024 16:14:57 UTC] create_variation_product_id:1378
[17-Sep-2024 16:14:57 UTC] create_stock:0
[17-Sep-2024 16:14:57 UTC] create_price:4,49
[17-Sep-2024 16:14:58 UTC] create_variation_product_id:1378
[17-Sep-2024 16:14:58 UTC] create_stock:1626
[17-Sep-2024 16:14:58 UTC] create_price:4,49
[17-Sep-2024 16:14:58 UTC] create_variation_product_id:1379
[17-Sep-2024 16:14:58 UTC] create_stock:28907
[17-Sep-2024 16:14:58 UTC] create_price:1,82
[17-Sep-2024 16:14:59 UTC] create_variation_product_id:1380
[17-Sep-2024 16:14:59 UTC] create_stock:51516
[17-Sep-2024 16:14:59 UTC] create_price:2,00
[17-Sep-2024 16:14:59 UTC] create_variation_product_id:1380
[17-Sep-2024 16:14:59 UTC] create_stock:3819
[17-Sep-2024 16:14:59 UTC] create_price:2,00
[17-Sep-2024 16:14:59 UTC] create_variation_product_id:1380
[17-Sep-2024 16:14:59 UTC] create_stock:8202
[17-Sep-2024 16:14:59 UTC] create_price:2,00
[17-Sep-2024 16:14:59 UTC] create_variation_product_id:1380
[17-Sep-2024 16:14:59 UTC] create_stock:13386
[17-Sep-2024 16:14:59 UTC] create_price:2,00
[17-Sep-2024 16:15:00 UTC] create_variation_product_id:1380
[17-Sep-2024 16:15:00 UTC] create_stock:7271
[17-Sep-2024 16:15:00 UTC] create_price:2,00
[17-Sep-2024 16:15:00 UTC] create_variation_product_id:1380
[17-Sep-2024 16:15:00 UTC] create_stock:3476
[17-Sep-2024 16:15:00 UTC] create_price:2,00
[17-Sep-2024 16:15:00 UTC] create_variation_product_id:1380
[17-Sep-2024 16:15:00 UTC] create_stock:12680
[17-Sep-2024 16:15:00 UTC] create_price:2,00
[17-Sep-2024 16:15:00 UTC] create_variation_product_id:1380
[17-Sep-2024 16:15:00 UTC] create_stock:2841
[17-Sep-2024 16:15:00 UTC] create_price:2,00
[17-Sep-2024 16:15:01 UTC] create_variation_product_id:1380
[17-Sep-2024 16:15:01 UTC] create_stock:7575
[17-Sep-2024 16:15:01 UTC] create_price:2,00
[17-Sep-2024 16:15:01 UTC] create_variation_product_id:1380
[17-Sep-2024 16:15:01 UTC] create_stock:7148
[17-Sep-2024 16:15:01 UTC] create_price:2,00
[17-Sep-2024 16:15:01 UTC] create_variation_product_id:1380
[17-Sep-2024 16:15:01 UTC] create_stock:5321
[17-Sep-2024 16:15:01 UTC] create_price:2,00
[17-Sep-2024 16:15:02 UTC] create_variation_product_id:1381
[17-Sep-2024 16:15:02 UTC] create_stock:4962
[17-Sep-2024 16:15:02 UTC] create_price:3,33
[17-Sep-2024 16:15:02 UTC] create_variation_product_id:1382
[17-Sep-2024 16:15:02 UTC] create_stock:2602
[17-Sep-2024 16:15:02 UTC] create_price:3,64
[17-Sep-2024 16:15:02 UTC] create_variation_product_id:1383
[17-Sep-2024 16:15:02 UTC] create_stock:3343
[17-Sep-2024 16:15:02 UTC] create_price:3,89
[17-Sep-2024 16:15:02 UTC] create_variation_product_id:1383
[17-Sep-2024 16:15:02 UTC] create_stock:1465
[17-Sep-2024 16:15:02 UTC] create_price:3,89
[17-Sep-2024 16:15:02 UTC] create_variation_product_id:1383
[17-Sep-2024 16:15:02 UTC] create_stock:2237
[17-Sep-2024 16:15:02 UTC] create_price:3,89
[17-Sep-2024 16:15:03 UTC] create_variation_product_id:1383
[17-Sep-2024 16:15:03 UTC] create_stock:2502
[17-Sep-2024 16:15:03 UTC] create_price:3,89
[17-Sep-2024 16:15:03 UTC] create_variation_product_id:1384
[17-Sep-2024 16:15:03 UTC] create_stock:3334
[17-Sep-2024 16:15:03 UTC] create_price:2,68
[17-Sep-2024 16:15:03 UTC] create_variation_product_id:1385
[17-Sep-2024 16:15:03 UTC] create_stock:1798
[17-Sep-2024 16:15:03 UTC] create_price:2,47
[17-Sep-2024 16:15:03 UTC] create_variation_product_id:1386
[17-Sep-2024 16:15:03 UTC] create_stock:6732
[17-Sep-2024 16:15:03 UTC] create_price:3,64
[17-Sep-2024 16:15:03 UTC] create_variation_product_id:1387
[17-Sep-2024 16:15:03 UTC] create_stock:8433
[17-Sep-2024 16:15:03 UTC] create_price:2,47
[17-Sep-2024 16:15:04 UTC] create_variation_product_id:1387
[17-Sep-2024 16:15:04 UTC] create_stock:3482
[17-Sep-2024 16:15:04 UTC] create_price:2,47
[17-Sep-2024 16:15:04 UTC] create_variation_product_id:1388
[17-Sep-2024 16:15:04 UTC] create_stock:0
[17-Sep-2024 16:15:04 UTC] create_price:5,45
[17-Sep-2024 16:15:05 UTC] create_variation_product_id:1389
[17-Sep-2024 16:15:05 UTC] create_stock:676
[17-Sep-2024 16:15:05 UTC] create_price:7,35
[17-Sep-2024 16:15:06 UTC] create_variation_product_id:1390
[17-Sep-2024 16:15:06 UTC] create_stock:7822
[17-Sep-2024 16:15:06 UTC] create_price:0,94
[17-Sep-2024 16:15:06 UTC] create_variation_product_id:1391
[17-Sep-2024 16:15:06 UTC] create_stock:30245
[17-Sep-2024 16:15:06 UTC] create_price:0,39
[17-Sep-2024 16:15:06 UTC] create_variation_product_id:1392
[17-Sep-2024 16:15:06 UTC] create_stock:57593
[17-Sep-2024 16:15:06 UTC] create_price:0,83
[17-Sep-2024 16:15:06 UTC] create_variation_product_id:1393
[17-Sep-2024 16:15:06 UTC] create_stock:1601
[17-Sep-2024 16:15:06 UTC] create_price:10,11
[17-Sep-2024 16:15:06 UTC] create_variation_product_id:1394
[17-Sep-2024 16:15:06 UTC] create_stock:1765
[17-Sep-2024 16:15:06 UTC] create_price:13,18
[17-Sep-2024 16:15:06 UTC] create_variation_product_id:1395
[17-Sep-2024 16:15:06 UTC] create_stock:7116
[17-Sep-2024 16:15:06 UTC] create_price:0,86
[17-Sep-2024 16:15:07 UTC] create_variation_product_id:1396
[17-Sep-2024 16:15:07 UTC] create_stock:17846
[17-Sep-2024 16:15:07 UTC] create_price:0,68
[17-Sep-2024 16:15:07 UTC] create_variation_product_id:1397
[17-Sep-2024 16:15:07 UTC] create_stock:16030
[17-Sep-2024 16:15:07 UTC] create_price:0,68
[17-Sep-2024 16:15:07 UTC] create_variation_product_id:1398
[17-Sep-2024 16:15:07 UTC] create_stock:0
[17-Sep-2024 16:15:07 UTC] create_price:0,51
[17-Sep-2024 16:15:08 UTC] create_variation_product_id:1399
[17-Sep-2024 16:15:08 UTC] create_stock:25166
[17-Sep-2024 16:15:08 UTC] create_price:0,69
[17-Sep-2024 16:15:08 UTC] create_variation_product_id:1400
[17-Sep-2024 16:15:08 UTC] create_stock:31432
[17-Sep-2024 16:15:08 UTC] create_price:0,69
[17-Sep-2024 16:15:09 UTC] create_variation_product_id:1401
[17-Sep-2024 16:15:09 UTC] create_stock:15541
[17-Sep-2024 16:15:09 UTC] create_price:0,83
[17-Sep-2024 16:15:09 UTC] create_variation_product_id:1402
[17-Sep-2024 16:15:09 UTC] create_stock:14202
[17-Sep-2024 16:15:09 UTC] create_price:0,83
[17-Sep-2024 16:15:09 UTC] create_variation_product_id:1403
[17-Sep-2024 16:15:09 UTC] create_stock:5
[17-Sep-2024 16:15:09 UTC] create_price:5,56
[17-Sep-2024 16:15:09 UTC] create_variation_product_id:1404
[17-Sep-2024 16:15:09 UTC] create_stock:2012
[17-Sep-2024 16:15:09 UTC] create_price:3,64
[17-Sep-2024 16:15:09 UTC] create_variation_product_id:1405
[17-Sep-2024 16:15:09 UTC] create_stock:5996
[17-Sep-2024 16:15:09 UTC] create_price:3,89
[17-Sep-2024 16:15:10 UTC] create_variation_product_id:1405
[17-Sep-2024 16:15:10 UTC] create_stock:5444
[17-Sep-2024 16:15:10 UTC] create_price:3,89
[17-Sep-2024 16:15:10 UTC] create_variation_product_id:1406
[17-Sep-2024 16:15:10 UTC] create_stock:5709
[17-Sep-2024 16:15:10 UTC] create_price:2,66
[17-Sep-2024 16:15:10 UTC] create_variation_product_id:1407
[17-Sep-2024 16:15:10 UTC] create_stock:13428
[17-Sep-2024 16:15:10 UTC] create_price:5,00
[17-Sep-2024 16:15:10 UTC] create_variation_product_id:1408
[17-Sep-2024 16:15:10 UTC] create_stock:12506
[17-Sep-2024 16:15:10 UTC] create_price:1,82
[17-Sep-2024 16:15:10 UTC] create_variation_product_id:1409
[17-Sep-2024 16:15:10 UTC] create_stock:0
[17-Sep-2024 16:15:10 UTC] create_price:2,58
[17-Sep-2024 16:15:11 UTC] create_variation_product_id:1409
[17-Sep-2024 16:15:11 UTC] create_stock:973
[17-Sep-2024 16:15:11 UTC] create_price:2,58
[17-Sep-2024 16:15:11 UTC] create_variation_product_id:1409
[17-Sep-2024 16:15:11 UTC] create_stock:640
[17-Sep-2024 16:15:11 UTC] create_price:2,58
[17-Sep-2024 16:15:12 UTC] create_variation_product_id:1409
[17-Sep-2024 16:15:12 UTC] create_stock:151
[17-Sep-2024 16:15:12 UTC] create_price:2,58
[17-Sep-2024 16:15:12 UTC] create_variation_product_id:1410
[17-Sep-2024 16:15:12 UTC] create_stock:616
[17-Sep-2024 16:15:12 UTC] create_price:10,50
[17-Sep-2024 16:15:12 UTC] create_variation_product_id:1411
[17-Sep-2024 16:15:12 UTC] create_stock:7416
[17-Sep-2024 16:15:12 UTC] create_price:4,70
[17-Sep-2024 16:15:12 UTC] create_variation_product_id:1411
[17-Sep-2024 16:15:12 UTC] create_stock:1528
[17-Sep-2024 16:15:12 UTC] create_price:4,70
[17-Sep-2024 16:15:12 UTC] create_variation_product_id:1412
[17-Sep-2024 16:15:12 UTC] create_stock:4047
[17-Sep-2024 16:15:12 UTC] create_price:7,68
[17-Sep-2024 16:15:12 UTC] create_variation_product_id:1413
[17-Sep-2024 16:15:12 UTC] create_stock:0
[17-Sep-2024 16:15:12 UTC] create_price:15,30
[17-Sep-2024 16:15:13 UTC] create_variation_product_id:1413
[17-Sep-2024 16:15:13 UTC] create_stock:1113
[17-Sep-2024 16:15:13 UTC] create_price:15,30
[17-Sep-2024 16:15:13 UTC] create_variation_product_id:1414
[17-Sep-2024 16:15:13 UTC] create_stock:3258
[17-Sep-2024 16:15:13 UTC] create_price:13,18
[17-Sep-2024 16:15:13 UTC] create_variation_product_id:1414
[17-Sep-2024 16:15:13 UTC] create_stock:819
[17-Sep-2024 16:15:13 UTC] create_price:13,18
[17-Sep-2024 16:15:14 UTC] create_variation_product_id:1415
[17-Sep-2024 16:15:14 UTC] create_stock:1
[17-Sep-2024 16:15:14 UTC] create_price:3,69
[17-Sep-2024 16:15:15 UTC] create_variation_product_id:1415
[17-Sep-2024 16:15:15 UTC] create_stock:1859
[17-Sep-2024 16:15:15 UTC] create_price:3,69
[17-Sep-2024 16:15:15 UTC] create_variation_product_id:1416
[17-Sep-2024 16:15:15 UTC] create_stock:4051
[17-Sep-2024 16:15:15 UTC] create_price:2,78
[17-Sep-2024 16:15:15 UTC] create_variation_product_id:1417
[17-Sep-2024 16:15:15 UTC] create_stock:7415
[17-Sep-2024 16:15:15 UTC] create_price:4,90
[17-Sep-2024 16:15:15 UTC] create_variation_product_id:1417
[17-Sep-2024 16:15:15 UTC] create_stock:4540
[17-Sep-2024 16:15:15 UTC] create_price:4,90
[17-Sep-2024 16:15:15 UTC] create_variation_product_id:1418
[17-Sep-2024 16:15:15 UTC] create_stock:9379
[17-Sep-2024 16:15:15 UTC] create_price:1,52
[17-Sep-2024 16:15:16 UTC] create_variation_product_id:1418
[17-Sep-2024 16:15:16 UTC] create_stock:9100
[17-Sep-2024 16:15:16 UTC] create_price:1,52
[17-Sep-2024 16:15:16 UTC] create_variation_product_id:1418
[17-Sep-2024 16:15:16 UTC] create_stock:6194
[17-Sep-2024 16:15:16 UTC] create_price:1,52
[17-Sep-2024 16:15:16 UTC] create_variation_product_id:1418
[17-Sep-2024 16:15:16 UTC] create_stock:8828
[17-Sep-2024 16:15:16 UTC] create_price:1,52
[17-Sep-2024 16:15:16 UTC] create_variation_product_id:1419
[17-Sep-2024 16:15:16 UTC] create_stock:846
[17-Sep-2024 16:15:16 UTC] create_price:9,24
[17-Sep-2024 16:15:16 UTC] create_variation_product_id:1420
[17-Sep-2024 16:15:16 UTC] create_stock:408
[17-Sep-2024 16:15:16 UTC] create_price:6,06
[17-Sep-2024 16:15:16 UTC] create_variation_product_id:1421
[17-Sep-2024 16:15:16 UTC] create_stock:3086
[17-Sep-2024 16:15:16 UTC] create_price:0,82
[17-Sep-2024 16:15:17 UTC] create_variation_product_id:1422
[17-Sep-2024 16:15:17 UTC] create_stock:10638
[17-Sep-2024 16:15:17 UTC] create_price:1,01
[17-Sep-2024 16:15:17 UTC] create_variation_product_id:1423
[17-Sep-2024 16:15:17 UTC] create_stock:62
[17-Sep-2024 16:15:17 UTC] create_price:1,35
[17-Sep-2024 16:15:17 UTC] create_variation_product_id:1424
[17-Sep-2024 16:15:17 UTC] create_stock:2503
[17-Sep-2024 16:15:17 UTC] create_price:2,37
[17-Sep-2024 16:15:17 UTC] create_variation_product_id:1424
[17-Sep-2024 16:15:17 UTC] create_stock:0
[17-Sep-2024 16:15:17 UTC] create_price:2,37
[17-Sep-2024 16:15:19 UTC] create_variation_product_id:1424
[17-Sep-2024 16:15:19 UTC] create_stock:4080
[17-Sep-2024 16:15:19 UTC] create_price:2,37
[17-Sep-2024 16:15:19 UTC] create_variation_product_id:1424
[17-Sep-2024 16:15:19 UTC] create_stock:0
[17-Sep-2024 16:15:19 UTC] create_price:2,37
[17-Sep-2024 16:15:21 UTC] create_variation_product_id:1424
[17-Sep-2024 16:15:21 UTC] create_stock:6
[17-Sep-2024 16:15:21 UTC] create_price:2,37
[17-Sep-2024 16:15:21 UTC] create_variation_product_id:1425
[17-Sep-2024 16:15:21 UTC] create_stock:2749
[17-Sep-2024 16:15:21 UTC] create_price:5,56
[17-Sep-2024 16:15:21 UTC] create_variation_product_id:1426
[17-Sep-2024 16:15:21 UTC] create_stock:1227
[17-Sep-2024 16:15:21 UTC] create_price:1,76
[17-Sep-2024 16:15:21 UTC] create_variation_product_id:1426
[17-Sep-2024 16:15:21 UTC] create_stock:14308
[17-Sep-2024 16:15:21 UTC] create_price:1,76
[17-Sep-2024 16:15:21 UTC] create_variation_product_id:1427
[17-Sep-2024 16:15:21 UTC] create_stock:3173
[17-Sep-2024 16:15:21 UTC] create_price:0,69
[17-Sep-2024 16:15:22 UTC] create_variation_product_id:1427
[17-Sep-2024 16:15:22 UTC] create_stock:29170
[17-Sep-2024 16:15:22 UTC] create_price:0,69
[17-Sep-2024 16:15:22 UTC] create_variation_product_id:1427
[17-Sep-2024 16:15:22 UTC] create_stock:4121
[17-Sep-2024 16:15:22 UTC] create_price:0,69
[17-Sep-2024 16:15:22 UTC] create_variation_product_id:1427
[17-Sep-2024 16:15:22 UTC] create_stock:8415
[17-Sep-2024 16:15:22 UTC] create_price:0,69
[17-Sep-2024 16:15:22 UTC] create_variation_product_id:1427
[17-Sep-2024 16:15:22 UTC] create_stock:3549
[17-Sep-2024 16:15:22 UTC] create_price:0,69
[17-Sep-2024 16:15:23 UTC] create_variation_product_id:1427
[17-Sep-2024 16:15:23 UTC] create_stock:18664
[17-Sep-2024 16:15:23 UTC] create_price:0,69
[17-Sep-2024 16:15:23 UTC] create_variation_product_id:1427
[17-Sep-2024 16:15:23 UTC] create_stock:309
[17-Sep-2024 16:15:23 UTC] create_price:0,69
[17-Sep-2024 16:15:23 UTC] create_variation_product_id:1427
[17-Sep-2024 16:15:23 UTC] create_stock:5154
[17-Sep-2024 16:15:23 UTC] create_price:0,69
[17-Sep-2024 16:15:23 UTC] create_variation_product_id:1427
[17-Sep-2024 16:15:23 UTC] create_stock:2073
[17-Sep-2024 16:15:23 UTC] create_price:0,69
[17-Sep-2024 16:15:23 UTC] create_variation_product_id:1427
[17-Sep-2024 16:15:23 UTC] create_stock:4823
[17-Sep-2024 16:15:23 UTC] create_price:0,69
[17-Sep-2024 16:15:24 UTC] create_variation_product_id:1427
[17-Sep-2024 16:15:24 UTC] create_stock:4198
[17-Sep-2024 16:15:24 UTC] create_price:0,69
[17-Sep-2024 16:15:24 UTC] create_variation_product_id:1428
[17-Sep-2024 16:15:24 UTC] create_stock:104736
[17-Sep-2024 16:15:24 UTC] create_price:0,52
[17-Sep-2024 16:15:24 UTC] create_variation_product_id:1429
[17-Sep-2024 16:15:24 UTC] create_stock:789
[17-Sep-2024 16:15:24 UTC] create_price:11,56
[17-Sep-2024 16:15:24 UTC] create_variation_product_id:1430
[17-Sep-2024 16:15:24 UTC] create_stock:898
[17-Sep-2024 16:15:24 UTC] create_price:11,56
[17-Sep-2024 16:15:25 UTC] create_variation_product_id:1431
[17-Sep-2024 16:15:25 UTC] create_stock:0
[17-Sep-2024 16:15:25 UTC] create_price:0,04
[17-Sep-2024 16:15:26 UTC] create_variation_product_id:1432
[17-Sep-2024 16:15:26 UTC] create_stock:1004
[17-Sep-2024 16:15:26 UTC] create_price:7,12
[17-Sep-2024 16:15:26 UTC] create_variation_product_id:1432
[17-Sep-2024 16:15:26 UTC] create_stock:1217
[17-Sep-2024 16:15:26 UTC] create_price:7,12
[17-Sep-2024 16:15:26 UTC] create_variation_product_id:1433
[17-Sep-2024 16:15:26 UTC] create_stock:8173
[17-Sep-2024 16:15:26 UTC] create_price:0,93
[17-Sep-2024 16:15:27 UTC] WordPress database error Commands out of sync; you can't run this command now for query SELECT DISTINCT t.term_id
			 FROM wpgsm_terms AS t  INNER JOIN wpgsm_term_taxonomy AS tt ON t.term_id = tt.term_id INNER JOIN wpgsm_term_relationships AS tr ON tr.term_taxonomy_id = tt.term_taxonomy_id
			 WHERE tt.taxonomy IN ('product_type') AND tr.object_id IN (334)
			 ORDER BY t.name ASC
			  made by shutdown_action_hook, do_action('shutdown'), WP_Hook->do_action, WP_Hook->apply_filters, WC_Post_Data::do_deferred_product_sync, array_walk, WC_Post_Data::deferred_product_sync, wc_get_product, WC_Product_Factory->get_product, WC_Product_Factory::get_product_type, WC_Data_Store->__call, WC_Product_Data_Store_CPT->get_product_type, get_the_terms, wp_get_object_terms, get_terms, WP_Term_Query->query, WP_Term_Query->get_terms
[17-Sep-2024 16:15:27 UTC] WordPress database error Commands out of sync; you can't run this command now for query SELECT DISTINCT t.term_id
			 FROM wpgsm_terms AS t  LEFT JOIN wpgsm_termmeta ON ( t.term_id = wpgsm_termmeta.term_id AND wpgsm_termmeta.meta_key='order') INNER JOIN wpgsm_term_taxonomy AS tt ON t.term_id = tt.term_id INNER JOIN wpgsm_term_relationships AS tr ON tr.term_taxonomy_id = tt.term_taxonomy_id
			 WHERE tt.taxonomy IN ('pa_color') AND tr.object_id IN (334) AND ( 
  ( wpgsm_termmeta.meta_key = 'order' OR wpgsm_termmeta.meta_key IS NULL )
)
			 ORDER BY wpgsm_termmeta.meta_value+0 ASC, t.name ASC
			  made by shutdown_action_hook, do_action('shutdown'), WP_Hook->do_action, WP_Hook->apply_filters, WC_Post_Data::do_deferred_product_sync, array_walk, WC_Post_Data::deferred_product_sync, wc_get_product, WC_Product_Factory->get_product, WC_Product_Simple->__construct, WC_Product->__construct, WC_Data_Store->read, WC_Product_Data_Store_CPT->read, WC_Product_Data_Store_CPT->read_attributes, wc_get_object_terms, get_the_terms, wp_get_object_terms, get_terms, WP_Term_Query->query, WP_Term_Query->get_terms
[17-Sep-2024 16:15:27 UTC] WordPress database error Commands out of sync; you can't run this command now for query SELECT DISTINCT t.term_id
			 FROM wpgsm_terms AS t  INNER JOIN wpgsm_term_taxonomy AS tt ON t.term_id = tt.term_id INNER JOIN wpgsm_term_relationships AS tr ON tr.term_taxonomy_id = tt.term_taxonomy_id
			 WHERE tt.taxonomy IN ('product_type') AND tr.object_id IN (953)
			 ORDER BY t.name ASC
			  made by shutdown_action_hook, do_action('shutdown'), WP_Hook->do_action, WP_Hook->apply_filters, WC_Post_Data::do_deferred_product_sync, array_walk, WC_Post_Data::deferred_product_sync, wc_get_product, WC_Product_Factory->get_product, WC_Product_Factory::get_product_type, WC_Data_Store->__call, WC_Product_Data_Store_CPT->get_product_type, get_the_terms, wp_get_object_terms, get_terms, WP_Term_Query->query, WP_Term_Query->get_terms
[17-Sep-2024 16:15:27 UTC] WordPress database error Commands out of sync; you can't run this command now for query SELECT DISTINCT t.term_id
			 FROM wpgsm_terms AS t  LEFT JOIN wpgsm_termmeta ON ( t.term_id = wpgsm_termmeta.term_id AND wpgsm_termmeta.meta_key='order') INNER JOIN wpgsm_term_taxonomy AS tt ON t.term_id = tt.term_id INNER JOIN wpgsm_term_relationships AS tr ON tr.term_taxonomy_id = tt.term_taxonomy_id
			 WHERE tt.taxonomy IN ('pa_color') AND tr.object_id IN (953) AND ( 
  ( wpgsm_termmeta.meta_key = 'order' OR wpgsm_termmeta.meta_key IS NULL )
)
			 ORDER BY wpgsm_termmeta.meta_value+0 ASC, t.name ASC
			  made by shutdown_action_hook, do_action('shutdown'), WP_Hook->do_action, WP_Hook->apply_filters, WC_Post_Data::do_deferred_product_sync, array_walk, WC_Post_Data::deferred_product_sync, wc_get_product, WC_Product_Factory->get_product, WC_Product_Simple->__construct, WC_Product->__construct, WC_Data_Store->read, WC_Product_Data_Store_CPT->read, WC_Product_Data_Store_CPT->read_attributes, wc_get_object_terms, get_the_terms, wp_get_object_terms, get_terms, WP_Term_Query->query, WP_Term_Query->get_terms
[17-Sep-2024 16:15:27 UTC] WordPress database error Commands out of sync; you can't run this command now for query SELECT DISTINCT t.term_id
			 FROM wpgsm_terms AS t  INNER JOIN wpgsm_term_taxonomy AS tt ON t.term_id = tt.term_id INNER JOIN wpgsm_term_relationships AS tr ON tr.term_taxonomy_id = tt.term_taxonomy_id
			 WHERE tt.taxonomy IN ('product_type') AND tr.object_id IN (954)
			 ORDER BY t.name ASC
			  made by shutdown_action_hook, do_action('shutdown'), WP_Hook->do_action, WP_Hook->apply_filters, WC_Post_Data::do_deferred_product_sync, array_walk, WC_Post_Data::deferred_product_sync, wc_get_product, WC_Product_Factory->get_product, WC_Product_Factory::get_product_type, WC_Data_Store->__call, WC_Product_Data_Store_CPT->get_product_type, get_the_terms, wp_get_object_terms, get_terms, WP_Term_Query->query, WP_Term_Query->get_terms
[17-Sep-2024 16:15:27 UTC] WordPress database error Commands out of sync; you can't run this command now for query SELECT DISTINCT t.term_id
			 FROM wpgsm_terms AS t  LEFT JOIN wpgsm_termmeta ON ( t.term_id = wpgsm_termmeta.term_id AND wpgsm_termmeta.meta_key='order') INNER JOIN wpgsm_term_taxonomy AS tt ON t.term_id = tt.term_id INNER JOIN wpgsm_term_relationships AS tr ON tr.term_taxonomy_id = tt.term_taxonomy_id
			 WHERE tt.taxonomy IN ('pa_color') AND tr.object_id IN (954) AND ( 
  ( wpgsm_termmeta.meta_key = 'order' OR wpgsm_termmeta.meta_key IS NULL )
)
			 ORDER BY wpgsm_termmeta.meta_value+0 ASC, t.name ASC
			  made by shutdown_action_hook, do_action('shutdown'), WP_Hook->do_action, WP_Hook->apply_filters, WC_Post_Data::do_deferred_product_sync, array_walk, WC_Post_Data::deferred_product_sync, wc_get_product, WC_Product_Factory->get_product, WC_Product_Simple->__construct, WC_Product->__construct, WC_Data_Store->read, WC_Product_Data_Store_CPT->read, WC_Product_Data_Store_CPT->read_attributes, wc_get_object_terms, get_the_terms, wp_get_object_terms, get_terms, WP_Term_Query->query, WP_Term_Query->get_terms
[17-Sep-2024 16:15:27 UTC] WordPress database error Commands out of sync; you can't run this command now for query SELECT DISTINCT t.term_id
			 FROM wpgsm_terms AS t  INNER JOIN wpgsm_term_taxonomy AS tt ON t.term_id = tt.term_id INNER JOIN wpgsm_term_relationships AS tr ON tr.term_taxonomy_id = tt.term_taxonomy_id
			 WHERE tt.taxonomy IN ('product_type') AND tr.object_id IN (955)
			 ORDER BY t.name ASC
			  made by shutdown_action_hook, do_action('shutdown'), WP_Hook->do_action, WP_Hook->apply_filters, WC_Post_Data::do_deferred_product_sync, array_walk, WC_Post_Data::deferred_product_sync, wc_get_product, WC_Product_Factory->get_product, WC_Product_Factory::get_product_type, WC_Data_Store->__call, WC_Product_Data_Store_CPT->get_product_type, get_the_terms, wp_get_object_terms, get_terms, WP_Term_Query->query, WP_Term_Query->get_terms
[17-Sep-2024 16:15:27 UTC] WordPress database error Commands out of sync; you can't run this command now for query SELECT DISTINCT t.term_id
			 FROM wpgsm_terms AS t  LEFT JOIN wpgsm_termmeta ON ( t.term_id = wpgsm_termmeta.term_id AND wpgsm_termmeta.meta_key='order') INNER JOIN wpgsm_term_taxonomy AS tt ON t.term_id = tt.term_id INNER JOIN wpgsm_term_relationships AS tr ON tr.term_taxonomy_id = tt.term_taxonomy_id
			 WHERE tt.taxonomy IN ('pa_color') AND tr.object_id IN (955) AND ( 
  ( wpgsm_termmeta.meta_key = 'order' OR wpgsm_termmeta.meta_key IS NULL )
)
			 ORDER BY wpgsm_termmeta.meta_value+0 ASC, t.name ASC
			  made by shutdown_action_hook, do_action('shutdown'), WP_Hook->do_action, WP_Hook->apply_filters, WC_Post_Data::do_deferred_product_sync, array_walk, WC_Post_Data::deferred_product_sync, wc_get_product, WC_Product_Factory->get_product, WC_Product_Simple->__construct, WC_Product->__construct, WC_Data_Store->read, WC_Product_Data_Store_CPT->read, WC_Product_Data_Store_CPT->read_attributes, wc_get_object_terms, get_the_terms, wp_get_object_terms, get_terms, WP_Term_Query->query, WP_Term_Query->get_terms
[17-Sep-2024 16:15:27 UTC] WordPress database error Commands out of sync; you can't run this command now for query SELECT DISTINCT t.term_id
			 FROM wpgsm_terms AS t  INNER JOIN wpgsm_term_taxonomy AS tt ON t.term_id = tt.term_id INNER JOIN wpgsm_term_relationships AS tr ON tr.term_taxonomy_id = tt.term_taxonomy_id
			 WHERE tt.taxonomy IN ('product_type') AND tr.object_id IN (956)
			 ORDER BY t.name ASC
			  made by shutdown_action_hook, do_action('shutdown'), WP_Hook->do_action, WP_Hook->apply_filters, WC_Post_Data::do_deferred_product_sync, array_walk, WC_Post_Data::deferred_product_sync, wc_get_product, WC_Product_Factory->get_product, WC_Product_Factory::get_product_type, WC_Data_Store->__call, WC_Product_Data_Store_CPT->get_product_type, get_the_terms, wp_get_object_terms, get_terms, WP_Term_Query->query, WP_Term_Query->get_terms
[17-Sep-2024 16:15:27 UTC] WordPress database error Commands out of sync; you can't run this command now for query SELECT DISTINCT t.term_id
			 FROM wpgsm_terms AS t  LEFT JOIN wpgsm_termmeta ON ( t.term_id = wpgsm_termmeta.term_id AND wpgsm_termmeta.meta_key='order') INNER JOIN wpgsm_term_taxonomy AS tt ON t.term_id = tt.term_id INNER JOIN wpgsm_term_relationships AS tr ON tr.term_taxonomy_id = tt.term_taxonomy_id
			 WHERE tt.taxonomy IN ('pa_color') AND tr.object_id IN (956) AND ( 
  ( wpgsm_termmeta.meta_key = 'order' OR wpgsm_termmeta.meta_key IS NULL )
)
			 ORDER BY wpgsm_termmeta.meta_value+0 ASC, t.name ASC
			  made by shutdown_action_hook, do_action('shutdown'), WP_Hook->do_action, WP_Hook->apply_filters, WC_Post_Data::do_deferred_product_sync, array_walk, WC_Post_Data::deferred_product_sync, wc_get_product, WC_Product_Factory->get_product, WC_Product_Simple->__construct, WC_Product->__construct, WC_Data_Store->read, WC_Product_Data_Store_CPT->read, WC_Product_Data_Store_CPT->read_attributes, wc_get_object_terms, get_the_terms, wp_get_object_terms, get_terms, WP_Term_Query->query, WP_Term_Query->get_terms
[17-Sep-2024 16:15:27 UTC] WordPress database error Commands out of sync; you can't run this command now for query SELECT DISTINCT t.term_id
			 FROM wpgsm_terms AS t  INNER JOIN wpgsm_term_taxonomy AS tt ON t.term_id = tt.term_id INNER JOIN wpgsm_term_relationships AS tr ON tr.term_taxonomy_id = tt.term_taxonomy_id
			 WHERE tt.taxonomy IN ('product_type') AND tr.object_id IN (957)
			 ORDER BY t.name ASC
			  made by shutdown_action_hook, do_action('shutdown'), WP_Hook->do_action, WP_Hook->apply_filters, WC_Post_Data::do_deferred_product_sync, array_walk, WC_Post_Data::deferred_product_sync, wc_get_product, WC_Product_Factory->get_product, WC_Product_Factory::get_product_type, WC_Data_Store->__call, WC_Product_Data_Store_CPT->get_product_type, get_the_terms, wp_get_object_terms, get_terms, WP_Term_Query->query, WP_Term_Query->get_terms
[17-Sep-2024 16:15:27 UTC] WordPress database error Commands out of sync; you can't run this command now for query SELECT DISTINCT t.term_id
			 FROM wpgsm_terms AS t  LEFT JOIN wpgsm_termmeta ON ( t.term_id = wpgsm_termmeta.term_id AND wpgsm_termmeta.meta_key='order') INNER JOIN wpgsm_term_taxonomy AS tt ON t.term_id = tt.term_id INNER JOIN wpgsm_term_relationships AS tr ON tr.term_taxonomy_id = tt.term_taxonomy_id
			 WHERE tt.taxonomy IN ('pa_color') AND tr.object_id IN (957) AND ( 
  ( wpgsm_termmeta.meta_key = 'order' OR wpgsm_termmeta.meta_key IS NULL )
)
			 ORDER BY wpgsm_termmeta.meta_value+0 ASC, t.name ASC
			  made by shutdown_action_hook, do_action('shutdown'), WP_Hook->do_action, WP_Hook->apply_filters, WC_Post_Data::do_deferred_product_sync, array_walk, WC_Post_Data::deferred_product_sync, wc_get_product, WC_Product_Factory->get_product, WC_Product_Simple->__construct, WC_Product->__construct, WC_Data_Store->read, WC_Product_Data_Store_CPT->read, WC_Product_Data_Store_CPT->read_attributes, wc_get_object_terms, get_the_terms, wp_get_object_terms, get_terms, WP_Term_Query->query, WP_Term_Query->get_terms
[17-Sep-2024 16:15:27 UTC] WordPress database error Commands out of sync; you can't run this command now for query SELECT DISTINCT t.term_id
			 FROM wpgsm_terms AS t  INNER JOIN wpgsm_term_taxonomy AS tt ON t.term_id = tt.term_id INNER JOIN wpgsm_term_relationships AS tr ON tr.term_taxonomy_id = tt.term_taxonomy_id
			 WHERE tt.taxonomy IN ('product_type') AND tr.object_id IN (958)
			 ORDER BY t.name ASC
			  made by shutdown_action_hook, do_action('shutdown'), WP_Hook->do_action, WP_Hook->apply_filters, WC_Post_Data::do_deferred_product_sync, array_walk, WC_Post_Data::deferred_product_sync, wc_get_product, WC_Product_Factory->get_product, WC_Product_Factory::get_product_type, WC_Data_Store->__call, WC_Product_Data_Store_CPT->get_product_type, get_the_terms, wp_get_object_terms, get_terms, WP_Term_Query->query, WP_Term_Query->get_terms
[17-Sep-2024 16:15:27 UTC] WordPress database error Commands out of sync; you can't run this command now for query SELECT DISTINCT t.term_id
			 FROM wpgsm_terms AS t  LEFT JOIN wpgsm_termmeta ON ( t.term_id = wpgsm_termmeta.term_id AND wpgsm_termmeta.meta_key='order') INNER JOIN wpgsm_term_taxonomy AS tt ON t.term_id = tt.term_id INNER JOIN wpgsm_term_relationships AS tr ON tr.term_taxonomy_id = tt.term_taxonomy_id
			 WHERE tt.taxonomy IN ('pa_color') AND tr.object_id IN (958) AND ( 
  ( wpgsm_termmeta.meta_key = 'order' OR wpgsm_termmeta.meta_key IS NULL )
)
			 ORDER BY wpgsm_termmeta.meta_value+0 ASC, t.name ASC
			  made by shutdown_action_hook, do_action('shutdown'), WP_Hook->do_action, WP_Hook->apply_filters, WC_Post_Data::do_deferred_product_sync, array_walk, WC_Post_Data::deferred_product_sync, wc_get_product, WC_Product_Factory->get_product, WC_Product_Simple->__construct, WC_Product->__construct, WC_Data_Store->read, WC_Product_Data_Store_CPT->read, WC_Product_Data_Store_CPT->read_attributes, wc_get_object_terms, get_the_terms, wp_get_object_terms, get_terms, WP_Term_Query->query, WP_Term_Query->get_terms
[17-Sep-2024 16:15:27 UTC] WordPress database error Commands out of sync; you can't run this command now for query SELECT DISTINCT t.term_id
			 FROM wpgsm_terms AS t  INNER JOIN wpgsm_term_taxonomy AS tt ON t.term_id = tt.term_id INNER JOIN wpgsm_term_relationships AS tr ON tr.term_taxonomy_id = tt.term_taxonomy_id
			 WHERE tt.taxonomy IN ('product_type') AND tr.object_id IN (959)
			 ORDER BY t.name ASC
			  made by shutdown_action_hook, do_action('shutdown'), WP_Hook->do_action, WP_Hook->apply_filters, WC_Post_Data::do_deferred_product_sync, array_walk, WC_Post_Data::deferred_product_sync, wc_get_product, WC_Product_Factory->get_product, WC_Product_Factory::get_product_type, WC_Data_Store->__call, WC_Product_Data_Store_CPT->get_product_type, get_the_terms, wp_get_object_terms, get_terms, WP_Term_Query->query, WP_Term_Query->get_terms
[17-Sep-2024 16:15:27 UTC] WordPress database error Commands out of sync; you can't run this command now for query SELECT DISTINCT t.term_id
			 FROM wpgsm_terms AS t  LEFT JOIN wpgsm_termmeta ON ( t.term_id = wpgsm_termmeta.term_id AND wpgsm_termmeta.meta_key='order') INNER JOIN wpgsm_term_taxonomy AS tt ON t.term_id = tt.term_id INNER JOIN wpgsm_term_relationships AS tr ON tr.term_taxonomy_id = tt.term_taxonomy_id
			 WHERE tt.taxonomy IN ('pa_color') AND tr.object_id IN (959) AND ( 
  ( wpgsm_termmeta.meta_key = 'order' OR wpgsm_termmeta.meta_key IS NULL )
)
			 ORDER BY wpgsm_termmeta.meta_value+0 ASC, t.name ASC
			  made by shutdown_action_hook, do_action('shutdown'), WP_Hook->do_action, WP_Hook->apply_filters, WC_Post_Data::do_deferred_product_sync, array_walk, WC_Post_Data::deferred_product_sync, wc_get_product, WC_Product_Factory->get_product, WC_Product_Simple->__construct, WC_Product->__construct, WC_Data_Store->read, WC_Product_Data_Store_CPT->read, WC_Product_Data_Store_CPT->read_attributes, wc_get_object_terms, get_the_terms, wp_get_object_terms, get_terms, WP_Term_Query->query, WP_Term_Query->get_terms
[17-Sep-2024 16:15:27 UTC] WordPress database error Commands out of sync; you can't run this command now for query SELECT DISTINCT t.term_id
			 FROM wpgsm_terms AS t  INNER JOIN wpgsm_term_taxonomy AS tt ON t.term_id = tt.term_id INNER JOIN wpgsm_term_relationships AS tr ON tr.term_taxonomy_id = tt.term_taxonomy_id
			 WHERE tt.taxonomy IN ('product_type') AND tr.object_id IN (960)
			 ORDER BY t.name ASC
			  made by shutdown_action_hook, do_action('shutdown'), WP_Hook->do_action, WP_Hook->apply_filters, WC_Post_Data::do_deferred_product_sync, array_walk, WC_Post_Data::deferred_product_sync, wc_get_product, WC_Product_Factory->get_product, WC_Product_Factory::get_product_type, WC_Data_Store->__call, WC_Product_Data_Store_CPT->get_product_type, get_the_terms, wp_get_object_terms, get_terms, WP_Term_Query->query, WP_Term_Query->get_terms
[17-Sep-2024 16:15:27 UTC] WordPress database error Commands out of sync; you can't run this command now for query SELECT DISTINCT t.term_id
			 FROM wpgsm_terms AS t  LEFT JOIN wpgsm_termmeta ON ( t.term_id = wpgsm_termmeta.term_id AND wpgsm_termmeta.meta_key='order') INNER JOIN wpgsm_term_taxonomy AS tt ON t.term_id = tt.term_id INNER JOIN wpgsm_term_relationships AS tr ON tr.term_taxonomy_id = tt.term_taxonomy_id
			 WHERE tt.taxonomy IN ('pa_color') AND tr.object_id IN (960) AND ( 
  ( wpgsm_termmeta.meta_key = 'order' OR wpgsm_termmeta.meta_key IS NULL )
)
			 ORDER BY wpgsm_termmeta.meta_value+0 ASC, t.name ASC
			  made by shutdown_action_hook, do_action('shutdown'), WP_Hook->do_action, WP_Hook->apply_filters, WC_Post_Data::do_deferred_product_sync, array_walk, WC_Post_Data::deferred_product_sync, wc_get_product, WC_Product_Factory->get_product, WC_Product_Simple->__construct, WC_Product->__construct, WC_Data_Store->read, WC_Product_Data_Store_CPT->read, WC_Product_Data_Store_CPT->read_attributes, wc_get_object_terms, get_the_terms, wp_get_object_terms, get_terms, WP_Term_Query->query, WP_Term_Query->get_terms
[17-Sep-2024 16:15:27 UTC] WordPress database error Commands out of sync; you can't run this command now for query SELECT DISTINCT t.term_id
			 FROM wpgsm_terms AS t  INNER JOIN wpgsm_term_taxonomy AS tt ON t.term_id = tt.term_id INNER JOIN wpgsm_term_relationships AS tr ON tr.term_taxonomy_id = tt.term_taxonomy_id
			 WHERE tt.taxonomy IN ('product_type') AND tr.object_id IN (961)
			 ORDER BY t.name ASC
			  made by shutdown_action_hook, do_action('shutdown'), WP_Hook->do_action, WP_Hook->apply_filters, WC_Post_Data::do_deferred_product_sync, array_walk, WC_Post_Data::deferred_product_sync, wc_get_product, WC_Product_Factory->get_product, WC_Product_Factory::get_product_type, WC_Data_Store->__call, WC_Product_Data_Store_CPT->get_product_type, get_the_terms, wp_get_object_terms, get_terms, WP_Term_Query->query, WP_Term_Query->get_terms
[17-Sep-2024 16:15:27 UTC] WordPress database error Commands out of sync; you can't run this command now for query SELECT DISTINCT t.term_id
			 FROM wpgsm_terms AS t  LEFT JOIN wpgsm_termmeta ON ( t.term_id = wpgsm_termmeta.term_id AND wpgsm_termmeta.meta_key='order') INNER JOIN wpgsm_term_taxonomy AS tt ON t.term_id = tt.term_id INNER JOIN wpgsm_term_relationships AS tr ON tr.term_taxonomy_id = tt.term_taxonomy_id
			 WHERE tt.taxonomy IN ('pa_color') AND tr.object_id IN (961) AND ( 
  ( wpgsm_termmeta.meta_key = 'order' OR wpgsm_termmeta.meta_key IS NULL )
)
			 ORDER BY wpgsm_termmeta.meta_value+0 ASC, t.name ASC
			  made by shutdown_action_hook, do_action('shutdown'), WP_Hook->do_action, WP_Hook->apply_filters, WC_Post_Data::do_deferred_product_sync, array_walk, WC_Post_Data::deferred_product_sync, wc_get_product, WC_Product_Factory->get_product, WC_Product_Simple->__construct, WC_Product->__construct, WC_Data_Store->read, WC_Product_Data_Store_CPT->read, WC_Product_Data_Store_CPT->read_attributes, wc_get_object_terms, get_the_terms, wp_get_object_terms, get_terms, WP_Term_Query->query, WP_Term_Query->get_terms
[17-Sep-2024 16:15:27 UTC] WordPress database error Commands out of sync; you can't run this command now for query SELECT DISTINCT t.term_id
			 FROM wpgsm_terms AS t  INNER JOIN wpgsm_term_taxonomy AS tt ON t.term_id = tt.term_id INNER JOIN wpgsm_term_relationships AS tr ON tr.term_taxonomy_id = tt.term_taxonomy_id
			 WHERE tt.taxonomy IN ('product_type') AND tr.object_id IN (962)
			 ORDER BY t.name ASC
			  made by shutdown_action_hook, do_action('shutdown'), WP_Hook->do_action, WP_Hook->apply_filters, WC_Post_Data::do_deferred_product_sync, array_walk, WC_Post_Data::deferred_product_sync, wc_get_product, WC_Product_Factory->get_product, WC_Product_Factory::get_product_type, WC_Data_Store->__call, WC_Product_Data_Store_CPT->get_product_type, get_the_terms, wp_get_object_terms, get_terms, WP_Term_Query->query, WP_Term_Query->get_terms
[17-Sep-2024 16:15:27 UTC] WordPress database error Commands out of sync; you can't run this command now for query SELECT DISTINCT t.term_id
			 FROM wpgsm_terms AS t  LEFT JOIN wpgsm_termmeta ON ( t.term_id = wpgsm_termmeta.term_id AND wpgsm_termmeta.meta_key='order') INNER JOIN wpgsm_term_taxonomy AS tt ON t.term_id = tt.term_id INNER JOIN wpgsm_term_relationships AS tr ON tr.term_taxonomy_id = tt.term_taxonomy_id
			 WHERE tt.taxonomy IN ('pa_color') AND tr.object_id IN (962) AND ( 
  ( wpgsm_termmeta.meta_key = 'order' OR wpgsm_termmeta.meta_key IS NULL )
)
			 ORDER BY wpgsm_termmeta.meta_value+0 ASC, t.name ASC
			  made by shutdown_action_hook, do_action('shutdown'), WP_Hook->do_action, WP_Hook->apply_filters, WC_Post_Data::do_deferred_product_sync, array_walk, WC_Post_Data::deferred_product_sync, wc_get_product, WC_Product_Factory->get_product, WC_Product_Simple->__construct, WC_Product->__construct, WC_Data_Store->read, WC_Product_Data_Store_CPT->read, WC_Product_Data_Store_CPT->read_attributes, wc_get_object_terms, get_the_terms, wp_get_object_terms, get_terms, WP_Term_Query->query, WP_Term_Query->get_terms
[17-Sep-2024 16:15:27 UTC] WordPress database error Commands out of sync; you can't run this command now for query SELECT DISTINCT t.term_id
			 FROM wpgsm_terms AS t  INNER JOIN wpgsm_term_taxonomy AS tt ON t.term_id = tt.term_id INNER JOIN wpgsm_term_relationships AS tr ON tr.term_taxonomy_id = tt.term_taxonomy_id
			 WHERE tt.taxonomy IN ('product_type') AND tr.object_id IN (963)
			 ORDER BY t.name ASC
			  made by shutdown_action_hook, do_action('shutdown'), WP_Hook->do_action, WP_Hook->apply_filters, WC_Post_Data::do_deferred_product_sync, array_walk, WC_Post_Data::deferred_product_sync, wc_get_product, WC_Product_Factory->get_product, WC_Product_Factory::get_product_type, WC_Data_Store->__call, WC_Product_Data_Store_CPT->get_product_type, get_the_terms, wp_get_object_terms, get_terms, WP_Term_Query->query, WP_Term_Query->get_terms
[17-Sep-2024 16:15:27 UTC] WordPress database error Commands out of sync; you can't run this command now for query SELECT DISTINCT t.term_id
			 FROM wpgsm_terms AS t  LEFT JOIN wpgsm_termmeta ON ( t.term_id = wpgsm_termmeta.term_id AND wpgsm_termmeta.meta_key='order') INNER JOIN wpgsm_term_taxonomy AS tt ON t.term_id = tt.term_id INNER JOIN wpgsm_term_relationships AS tr ON tr.term_taxonomy_id = tt.term_taxonomy_id
			 WHERE tt.taxonomy IN ('pa_color') AND tr.object_id IN (963) AND ( 
  ( wpgsm_termmeta.meta_key = 'order' OR wpgsm_termmeta.meta_key IS NULL )
)
			 ORDER BY wpgsm_termmeta.meta_value+0 ASC, t.name ASC
			  made by shutdown_action_hook, do_action('shutdown'), WP_Hook->do_action, WP_Hook->apply_filters, WC_Post_Data::do_deferred_product_sync, array_walk, WC_Post_Data::deferred_product_sync, wc_get_product, WC_Product_Factory->get_product, WC_Product_Simple->__construct, WC_Product->__construct, WC_Data_Store->read, WC_Product_Data_Store_CPT->read, WC_Product_Data_Store_CPT->read_attributes, wc_get_object_terms, get_the_terms, wp_get_object_terms, get_terms, WP_Term_Query->query, WP_Term_Query->get_terms
[17-Sep-2024 16:15:27 UTC] WordPress database error Commands out of sync; you can't run this command now for query SELECT DISTINCT t.term_id
			 FROM wpgsm_terms AS t  INNER JOIN wpgsm_term_taxonomy AS tt ON t.term_id = tt.term_id INNER JOIN wpgsm_term_relationships AS tr ON tr.term_taxonomy_id = tt.term_taxonomy_id
			 WHERE tt.taxonomy IN ('product_type') AND tr.object_id IN (964)
			 ORDER BY t.name ASC
			  made by shutdown_action_hook, do_action('shutdown'), WP_Hook->do_action, WP_Hook->apply_filters, WC_Post_Data::do_deferred_product_sync, array_walk, WC_Post_Data::deferred_product_sync, wc_get_product, WC_Product_Factory->get_product, WC_Product_Factory::get_product_type, WC_Data_Store->__call, WC_Product_Data_Store_CPT->get_product_type, get_the_terms, wp_get_object_terms, get_terms, WP_Term_Query->query, WP_Term_Query->get_terms
[17-Sep-2024 16:15:27 UTC] WordPress database error Commands out of sync; you can't run this command now for query SELECT DISTINCT t.term_id
			 FROM wpgsm_terms AS t  LEFT JOIN wpgsm_termmeta ON ( t.term_id = wpgsm_termmeta.term_id AND wpgsm_termmeta.meta_key='order') INNER JOIN wpgsm_term_taxonomy AS tt ON t.term_id = tt.term_id INNER JOIN wpgsm_term_relationships AS tr ON tr.term_taxonomy_id = tt.term_taxonomy_id
			 WHERE tt.taxonomy IN ('pa_color') AND tr.object_id IN (964) AND ( 
  ( wpgsm_termmeta.meta_key = 'order' OR wpgsm_termmeta.meta_key IS NULL )
)
			 ORDER BY wpgsm_termmeta.meta_value+0 ASC, t.name ASC
			  made by shutdown_action_hook, do_action('shutdown'), WP_Hook->do_action, WP_Hook->apply_filters, WC_Post_Data::do_deferred_product_sync, array_walk, WC_Post_Data::deferred_product_sync, wc_get_product, WC_Product_Factory->get_product, WC_Product_Simple->__construct, WC_Product->__construct, WC_Data_Store->read, WC_Product_Data_Store_CPT->read, WC_Product_Data_Store_CPT->read_attributes, wc_get_object_terms, get_the_terms, wp_get_object_terms, get_terms, WP_Term_Query->query, WP_Term_Query->get_terms
[17-Sep-2024 16:15:27 UTC] WordPress database error Commands out of sync; you can't run this command now for query SELECT DISTINCT t.term_id
			 FROM wpgsm_terms AS t  INNER JOIN wpgsm_term_taxonomy AS tt ON t.term_id = tt.term_id INNER JOIN wpgsm_term_relationships AS tr ON tr.term_taxonomy_id = tt.term_taxonomy_id
			 WHERE tt.taxonomy IN ('product_type') AND tr.object_id IN (965)
			 ORDER BY t.name ASC
			  made by shutdown_action_hook, do_action('shutdown'), WP_Hook->do_action, WP_Hook->apply_filters, WC_Post_Data::do_deferred_product_sync, array_walk, WC_Post_Data::deferred_product_sync, wc_get_product, WC_Product_Factory->get_product, WC_Product_Factory::get_product_type, WC_Data_Store->__call, WC_Product_Data_Store_CPT->get_product_type, get_the_terms, wp_get_object_terms, get_terms, WP_Term_Query->query, WP_Term_Query->get_terms
[17-Sep-2024 16:15:27 UTC] WordPress database error Commands out of sync; you can't run this command now for query SELECT DISTINCT t.term_id
			 FROM wpgsm_terms AS t  LEFT JOIN wpgsm_termmeta ON ( t.term_id = wpgsm_termmeta.term_id AND wpgsm_termmeta.meta_key='order') INNER JOIN wpgsm_term_taxonomy AS tt ON t.term_id = tt.term_id INNER JOIN wpgsm_term_relationships AS tr ON tr.term_taxonomy_id = tt.term_taxonomy_id
			 WHERE tt.taxonomy IN ('pa_color') AND tr.object_id IN (965) AND ( 
  ( wpgsm_termmeta.meta_key = 'order' OR wpgsm_termmeta.meta_key IS NULL )
)
			 ORDER BY wpgsm_termmeta.meta_value+0 ASC, t.name ASC
			  made by shutdown_action_hook, do_action('shutdown'), WP_Hook->do_action, WP_Hook->apply_filters, WC_Post_Data::do_deferred_product_sync, array_walk, WC_Post_Data::deferred_product_sync, wc_get_product, WC_Product_Factory->get_product, WC_Product_Simple->__construct, WC_Product->__construct, WC_Data_Store->read, WC_Product_Data_Store_CPT->read, WC_Product_Data_Store_CPT->read_attributes, wc_get_object_terms, get_the_terms, wp_get_object_terms, get_terms, WP_Term_Query->query, WP_Term_Query->get_terms
[17-Sep-2024 16:15:27 UTC] WordPress database error Commands out of sync; you can't run this command now for query SELECT DISTINCT t.term_id
			 FROM wpgsm_terms AS t  INNER JOIN wpgsm_term_taxonomy AS tt ON t.term_id = tt.term_id INNER JOIN wpgsm_term_relationships AS tr ON tr.term_taxonomy_id = tt.term_taxonomy_id
			 WHERE tt.taxonomy IN ('product_type') AND tr.object_id IN (966)
			 ORDER BY t.name ASC
			  made by shutdown_action_hook, do_action('shutdown'), WP_Hook->do_action, WP_Hook->apply_filters, WC_Post_Data::do_deferred_product_sync, array_walk, WC_Post_Data::deferred_product_sync, wc_get_product, WC_Product_Factory->get_product, WC_Product_Factory::get_product_type, WC_Data_Store->__call, WC_Product_Data_Store_CPT->get_product_type, get_the_terms, wp_get_object_terms, get_terms, WP_Term_Query->query, WP_Term_Query->get_terms
[17-Sep-2024 16:15:27 UTC] WordPress database error Commands out of sync; you can't run this command now for query SELECT DISTINCT t.term_id
			 FROM wpgsm_terms AS t  LEFT JOIN wpgsm_termmeta ON ( t.term_id = wpgsm_termmeta.term_id AND wpgsm_termmeta.meta_key='order') INNER JOIN wpgsm_term_taxonomy AS tt ON t.term_id = tt.term_id INNER JOIN wpgsm_term_relationships AS tr ON tr.term_taxonomy_id = tt.term_taxonomy_id
			 WHERE tt.taxonomy IN ('pa_color') AND tr.object_id IN (966) AND ( 
  ( wpgsm_termmeta.meta_key = 'order' OR wpgsm_termmeta.meta_key IS NULL )
)
			 ORDER BY wpgsm_termmeta.meta_value+0 ASC, t.name ASC
			  made by shutdown_action_hook, do_action('shutdown'), WP_Hook->do_action, WP_Hook->apply_filters, WC_Post_Data::do_deferred_product_sync, array_walk, WC_Post_Data::deferred_product_sync, wc_get_product, WC_Product_Factory->get_product, WC_Product_Simple->__construct, WC_Product->__construct, WC_Data_Store->read, WC_Product_Data_Store_CPT->read, WC_Product_Data_Store_CPT->read_attributes, wc_get_object_terms, get_the_terms, wp_get_object_terms, get_terms, WP_Term_Query->query, WP_Term_Query->get_terms
[17-Sep-2024 16:15:27 UTC] WordPress database error Commands out of sync; you can't run this command now for query SELECT DISTINCT t.term_id
			 FROM wpgsm_terms AS t  INNER JOIN wpgsm_term_taxonomy AS tt ON t.term_id = tt.term_id INNER JOIN wpgsm_term_relationships AS tr ON tr.term_taxonomy_id = tt.term_taxonomy_id
			 WHERE tt.taxonomy IN ('product_type') AND tr.object_id IN (967)
			 ORDER BY t.name ASC
			  made by shutdown_action_hook, do_action('shutdown'), WP_Hook->do_action, WP_Hook->apply_filters, WC_Post_Data::do_deferred_product_sync, array_walk, WC_Post_Data::deferred_product_sync, wc_get_product, WC_Product_Factory->get_product, WC_Product_Factory::get_product_type, WC_Data_Store->__call, WC_Product_Data_Store_CPT->get_product_type, get_the_terms, wp_get_object_terms, get_terms, WP_Term_Query->query, WP_Term_Query->get_terms
[17-Sep-2024 16:15:27 UTC] WordPress database error Commands out of sync; you can't run this command now for query SELECT DISTINCT t.term_id
			 FROM wpgsm_terms AS t  LEFT JOIN wpgsm_termmeta ON ( t.term_id = wpgsm_termmeta.term_id AND wpgsm_termmeta.meta_key='order') INNER JOIN wpgsm_term_taxonomy AS tt ON t.term_id = tt.term_id INNER JOIN wpgsm_term_relationships AS tr ON tr.term_taxonomy_id = tt.term_taxonomy_id
			 WHERE tt.taxonomy IN ('pa_color') AND tr.object_id IN (967) AND ( 
  ( wpgsm_termmeta.meta_key = 'order' OR wpgsm_termmeta.meta_key IS NULL )
)
			 ORDER BY wpgsm_termmeta.meta_value+0 ASC, t.name ASC
			  made by shutdown_action_hook, do_action('shutdown'), WP_Hook->do_action, WP_Hook->apply_filters, WC_Post_Data::do_deferred_product_sync, array_walk, WC_Post_Data::deferred_product_sync, wc_get_product, WC_Product_Factory->get_product, WC_Product_Simple->__construct, WC_Product->__construct, WC_Data_Store->read, WC_Product_Data_Store_CPT->read, WC_Product_Data_Store_CPT->read_attributes, wc_get_object_terms, get_the_terms, wp_get_object_terms, get_terms, WP_Term_Query->query, WP_Term_Query->get_terms
[17-Sep-2024 16:15:27 UTC] WordPress database error Commands out of sync; you can't run this command now for query SELECT DISTINCT t.term_id
			 FROM wpgsm_terms AS t  INNER JOIN wpgsm_term_taxonomy AS tt ON t.term_id = tt.term_id INNER JOIN wpgsm_term_relationships AS tr ON tr.term_taxonomy_id = tt.term_taxonomy_id
			 WHERE tt.taxonomy IN ('product_type') AND tr.object_id IN (968)
			 ORDER BY t.name ASC
			  made by shutdown_action_hook, do_action('shutdown'), WP_Hook->do_action, WP_Hook->apply_filters, WC_Post_Data::do_deferred_product_sync, array_walk, WC_Post_Data::deferred_product_sync, wc_get_product, WC_Product_Factory->get_product, WC_Product_Factory::get_product_type, WC_Data_Store->__call, WC_Product_Data_Store_CPT->get_product_type, get_the_terms, wp_get_object_terms, get_terms, WP_Term_Query->query, WP_Term_Query->get_terms
[17-Sep-2024 16:15:27 UTC] WordPress database error Commands out of sync; you can't run this command now for query SELECT DISTINCT t.term_id
			 FROM wpgsm_terms AS t  LEFT JOIN wpgsm_termmeta ON ( t.term_id = wpgsm_termmeta.term_id AND wpgsm_termmeta.meta_key='order') INNER JOIN wpgsm_term_taxonomy AS tt ON t.term_id = tt.term_id INNER JOIN wpgsm_term_relationships AS tr ON tr.term_taxonomy_id = tt.term_taxonomy_id
			 WHERE tt.taxonomy IN ('pa_color') AND tr.object_id IN (968) AND ( 
  ( wpgsm_termmeta.meta_key = 'order' OR wpgsm_termmeta.meta_key IS NULL )
)
			 ORDER BY wpgsm_termmeta.meta_value+0 ASC, t.name ASC
			  made by shutdown_action_hook, do_action('shutdown'), WP_Hook->do_action, WP_Hook->apply_filters, WC_Post_Data::do_deferred_product_sync, array_walk, WC_Post_Data::deferred_product_sync, wc_get_product, WC_Product_Factory->get_product, WC_Product_Simple->__construct, WC_Product->__construct, WC_Data_Store->read, WC_Product_Data_Store_CPT->read, WC_Product_Data_Store_CPT->read_attributes, wc_get_object_terms, get_the_terms, wp_get_object_terms, get_terms, WP_Term_Query->query, WP_Term_Query->get_terms
[17-Sep-2024 16:15:27 UTC] WordPress database error Commands out of sync; you can't run this command now for query SELECT DISTINCT t.term_id
			 FROM wpgsm_terms AS t  INNER JOIN wpgsm_term_taxonomy AS tt ON t.term_id = tt.term_id INNER JOIN wpgsm_term_relationships AS tr ON tr.term_taxonomy_id = tt.term_taxonomy_id
			 WHERE tt.taxonomy IN ('product_type') AND tr.object_id IN (969)
			 ORDER BY t.name ASC
			  made by shutdown_action_hook, do_action('shutdown'), WP_Hook->do_action, WP_Hook->apply_filters, WC_Post_Data::do_deferred_product_sync, array_walk, WC_Post_Data::deferred_product_sync, wc_get_product, WC_Product_Factory->get_product, WC_Product_Factory::get_product_type, WC_Data_Store->__call, WC_Product_Data_Store_CPT->get_product_type, get_the_terms, wp_get_object_terms, get_terms, WP_Term_Query->query, WP_Term_Query->get_terms
[17-Sep-2024 16:15:27 UTC] WordPress database error Commands out of sync; you can't run this command now for query SELECT DISTINCT t.term_id
			 FROM wpgsm_terms AS t  LEFT JOIN wpgsm_termmeta ON ( t.term_id = wpgsm_termmeta.term_id AND wpgsm_termmeta.meta_key='order') INNER JOIN wpgsm_term_taxonomy AS tt ON t.term_id = tt.term_id INNER JOIN wpgsm_term_relationships AS tr ON tr.term_taxonomy_id = tt.term_taxonomy_id
			 WHERE tt.taxonomy IN ('pa_color') AND tr.object_id IN (969) AND ( 
  ( wpgsm_termmeta.meta_key = 'order' OR wpgsm_termmeta.meta_key IS NULL )
)
			 ORDER BY wpgsm_termmeta.meta_value+0 ASC, t.name ASC
			  made by shutdown_action_hook, do_action('shutdown'), WP_Hook->do_action, WP_Hook->apply_filters, WC_Post_Data::do_deferred_product_sync, array_walk, WC_Post_Data::deferred_product_sync, wc_get_product, WC_Product_Factory->get_product, WC_Product_Simple->__construct, WC_Product->__construct, WC_Data_Store->read, WC_Product_Data_Store_CPT->read, WC_Product_Data_Store_CPT->read_attributes, wc_get_object_terms, get_the_terms, wp_get_object_terms, get_terms, WP_Term_Query->query, WP_Term_Query->get_terms
[17-Sep-2024 16:15:27 UTC] WordPress database error Commands out of sync; you can't run this command now for query SELECT DISTINCT t.term_id
			 FROM wpgsm_terms AS t  INNER JOIN wpgsm_term_taxonomy AS tt ON t.term_id = tt.term_id INNER JOIN wpgsm_term_relationships AS tr ON tr.term_taxonomy_id = tt.term_taxonomy_id
			 WHERE tt.taxonomy IN ('product_type') AND tr.object_id IN (970)
			 ORDER BY t.name ASC
			  made by shutdown_action_hook, do_action('shutdown'), WP_Hook->do_action, WP_Hook->apply_filters, WC_Post_Data::do_deferred_product_sync, array_walk, WC_Post_Data::deferred_product_sync, wc_get_product, WC_Product_Factory->get_product, WC_Product_Factory::get_product_type, WC_Data_Store->__call, WC_Product_Data_Store_CPT->get_product_type, get_the_terms, wp_get_object_terms, get_terms, WP_Term_Query->query, WP_Term_Query->get_terms
[17-Sep-2024 16:15:27 UTC] WordPress database error Commands out of sync; you can't run this command now for query SELECT DISTINCT t.term_id
			 FROM wpgsm_terms AS t  LEFT JOIN wpgsm_termmeta ON ( t.term_id = wpgsm_termmeta.term_id AND wpgsm_termmeta.meta_key='order') INNER JOIN wpgsm_term_taxonomy AS tt ON t.term_id = tt.term_id INNER JOIN wpgsm_term_relationships AS tr ON tr.term_taxonomy_id = tt.term_taxonomy_id
			 WHERE tt.taxonomy IN ('pa_color') AND tr.object_id IN (970) AND ( 
  ( wpgsm_termmeta.meta_key = 'order' OR wpgsm_termmeta.meta_key IS NULL )
)
			 ORDER BY wpgsm_termmeta.meta_value+0 ASC, t.name ASC
			  made by shutdown_action_hook, do_action('shutdown'), WP_Hook->do_action, WP_Hook->apply_filters, WC_Post_Data::do_deferred_product_sync, array_walk, WC_Post_Data::deferred_product_sync, wc_get_product, WC_Product_Factory->get_product, WC_Product_Simple->__construct, WC_Product->__construct, WC_Data_Store->read, WC_Product_Data_Store_CPT->read, WC_Product_Data_Store_CPT->read_attributes, wc_get_object_terms, get_the_terms, wp_get_object_terms, get_terms, WP_Term_Query->query, WP_Term_Query->get_terms
[17-Sep-2024 16:15:27 UTC] WordPress database error Commands out of sync; you can't run this command now for query SELECT DISTINCT t.term_id
			 FROM wpgsm_terms AS t  INNER JOIN wpgsm_term_taxonomy AS tt ON t.term_id = tt.term_id INNER JOIN wpgsm_term_relationships AS tr ON tr.term_taxonomy_id = tt.term_taxonomy_id
			 WHERE tt.taxonomy IN ('product_type') AND tr.object_id IN (971)
			 ORDER BY t.name ASC
			  made by shutdown_action_hook, do_action('shutdown'), WP_Hook->do_action, WP_Hook->apply_filters, WC_Post_Data::do_deferred_product_sync, array_walk, WC_Post_Data::deferred_product_sync, wc_get_product, WC_Product_Factory->get_product, WC_Product_Factory::get_product_type, WC_Data_Store->__call, WC_Product_Data_Store_CPT->get_product_type, get_the_terms, wp_get_object_terms, get_terms, WP_Term_Query->query, WP_Term_Query->get_terms
[17-Sep-2024 16:15:27 UTC] WordPress database error Commands out of sync; you can't run this command now for query SELECT DISTINCT t.term_id
			 FROM wpgsm_terms AS t  LEFT JOIN wpgsm_termmeta ON ( t.term_id = wpgsm_termmeta.term_id AND wpgsm_termmeta.meta_key='order') INNER JOIN wpgsm_term_taxonomy AS tt ON t.term_id = tt.term_id INNER JOIN wpgsm_term_relationships AS tr ON tr.term_taxonomy_id = tt.term_taxonomy_id
			 WHERE tt.taxonomy IN ('pa_color') AND tr.object_id IN (971) AND ( 
  ( wpgsm_termmeta.meta_key = 'order' OR wpgsm_termmeta.meta_key IS NULL )
)
			 ORDER BY wpgsm_termmeta.meta_value+0 ASC, t.name ASC
			  made by shutdown_action_hook, do_action('shutdown'), WP_Hook->do_action, WP_Hook->apply_filters, WC_Post_Data::do_deferred_product_sync, array_walk, WC_Post_Data::deferred_product_sync, wc_get_product, WC_Product_Factory->get_product, WC_Product_Simple->__construct, WC_Product->__construct, WC_Data_Store->read, WC_Product_Data_Store_CPT->read, WC_Product_Data_Store_CPT->read_attributes, wc_get_object_terms, get_the_terms, wp_get_object_terms, get_terms, WP_Term_Query->query, WP_Term_Query->get_terms
[17-Sep-2024 16:15:27 UTC] WordPress database error Commands out of sync; you can't run this command now for query SELECT DISTINCT t.term_id
			 FROM wpgsm_terms AS t  INNER JOIN wpgsm_term_taxonomy AS tt ON t.term_id = tt.term_id INNER JOIN wpgsm_term_relationships AS tr ON tr.term_taxonomy_id = tt.term_taxonomy_id
			 WHERE tt.taxonomy IN ('product_type') AND tr.object_id IN (972)
			 ORDER BY t.name ASC
			  made by shutdown_action_hook, do_action('shutdown'), WP_Hook->do_action, WP_Hook->apply_filters, WC_Post_Data::do_deferred_product_sync, array_walk, WC_Post_Data::deferred_product_sync, wc_get_product, WC_Product_Factory->get_product, WC_Product_Factory::get_product_type, WC_Data_Store->__call, WC_Product_Data_Store_CPT->get_product_type, get_the_terms, wp_get_object_terms, get_terms, WP_Term_Query->query, WP_Term_Query->get_terms
[17-Sep-2024 16:15:27 UTC] WordPress database error Commands out of sync; you can't run this command now for query SELECT DISTINCT t.term_id
			 FROM wpgsm_terms AS t  LEFT JOIN wpgsm_termmeta ON ( t.term_id = wpgsm_termmeta.term_id AND wpgsm_termmeta.meta_key='order') INNER JOIN wpgsm_term_taxonomy AS tt ON t.term_id = tt.term_id INNER JOIN wpgsm_term_relationships AS tr ON tr.term_taxonomy_id = tt.term_taxonomy_id
			 WHERE tt.taxonomy IN ('pa_color') AND tr.object_id IN (972) AND ( 
  ( wpgsm_termmeta.meta_key = 'order' OR wpgsm_termmeta.meta_key IS NULL )
)
			 ORDER BY wpgsm_termmeta.meta_value+0 ASC, t.name ASC
			  made by shutdown_action_hook, do_action('shutdown'), WP_Hook->do_action, WP_Hook->apply_filters, WC_Post_Data::do_deferred_product_sync, array_walk, WC_Post_Data::deferred_product_sync, wc_get_product, WC_Product_Factory->get_product, WC_Product_Simple->__construct, WC_Product->__construct, WC_Data_Store->read, WC_Product_Data_Store_CPT->read, WC_Product_Data_Store_CPT->read_attributes, wc_get_object_terms, get_the_terms, wp_get_object_terms, get_terms, WP_Term_Query->query, WP_Term_Query->get_terms
[17-Sep-2024 16:15:27 UTC] WordPress database error Commands out of sync; you can't run this command now for query SELECT DISTINCT t.term_id
			 FROM wpgsm_terms AS t  INNER JOIN wpgsm_term_taxonomy AS tt ON t.term_id = tt.term_id INNER JOIN wpgsm_term_relationships AS tr ON tr.term_taxonomy_id = tt.term_taxonomy_id
			 WHERE tt.taxonomy IN ('product_type') AND tr.object_id IN (973)
			 ORDER BY t.name ASC
			  made by shutdown_action_hook, do_action('shutdown'), WP_Hook->do_action, WP_Hook->apply_filters, WC_Post_Data::do_deferred_product_sync, array_walk, WC_Post_Data::deferred_product_sync, wc_get_product, WC_Product_Factory->get_product, WC_Product_Factory::get_product_type, WC_Data_Store->__call, WC_Product_Data_Store_CPT->get_product_type, get_the_terms, wp_get_object_terms, get_terms, WP_Term_Query->query, WP_Term_Query->get_terms
[17-Sep-2024 16:15:27 UTC] WordPress database error Commands out of sync; you can't run this command now for query SELECT DISTINCT t.term_id
			 FROM wpgsm_terms AS t  LEFT JOIN wpgsm_termmeta ON ( t.term_id = wpgsm_termmeta.term_id AND wpgsm_termmeta.meta_key='order') INNER JOIN wpgsm_term_taxonomy AS tt ON t.term_id = tt.term_id INNER JOIN wpgsm_term_relationships AS tr ON tr.term_taxonomy_id = tt.term_taxonomy_id
			 WHERE tt.taxonomy IN ('pa_color') AND tr.object_id IN (973) AND ( 
  ( wpgsm_termmeta.meta_key = 'order' OR wpgsm_termmeta.meta_key IS NULL )
)
			 ORDER BY wpgsm_termmeta.meta_value+0 ASC, t.name ASC
			  made by shutdown_action_hook, do_action('shutdown'), WP_Hook->do_action, WP_Hook->apply_filters, WC_Post_Data::do_deferred_product_sync, array_walk, WC_Post_Data::deferred_product_sync, wc_get_product, WC_Product_Factory->get_product, WC_Product_Simple->__construct, WC_Product->__construct, WC_Data_Store->read, WC_Product_Data_Store_CPT->read, WC_Product_Data_Store_CPT->read_attributes, wc_get_object_terms, get_the_terms, wp_get_object_terms, get_terms, WP_Term_Query->query, WP_Term_Query->get_terms
[17-Sep-2024 16:15:27 UTC] WordPress database error Commands out of sync; you can't run this command now for query SELECT DISTINCT t.term_id
			 FROM wpgsm_terms AS t  INNER JOIN wpgsm_term_taxonomy AS tt ON t.term_id = tt.term_id INNER JOIN wpgsm_term_relationships AS tr ON tr.term_taxonomy_id = tt.term_taxonomy_id
			 WHERE tt.taxonomy IN ('product_type') AND tr.object_id IN (974)
			 ORDER BY t.name ASC
			  made by shutdown_action_hook, do_action('shutdown'), WP_Hook->do_action, WP_Hook->apply_filters, WC_Post_Data::do_deferred_product_sync, array_walk, WC_Post_Data::deferred_product_sync, wc_get_product, WC_Product_Factory->get_product, WC_Product_Factory::get_product_type, WC_Data_Store->__call, WC_Product_Data_Store_CPT->get_product_type, get_the_terms, wp_get_object_terms, get_terms, WP_Term_Query->query, WP_Term_Query->get_terms
[17-Sep-2024 16:15:27 UTC] WordPress database error Commands out of sync; you can't run this command now for query SELECT DISTINCT t.term_id
			 FROM wpgsm_terms AS t  LEFT JOIN wpgsm_termmeta ON ( t.term_id = wpgsm_termmeta.term_id AND wpgsm_termmeta.meta_key='order') INNER JOIN wpgsm_term_taxonomy AS tt ON t.term_id = tt.term_id INNER JOIN wpgsm_term_relationships AS tr ON tr.term_taxonomy_id = tt.term_taxonomy_id
			 WHERE tt.taxonomy IN ('pa_color') AND tr.object_id IN (974) AND ( 
  ( wpgsm_termmeta.meta_key = 'order' OR wpgsm_termmeta.meta_key IS NULL )
)
			 ORDER BY wpgsm_termmeta.meta_value+0 ASC, t.name ASC
			  made by shutdown_action_hook, do_action('shutdown'), WP_Hook->do_action, WP_Hook->apply_filters, WC_Post_Data::do_deferred_product_sync, array_walk, WC_Post_Data::deferred_product_sync, wc_get_product, WC_Product_Factory->get_product, WC_Product_Simple->__construct, WC_Product->__construct, WC_Data_Store->read, WC_Product_Data_Store_CPT->read, WC_Product_Data_Store_CPT->read_attributes, wc_get_object_terms, get_the_terms, wp_get_object_terms, get_terms, WP_Term_Query->query, WP_Term_Query->get_terms
[17-Sep-2024 16:15:27 UTC] WordPress database error Commands out of sync; you can't run this command now for query SELECT DISTINCT t.term_id
			 FROM wpgsm_terms AS t  INNER JOIN wpgsm_term_taxonomy AS tt ON t.term_id = tt.term_id INNER JOIN wpgsm_term_relationships AS tr ON tr.term_taxonomy_id = tt.term_taxonomy_id
			 WHERE tt.taxonomy IN ('product_type') AND tr.object_id IN (975)
			 ORDER BY t.name ASC
			  made by shutdown_action_hook, do_action('shutdown'), WP_Hook->do_action, WP_Hook->apply_filters, WC_Post_Data::do_deferred_product_sync, array_walk, WC_Post_Data::deferred_product_sync, wc_get_product, WC_Product_Factory->get_product, WC_Product_Factory::get_product_type, WC_Data_Store->__call, WC_Product_Data_Store_CPT->get_product_type, get_the_terms, wp_get_object_terms, get_terms, WP_Term_Query->query, WP_Term_Query->get_terms
[17-Sep-2024 16:15:27 UTC] WordPress database error Commands out of sync; you can't run this command now for query SELECT DISTINCT t.term_id
			 FROM wpgsm_terms AS t  LEFT JOIN wpgsm_termmeta ON ( t.term_id = wpgsm_termmeta.term_id AND wpgsm_termmeta.meta_key='order') INNER JOIN wpgsm_term_taxonomy AS tt ON t.term_id = tt.term_id INNER JOIN wpgsm_term_relationships AS tr ON tr.term_taxonomy_id = tt.term_taxonomy_id
			 WHERE tt.taxonomy IN ('pa_color') AND tr.object_id IN (975) AND ( 
  ( wpgsm_termmeta.meta_key = 'order' OR wpgsm_termmeta.meta_key IS NULL )
)
			 ORDER BY wpgsm_termmeta.meta_value+0 ASC, t.name ASC
			  made by shutdown_action_hook, do_action('shutdown'), WP_Hook->do_action, WP_Hook->apply_filters, WC_Post_Data::do_deferred_product_sync, array_walk, WC_Post_Data::deferred_product_sync, wc_get_product, WC_Product_Factory->get_product, WC_Product_Simple->__construct, WC_Product->__construct, WC_Data_Store->read, WC_Product_Data_Store_CPT->read, WC_Product_Data_Store_CPT->read_attributes, wc_get_object_terms, get_the_terms, wp_get_object_terms, get_terms, WP_Term_Query->query, WP_Term_Query->get_terms
[17-Sep-2024 16:15:27 UTC] WordPress database error Commands out of sync; you can't run this command now for query SELECT DISTINCT t.term_id
			 FROM wpgsm_terms AS t  INNER JOIN wpgsm_term_taxonomy AS tt ON t.term_id = tt.term_id INNER JOIN wpgsm_term_relationships AS tr ON tr.term_taxonomy_id = tt.term_taxonomy_id
			 WHERE tt.taxonomy IN ('product_type') AND tr.object_id IN (976)
			 ORDER BY t.name ASC
			  made by shutdown_action_hook, do_action('shutdown'), WP_Hook->do_action, WP_Hook->apply_filters, WC_Post_Data::do_deferred_product_sync, array_walk, WC_Post_Data::deferred_product_sync, wc_get_product, WC_Product_Factory->get_product, WC_Product_Factory::get_product_type, WC_Data_Store->__call, WC_Product_Data_Store_CPT->get_product_type, get_the_terms, wp_get_object_terms, get_terms, WP_Term_Query->query, WP_Term_Query->get_terms
[17-Sep-2024 16:15:27 UTC] WordPress database error Commands out of sync; you can't run this command now for query SELECT DISTINCT t.term_id
			 FROM wpgsm_terms AS t  LEFT JOIN wpgsm_termmeta ON ( t.term_id = wpgsm_termmeta.term_id AND wpgsm_termmeta.meta_key='order') INNER JOIN wpgsm_term_taxonomy AS tt ON t.term_id = tt.term_id INNER JOIN wpgsm_term_relationships AS tr ON tr.term_taxonomy_id = tt.term_taxonomy_id
			 WHERE tt.taxonomy IN ('pa_color') AND tr.object_id IN (976) AND ( 
  ( wpgsm_termmeta.meta_key = 'order' OR wpgsm_termmeta.meta_key IS NULL )
)
			 ORDER BY wpgsm_termmeta.meta_value+0 ASC, t.name ASC
			  made by shutdown_action_hook, do_action('shutdown'), WP_Hook->do_action, WP_Hook->apply_filters, WC_Post_Data::do_deferred_product_sync, array_walk, WC_Post_Data::deferred_product_sync, wc_get_product, WC_Product_Factory->get_product, WC_Product_Simple->__construct, WC_Product->__construct, WC_Data_Store->read, WC_Product_Data_Store_CPT->read, WC_Product_Data_Store_CPT->read_attributes, wc_get_object_terms, get_the_terms, wp_get_object_terms, get_terms, WP_Term_Query->query, WP_Term_Query->get_terms
[17-Sep-2024 16:15:27 UTC] WordPress database error Commands out of sync; you can't run this command now for query SELECT DISTINCT t.term_id
			 FROM wpgsm_terms AS t  INNER JOIN wpgsm_term_taxonomy AS tt ON t.term_id = tt.term_id INNER JOIN wpgsm_term_relationships AS tr ON tr.term_taxonomy_id = tt.term_taxonomy_id
			 WHERE tt.taxonomy IN ('product_type') AND tr.object_id IN (977)
			 ORDER BY t.name ASC
			  made by shutdown_action_hook, do_action('shutdown'), WP_Hook->do_action, WP_Hook->apply_filters, WC_Post_Data::do_deferred_product_sync, array_walk, WC_Post_Data::deferred_product_sync, wc_get_product, WC_Product_Factory->get_product, WC_Product_Factory::get_product_type, WC_Data_Store->__call, WC_Product_Data_Store_CPT->get_product_type, get_the_terms, wp_get_object_terms, get_terms, WP_Term_Query->query, WP_Term_Query->get_terms
[17-Sep-2024 16:15:27 UTC] WordPress database error Commands out of sync; you can't run this command now for query SELECT DISTINCT t.term_id
			 FROM wpgsm_terms AS t  LEFT JOIN wpgsm_termmeta ON ( t.term_id = wpgsm_termmeta.term_id AND wpgsm_termmeta.meta_key='order') INNER JOIN wpgsm_term_taxonomy AS tt ON t.term_id = tt.term_id INNER JOIN wpgsm_term_relationships AS tr ON tr.term_taxonomy_id = tt.term_taxonomy_id
			 WHERE tt.taxonomy IN ('pa_color') AND tr.object_id IN (977) AND ( 
  ( wpgsm_termmeta.meta_key = 'order' OR wpgsm_termmeta.meta_key IS NULL )
)
			 ORDER BY wpgsm_termmeta.meta_value+0 ASC, t.name ASC
			  made by shutdown_action_hook, do_action('shutdown'), WP_Hook->do_action, WP_Hook->apply_filters, WC_Post_Data::do_deferred_product_sync, array_walk, WC_Post_Data::deferred_product_sync, wc_get_product, WC_Product_Factory->get_product, WC_Product_Simple->__construct, WC_Product->__construct, WC_Data_Store->read, WC_Product_Data_Store_CPT->read, WC_Product_Data_Store_CPT->read_attributes, wc_get_object_terms, get_the_terms, wp_get_object_terms, get_terms, WP_Term_Query->query, WP_Term_Query->get_terms
[17-Sep-2024 16:15:27 UTC] WordPress database error Commands out of sync; you can't run this command now for query SELECT DISTINCT t.term_id
			 FROM wpgsm_terms AS t  INNER JOIN wpgsm_term_taxonomy AS tt ON t.term_id = tt.term_id INNER JOIN wpgsm_term_relationships AS tr ON tr.term_taxonomy_id = tt.term_taxonomy_id
			 WHERE tt.taxonomy IN ('product_type') AND tr.object_id IN (978)
			 ORDER BY t.name ASC
			  made by shutdown_action_hook, do_action('shutdown'), WP_Hook->do_action, WP_Hook->apply_filters, WC_Post_Data::do_deferred_product_sync, array_walk, WC_Post_Data::deferred_product_sync, wc_get_product, WC_Product_Factory->get_product, WC_Product_Factory::get_product_type, WC_Data_Store->__call, WC_Product_Data_Store_CPT->get_product_type, get_the_terms, wp_get_object_terms, get_terms, WP_Term_Query->query, WP_Term_Query->get_terms
[17-Sep-2024 16:15:27 UTC] WordPress database error Commands out of sync; you can't run this command now for query SELECT DISTINCT t.term_id
			 FROM wpgsm_terms AS t  LEFT JOIN wpgsm_termmeta ON ( t.term_id = wpgsm_termmeta.term_id AND wpgsm_termmeta.meta_key='order') INNER JOIN wpgsm_term_taxonomy AS tt ON t.term_id = tt.term_id INNER JOIN wpgsm_term_relationships AS tr ON tr.term_taxonomy_id = tt.term_taxonomy_id
			 WHERE tt.taxonomy IN ('pa_color') AND tr.object_id IN (978) AND ( 
  ( wpgsm_termmeta.meta_key = 'order' OR wpgsm_termmeta.meta_key IS NULL )
)
			 ORDER BY wpgsm_termmeta.meta_value+0 ASC, t.name ASC
			  made by shutdown_action_hook, do_action('shutdown'), WP_Hook->do_action, WP_Hook->apply_filters, WC_Post_Data::do_deferred_product_sync, array_walk, WC_Post_Data::deferred_product_sync, wc_get_product, WC_Product_Factory->get_product, WC_Product_Simple->__construct, WC_Product->__construct, WC_Data_Store->read, WC_Product_Data_Store_CPT->read, WC_Product_Data_Store_CPT->read_attributes, wc_get_object_terms, get_the_terms, wp_get_object_terms, get_terms, WP_Term_Query->query, WP_Term_Query->get_terms
[17-Sep-2024 16:15:27 UTC] WordPress database error Commands out of sync; you can't run this command now for query SELECT DISTINCT t.term_id
			 FROM wpgsm_terms AS t  INNER JOIN wpgsm_term_taxonomy AS tt ON t.term_id = tt.term_id INNER JOIN wpgsm_term_relationships AS tr ON tr.term_taxonomy_id = tt.term_taxonomy_id
			 WHERE tt.taxonomy IN ('product_type') AND tr.object_id IN (979)
			 ORDER BY t.name ASC
			  made by shutdown_action_hook, do_action('shutdown'), WP_Hook->do_action, WP_Hook->apply_filters, WC_Post_Data::do_deferred_product_sync, array_walk, WC_Post_Data::deferred_product_sync, wc_get_product, WC_Product_Factory->get_product, WC_Product_Factory::get_product_type, WC_Data_Store->__call, WC_Product_Data_Store_CPT->get_product_type, get_the_terms, wp_get_object_terms, get_terms, WP_Term_Query->query, WP_Term_Query->get_terms
[17-Sep-2024 16:15:27 UTC] WordPress database error Commands out of sync; you can't run this command now for query SELECT DISTINCT t.term_id
			 FROM wpgsm_terms AS t  LEFT JOIN wpgsm_termmeta ON ( t.term_id = wpgsm_termmeta.term_id AND wpgsm_termmeta.meta_key='order') INNER JOIN wpgsm_term_taxonomy AS tt ON t.term_id = tt.term_id INNER JOIN wpgsm_term_relationships AS tr ON tr.term_taxonomy_id = tt.term_taxonomy_id
			 WHERE tt.taxonomy IN ('pa_color') AND tr.object_id IN (979) AND ( 
  ( wpgsm_termmeta.meta_key = 'order' OR wpgsm_termmeta.meta_key IS NULL )
)
			 ORDER BY wpgsm_termmeta.meta_value+0 ASC, t.name ASC
			  made by shutdown_action_hook, do_action('shutdown'), WP_Hook->do_action, WP_Hook->apply_filters, WC_Post_Data::do_deferred_product_sync, array_walk, WC_Post_Data::deferred_product_sync, wc_get_product, WC_Product_Factory->get_product, WC_Product_Simple->__construct, WC_Product->__construct, WC_Data_Store->read, WC_Product_Data_Store_CPT->read, WC_Product_Data_Store_CPT->read_attributes, wc_get_object_terms, get_the_terms, wp_get_object_terms, get_terms, WP_Term_Query->query, WP_Term_Query->get_terms
[17-Sep-2024 16:15:27 UTC] WordPress database error Commands out of sync; you can't run this command now for query SELECT DISTINCT t.term_id
			 FROM wpgsm_terms AS t  INNER JOIN wpgsm_term_taxonomy AS tt ON t.term_id = tt.term_id INNER JOIN wpgsm_term_relationships AS tr ON tr.term_taxonomy_id = tt.term_taxonomy_id
			 WHERE tt.taxonomy IN ('product_type') AND tr.object_id IN (980)
			 ORDER BY t.name ASC
			  made by shutdown_action_hook, do_action('shutdown'), WP_Hook->do_action, WP_Hook->apply_filters, WC_Post_Data::do_deferred_product_sync, array_walk, WC_Post_Data::deferred_product_sync, wc_get_product, WC_Product_Factory->get_product, WC_Product_Factory::get_product_type, WC_Data_Store->__call, WC_Product_Data_Store_CPT->get_product_type, get_the_terms, wp_get_object_terms, get_terms, WP_Term_Query->query, WP_Term_Query->get_terms
[17-Sep-2024 16:15:27 UTC] WordPress database error Commands out of sync; you can't run this command now for query SELECT DISTINCT t.term_id
			 FROM wpgsm_terms AS t  LEFT JOIN wpgsm_termmeta ON ( t.term_id = wpgsm_termmeta.term_id AND wpgsm_termmeta.meta_key='order') INNER JOIN wpgsm_term_taxonomy AS tt ON t.term_id = tt.term_id INNER JOIN wpgsm_term_relationships AS tr ON tr.term_taxonomy_id = tt.term_taxonomy_id
			 WHERE tt.taxonomy IN ('pa_color') AND tr.object_id IN (980) AND ( 
  ( wpgsm_termmeta.meta_key = 'order' OR wpgsm_termmeta.meta_key IS NULL )
)
			 ORDER BY wpgsm_termmeta.meta_value+0 ASC, t.name ASC
			  made by shutdown_action_hook, do_action('shutdown'), WP_Hook->do_action, WP_Hook->apply_filters, WC_Post_Data::do_deferred_product_sync, array_walk, WC_Post_Data::deferred_product_sync, wc_get_product, WC_Product_Factory->get_product, WC_Product_Simple->__construct, WC_Product->__construct, WC_Data_Store->read, WC_Product_Data_Store_CPT->read, WC_Product_Data_Store_CPT->read_attributes, wc_get_object_terms, get_the_terms, wp_get_object_terms, get_terms, WP_Term_Query->query, WP_Term_Query->get_terms
[17-Sep-2024 16:15:27 UTC] WordPress database error Commands out of sync; you can't run this command now for query SELECT DISTINCT t.term_id
			 FROM wpgsm_terms AS t  INNER JOIN wpgsm_term_taxonomy AS tt ON t.term_id = tt.term_id INNER JOIN wpgsm_term_relationships AS tr ON tr.term_taxonomy_id = tt.term_taxonomy_id
			 WHERE tt.taxonomy IN ('product_type') AND tr.object_id IN (981)
			 ORDER BY t.name ASC
			  made by shutdown_action_hook, do_action('shutdown'), WP_Hook->do_action, WP_Hook->apply_filters, WC_Post_Data::do_deferred_product_sync, array_walk, WC_Post_Data::deferred_product_sync, wc_get_product, WC_Product_Factory->get_product, WC_Product_Factory::get_product_type, WC_Data_Store->__call, WC_Product_Data_Store_CPT->get_product_type, get_the_terms, wp_get_object_terms, get_terms, WP_Term_Query->query, WP_Term_Query->get_terms
[17-Sep-2024 16:15:27 UTC] WordPress database error Commands out of sync; you can't run this command now for query SELECT DISTINCT t.term_id
			 FROM wpgsm_terms AS t  LEFT JOIN wpgsm_termmeta ON ( t.term_id = wpgsm_termmeta.term_id AND wpgsm_termmeta.meta_key='order') INNER JOIN wpgsm_term_taxonomy AS tt ON t.term_id = tt.term_id INNER JOIN wpgsm_term_relationships AS tr ON tr.term_taxonomy_id = tt.term_taxonomy_id
			 WHERE tt.taxonomy IN ('pa_color') AND tr.object_id IN (981) AND ( 
  ( wpgsm_termmeta.meta_key = 'order' OR wpgsm_termmeta.meta_key IS NULL )
)
			 ORDER BY wpgsm_termmeta.meta_value+0 ASC, t.name ASC
			  made by shutdown_action_hook, do_action('shutdown'), WP_Hook->do_action, WP_Hook->apply_filters, WC_Post_Data::do_deferred_product_sync, array_walk, WC_Post_Data::deferred_product_sync, wc_get_product, WC_Product_Factory->get_product, WC_Product_Simple->__construct, WC_Product->__construct, WC_Data_Store->read, WC_Product_Data_Store_CPT->read, WC_Product_Data_Store_CPT->read_attributes, wc_get_object_terms, get_the_terms, wp_get_object_terms, get_terms, WP_Term_Query->query, WP_Term_Query->get_terms
[17-Sep-2024 16:15:27 UTC] WordPress database error Commands out of sync; you can't run this command now for query SELECT DISTINCT t.term_id
			 FROM wpgsm_terms AS t  INNER JOIN wpgsm_term_taxonomy AS tt ON t.term_id = tt.term_id INNER JOIN wpgsm_term_relationships AS tr ON tr.term_taxonomy_id = tt.term_taxonomy_id
			 WHERE tt.taxonomy IN ('product_type') AND tr.object_id IN (982)
			 ORDER BY t.name ASC
			  made by shutdown_action_hook, do_action('shutdown'), WP_Hook->do_action, WP_Hook->apply_filters, WC_Post_Data::do_deferred_product_sync, array_walk, WC_Post_Data::deferred_product_sync, wc_get_product, WC_Product_Factory->get_product, WC_Product_Factory::get_product_type, WC_Data_Store->__call, WC_Product_Data_Store_CPT->get_product_type, get_the_terms, wp_get_object_terms, get_terms, WP_Term_Query->query, WP_Term_Query->get_terms
[17-Sep-2024 16:15:27 UTC] WordPress database error Commands out of sync; you can't run this command now for query SELECT DISTINCT t.term_id
			 FROM wpgsm_terms AS t  LEFT JOIN wpgsm_termmeta ON ( t.term_id = wpgsm_termmeta.term_id AND wpgsm_termmeta.meta_key='order') INNER JOIN wpgsm_term_taxonomy AS tt ON t.term_id = tt.term_id INNER JOIN wpgsm_term_relationships AS tr ON tr.term_taxonomy_id = tt.term_taxonomy_id
			 WHERE tt.taxonomy IN ('pa_color') AND tr.object_id IN (982) AND ( 
  ( wpgsm_termmeta.meta_key = 'order' OR wpgsm_termmeta.meta_key IS NULL )
)
			 ORDER BY wpgsm_termmeta.meta_value+0 ASC, t.name ASC
			  made by shutdown_action_hook, do_action('shutdown'), WP_Hook->do_action, WP_Hook->apply_filters, WC_Post_Data::do_deferred_product_sync, array_walk, WC_Post_Data::deferred_product_sync, wc_get_product, WC_Product_Factory->get_product, WC_Product_Simple->__construct, WC_Product->__construct, WC_Data_Store->read, WC_Product_Data_Store_CPT->read, WC_Product_Data_Store_CPT->read_attributes, wc_get_object_terms, get_the_terms, wp_get_object_terms, get_terms, WP_Term_Query->query, WP_Term_Query->get_terms
[17-Sep-2024 16:15:27 UTC] WordPress database error Commands out of sync; you can't run this command now for query SELECT DISTINCT t.term_id
			 FROM wpgsm_terms AS t  INNER JOIN wpgsm_term_taxonomy AS tt ON t.term_id = tt.term_id INNER JOIN wpgsm_term_relationships AS tr ON tr.term_taxonomy_id = tt.term_taxonomy_id
			 WHERE tt.taxonomy IN ('product_type') AND tr.object_id IN (983)
			 ORDER BY t.name ASC
			  made by shutdown_action_hook, do_action('shutdown'), WP_Hook->do_action, WP_Hook->apply_filters, WC_Post_Data::do_deferred_product_sync, array_walk, WC_Post_Data::deferred_product_sync, wc_get_product, WC_Product_Factory->get_product, WC_Product_Factory::get_product_type, WC_Data_Store->__call, WC_Product_Data_Store_CPT->get_product_type, get_the_terms, wp_get_object_terms, get_terms, WP_Term_Query->query, WP_Term_Query->get_terms
[17-Sep-2024 16:15:27 UTC] WordPress database error Commands out of sync; you can't run this command now for query SELECT DISTINCT t.term_id
			 FROM wpgsm_terms AS t  LEFT JOIN wpgsm_termmeta ON ( t.term_id = wpgsm_termmeta.term_id AND wpgsm_termmeta.meta_key='order') INNER JOIN wpgsm_term_taxonomy AS tt ON t.term_id = tt.term_id INNER JOIN wpgsm_term_relationships AS tr ON tr.term_taxonomy_id = tt.term_taxonomy_id
			 WHERE tt.taxonomy IN ('pa_color') AND tr.object_id IN (983) AND ( 
  ( wpgsm_termmeta.meta_key = 'order' OR wpgsm_termmeta.meta_key IS NULL )
)
			 ORDER BY wpgsm_termmeta.meta_value+0 ASC, t.name ASC
			  made by shutdown_action_hook, do_action('shutdown'), WP_Hook->do_action, WP_Hook->apply_filters, WC_Post_Data::do_deferred_product_sync, array_walk, WC_Post_Data::deferred_product_sync, wc_get_product, WC_Product_Factory->get_product, WC_Product_Simple->__construct, WC_Product->__construct, WC_Data_Store->read, WC_Product_Data_Store_CPT->read, WC_Product_Data_Store_CPT->read_attributes, wc_get_object_terms, get_the_terms, wp_get_object_terms, get_terms, WP_Term_Query->query, WP_Term_Query->get_terms
[17-Sep-2024 16:15:27 UTC] WordPress database error Commands out of sync; you can't run this command now for query SELECT DISTINCT t.term_id
			 FROM wpgsm_terms AS t  INNER JOIN wpgsm_term_taxonomy AS tt ON t.term_id = tt.term_id INNER JOIN wpgsm_term_relationships AS tr ON tr.term_taxonomy_id = tt.term_taxonomy_id
			 WHERE tt.taxonomy IN ('product_type') AND tr.object_id IN (984)
			 ORDER BY t.name ASC
			  made by shutdown_action_hook, do_action('shutdown'), WP_Hook->do_action, WP_Hook->apply_filters, WC_Post_Data::do_deferred_product_sync, array_walk, WC_Post_Data::deferred_product_sync, wc_get_product, WC_Product_Factory->get_product, WC_Product_Factory::get_product_type, WC_Data_Store->__call, WC_Product_Data_Store_CPT->get_product_type, get_the_terms, wp_get_object_terms, get_terms, WP_Term_Query->query, WP_Term_Query->get_terms
[17-Sep-2024 16:15:27 UTC] WordPress database error Commands out of sync; you can't run this command now for query SELECT DISTINCT t.term_id
			 FROM wpgsm_terms AS t  LEFT JOIN wpgsm_termmeta ON ( t.term_id = wpgsm_termmeta.term_id AND wpgsm_termmeta.meta_key='order') INNER JOIN wpgsm_term_taxonomy AS tt ON t.term_id = tt.term_id INNER JOIN wpgsm_term_relationships AS tr ON tr.term_taxonomy_id = tt.term_taxonomy_id
			 WHERE tt.taxonomy IN ('pa_color') AND tr.object_id IN (984) AND ( 
  ( wpgsm_termmeta.meta_key = 'order' OR wpgsm_termmeta.meta_key IS NULL )
)
			 ORDER BY wpgsm_termmeta.meta_value+0 ASC, t.name ASC
			  made by shutdown_action_hook, do_action('shutdown'), WP_Hook->do_action, WP_Hook->apply_filters, WC_Post_Data::do_deferred_product_sync, array_walk, WC_Post_Data::deferred_product_sync, wc_get_product, WC_Product_Factory->get_product, WC_Product_Simple->__construct, WC_Product->__construct, WC_Data_Store->read, WC_Product_Data_Store_CPT->read, WC_Product_Data_Store_CPT->read_attributes, wc_get_object_terms, get_the_terms, wp_get_object_terms, get_terms, WP_Term_Query->query, WP_Term_Query->get_terms
[17-Sep-2024 16:15:27 UTC] WordPress database error Commands out of sync; you can't run this command now for query SELECT DISTINCT t.term_id
			 FROM wpgsm_terms AS t  INNER JOIN wpgsm_term_taxonomy AS tt ON t.term_id = tt.term_id INNER JOIN wpgsm_term_relationships AS tr ON tr.term_taxonomy_id = tt.term_taxonomy_id
			 WHERE tt.taxonomy IN ('product_type') AND tr.object_id IN (985)
			 ORDER BY t.name ASC
			  made by shutdown_action_hook, do_action('shutdown'), WP_Hook->do_action, WP_Hook->apply_filters, WC_Post_Data::do_deferred_product_sync, array_walk, WC_Post_Data::deferred_product_sync, wc_get_product, WC_Product_Factory->get_product, WC_Product_Factory::get_product_type, WC_Data_Store->__call, WC_Product_Data_Store_CPT->get_product_type, get_the_terms, wp_get_object_terms, get_terms, WP_Term_Query->query, WP_Term_Query->get_terms
[17-Sep-2024 16:15:27 UTC] WordPress database error Commands out of sync; you can't run this command now for query SELECT DISTINCT t.term_id
			 FROM wpgsm_terms AS t  LEFT JOIN wpgsm_termmeta ON ( t.term_id = wpgsm_termmeta.term_id AND wpgsm_termmeta.meta_key='order') INNER JOIN wpgsm_term_taxonomy AS tt ON t.term_id = tt.term_id INNER JOIN wpgsm_term_relationships AS tr ON tr.term_taxonomy_id = tt.term_taxonomy_id
			 WHERE tt.taxonomy IN ('pa_color') AND tr.object_id IN (985) AND ( 
  ( wpgsm_termmeta.meta_key = 'order' OR wpgsm_termmeta.meta_key IS NULL )
)
			 ORDER BY wpgsm_termmeta.meta_value+0 ASC, t.name ASC
			  made by shutdown_action_hook, do_action('shutdown'), WP_Hook->do_action, WP_Hook->apply_filters, WC_Post_Data::do_deferred_product_sync, array_walk, WC_Post_Data::deferred_product_sync, wc_get_product, WC_Product_Factory->get_product, WC_Product_Simple->__construct, WC_Product->__construct, WC_Data_Store->read, WC_Product_Data_Store_CPT->read, WC_Product_Data_Store_CPT->read_attributes, wc_get_object_terms, get_the_terms, wp_get_object_terms, get_terms, WP_Term_Query->query, WP_Term_Query->get_terms
[17-Sep-2024 16:15:27 UTC] WordPress database error Commands out of sync; you can't run this command now for query SELECT DISTINCT t.term_id
			 FROM wpgsm_terms AS t  INNER JOIN wpgsm_term_taxonomy AS tt ON t.term_id = tt.term_id INNER JOIN wpgsm_term_relationships AS tr ON tr.term_taxonomy_id = tt.term_taxonomy_id
			 WHERE tt.taxonomy IN ('product_type') AND tr.object_id IN (986)
			 ORDER BY t.name ASC
			  made by shutdown_action_hook, do_action('shutdown'), WP_Hook->do_action, WP_Hook->apply_filters, WC_Post_Data::do_deferred_product_sync, array_walk, WC_Post_Data::deferred_product_sync, wc_get_product, WC_Product_Factory->get_product, WC_Product_Factory::get_product_type, WC_Data_Store->__call, WC_Product_Data_Store_CPT->get_product_type, get_the_terms, wp_get_object_terms, get_terms, WP_Term_Query->query, WP_Term_Query->get_terms
[17-Sep-2024 16:15:27 UTC] WordPress database error Commands out of sync; you can't run this command now for query SELECT DISTINCT t.term_id
			 FROM wpgsm_terms AS t  LEFT JOIN wpgsm_termmeta ON ( t.term_id = wpgsm_termmeta.term_id AND wpgsm_termmeta.meta_key='order') INNER JOIN wpgsm_term_taxonomy AS tt ON t.term_id = tt.term_id INNER JOIN wpgsm_term_relationships AS tr ON tr.term_taxonomy_id = tt.term_taxonomy_id
			 WHERE tt.taxonomy IN ('pa_color') AND tr.object_id IN (986) AND ( 
  ( wpgsm_termmeta.meta_key = 'order' OR wpgsm_termmeta.meta_key IS NULL )
)
			 ORDER BY wpgsm_termmeta.meta_value+0 ASC, t.name ASC
			  made by shutdown_action_hook, do_action('shutdown'), WP_Hook->do_action, WP_Hook->apply_filters, WC_Post_Data::do_deferred_product_sync, array_walk, WC_Post_Data::deferred_product_sync, wc_get_product, WC_Product_Factory->get_product, WC_Product_Simple->__construct, WC_Product->__construct, WC_Data_Store->read, WC_Product_Data_Store_CPT->read, WC_Product_Data_Store_CPT->read_attributes, wc_get_object_terms, get_the_terms, wp_get_object_terms, get_terms, WP_Term_Query->query, WP_Term_Query->get_terms
[17-Sep-2024 16:15:27 UTC] WordPress database error Commands out of sync; you can't run this command now for query SELECT DISTINCT t.term_id
			 FROM wpgsm_terms AS t  INNER JOIN wpgsm_term_taxonomy AS tt ON t.term_id = tt.term_id INNER JOIN wpgsm_term_relationships AS tr ON tr.term_taxonomy_id = tt.term_taxonomy_id
			 WHERE tt.taxonomy IN ('product_type') AND tr.object_id IN (987)
			 ORDER BY t.name ASC
			  made by shutdown_action_hook, do_action('shutdown'), WP_Hook->do_action, WP_Hook->apply_filters, WC_Post_Data::do_deferred_product_sync, array_walk, WC_Post_Data::deferred_product_sync, wc_get_product, WC_Product_Factory->get_product, WC_Product_Factory::get_product_type, WC_Data_Store->__call, WC_Product_Data_Store_CPT->get_product_type, get_the_terms, wp_get_object_terms, get_terms, WP_Term_Query->query, WP_Term_Query->get_terms
[17-Sep-2024 16:15:27 UTC] WordPress database error Commands out of sync; you can't run this command now for query SELECT DISTINCT t.term_id
			 FROM wpgsm_terms AS t  LEFT JOIN wpgsm_termmeta ON ( t.term_id = wpgsm_termmeta.term_id AND wpgsm_termmeta.meta_key='order') INNER JOIN wpgsm_term_taxonomy AS tt ON t.term_id = tt.term_id INNER JOIN wpgsm_term_relationships AS tr ON tr.term_taxonomy_id = tt.term_taxonomy_id
			 WHERE tt.taxonomy IN ('pa_color') AND tr.object_id IN (987) AND ( 
  ( wpgsm_termmeta.meta_key = 'order' OR wpgsm_termmeta.meta_key IS NULL )
)
			 ORDER BY wpgsm_termmeta.meta_value+0 ASC, t.name ASC
			  made by shutdown_action_hook, do_action('shutdown'), WP_Hook->do_action, WP_Hook->apply_filters, WC_Post_Data::do_deferred_product_sync, array_walk, WC_Post_Data::deferred_product_sync, wc_get_product, WC_Product_Factory->get_product, WC_Product_Simple->__construct, WC_Product->__construct, WC_Data_Store->read, WC_Product_Data_Store_CPT->read, WC_Product_Data_Store_CPT->read_attributes, wc_get_object_terms, get_the_terms, wp_get_object_terms, get_terms, WP_Term_Query->query, WP_Term_Query->get_terms
[17-Sep-2024 16:15:27 UTC] WordPress database error Commands out of sync; you can't run this command now for query SELECT DISTINCT t.term_id
			 FROM wpgsm_terms AS t  INNER JOIN wpgsm_term_taxonomy AS tt ON t.term_id = tt.term_id INNER JOIN wpgsm_term_relationships AS tr ON tr.term_taxonomy_id = tt.term_taxonomy_id
			 WHERE tt.taxonomy IN ('product_type') AND tr.object_id IN (988)
			 ORDER BY t.name ASC
			  made by shutdown_action_hook, do_action('shutdown'), WP_Hook->do_action, WP_Hook->apply_filters, WC_Post_Data::do_deferred_product_sync, array_walk, WC_Post_Data::deferred_product_sync, wc_get_product, WC_Product_Factory->get_product, WC_Product_Factory::get_product_type, WC_Data_Store->__call, WC_Product_Data_Store_CPT->get_product_type, get_the_terms, wp_get_object_terms, get_terms, WP_Term_Query->query, WP_Term_Query->get_terms
[17-Sep-2024 16:15:27 UTC] WordPress database error Commands out of sync; you can't run this command now for query SELECT DISTINCT t.term_id
			 FROM wpgsm_terms AS t  LEFT JOIN wpgsm_termmeta ON ( t.term_id = wpgsm_termmeta.term_id AND wpgsm_termmeta.meta_key='order') INNER JOIN wpgsm_term_taxonomy AS tt ON t.term_id = tt.term_id INNER JOIN wpgsm_term_relationships AS tr ON tr.term_taxonomy_id = tt.term_taxonomy_id
			 WHERE tt.taxonomy IN ('pa_color') AND tr.object_id IN (988) AND ( 
  ( wpgsm_termmeta.meta_key = 'order' OR wpgsm_termmeta.meta_key IS NULL )
)
			 ORDER BY wpgsm_termmeta.meta_value+0 ASC, t.name ASC
			  made by shutdown_action_hook, do_action('shutdown'), WP_Hook->do_action, WP_Hook->apply_filters, WC_Post_Data::do_deferred_product_sync, array_walk, WC_Post_Data::deferred_product_sync, wc_get_product, WC_Product_Factory->get_product, WC_Product_Simple->__construct, WC_Product->__construct, WC_Data_Store->read, WC_Product_Data_Store_CPT->read, WC_Product_Data_Store_CPT->read_attributes, wc_get_object_terms, get_the_terms, wp_get_object_terms, get_terms, WP_Term_Query->query, WP_Term_Query->get_terms
[17-Sep-2024 16:15:27 UTC] WordPress database error Commands out of sync; you can't run this command now for query SELECT DISTINCT t.term_id
			 FROM wpgsm_terms AS t  INNER JOIN wpgsm_term_taxonomy AS tt ON t.term_id = tt.term_id INNER JOIN wpgsm_term_relationships AS tr ON tr.term_taxonomy_id = tt.term_taxonomy_id
			 WHERE tt.taxonomy IN ('product_type') AND tr.object_id IN (989)
			 ORDER BY t.name ASC
			  made by shutdown_action_hook, do_action('shutdown'), WP_Hook->do_action, WP_Hook->apply_filters, WC_Post_Data::do_deferred_product_sync, array_walk, WC_Post_Data::deferred_product_sync, wc_get_product, WC_Product_Factory->get_product, WC_Product_Factory::get_product_type, WC_Data_Store->__call, WC_Product_Data_Store_CPT->get_product_type, get_the_terms, wp_get_object_terms, get_terms, WP_Term_Query->query, WP_Term_Query->get_terms
[17-Sep-2024 16:15:27 UTC] WordPress database error Commands out of sync; you can't run this command now for query SELECT DISTINCT t.term_id
			 FROM wpgsm_terms AS t  LEFT JOIN wpgsm_termmeta ON ( t.term_id = wpgsm_termmeta.term_id AND wpgsm_termmeta.meta_key='order') INNER JOIN wpgsm_term_taxonomy AS tt ON t.term_id = tt.term_id INNER JOIN wpgsm_term_relationships AS tr ON tr.term_taxonomy_id = tt.term_taxonomy_id
			 WHERE tt.taxonomy IN ('pa_color') AND tr.object_id IN (989) AND ( 
  ( wpgsm_termmeta.meta_key = 'order' OR wpgsm_termmeta.meta_key IS NULL )
)
			 ORDER BY wpgsm_termmeta.meta_value+0 ASC, t.name ASC
			  made by shutdown_action_hook, do_action('shutdown'), WP_Hook->do_action, WP_Hook->apply_filters, WC_Post_Data::do_deferred_product_sync, array_walk, WC_Post_Data::deferred_product_sync, wc_get_product, WC_Product_Factory->get_product, WC_Product_Simple->__construct, WC_Product->__construct, WC_Data_Store->read, WC_Product_Data_Store_CPT->read, WC_Product_Data_Store_CPT->read_attributes, wc_get_object_terms, get_the_terms, wp_get_object_terms, get_terms, WP_Term_Query->query, WP_Term_Query->get_terms
[17-Sep-2024 16:15:27 UTC] WordPress database error Commands out of sync; you can't run this command now for query SELECT DISTINCT t.term_id
			 FROM wpgsm_terms AS t  INNER JOIN wpgsm_term_taxonomy AS tt ON t.term_id = tt.term_id INNER JOIN wpgsm_term_relationships AS tr ON tr.term_taxonomy_id = tt.term_taxonomy_id
			 WHERE tt.taxonomy IN ('product_type') AND tr.object_id IN (990)
			 ORDER BY t.name ASC
			  made by shutdown_action_hook, do_action('shutdown'), WP_Hook->do_action, WP_Hook->apply_filters, WC_Post_Data::do_deferred_product_sync, array_walk, WC_Post_Data::deferred_product_sync, wc_get_product, WC_Product_Factory->get_product, WC_Product_Factory::get_product_type, WC_Data_Store->__call, WC_Product_Data_Store_CPT->get_product_type, get_the_terms, wp_get_object_terms, get_terms, WP_Term_Query->query, WP_Term_Query->get_terms
[17-Sep-2024 16:15:27 UTC] WordPress database error Commands out of sync; you can't run this command now for query SELECT DISTINCT t.term_id
			 FROM wpgsm_terms AS t  LEFT JOIN wpgsm_termmeta ON ( t.term_id = wpgsm_termmeta.term_id AND wpgsm_termmeta.meta_key='order') INNER JOIN wpgsm_term_taxonomy AS tt ON t.term_id = tt.term_id INNER JOIN wpgsm_term_relationships AS tr ON tr.term_taxonomy_id = tt.term_taxonomy_id
			 WHERE tt.taxonomy IN ('pa_color') AND tr.object_id IN (990) AND ( 
  ( wpgsm_termmeta.meta_key = 'order' OR wpgsm_termmeta.meta_key IS NULL )
)
			 ORDER BY wpgsm_termmeta.meta_value+0 ASC, t.name ASC
			  made by shutdown_action_hook, do_action('shutdown'), WP_Hook->do_action, WP_Hook->apply_filters, WC_Post_Data::do_deferred_product_sync, array_walk, WC_Post_Data::deferred_product_sync, wc_get_product, WC_Product_Factory->get_product, WC_Product_Simple->__construct, WC_Product->__construct, WC_Data_Store->read, WC_Product_Data_Store_CPT->read, WC_Product_Data_Store_CPT->read_attributes, wc_get_object_terms, get_the_terms, wp_get_object_terms, get_terms, WP_Term_Query->query, WP_Term_Query->get_terms
[17-Sep-2024 16:15:27 UTC] WordPress database error Commands out of sync; you can't run this command now for query SELECT DISTINCT t.term_id
			 FROM wpgsm_terms AS t  INNER JOIN wpgsm_term_taxonomy AS tt ON t.term_id = tt.term_id INNER JOIN wpgsm_term_relationships AS tr ON tr.term_taxonomy_id = tt.term_taxonomy_id
			 WHERE tt.taxonomy IN ('product_type') AND tr.object_id IN (991)
			 ORDER BY t.name ASC
			  made by shutdown_action_hook, do_action('shutdown'), WP_Hook->do_action, WP_Hook->apply_filters, WC_Post_Data::do_deferred_product_sync, array_walk, WC_Post_Data::deferred_product_sync, wc_get_product, WC_Product_Factory->get_product, WC_Product_Factory::get_product_type, WC_Data_Store->__call, WC_Product_Data_Store_CPT->get_product_type, get_the_terms, wp_get_object_terms, get_terms, WP_Term_Query->query, WP_Term_Query->get_terms
[17-Sep-2024 16:15:27 UTC] WordPress database error Commands out of sync; you can't run this command now for query SELECT DISTINCT t.term_id
			 FROM wpgsm_terms AS t  LEFT JOIN wpgsm_termmeta ON ( t.term_id = wpgsm_termmeta.term_id AND wpgsm_termmeta.meta_key='order') INNER JOIN wpgsm_term_taxonomy AS tt ON t.term_id = tt.term_id INNER JOIN wpgsm_term_relationships AS tr ON tr.term_taxonomy_id = tt.term_taxonomy_id
			 WHERE tt.taxonomy IN ('pa_color') AND tr.object_id IN (991) AND ( 
  ( wpgsm_termmeta.meta_key = 'order' OR wpgsm_termmeta.meta_key IS NULL )
)
			 ORDER BY wpgsm_termmeta.meta_value+0 ASC, t.name ASC
			  made by shutdown_action_hook, do_action('shutdown'), WP_Hook->do_action, WP_Hook->apply_filters, WC_Post_Data::do_deferred_product_sync, array_walk, WC_Post_Data::deferred_product_sync, wc_get_product, WC_Product_Factory->get_product, WC_Product_Simple->__construct, WC_Product->__construct, WC_Data_Store->read, WC_Product_Data_Store_CPT->read, WC_Product_Data_Store_CPT->read_attributes, wc_get_object_terms, get_the_terms, wp_get_object_terms, get_terms, WP_Term_Query->query, WP_Term_Query->get_terms
[17-Sep-2024 16:15:27 UTC] WordPress database error Commands out of sync; you can't run this command now for query SELECT DISTINCT t.term_id
			 FROM wpgsm_terms AS t  INNER JOIN wpgsm_term_taxonomy AS tt ON t.term_id = tt.term_id INNER JOIN wpgsm_term_relationships AS tr ON tr.term_taxonomy_id = tt.term_taxonomy_id
			 WHERE tt.taxonomy IN ('product_type') AND tr.object_id IN (992)
			 ORDER BY t.name ASC
			  made by shutdown_action_hook, do_action('shutdown'), WP_Hook->do_action, WP_Hook->apply_filters, WC_Post_Data::do_deferred_product_sync, array_walk, WC_Post_Data::deferred_product_sync, wc_get_product, WC_Product_Factory->get_product, WC_Product_Factory::get_product_type, WC_Data_Store->__call, WC_Product_Data_Store_CPT->get_product_type, get_the_terms, wp_get_object_terms, get_terms, WP_Term_Query->query, WP_Term_Query->get_terms
[17-Sep-2024 16:15:27 UTC] WordPress database error Commands out of sync; you can't run this command now for query SELECT DISTINCT t.term_id
			 FROM wpgsm_terms AS t  LEFT JOIN wpgsm_termmeta ON ( t.term_id = wpgsm_termmeta.term_id AND wpgsm_termmeta.meta_key='order') INNER JOIN wpgsm_term_taxonomy AS tt ON t.term_id = tt.term_id INNER JOIN wpgsm_term_relationships AS tr ON tr.term_taxonomy_id = tt.term_taxonomy_id
			 WHERE tt.taxonomy IN ('pa_color') AND tr.object_id IN (992) AND ( 
  ( wpgsm_termmeta.meta_key = 'order' OR wpgsm_termmeta.meta_key IS NULL )
)
			 ORDER BY wpgsm_termmeta.meta_value+0 ASC, t.name ASC
			  made by shutdown_action_hook, do_action('shutdown'), WP_Hook->do_action, WP_Hook->apply_filters, WC_Post_Data::do_deferred_product_sync, array_walk, WC_Post_Data::deferred_product_sync, wc_get_product, WC_Product_Factory->get_product, WC_Product_Simple->__construct, WC_Product->__construct, WC_Data_Store->read, WC_Product_Data_Store_CPT->read, WC_Product_Data_Store_CPT->read_attributes, wc_get_object_terms, get_the_terms, wp_get_object_terms, get_terms, WP_Term_Query->query, WP_Term_Query->get_terms
[17-Sep-2024 16:15:27 UTC] WordPress database error Commands out of sync; you can't run this command now for query SELECT DISTINCT t.term_id
			 FROM wpgsm_terms AS t  INNER JOIN wpgsm_term_taxonomy AS tt ON t.term_id = tt.term_id INNER JOIN wpgsm_term_relationships AS tr ON tr.term_taxonomy_id = tt.term_taxonomy_id
			 WHERE tt.taxonomy IN ('product_type') AND tr.object_id IN (993)
			 ORDER BY t.name ASC
			  made by shutdown_action_hook, do_action('shutdown'), WP_Hook->do_action, WP_Hook->apply_filters, WC_Post_Data::do_deferred_product_sync, array_walk, WC_Post_Data::deferred_product_sync, wc_get_product, WC_Product_Factory->get_product, WC_Product_Factory::get_product_type, WC_Data_Store->__call, WC_Product_Data_Store_CPT->get_product_type, get_the_terms, wp_get_object_terms, get_terms, WP_Term_Query->query, WP_Term_Query->get_terms
[17-Sep-2024 16:15:27 UTC] WordPress database error Commands out of sync; you can't run this command now for query SELECT DISTINCT t.term_id
			 FROM wpgsm_terms AS t  LEFT JOIN wpgsm_termmeta ON ( t.term_id = wpgsm_termmeta.term_id AND wpgsm_termmeta.meta_key='order') INNER JOIN wpgsm_term_taxonomy AS tt ON t.term_id = tt.term_id INNER JOIN wpgsm_term_relationships AS tr ON tr.term_taxonomy_id = tt.term_taxonomy_id
			 WHERE tt.taxonomy IN ('pa_color') AND tr.object_id IN (993) AND ( 
  ( wpgsm_termmeta.meta_key = 'order' OR wpgsm_termmeta.meta_key IS NULL )
)
			 ORDER BY wpgsm_termmeta.meta_value+0 ASC, t.name ASC
			  made by shutdown_action_hook, do_action('shutdown'), WP_Hook->do_action, WP_Hook->apply_filters, WC_Post_Data::do_deferred_product_sync, array_walk, WC_Post_Data::deferred_product_sync, wc_get_product, WC_Product_Factory->get_product, WC_Product_Simple->__construct, WC_Product->__construct, WC_Data_Store->read, WC_Product_Data_Store_CPT->read, WC_Product_Data_Store_CPT->read_attributes, wc_get_object_terms, get_the_terms, wp_get_object_terms, get_terms, WP_Term_Query->query, WP_Term_Query->get_terms
[17-Sep-2024 16:15:27 UTC] WordPress database error Commands out of sync; you can't run this command now for query SELECT DISTINCT t.term_id
			 FROM wpgsm_terms AS t  INNER JOIN wpgsm_term_taxonomy AS tt ON t.term_id = tt.term_id INNER JOIN wpgsm_term_relationships AS tr ON tr.term_taxonomy_id = tt.term_taxonomy_id
			 WHERE tt.taxonomy IN ('product_type') AND tr.object_id IN (994)
			 ORDER BY t.name ASC
			  made by shutdown_action_hook, do_action('shutdown'), WP_Hook->do_action, WP_Hook->apply_filters, WC_Post_Data::do_deferred_product_sync, array_walk, WC_Post_Data::deferred_product_sync, wc_get_product, WC_Product_Factory->get_product, WC_Product_Factory::get_product_type, WC_Data_Store->__call, WC_Product_Data_Store_CPT->get_product_type, get_the_terms, wp_get_object_terms, get_terms, WP_Term_Query->query, WP_Term_Query->get_terms
[17-Sep-2024 16:15:27 UTC] WordPress database error Commands out of sync; you can't run this command now for query SELECT DISTINCT t.term_id
			 FROM wpgsm_terms AS t  LEFT JOIN wpgsm_termmeta ON ( t.term_id = wpgsm_termmeta.term_id AND wpgsm_termmeta.meta_key='order') INNER JOIN wpgsm_term_taxonomy AS tt ON t.term_id = tt.term_id INNER JOIN wpgsm_term_relationships AS tr ON tr.term_taxonomy_id = tt.term_taxonomy_id
			 WHERE tt.taxonomy IN ('pa_color') AND tr.object_id IN (994) AND ( 
  ( wpgsm_termmeta.meta_key = 'order' OR wpgsm_termmeta.meta_key IS NULL )
)
			 ORDER BY wpgsm_termmeta.meta_value+0 ASC, t.name ASC
			  made by shutdown_action_hook, do_action('shutdown'), WP_Hook->do_action, WP_Hook->apply_filters, WC_Post_Data::do_deferred_product_sync, array_walk, WC_Post_Data::deferred_product_sync, wc_get_product, WC_Product_Factory->get_product, WC_Product_Simple->__construct, WC_Product->__construct, WC_Data_Store->read, WC_Product_Data_Store_CPT->read, WC_Product_Data_Store_CPT->read_attributes, wc_get_object_terms, get_the_terms, wp_get_object_terms, get_terms, WP_Term_Query->query, WP_Term_Query->get_terms
[17-Sep-2024 16:15:27 UTC] WordPress database error Commands out of sync; you can't run this command now for query SELECT DISTINCT t.term_id
			 FROM wpgsm_terms AS t  INNER JOIN wpgsm_term_taxonomy AS tt ON t.term_id = tt.term_id INNER JOIN wpgsm_term_relationships AS tr ON tr.term_taxonomy_id = tt.term_taxonomy_id
			 WHERE tt.taxonomy IN ('product_type') AND tr.object_id IN (995)
			 ORDER BY t.name ASC
			  made by shutdown_action_hook, do_action('shutdown'), WP_Hook->do_action, WP_Hook->apply_filters, WC_Post_Data::do_deferred_product_sync, array_walk, WC_Post_Data::deferred_product_sync, wc_get_product, WC_Product_Factory->get_product, WC_Product_Factory::get_product_type, WC_Data_Store->__call, WC_Product_Data_Store_CPT->get_product_type, get_the_terms, wp_get_object_terms, get_terms, WP_Term_Query->query, WP_Term_Query->get_terms
[17-Sep-2024 16:15:27 UTC] WordPress database error Commands out of sync; you can't run this command now for query SELECT DISTINCT t.term_id
			 FROM wpgsm_terms AS t  LEFT JOIN wpgsm_termmeta ON ( t.term_id = wpgsm_termmeta.term_id AND wpgsm_termmeta.meta_key='order') INNER JOIN wpgsm_term_taxonomy AS tt ON t.term_id = tt.term_id INNER JOIN wpgsm_term_relationships AS tr ON tr.term_taxonomy_id = tt.term_taxonomy_id
			 WHERE tt.taxonomy IN ('pa_color') AND tr.object_id IN (995) AND ( 
  ( wpgsm_termmeta.meta_key = 'order' OR wpgsm_termmeta.meta_key IS NULL )
)
			 ORDER BY wpgsm_termmeta.meta_value+0 ASC, t.name ASC
			  made by shutdown_action_hook, do_action('shutdown'), WP_Hook->do_action, WP_Hook->apply_filters, WC_Post_Data::do_deferred_product_sync, array_walk, WC_Post_Data::deferred_product_sync, wc_get_product, WC_Product_Factory->get_product, WC_Product_Simple->__construct, WC_Product->__construct, WC_Data_Store->read, WC_Product_Data_Store_CPT->read, WC_Product_Data_Store_CPT->read_attributes, wc_get_object_terms, get_the_terms, wp_get_object_terms, get_terms, WP_Term_Query->query, WP_Term_Query->get_terms
[17-Sep-2024 16:15:27 UTC] WordPress database error Commands out of sync; you can't run this command now for query SELECT DISTINCT t.term_id
			 FROM wpgsm_terms AS t  INNER JOIN wpgsm_term_taxonomy AS tt ON t.term_id = tt.term_id INNER JOIN wpgsm_term_relationships AS tr ON tr.term_taxonomy_id = tt.term_taxonomy_id
			 WHERE tt.taxonomy IN ('product_type') AND tr.object_id IN (996)
			 ORDER BY t.name ASC
			  made by shutdown_action_hook, do_action('shutdown'), WP_Hook->do_action, WP_Hook->apply_filters, WC_Post_Data::do_deferred_product_sync, array_walk, WC_Post_Data::deferred_product_sync, wc_get_product, WC_Product_Factory->get_product, WC_Product_Factory::get_product_type, WC_Data_Store->__call, WC_Product_Data_Store_CPT->get_product_type, get_the_terms, wp_get_object_terms, get_terms, WP_Term_Query->query, WP_Term_Query->get_terms
[17-Sep-2024 16:15:27 UTC] WordPress database error Commands out of sync; you can't run this command now for query SELECT DISTINCT t.term_id
			 FROM wpgsm_terms AS t  LEFT JOIN wpgsm_termmeta ON ( t.term_id = wpgsm_termmeta.term_id AND wpgsm_termmeta.meta_key='order') INNER JOIN wpgsm_term_taxonomy AS tt ON t.term_id = tt.term_id INNER JOIN wpgsm_term_relationships AS tr ON tr.term_taxonomy_id = tt.term_taxonomy_id
			 WHERE tt.taxonomy IN ('pa_color') AND tr.object_id IN (996) AND ( 
  ( wpgsm_termmeta.meta_key = 'order' OR wpgsm_termmeta.meta_key IS NULL )
)
			 ORDER BY wpgsm_termmeta.meta_value+0 ASC, t.name ASC
			  made by shutdown_action_hook, do_action('shutdown'), WP_Hook->do_action, WP_Hook->apply_filters, WC_Post_Data::do_deferred_product_sync, array_walk, WC_Post_Data::deferred_product_sync, wc_get_product, WC_Product_Factory->get_product, WC_Product_Simple->__construct, WC_Product->__construct, WC_Data_Store->read, WC_Product_Data_Store_CPT->read, WC_Product_Data_Store_CPT->read_attributes, wc_get_object_terms, get_the_terms, wp_get_object_terms, get_terms, WP_Term_Query->query, WP_Term_Query->get_terms
[17-Sep-2024 16:15:27 UTC] WordPress database error Commands out of sync; you can't run this command now for query SELECT DISTINCT t.term_id
			 FROM wpgsm_terms AS t  INNER JOIN wpgsm_term_taxonomy AS tt ON t.term_id = tt.term_id INNER JOIN wpgsm_term_relationships AS tr ON tr.term_taxonomy_id = tt.term_taxonomy_id
			 WHERE tt.taxonomy IN ('product_type') AND tr.object_id IN (997)
			 ORDER BY t.name ASC
			  made by shutdown_action_hook, do_action('shutdown'), WP_Hook->do_action, WP_Hook->apply_filters, WC_Post_Data::do_deferred_product_sync, array_walk, WC_Post_Data::deferred_product_sync, wc_get_product, WC_Product_Factory->get_product, WC_Product_Factory::get_product_type, WC_Data_Store->__call, WC_Product_Data_Store_CPT->get_product_type, get_the_terms, wp_get_object_terms, get_terms, WP_Term_Query->query, WP_Term_Query->get_terms
[17-Sep-2024 16:15:27 UTC] WordPress database error Commands out of sync; you can't run this command now for query SELECT DISTINCT t.term_id
			 FROM wpgsm_terms AS t  LEFT JOIN wpgsm_termmeta ON ( t.term_id = wpgsm_termmeta.term_id AND wpgsm_termmeta.meta_key='order') INNER JOIN wpgsm_term_taxonomy AS tt ON t.term_id = tt.term_id INNER JOIN wpgsm_term_relationships AS tr ON tr.term_taxonomy_id = tt.term_taxonomy_id
			 WHERE tt.taxonomy IN ('pa_color') AND tr.object_id IN (997) AND ( 
  ( wpgsm_termmeta.meta_key = 'order' OR wpgsm_termmeta.meta_key IS NULL )
)
			 ORDER BY wpgsm_termmeta.meta_value+0 ASC, t.name ASC
			  made by shutdown_action_hook, do_action('shutdown'), WP_Hook->do_action, WP_Hook->apply_filters, WC_Post_Data::do_deferred_product_sync, array_walk, WC_Post_Data::deferred_product_sync, wc_get_product, WC_Product_Factory->get_product, WC_Product_Simple->__construct, WC_Product->__construct, WC_Data_Store->read, WC_Product_Data_Store_CPT->read, WC_Product_Data_Store_CPT->read_attributes, wc_get_object_terms, get_the_terms, wp_get_object_terms, get_terms, WP_Term_Query->query, WP_Term_Query->get_terms
[17-Sep-2024 16:15:27 UTC] WordPress database error Commands out of sync; you can't run this command now for query SELECT DISTINCT t.term_id
			 FROM wpgsm_terms AS t  INNER JOIN wpgsm_term_taxonomy AS tt ON t.term_id = tt.term_id INNER JOIN wpgsm_term_relationships AS tr ON tr.term_taxonomy_id = tt.term_taxonomy_id
			 WHERE tt.taxonomy IN ('product_type') AND tr.object_id IN (998)
			 ORDER BY t.name ASC
			  made by shutdown_action_hook, do_action('shutdown'), WP_Hook->do_action, WP_Hook->apply_filters, WC_Post_Data::do_deferred_product_sync, array_walk, WC_Post_Data::deferred_product_sync, wc_get_product, WC_Product_Factory->get_product, WC_Product_Factory::get_product_type, WC_Data_Store->__call, WC_Product_Data_Store_CPT->get_product_type, get_the_terms, wp_get_object_terms, get_terms, WP_Term_Query->query, WP_Term_Query->get_terms
[17-Sep-2024 16:15:27 UTC] WordPress database error Commands out of sync; you can't run this command now for query SELECT DISTINCT t.term_id
			 FROM wpgsm_terms AS t  LEFT JOIN wpgsm_termmeta ON ( t.term_id = wpgsm_termmeta.term_id AND wpgsm_termmeta.meta_key='order') INNER JOIN wpgsm_term_taxonomy AS tt ON t.term_id = tt.term_id INNER JOIN wpgsm_term_relationships AS tr ON tr.term_taxonomy_id = tt.term_taxonomy_id
			 WHERE tt.taxonomy IN ('pa_color') AND tr.object_id IN (998) AND ( 
  ( wpgsm_termmeta.meta_key = 'order' OR wpgsm_termmeta.meta_key IS NULL )
)
			 ORDER BY wpgsm_termmeta.meta_value+0 ASC, t.name ASC
			  made by shutdown_action_hook, do_action('shutdown'), WP_Hook->do_action, WP_Hook->apply_filters, WC_Post_Data::do_deferred_product_sync, array_walk, WC_Post_Data::deferred_product_sync, wc_get_product, WC_Product_Factory->get_product, WC_Product_Simple->__construct, WC_Product->__construct, WC_Data_Store->read, WC_Product_Data_Store_CPT->read, WC_Product_Data_Store_CPT->read_attributes, wc_get_object_terms, get_the_terms, wp_get_object_terms, get_terms, WP_Term_Query->query, WP_Term_Query->get_terms
[17-Sep-2024 16:15:27 UTC] WordPress database error Commands out of sync; you can't run this command now for query SELECT DISTINCT t.term_id
			 FROM wpgsm_terms AS t  INNER JOIN wpgsm_term_taxonomy AS tt ON t.term_id = tt.term_id INNER JOIN wpgsm_term_relationships AS tr ON tr.term_taxonomy_id = tt.term_taxonomy_id
			 WHERE tt.taxonomy IN ('product_type') AND tr.object_id IN (999)
			 ORDER BY t.name ASC
			  made by shutdown_action_hook, do_action('shutdown'), WP_Hook->do_action, WP_Hook->apply_filters, WC_Post_Data::do_deferred_product_sync, array_walk, WC_Post_Data::deferred_product_sync, wc_get_product, WC_Product_Factory->get_product, WC_Product_Factory::get_product_type, WC_Data_Store->__call, WC_Product_Data_Store_CPT->get_product_type, get_the_terms, wp_get_object_terms, get_terms, WP_Term_Query->query, WP_Term_Query->get_terms
[17-Sep-2024 16:15:27 UTC] WordPress database error Commands out of sync; you can't run this command now for query SELECT DISTINCT t.term_id
			 FROM wpgsm_terms AS t  LEFT JOIN wpgsm_termmeta ON ( t.term_id = wpgsm_termmeta.term_id AND wpgsm_termmeta.meta_key='order') INNER JOIN wpgsm_term_taxonomy AS tt ON t.term_id = tt.term_id INNER JOIN wpgsm_term_relationships AS tr ON tr.term_taxonomy_id = tt.term_taxonomy_id
			 WHERE tt.taxonomy IN ('pa_color') AND tr.object_id IN (999) AND ( 
  ( wpgsm_termmeta.meta_key = 'order' OR wpgsm_termmeta.meta_key IS NULL )
)
			 ORDER BY wpgsm_termmeta.meta_value+0 ASC, t.name ASC
			  made by shutdown_action_hook, do_action('shutdown'), WP_Hook->do_action, WP_Hook->apply_filters, WC_Post_Data::do_deferred_product_sync, array_walk, WC_Post_Data::deferred_product_sync, wc_get_product, WC_Product_Factory->get_product, WC_Product_Simple->__construct, WC_Product->__construct, WC_Data_Store->read, WC_Product_Data_Store_CPT->read, WC_Product_Data_Store_CPT->read_attributes, wc_get_object_terms, get_the_terms, wp_get_object_terms, get_terms, WP_Term_Query->query, WP_Term_Query->get_terms
[17-Sep-2024 16:15:27 UTC] WordPress database error Commands out of sync; you can't run this command now for query SELECT DISTINCT t.term_id
			 FROM wpgsm_terms AS t  INNER JOIN wpgsm_term_taxonomy AS tt ON t.term_id = tt.term_id INNER JOIN wpgsm_term_relationships AS tr ON tr.term_taxonomy_id = tt.term_taxonomy_id
			 WHERE tt.taxonomy IN ('product_type') AND tr.object_id IN (1000)
			 ORDER BY t.name ASC
			  made by shutdown_action_hook, do_action('shutdown'), WP_Hook->do_action, WP_Hook->apply_filters, WC_Post_Data::do_deferred_product_sync, array_walk, WC_Post_Data::deferred_product_sync, wc_get_product, WC_Product_Factory->get_product, WC_Product_Factory::get_product_type, WC_Data_Store->__call, WC_Product_Data_Store_CPT->get_product_type, get_the_terms, wp_get_object_terms, get_terms, WP_Term_Query->query, WP_Term_Query->get_terms
[17-Sep-2024 16:15:27 UTC] WordPress database error Commands out of sync; you can't run this command now for query SELECT DISTINCT t.term_id
			 FROM wpgsm_terms AS t  LEFT JOIN wpgsm_termmeta ON ( t.term_id = wpgsm_termmeta.term_id AND wpgsm_termmeta.meta_key='order') INNER JOIN wpgsm_term_taxonomy AS tt ON t.term_id = tt.term_id INNER JOIN wpgsm_term_relationships AS tr ON tr.term_taxonomy_id = tt.term_taxonomy_id
			 WHERE tt.taxonomy IN ('pa_color') AND tr.object_id IN (1000) AND ( 
  ( wpgsm_termmeta.meta_key = 'order' OR wpgsm_termmeta.meta_key IS NULL )
)
			 ORDER BY wpgsm_termmeta.meta_value+0 ASC, t.name ASC
			  made by shutdown_action_hook, do_action('shutdown'), WP_Hook->do_action, WP_Hook->apply_filters, WC_Post_Data::do_deferred_product_sync, array_walk, WC_Post_Data::deferred_product_sync, wc_get_product, WC_Product_Factory->get_product, WC_Product_Simple->__construct, WC_Product->__construct, WC_Data_Store->read, WC_Product_Data_Store_CPT->read, WC_Product_Data_Store_CPT->read_attributes, wc_get_object_terms, get_the_terms, wp_get_object_terms, get_terms, WP_Term_Query->query, WP_Term_Query->get_terms
[17-Sep-2024 16:15:27 UTC] WordPress database error Commands out of sync; you can't run this command now for query SELECT DISTINCT t.term_id
			 FROM wpgsm_terms AS t  INNER JOIN wpgsm_term_taxonomy AS tt ON t.term_id = tt.term_id INNER JOIN wpgsm_term_relationships AS tr ON tr.term_taxonomy_id = tt.term_taxonomy_id
			 WHERE tt.taxonomy IN ('product_type') AND tr.object_id IN (1001)
			 ORDER BY t.name ASC
			  made by shutdown_action_hook, do_action('shutdown'), WP_Hook->do_action, WP_Hook->apply_filters, WC_Post_Data::do_deferred_product_sync, array_walk, WC_Post_Data::deferred_product_sync, wc_get_product, WC_Product_Factory->get_product, WC_Product_Factory::get_product_type, WC_Data_Store->__call, WC_Product_Data_Store_CPT->get_product_type, get_the_terms, wp_get_object_terms, get_terms, WP_Term_Query->query, WP_Term_Query->get_terms
[17-Sep-2024 16:15:27 UTC] WordPress database error Commands out of sync; you can't run this command now for query SELECT DISTINCT t.term_id
			 FROM wpgsm_terms AS t  LEFT JOIN wpgsm_termmeta ON ( t.term_id = wpgsm_termmeta.term_id AND wpgsm_termmeta.meta_key='order') INNER JOIN wpgsm_term_taxonomy AS tt ON t.term_id = tt.term_id INNER JOIN wpgsm_term_relationships AS tr ON tr.term_taxonomy_id = tt.term_taxonomy_id
			 WHERE tt.taxonomy IN ('pa_color') AND tr.object_id IN (1001) AND ( 
  ( wpgsm_termmeta.meta_key = 'order' OR wpgsm_termmeta.meta_key IS NULL )
)
			 ORDER BY wpgsm_termmeta.meta_value+0 ASC, t.name ASC
			  made by shutdown_action_hook, do_action('shutdown'), WP_Hook->do_action, WP_Hook->apply_filters, WC_Post_Data::do_deferred_product_sync, array_walk, WC_Post_Data::deferred_product_sync, wc_get_product, WC_Product_Factory->get_product, WC_Product_Simple->__construct, WC_Product->__construct, WC_Data_Store->read, WC_Product_Data_Store_CPT->read, WC_Product_Data_Store_CPT->read_attributes, wc_get_object_terms, get_the_terms, wp_get_object_terms, get_terms, WP_Term_Query->query, WP_Term_Query->get_terms
[17-Sep-2024 16:15:27 UTC] WordPress database error Commands out of sync; you can't run this command now for query SELECT DISTINCT t.term_id
			 FROM wpgsm_terms AS t  INNER JOIN wpgsm_term_taxonomy AS tt ON t.term_id = tt.term_id INNER JOIN wpgsm_term_relationships AS tr ON tr.term_taxonomy_id = tt.term_taxonomy_id
			 WHERE tt.taxonomy IN ('product_type') AND tr.object_id IN (1002)
			 ORDER BY t.name ASC
			  made by shutdown_action_hook, do_action('shutdown'), WP_Hook->do_action, WP_Hook->apply_filters, WC_Post_Data::do_deferred_product_sync, array_walk, WC_Post_Data::deferred_product_sync, wc_get_product, WC_Product_Factory->get_product, WC_Product_Factory::get_product_type, WC_Data_Store->__call, WC_Product_Data_Store_CPT->get_product_type, get_the_terms, wp_get_object_terms, get_terms, WP_Term_Query->query, WP_Term_Query->get_terms
[17-Sep-2024 16:15:27 UTC] WordPress database error Commands out of sync; you can't run this command now for query SELECT DISTINCT t.term_id
			 FROM wpgsm_terms AS t  LEFT JOIN wpgsm_termmeta ON ( t.term_id = wpgsm_termmeta.term_id AND wpgsm_termmeta.meta_key='order') INNER JOIN wpgsm_term_taxonomy AS tt ON t.term_id = tt.term_id INNER JOIN wpgsm_term_relationships AS tr ON tr.term_taxonomy_id = tt.term_taxonomy_id
			 WHERE tt.taxonomy IN ('pa_color') AND tr.object_id IN (1002) AND ( 
  ( wpgsm_termmeta.meta_key = 'order' OR wpgsm_termmeta.meta_key IS NULL )
)
			 ORDER BY wpgsm_termmeta.meta_value+0 ASC, t.name ASC
			  made by shutdown_action_hook, do_action('shutdown'), WP_Hook->do_action, WP_Hook->apply_filters, WC_Post_Data::do_deferred_product_sync, array_walk, WC_Post_Data::deferred_product_sync, wc_get_product, WC_Product_Factory->get_product, WC_Product_Simple->__construct, WC_Product->__construct, WC_Data_Store->read, WC_Product_Data_Store_CPT->read, WC_Product_Data_Store_CPT->read_attributes, wc_get_object_terms, get_the_terms, wp_get_object_terms, get_terms, WP_Term_Query->query, WP_Term_Query->get_terms
[17-Sep-2024 16:15:27 UTC] WordPress database error Commands out of sync; you can't run this command now for query SELECT DISTINCT t.term_id
			 FROM wpgsm_terms AS t  INNER JOIN wpgsm_term_taxonomy AS tt ON t.term_id = tt.term_id INNER JOIN wpgsm_term_relationships AS tr ON tr.term_taxonomy_id = tt.term_taxonomy_id
			 WHERE tt.taxonomy IN ('product_type') AND tr.object_id IN (1003)
			 ORDER BY t.name ASC
			  made by shutdown_action_hook, do_action('shutdown'), WP_Hook->do_action, WP_Hook->apply_filters, WC_Post_Data::do_deferred_product_sync, array_walk, WC_Post_Data::deferred_product_sync, wc_get_product, WC_Product_Factory->get_product, WC_Product_Factory::get_product_type, WC_Data_Store->__call, WC_Product_Data_Store_CPT->get_product_type, get_the_terms, wp_get_object_terms, get_terms, WP_Term_Query->query, WP_Term_Query->get_terms
[17-Sep-2024 16:15:27 UTC] WordPress database error Commands out of sync; you can't run this command now for query SELECT DISTINCT t.term_id
			 FROM wpgsm_terms AS t  LEFT JOIN wpgsm_termmeta ON ( t.term_id = wpgsm_termmeta.term_id AND wpgsm_termmeta.meta_key='order') INNER JOIN wpgsm_term_taxonomy AS tt ON t.term_id = tt.term_id INNER JOIN wpgsm_term_relationships AS tr ON tr.term_taxonomy_id = tt.term_taxonomy_id
			 WHERE tt.taxonomy IN ('pa_color') AND tr.object_id IN (1003) AND ( 
  ( wpgsm_termmeta.meta_key = 'order' OR wpgsm_termmeta.meta_key IS NULL )
)
			 ORDER BY wpgsm_termmeta.meta_value+0 ASC, t.name ASC
			  made by shutdown_action_hook, do_action('shutdown'), WP_Hook->do_action, WP_Hook->apply_filters, WC_Post_Data::do_deferred_product_sync, array_walk, WC_Post_Data::deferred_product_sync, wc_get_product, WC_Product_Factory->get_product, WC_Product_Simple->__construct, WC_Product->__construct, WC_Data_Store->read, WC_Product_Data_Store_CPT->read, WC_Product_Data_Store_CPT->read_attributes, wc_get_object_terms, get_the_terms, wp_get_object_terms, get_terms, WP_Term_Query->query, WP_Term_Query->get_terms
[17-Sep-2024 16:15:27 UTC] WordPress database error Commands out of sync; you can't run this command now for query SELECT DISTINCT t.term_id
			 FROM wpgsm_terms AS t  INNER JOIN wpgsm_term_taxonomy AS tt ON t.term_id = tt.term_id INNER JOIN wpgsm_term_relationships AS tr ON tr.term_taxonomy_id = tt.term_taxonomy_id
			 WHERE tt.taxonomy IN ('product_type') AND tr.object_id IN (1004)
			 ORDER BY t.name ASC
			  made by shutdown_action_hook, do_action('shutdown'), WP_Hook->do_action, WP_Hook->apply_filters, WC_Post_Data::do_deferred_product_sync, array_walk, WC_Post_Data::deferred_product_sync, wc_get_product, WC_Product_Factory->get_product, WC_Product_Factory::get_product_type, WC_Data_Store->__call, WC_Product_Data_Store_CPT->get_product_type, get_the_terms, wp_get_object_terms, get_terms, WP_Term_Query->query, WP_Term_Query->get_terms
[17-Sep-2024 16:15:27 UTC] WordPress database error Commands out of sync; you can't run this command now for query SELECT DISTINCT t.term_id
			 FROM wpgsm_terms AS t  LEFT JOIN wpgsm_termmeta ON ( t.term_id = wpgsm_termmeta.term_id AND wpgsm_termmeta.meta_key='order') INNER JOIN wpgsm_term_taxonomy AS tt ON t.term_id = tt.term_id INNER JOIN wpgsm_term_relationships AS tr ON tr.term_taxonomy_id = tt.term_taxonomy_id
			 WHERE tt.taxonomy IN ('pa_color') AND tr.object_id IN (1004) AND ( 
  ( wpgsm_termmeta.meta_key = 'order' OR wpgsm_termmeta.meta_key IS NULL )
)
			 ORDER BY wpgsm_termmeta.meta_value+0 ASC, t.name ASC
			  made by shutdown_action_hook, do_action('shutdown'), WP_Hook->do_action, WP_Hook->apply_filters, WC_Post_Data::do_deferred_product_sync, array_walk, WC_Post_Data::deferred_product_sync, wc_get_product, WC_Product_Factory->get_product, WC_Product_Simple->__construct, WC_Product->__construct, WC_Data_Store->read, WC_Product_Data_Store_CPT->read, WC_Product_Data_Store_CPT->read_attributes, wc_get_object_terms, get_the_terms, wp_get_object_terms, get_terms, WP_Term_Query->query, WP_Term_Query->get_terms
[17-Sep-2024 16:15:27 UTC] WordPress database error Commands out of sync; you can't run this command now for query SELECT DISTINCT t.term_id
			 FROM wpgsm_terms AS t  INNER JOIN wpgsm_term_taxonomy AS tt ON t.term_id = tt.term_id INNER JOIN wpgsm_term_relationships AS tr ON tr.term_taxonomy_id = tt.term_taxonomy_id
			 WHERE tt.taxonomy IN ('product_type') AND tr.object_id IN (1005)
			 ORDER BY t.name ASC
			  made by shutdown_action_hook, do_action('shutdown'), WP_Hook->do_action, WP_Hook->apply_filters, WC_Post_Data::do_deferred_product_sync, array_walk, WC_Post_Data::deferred_product_sync, wc_get_product, WC_Product_Factory->get_product, WC_Product_Factory::get_product_type, WC_Data_Store->__call, WC_Product_Data_Store_CPT->get_product_type, get_the_terms, wp_get_object_terms, get_terms, WP_Term_Query->query, WP_Term_Query->get_terms
[17-Sep-2024 16:15:27 UTC] WordPress database error Commands out of sync; you can't run this command now for query SELECT DISTINCT t.term_id
			 FROM wpgsm_terms AS t  LEFT JOIN wpgsm_termmeta ON ( t.term_id = wpgsm_termmeta.term_id AND wpgsm_termmeta.meta_key='order') INNER JOIN wpgsm_term_taxonomy AS tt ON t.term_id = tt.term_id INNER JOIN wpgsm_term_relationships AS tr ON tr.term_taxonomy_id = tt.term_taxonomy_id
			 WHERE tt.taxonomy IN ('pa_color') AND tr.object_id IN (1005) AND ( 
  ( wpgsm_termmeta.meta_key = 'order' OR wpgsm_termmeta.meta_key IS NULL )
)
			 ORDER BY wpgsm_termmeta.meta_value+0 ASC, t.name ASC
			  made by shutdown_action_hook, do_action('shutdown'), WP_Hook->do_action, WP_Hook->apply_filters, WC_Post_Data::do_deferred_product_sync, array_walk, WC_Post_Data::deferred_product_sync, wc_get_product, WC_Product_Factory->get_product, WC_Product_Simple->__construct, WC_Product->__construct, WC_Data_Store->read, WC_Product_Data_Store_CPT->read, WC_Product_Data_Store_CPT->read_attributes, wc_get_object_terms, get_the_terms, wp_get_object_terms, get_terms, WP_Term_Query->query, WP_Term_Query->get_terms
[17-Sep-2024 16:15:27 UTC] WordPress database error Commands out of sync; you can't run this command now for query SELECT DISTINCT t.term_id
			 FROM wpgsm_terms AS t  INNER JOIN wpgsm_term_taxonomy AS tt ON t.term_id = tt.term_id INNER JOIN wpgsm_term_relationships AS tr ON tr.term_taxonomy_id = tt.term_taxonomy_id
			 WHERE tt.taxonomy IN ('product_type') AND tr.object_id IN (1006)
			 ORDER BY t.name ASC
			  made by shutdown_action_hook, do_action('shutdown'), WP_Hook->do_action, WP_Hook->apply_filters, WC_Post_Data::do_deferred_product_sync, array_walk, WC_Post_Data::deferred_product_sync, wc_get_product, WC_Product_Factory->get_product, WC_Product_Factory::get_product_type, WC_Data_Store->__call, WC_Product_Data_Store_CPT->get_product_type, get_the_terms, wp_get_object_terms, get_terms, WP_Term_Query->query, WP_Term_Query->get_terms
[17-Sep-2024 16:15:27 UTC] WordPress database error Commands out of sync; you can't run this command now for query SELECT DISTINCT t.term_id
			 FROM wpgsm_terms AS t  LEFT JOIN wpgsm_termmeta ON ( t.term_id = wpgsm_termmeta.term_id AND wpgsm_termmeta.meta_key='order') INNER JOIN wpgsm_term_taxonomy AS tt ON t.term_id = tt.term_id INNER JOIN wpgsm_term_relationships AS tr ON tr.term_taxonomy_id = tt.term_taxonomy_id
			 WHERE tt.taxonomy IN ('pa_color') AND tr.object_id IN (1006) AND ( 
  ( wpgsm_termmeta.meta_key = 'order' OR wpgsm_termmeta.meta_key IS NULL )
)
			 ORDER BY wpgsm_termmeta.meta_value+0 ASC, t.name ASC
			  made by shutdown_action_hook, do_action('shutdown'), WP_Hook->do_action, WP_Hook->apply_filters, WC_Post_Data::do_deferred_product_sync, array_walk, WC_Post_Data::deferred_product_sync, wc_get_product, WC_Product_Factory->get_product, WC_Product_Simple->__construct, WC_Product->__construct, WC_Data_Store->read, WC_Product_Data_Store_CPT->read, WC_Product_Data_Store_CPT->read_attributes, wc_get_object_terms, get_the_terms, wp_get_object_terms, get_terms, WP_Term_Query->query, WP_Term_Query->get_terms
[17-Sep-2024 16:15:27 UTC] WordPress database error Commands out of sync; you can't run this command now for query SELECT DISTINCT t.term_id
			 FROM wpgsm_terms AS t  INNER JOIN wpgsm_term_taxonomy AS tt ON t.term_id = tt.term_id INNER JOIN wpgsm_term_relationships AS tr ON tr.term_taxonomy_id = tt.term_taxonomy_id
			 WHERE tt.taxonomy IN ('product_type') AND tr.object_id IN (1007)
			 ORDER BY t.name ASC
			  made by shutdown_action_hook, do_action('shutdown'), WP_Hook->do_action, WP_Hook->apply_filters, WC_Post_Data::do_deferred_product_sync, array_walk, WC_Post_Data::deferred_product_sync, wc_get_product, WC_Product_Factory->get_product, WC_Product_Factory::get_product_type, WC_Data_Store->__call, WC_Product_Data_Store_CPT->get_product_type, get_the_terms, wp_get_object_terms, get_terms, WP_Term_Query->query, WP_Term_Query->get_terms
[17-Sep-2024 16:15:27 UTC] WordPress database error Commands out of sync; you can't run this command now for query SELECT DISTINCT t.term_id
			 FROM wpgsm_terms AS t  LEFT JOIN wpgsm_termmeta ON ( t.term_id = wpgsm_termmeta.term_id AND wpgsm_termmeta.meta_key='order') INNER JOIN wpgsm_term_taxonomy AS tt ON t.term_id = tt.term_id INNER JOIN wpgsm_term_relationships AS tr ON tr.term_taxonomy_id = tt.term_taxonomy_id
			 WHERE tt.taxonomy IN ('pa_color') AND tr.object_id IN (1007) AND ( 
  ( wpgsm_termmeta.meta_key = 'order' OR wpgsm_termmeta.meta_key IS NULL )
)
			 ORDER BY wpgsm_termmeta.meta_value+0 ASC, t.name ASC
			  made by shutdown_action_hook, do_action('shutdown'), WP_Hook->do_action, WP_Hook->apply_filters, WC_Post_Data::do_deferred_product_sync, array_walk, WC_Post_Data::deferred_product_sync, wc_get_product, WC_Product_Factory->get_product, WC_Product_Simple->__construct, WC_Product->__construct, WC_Data_Store->read, WC_Product_Data_Store_CPT->read, WC_Product_Data_Store_CPT->read_attributes, wc_get_object_terms, get_the_terms, wp_get_object_terms, get_terms, WP_Term_Query->query, WP_Term_Query->get_terms
[17-Sep-2024 16:15:27 UTC] WordPress database error Commands out of sync; you can't run this command now for query SELECT DISTINCT t.term_id
			 FROM wpgsm_terms AS t  INNER JOIN wpgsm_term_taxonomy AS tt ON t.term_id = tt.term_id INNER JOIN wpgsm_term_relationships AS tr ON tr.term_taxonomy_id = tt.term_taxonomy_id
			 WHERE tt.taxonomy IN ('product_type') AND tr.object_id IN (1008)
			 ORDER BY t.name ASC
			  made by shutdown_action_hook, do_action('shutdown'), WP_Hook->do_action, WP_Hook->apply_filters, WC_Post_Data::do_deferred_product_sync, array_walk, WC_Post_Data::deferred_product_sync, wc_get_product, WC_Product_Factory->get_product, WC_Product_Factory::get_product_type, WC_Data_Store->__call, WC_Product_Data_Store_CPT->get_product_type, get_the_terms, wp_get_object_terms, get_terms, WP_Term_Query->query, WP_Term_Query->get_terms
[17-Sep-2024 16:15:27 UTC] WordPress database error Commands out of sync; you can't run this command now for query SELECT DISTINCT t.term_id
			 FROM wpgsm_terms AS t  LEFT JOIN wpgsm_termmeta ON ( t.term_id = wpgsm_termmeta.term_id AND wpgsm_termmeta.meta_key='order') INNER JOIN wpgsm_term_taxonomy AS tt ON t.term_id = tt.term_id INNER JOIN wpgsm_term_relationships AS tr ON tr.term_taxonomy_id = tt.term_taxonomy_id
			 WHERE tt.taxonomy IN ('pa_color') AND tr.object_id IN (1008) AND ( 
  ( wpgsm_termmeta.meta_key = 'order' OR wpgsm_termmeta.meta_key IS NULL )
)
			 ORDER BY wpgsm_termmeta.meta_value+0 ASC, t.name ASC
			  made by shutdown_action_hook, do_action('shutdown'), WP_Hook->do_action, WP_Hook->apply_filters, WC_Post_Data::do_deferred_product_sync, array_walk, WC_Post_Data::deferred_product_sync, wc_get_product, WC_Product_Factory->get_product, WC_Product_Simple->__construct, WC_Product->__construct, WC_Data_Store->read, WC_Product_Data_Store_CPT->read, WC_Product_Data_Store_CPT->read_attributes, wc_get_object_terms, get_the_terms, wp_get_object_terms, get_terms, WP_Term_Query->query, WP_Term_Query->get_terms
[17-Sep-2024 16:15:27 UTC] WordPress database error Commands out of sync; you can't run this command now for query SELECT DISTINCT t.term_id
			 FROM wpgsm_terms AS t  INNER JOIN wpgsm_term_taxonomy AS tt ON t.term_id = tt.term_id INNER JOIN wpgsm_term_relationships AS tr ON tr.term_taxonomy_id = tt.term_taxonomy_id
			 WHERE tt.taxonomy IN ('product_type') AND tr.object_id IN (1009)
			 ORDER BY t.name ASC
			  made by shutdown_action_hook, do_action('shutdown'), WP_Hook->do_action, WP_Hook->apply_filters, WC_Post_Data::do_deferred_product_sync, array_walk, WC_Post_Data::deferred_product_sync, wc_get_product, WC_Product_Factory->get_product, WC_Product_Factory::get_product_type, WC_Data_Store->__call, WC_Product_Data_Store_CPT->get_product_type, get_the_terms, wp_get_object_terms, get_terms, WP_Term_Query->query, WP_Term_Query->get_terms
[17-Sep-2024 16:15:27 UTC] WordPress database error Commands out of sync; you can't run this command now for query SELECT DISTINCT t.term_id
			 FROM wpgsm_terms AS t  LEFT JOIN wpgsm_termmeta ON ( t.term_id = wpgsm_termmeta.term_id AND wpgsm_termmeta.meta_key='order') INNER JOIN wpgsm_term_taxonomy AS tt ON t.term_id = tt.term_id INNER JOIN wpgsm_term_relationships AS tr ON tr.term_taxonomy_id = tt.term_taxonomy_id
			 WHERE tt.taxonomy IN ('pa_color') AND tr.object_id IN (1009) AND ( 
  ( wpgsm_termmeta.meta_key = 'order' OR wpgsm_termmeta.meta_key IS NULL )
)
			 ORDER BY wpgsm_termmeta.meta_value+0 ASC, t.name ASC
			  made by shutdown_action_hook, do_action('shutdown'), WP_Hook->do_action, WP_Hook->apply_filters, WC_Post_Data::do_deferred_product_sync, array_walk, WC_Post_Data::deferred_product_sync, wc_get_product, WC_Product_Factory->get_product, WC_Product_Simple->__construct, WC_Product->__construct, WC_Data_Store->read, WC_Product_Data_Store_CPT->read, WC_Product_Data_Store_CPT->read_attributes, wc_get_object_terms, get_the_terms, wp_get_object_terms, get_terms, WP_Term_Query->query, WP_Term_Query->get_terms
[17-Sep-2024 16:15:27 UTC] WordPress database error Commands out of sync; you can't run this command now for query SELECT DISTINCT t.term_id
			 FROM wpgsm_terms AS t  INNER JOIN wpgsm_term_taxonomy AS tt ON t.term_id = tt.term_id INNER JOIN wpgsm_term_relationships AS tr ON tr.term_taxonomy_id = tt.term_taxonomy_id
			 WHERE tt.taxonomy IN ('product_type') AND tr.object_id IN (1010)
			 ORDER BY t.name ASC
			  made by shutdown_action_hook, do_action('shutdown'), WP_Hook->do_action, WP_Hook->apply_filters, WC_Post_Data::do_deferred_product_sync, array_walk, WC_Post_Data::deferred_product_sync, wc_get_product, WC_Product_Factory->get_product, WC_Product_Factory::get_product_type, WC_Data_Store->__call, WC_Product_Data_Store_CPT->get_product_type, get_the_terms, wp_get_object_terms, get_terms, WP_Term_Query->query, WP_Term_Query->get_terms
[17-Sep-2024 16:15:27 UTC] WordPress database error Commands out of sync; you can't run this command now for query SELECT DISTINCT t.term_id
			 FROM wpgsm_terms AS t  LEFT JOIN wpgsm_termmeta ON ( t.term_id = wpgsm_termmeta.term_id AND wpgsm_termmeta.meta_key='order') INNER JOIN wpgsm_term_taxonomy AS tt ON t.term_id = tt.term_id INNER JOIN wpgsm_term_relationships AS tr ON tr.term_taxonomy_id = tt.term_taxonomy_id
			 WHERE tt.taxonomy IN ('pa_color') AND tr.object_id IN (1010) AND ( 
  ( wpgsm_termmeta.meta_key = 'order' OR wpgsm_termmeta.meta_key IS NULL )
)
			 ORDER BY wpgsm_termmeta.meta_value+0 ASC, t.name ASC
			  made by shutdown_action_hook, do_action('shutdown'), WP_Hook->do_action, WP_Hook->apply_filters, WC_Post_Data::do_deferred_product_sync, array_walk, WC_Post_Data::deferred_product_sync, wc_get_product, WC_Product_Factory->get_product, WC_Product_Simple->__construct, WC_Product->__construct, WC_Data_Store->read, WC_Product_Data_Store_CPT->read, WC_Product_Data_Store_CPT->read_attributes, wc_get_object_terms, get_the_terms, wp_get_object_terms, get_terms, WP_Term_Query->query, WP_Term_Query->get_terms
[17-Sep-2024 16:15:27 UTC] WordPress database error Commands out of sync; you can't run this command now for query SELECT DISTINCT t.term_id
			 FROM wpgsm_terms AS t  INNER JOIN wpgsm_term_taxonomy AS tt ON t.term_id = tt.term_id INNER JOIN wpgsm_term_relationships AS tr ON tr.term_taxonomy_id = tt.term_taxonomy_id
			 WHERE tt.taxonomy IN ('product_type') AND tr.object_id IN (1011)
			 ORDER BY t.name ASC
			  made by shutdown_action_hook, do_action('shutdown'), WP_Hook->do_action, WP_Hook->apply_filters, WC_Post_Data::do_deferred_product_sync, array_walk, WC_Post_Data::deferred_product_sync, wc_get_product, WC_Product_Factory->get_product, WC_Product_Factory::get_product_type, WC_Data_Store->__call, WC_Product_Data_Store_CPT->get_product_type, get_the_terms, wp_get_object_terms, get_terms, WP_Term_Query->query, WP_Term_Query->get_terms
[17-Sep-2024 16:15:27 UTC] WordPress database error Commands out of sync; you can't run this command now for query SELECT DISTINCT t.term_id
			 FROM wpgsm_terms AS t  LEFT JOIN wpgsm_termmeta ON ( t.term_id = wpgsm_termmeta.term_id AND wpgsm_termmeta.meta_key='order') INNER JOIN wpgsm_term_taxonomy AS tt ON t.term_id = tt.term_id INNER JOIN wpgsm_term_relationships AS tr ON tr.term_taxonomy_id = tt.term_taxonomy_id
			 WHERE tt.taxonomy IN ('pa_color') AND tr.object_id IN (1011) AND ( 
  ( wpgsm_termmeta.meta_key = 'order' OR wpgsm_termmeta.meta_key IS NULL )
)
			 ORDER BY wpgsm_termmeta.meta_value+0 ASC, t.name ASC
			  made by shutdown_action_hook, do_action('shutdown'), WP_Hook->do_action, WP_Hook->apply_filters, WC_Post_Data::do_deferred_product_sync, array_walk, WC_Post_Data::deferred_product_sync, wc_get_product, WC_Product_Factory->get_product, WC_Product_Simple->__construct, WC_Product->__construct, WC_Data_Store->read, WC_Product_Data_Store_CPT->read, WC_Product_Data_Store_CPT->read_attributes, wc_get_object_terms, get_the_terms, wp_get_object_terms, get_terms, WP_Term_Query->query, WP_Term_Query->get_terms
[17-Sep-2024 16:15:27 UTC] WordPress database error Commands out of sync; you can't run this command now for query SELECT DISTINCT t.term_id
			 FROM wpgsm_terms AS t  INNER JOIN wpgsm_term_taxonomy AS tt ON t.term_id = tt.term_id INNER JOIN wpgsm_term_relationships AS tr ON tr.term_taxonomy_id = tt.term_taxonomy_id
			 WHERE tt.taxonomy IN ('product_type') AND tr.object_id IN (1012)
			 ORDER BY t.name ASC
			  made by shutdown_action_hook, do_action('shutdown'), WP_Hook->do_action, WP_Hook->apply_filters, WC_Post_Data::do_deferred_product_sync, array_walk, WC_Post_Data::deferred_product_sync, wc_get_product, WC_Product_Factory->get_product, WC_Product_Factory::get_product_type, WC_Data_Store->__call, WC_Product_Data_Store_CPT->get_product_type, get_the_terms, wp_get_object_terms, get_terms, WP_Term_Query->query, WP_Term_Query->get_terms
[17-Sep-2024 16:15:27 UTC] WordPress database error Commands out of sync; you can't run this command now for query SELECT DISTINCT t.term_id
			 FROM wpgsm_terms AS t  LEFT JOIN wpgsm_termmeta ON ( t.term_id = wpgsm_termmeta.term_id AND wpgsm_termmeta.meta_key='order') INNER JOIN wpgsm_term_taxonomy AS tt ON t.term_id = tt.term_id INNER JOIN wpgsm_term_relationships AS tr ON tr.term_taxonomy_id = tt.term_taxonomy_id
			 WHERE tt.taxonomy IN ('pa_color') AND tr.object_id IN (1012) AND ( 
  ( wpgsm_termmeta.meta_key = 'order' OR wpgsm_termmeta.meta_key IS NULL )
)
			 ORDER BY wpgsm_termmeta.meta_value+0 ASC, t.name ASC
			  made by shutdown_action_hook, do_action('shutdown'), WP_Hook->do_action, WP_Hook->apply_filters, WC_Post_Data::do_deferred_product_sync, array_walk, WC_Post_Data::deferred_product_sync, wc_get_product, WC_Product_Factory->get_product, WC_Product_Simple->__construct, WC_Product->__construct, WC_Data_Store->read, WC_Product_Data_Store_CPT->read, WC_Product_Data_Store_CPT->read_attributes, wc_get_object_terms, get_the_terms, wp_get_object_terms, get_terms, WP_Term_Query->query, WP_Term_Query->get_terms
[17-Sep-2024 16:15:27 UTC] WordPress database error Commands out of sync; you can't run this command now for query SELECT DISTINCT t.term_id
			 FROM wpgsm_terms AS t  INNER JOIN wpgsm_term_taxonomy AS tt ON t.term_id = tt.term_id INNER JOIN wpgsm_term_relationships AS tr ON tr.term_taxonomy_id = tt.term_taxonomy_id
			 WHERE tt.taxonomy IN ('product_type') AND tr.object_id IN (1013)
			 ORDER BY t.name ASC
			  made by shutdown_action_hook, do_action('shutdown'), WP_Hook->do_action, WP_Hook->apply_filters, WC_Post_Data::do_deferred_product_sync, array_walk, WC_Post_Data::deferred_product_sync, wc_get_product, WC_Product_Factory->get_product, WC_Product_Factory::get_product_type, WC_Data_Store->__call, WC_Product_Data_Store_CPT->get_product_type, get_the_terms, wp_get_object_terms, get_terms, WP_Term_Query->query, WP_Term_Query->get_terms
[17-Sep-2024 16:15:27 UTC] WordPress database error Commands out of sync; you can't run this command now for query SELECT DISTINCT t.term_id
			 FROM wpgsm_terms AS t  LEFT JOIN wpgsm_termmeta ON ( t.term_id = wpgsm_termmeta.term_id AND wpgsm_termmeta.meta_key='order') INNER JOIN wpgsm_term_taxonomy AS tt ON t.term_id = tt.term_id INNER JOIN wpgsm_term_relationships AS tr ON tr.term_taxonomy_id = tt.term_taxonomy_id
			 WHERE tt.taxonomy IN ('pa_color') AND tr.object_id IN (1013) AND ( 
  ( wpgsm_termmeta.meta_key = 'order' OR wpgsm_termmeta.meta_key IS NULL )
)
			 ORDER BY wpgsm_termmeta.meta_value+0 ASC, t.name ASC
			  made by shutdown_action_hook, do_action('shutdown'), WP_Hook->do_action, WP_Hook->apply_filters, WC_Post_Data::do_deferred_product_sync, array_walk, WC_Post_Data::deferred_product_sync, wc_get_product, WC_Product_Factory->get_product, WC_Product_Simple->__construct, WC_Product->__construct, WC_Data_Store->read, WC_Product_Data_Store_CPT->read, WC_Product_Data_Store_CPT->read_attributes, wc_get_object_terms, get_the_terms, wp_get_object_terms, get_terms, WP_Term_Query->query, WP_Term_Query->get_terms
[17-Sep-2024 16:15:27 UTC] WordPress database error Commands out of sync; you can't run this command now for query SELECT DISTINCT t.term_id
			 FROM wpgsm_terms AS t  INNER JOIN wpgsm_term_taxonomy AS tt ON t.term_id = tt.term_id INNER JOIN wpgsm_term_relationships AS tr ON tr.term_taxonomy_id = tt.term_taxonomy_id
			 WHERE tt.taxonomy IN ('product_type') AND tr.object_id IN (1014)
			 ORDER BY t.name ASC
			  made by shutdown_action_hook, do_action('shutdown'), WP_Hook->do_action, WP_Hook->apply_filters, WC_Post_Data::do_deferred_product_sync, array_walk, WC_Post_Data::deferred_product_sync, wc_get_product, WC_Product_Factory->get_product, WC_Product_Factory::get_product_type, WC_Data_Store->__call, WC_Product_Data_Store_CPT->get_product_type, get_the_terms, wp_get_object_terms, get_terms, WP_Term_Query->query, WP_Term_Query->get_terms
