[17-Sep-2024 16:28:57 UTC] Variation créée avec succès pour produit 1066
[17-Sep-2024 16:28:57 UTC] Couleur attribuée: Bleu
[17-Sep-2024 16:28:57 UTC] Taille attribuée: 
[17-Sep-2024 16:28:57 UTC] Term color trouvé: oui
[17-Sep-2024 16:28:57 UTC] Term size trouvé: non
[17-Sep-2024 16:28:57 UTC] SKU: IT1628-04
[17-Sep-2024 16:28:57 UTC] Requête SQL: 
            SELECT p.ID FROM wpgsm_posts p
            WHERE p.post_parent = %d 
            AND p.post_type = 'product_variation'
            AND p.post_status IN ('publish', 'private')
         AND EXISTS (
                SELECT 1 FROM wpgsm_woocommerce_order_itemmeta oim
                WHERE oim.meta_key = %s
                AND oim.meta_value = %s
                AND oim.order_item_id = p.ID
            ) AND EXISTS (
                SELECT 1 FROM wpgsm_woocommerce_order_itemmeta oim
                WHERE oim.meta_key = %s
                AND oim.meta_value = %s
                AND oim.order_item_id = p.ID
            )
[17-Sep-2024 16:28:57 UTC] Params: Array
(
    [0] => 1067
    [1] => attribute_pa_color
    [2] => bleu
    [3] => attribute_pa_size
    [4] => 
)

[17-Sep-2024 16:28:57 UTC] Variations trouvées: Array
(
)

[17-Sep-2024 16:28:57 UTC] Création de la variation pour le produit ID: 1067
[17-Sep-2024 16:28:57 UTC] Création variation pour produit 1067 avec SKU IT1628-04
[17-Sep-2024 16:28:57 UTC] Attributs: Array
(
    [pa_color] => bleu
    [pa_size] => 
)

[17-Sep-2024 16:28:57 UTC] Stock: 14451
[17-Sep-2024 16:28:57 UTC] Prix: 0,63
[17-Sep-2024 16:28:57 UTC] Variation créée avec succès pour produit 1067
[17-Sep-2024 16:28:57 UTC] Couleur attribuée: Blanc
[17-Sep-2024 16:28:57 UTC] Taille attribuée: 
[17-Sep-2024 16:28:57 UTC] Term color trouvé: oui
[17-Sep-2024 16:28:57 UTC] Term size trouvé: non
[17-Sep-2024 16:28:57 UTC] SKU: IT1628-06
[17-Sep-2024 16:28:57 UTC] Requête SQL: 
            SELECT p.ID FROM wpgsm_posts p
            WHERE p.post_parent = %d 
            AND p.post_type = 'product_variation'
            AND p.post_status IN ('publish', 'private')
         AND EXISTS (
                SELECT 1 FROM wpgsm_woocommerce_order_itemmeta oim
                WHERE oim.meta_key = %s
                AND oim.meta_value = %s
                AND oim.order_item_id = p.ID
            ) AND EXISTS (
                SELECT 1 FROM wpgsm_woocommerce_order_itemmeta oim
                WHERE oim.meta_key = %s
                AND oim.meta_value = %s
                AND oim.order_item_id = p.ID
            )
[17-Sep-2024 16:28:57 UTC] Params: Array
(
    [0] => 1067
    [1] => attribute_pa_color
    [2] => blanc
    [3] => attribute_pa_size
    [4] => 
)

[17-Sep-2024 16:28:57 UTC] Variations trouvées: Array
(
)

[17-Sep-2024 16:28:57 UTC] Création de la variation pour le produit ID: 1067
[17-Sep-2024 16:28:57 UTC] Création variation pour produit 1067 avec SKU IT1628-06
[17-Sep-2024 16:28:57 UTC] Attributs: Array
(
    [pa_color] => blanc
    [pa_size] => 
)

[17-Sep-2024 16:28:57 UTC] Stock: 9272
[17-Sep-2024 16:28:57 UTC] Prix: 0,63
[17-Sep-2024 16:28:57 UTC] Variation créée avec succès pour produit 1067
[17-Sep-2024 16:28:57 UTC] Couleur attribuée: Bleu
[17-Sep-2024 16:28:57 UTC] Taille attribuée: 
[17-Sep-2024 16:28:57 UTC] Term color trouvé: oui
[17-Sep-2024 16:28:57 UTC] Term size trouvé: non
[17-Sep-2024 16:28:57 UTC] SKU: IT1639-04
[17-Sep-2024 16:28:57 UTC] Requête SQL: 
            SELECT p.ID FROM wpgsm_posts p
            WHERE p.post_parent = %d 
            AND p.post_type = 'product_variation'
            AND p.post_status IN ('publish', 'private')
         AND EXISTS (
                SELECT 1 FROM wpgsm_woocommerce_order_itemmeta oim
                WHERE oim.meta_key = %s
                AND oim.meta_value = %s
                AND oim.order_item_id = p.ID
            ) AND EXISTS (
                SELECT 1 FROM wpgsm_woocommerce_order_itemmeta oim
                WHERE oim.meta_key = %s
                AND oim.meta_value = %s
                AND oim.order_item_id = p.ID
            )
[17-Sep-2024 16:28:57 UTC] Params: Array
(
    [0] => 1068
    [1] => attribute_pa_color
    [2] => bleu
    [3] => attribute_pa_size
    [4] => 
)

[17-Sep-2024 16:28:57 UTC] Variations trouvées: Array
(
)

[17-Sep-2024 16:28:57 UTC] Création de la variation pour le produit ID: 1068
[17-Sep-2024 16:28:57 UTC] Création variation pour produit 1068 avec SKU IT1639-04
[17-Sep-2024 16:28:57 UTC] Attributs: Array
(
    [pa_color] => bleu
    [pa_size] => 
)

[17-Sep-2024 16:28:57 UTC] Stock: 7762
[17-Sep-2024 16:28:57 UTC] Prix: 2,95
[17-Sep-2024 16:28:57 UTC] Variation créée avec succès pour produit 1068
[17-Sep-2024 16:28:57 UTC] Couleur attribuée: Bleu
[17-Sep-2024 16:28:57 UTC] Taille attribuée: 
[17-Sep-2024 16:28:57 UTC] Term color trouvé: oui
[17-Sep-2024 16:28:57 UTC] Term size trouvé: non
[17-Sep-2024 16:28:57 UTC] SKU: IT1911-04
[17-Sep-2024 16:28:57 UTC] Requête SQL: 
            SELECT p.ID FROM wpgsm_posts p
            WHERE p.post_parent = %d 
            AND p.post_type = 'product_variation'
            AND p.post_status IN ('publish', 'private')
         AND EXISTS (
                SELECT 1 FROM wpgsm_woocommerce_order_itemmeta oim
                WHERE oim.meta_key = %s
                AND oim.meta_value = %s
                AND oim.order_item_id = p.ID
            ) AND EXISTS (
                SELECT 1 FROM wpgsm_woocommerce_order_itemmeta oim
                WHERE oim.meta_key = %s
                AND oim.meta_value = %s
                AND oim.order_item_id = p.ID
            )
[17-Sep-2024 16:28:57 UTC] Params: Array
(
    [0] => 1069
    [1] => attribute_pa_color
    [2] => bleu
    [3] => attribute_pa_size
    [4] => 
)

[17-Sep-2024 16:28:57 UTC] Variations trouvées: Array
(
)

[17-Sep-2024 16:28:57 UTC] Création de la variation pour le produit ID: 1069
[17-Sep-2024 16:28:57 UTC] Création variation pour produit 1069 avec SKU IT1911-04
[17-Sep-2024 16:28:57 UTC] Attributs: Array
(
    [pa_color] => bleu
    [pa_size] => 
)

[17-Sep-2024 16:28:57 UTC] Stock: 8382
[17-Sep-2024 16:28:57 UTC] Prix: 2,37
[17-Sep-2024 16:28:57 UTC] Variation créée avec succès pour produit 1069
[17-Sep-2024 16:28:57 UTC] Couleur attribuée: Noir
[17-Sep-2024 16:28:57 UTC] Taille attribuée: 
[17-Sep-2024 16:28:57 UTC] Term color trouvé: oui
[17-Sep-2024 16:28:57 UTC] Term size trouvé: non
[17-Sep-2024 16:28:57 UTC] SKU: IT1911-03
[17-Sep-2024 16:28:57 UTC] Requête SQL: 
            SELECT p.ID FROM wpgsm_posts p
            WHERE p.post_parent = %d 
            AND p.post_type = 'product_variation'
            AND p.post_status IN ('publish', 'private')
         AND EXISTS (
                SELECT 1 FROM wpgsm_woocommerce_order_itemmeta oim
                WHERE oim.meta_key = %s
                AND oim.meta_value = %s
                AND oim.order_item_id = p.ID
            ) AND EXISTS (
                SELECT 1 FROM wpgsm_woocommerce_order_itemmeta oim
                WHERE oim.meta_key = %s
                AND oim.meta_value = %s
                AND oim.order_item_id = p.ID
            )
[17-Sep-2024 16:28:57 UTC] Params: Array
(
    [0] => 1069
    [1] => attribute_pa_color
    [2] => noir
    [3] => attribute_pa_size
    [4] => 
)

[17-Sep-2024 16:28:57 UTC] Variations trouvées: Array
(
)

[17-Sep-2024 16:28:57 UTC] Création de la variation pour le produit ID: 1069
[17-Sep-2024 16:28:57 UTC] Création variation pour produit 1069 avec SKU IT1911-03
[17-Sep-2024 16:28:57 UTC] Attributs: Array
(
    [pa_color] => noir
    [pa_size] => 
)

[17-Sep-2024 16:28:57 UTC] Stock: 10721
[17-Sep-2024 16:28:57 UTC] Prix: 2,37
[17-Sep-2024 16:28:57 UTC] Variation créée avec succès pour produit 1069
[17-Sep-2024 16:28:57 UTC] Couleur attribuée: Orange
[17-Sep-2024 16:28:57 UTC] Taille attribuée: 
[17-Sep-2024 16:28:57 UTC] Term color trouvé: oui
[17-Sep-2024 16:28:57 UTC] Term size trouvé: non
[17-Sep-2024 16:28:57 UTC] SKU: IT1911-10
[17-Sep-2024 16:28:57 UTC] Requête SQL: 
            SELECT p.ID FROM wpgsm_posts p
            WHERE p.post_parent = %d 
            AND p.post_type = 'product_variation'
            AND p.post_status IN ('publish', 'private')
         AND EXISTS (
                SELECT 1 FROM wpgsm_woocommerce_order_itemmeta oim
                WHERE oim.meta_key = %s
                AND oim.meta_value = %s
                AND oim.order_item_id = p.ID
            ) AND EXISTS (
                SELECT 1 FROM wpgsm_woocommerce_order_itemmeta oim
                WHERE oim.meta_key = %s
                AND oim.meta_value = %s
                AND oim.order_item_id = p.ID
            )
[17-Sep-2024 16:28:57 UTC] Params: Array
(
    [0] => 1069
    [1] => attribute_pa_color
    [2] => orange
    [3] => attribute_pa_size
    [4] => 
)

[17-Sep-2024 16:28:57 UTC] Variations trouvées: Array
(
)

[17-Sep-2024 16:28:57 UTC] Création de la variation pour le produit ID: 1069
[17-Sep-2024 16:28:57 UTC] Création variation pour produit 1069 avec SKU IT1911-10
[17-Sep-2024 16:28:57 UTC] Attributs: Array
(
    [pa_color] => orange
    [pa_size] => 
)

[17-Sep-2024 16:28:57 UTC] Stock: 4392
[17-Sep-2024 16:28:57 UTC] Prix: 2,37
[17-Sep-2024 16:28:57 UTC] Variation créée avec succès pour produit 1069
[17-Sep-2024 16:28:57 UTC] Couleur attribuée: Multicolore
[17-Sep-2024 16:28:57 UTC] Taille attribuée: 
[17-Sep-2024 16:28:57 UTC] Term color trouvé: oui
[17-Sep-2024 16:28:57 UTC] Term size trouvé: non
[17-Sep-2024 16:28:57 UTC] SKU: IT1989-99
[17-Sep-2024 16:28:57 UTC] Requête SQL: 
            SELECT p.ID FROM wpgsm_posts p
            WHERE p.post_parent = %d 
            AND p.post_type = 'product_variation'
            AND p.post_status IN ('publish', 'private')
         AND EXISTS (
                SELECT 1 FROM wpgsm_woocommerce_order_itemmeta oim
                WHERE oim.meta_key = %s
                AND oim.meta_value = %s
                AND oim.order_item_id = p.ID
            ) AND EXISTS (
                SELECT 1 FROM wpgsm_woocommerce_order_itemmeta oim
                WHERE oim.meta_key = %s
                AND oim.meta_value = %s
                AND oim.order_item_id = p.ID
            )
[17-Sep-2024 16:28:57 UTC] Params: Array
(
    [0] => 1070
    [1] => attribute_pa_color
    [2] => multicolore
    [3] => attribute_pa_size
    [4] => 
)

[17-Sep-2024 16:28:57 UTC] Variations trouvées: Array
(
)

[17-Sep-2024 16:28:57 UTC] Création de la variation pour le produit ID: 1070
[17-Sep-2024 16:28:57 UTC] Création variation pour produit 1070 avec SKU IT1989-99
[17-Sep-2024 16:28:57 UTC] Attributs: Array
(
    [pa_color] => multicolore
    [pa_size] => 
)

[17-Sep-2024 16:28:57 UTC] Stock: 2377
[17-Sep-2024 16:28:57 UTC] Prix: 10,00
[17-Sep-2024 16:28:58 UTC] Variation créée avec succès pour produit 1070
[17-Sep-2024 16:28:58 UTC] Couleur attribuée: Bleu
[17-Sep-2024 16:28:58 UTC] Taille attribuée: 
[17-Sep-2024 16:28:58 UTC] Term color trouvé: oui
[17-Sep-2024 16:28:58 UTC] Term size trouvé: non
[17-Sep-2024 16:28:58 UTC] SKU: IT2074-04
[17-Sep-2024 16:28:58 UTC] Requête SQL: 
            SELECT p.ID FROM wpgsm_posts p
            WHERE p.post_parent = %d 
            AND p.post_type = 'product_variation'
            AND p.post_status IN ('publish', 'private')
         AND EXISTS (
                SELECT 1 FROM wpgsm_woocommerce_order_itemmeta oim
                WHERE oim.meta_key = %s
                AND oim.meta_value = %s
                AND oim.order_item_id = p.ID
            ) AND EXISTS (
                SELECT 1 FROM wpgsm_woocommerce_order_itemmeta oim
                WHERE oim.meta_key = %s
                AND oim.meta_value = %s
                AND oim.order_item_id = p.ID
            )
[17-Sep-2024 16:28:58 UTC] Params: Array
(
    [0] => 1071
    [1] => attribute_pa_color
    [2] => bleu
    [3] => attribute_pa_size
    [4] => 
)

[17-Sep-2024 16:28:58 UTC] Variations trouvées: Array
(
)

[17-Sep-2024 16:28:58 UTC] Création de la variation pour le produit ID: 1071
[17-Sep-2024 16:28:58 UTC] Création variation pour produit 1071 avec SKU IT2074-04
[17-Sep-2024 16:28:58 UTC] Attributs: Array
(
    [pa_color] => bleu
    [pa_size] => 
)

[17-Sep-2024 16:28:58 UTC] Stock: 5888
[17-Sep-2024 16:28:58 UTC] Prix: 4,97
[17-Sep-2024 16:28:58 UTC] Variation créée avec succès pour produit 1071
[17-Sep-2024 16:28:58 UTC] Couleur attribuée: Multicolore
[17-Sep-2024 16:28:58 UTC] Taille attribuée: 
[17-Sep-2024 16:28:58 UTC] Term color trouvé: oui
[17-Sep-2024 16:28:58 UTC] Term size trouvé: non
[17-Sep-2024 16:28:58 UTC] SKU: IT2172-99
[17-Sep-2024 16:28:58 UTC] Requête SQL: 
            SELECT p.ID FROM wpgsm_posts p
            WHERE p.post_parent = %d 
            AND p.post_type = 'product_variation'
            AND p.post_status IN ('publish', 'private')
         AND EXISTS (
                SELECT 1 FROM wpgsm_woocommerce_order_itemmeta oim
                WHERE oim.meta_key = %s
                AND oim.meta_value = %s
                AND oim.order_item_id = p.ID
            ) AND EXISTS (
                SELECT 1 FROM wpgsm_woocommerce_order_itemmeta oim
                WHERE oim.meta_key = %s
                AND oim.meta_value = %s
                AND oim.order_item_id = p.ID
            )
[17-Sep-2024 16:28:58 UTC] Params: Array
(
    [0] => 1072
    [1] => attribute_pa_color
    [2] => multicolore
    [3] => attribute_pa_size
    [4] => 
)

[17-Sep-2024 16:28:58 UTC] Variations trouvées: Array
(
)

[17-Sep-2024 16:28:58 UTC] Création de la variation pour le produit ID: 1072
[17-Sep-2024 16:28:58 UTC] Création variation pour produit 1072 avec SKU IT2172-99
[17-Sep-2024 16:28:58 UTC] Attributs: Array
(
    [pa_color] => multicolore
    [pa_size] => 
)

[17-Sep-2024 16:28:58 UTC] Stock: 358
[17-Sep-2024 16:28:58 UTC] Prix: 0,16
[17-Sep-2024 16:28:58 UTC] Variation créée avec succès pour produit 1072
[17-Sep-2024 16:28:58 UTC] Couleur attribuée: Beige
[17-Sep-2024 16:28:58 UTC] Taille attribuée: 
[17-Sep-2024 16:28:58 UTC] Term color trouvé: oui
[17-Sep-2024 16:28:58 UTC] Term size trouvé: non
[17-Sep-2024 16:28:58 UTC] SKU: IT2349-13
[17-Sep-2024 16:28:58 UTC] Requête SQL: 
            SELECT p.ID FROM wpgsm_posts p
            WHERE p.post_parent = %d 
            AND p.post_type = 'product_variation'
            AND p.post_status IN ('publish', 'private')
         AND EXISTS (
                SELECT 1 FROM wpgsm_woocommerce_order_itemmeta oim
                WHERE oim.meta_key = %s
                AND oim.meta_value = %s
                AND oim.order_item_id = p.ID
            ) AND EXISTS (
                SELECT 1 FROM wpgsm_woocommerce_order_itemmeta oim
                WHERE oim.meta_key = %s
                AND oim.meta_value = %s
                AND oim.order_item_id = p.ID
            )
[17-Sep-2024 16:28:58 UTC] Params: Array
(
    [0] => 1074
    [1] => attribute_pa_color
    [2] => beige
    [3] => attribute_pa_size
    [4] => 
)

[17-Sep-2024 16:28:58 UTC] Variations trouvées: Array
(
)

[17-Sep-2024 16:28:58 UTC] Création de la variation pour le produit ID: 1074
[17-Sep-2024 16:28:58 UTC] Création variation pour produit 1074 avec SKU IT2349-13
[17-Sep-2024 16:28:58 UTC] Attributs: Array
(
    [pa_color] => beige
    [pa_size] => 
)

[17-Sep-2024 16:28:58 UTC] Stock: 14846
[17-Sep-2024 16:28:58 UTC] Prix: 1,08
[17-Sep-2024 16:28:58 UTC] Variation créée avec succès pour produit 1074
[17-Sep-2024 16:28:58 UTC] Couleur attribuée: Bois
[17-Sep-2024 16:28:58 UTC] Taille attribuée: 
[17-Sep-2024 16:28:58 UTC] Term color trouvé: oui
[17-Sep-2024 16:28:58 UTC] Term size trouvé: non
[17-Sep-2024 16:28:58 UTC] SKU: IT2369-40
[17-Sep-2024 16:28:58 UTC] Requête SQL: 
            SELECT p.ID FROM wpgsm_posts p
            WHERE p.post_parent = %d 
            AND p.post_type = 'product_variation'
            AND p.post_status IN ('publish', 'private')
         AND EXISTS (
                SELECT 1 FROM wpgsm_woocommerce_order_itemmeta oim
                WHERE oim.meta_key = %s
                AND oim.meta_value = %s
                AND oim.order_item_id = p.ID
            ) AND EXISTS (
                SELECT 1 FROM wpgsm_woocommerce_order_itemmeta oim
                WHERE oim.meta_key = %s
                AND oim.meta_value = %s
                AND oim.order_item_id = p.ID
            )
[17-Sep-2024 16:28:58 UTC] Params: Array
(
    [0] => 1075
    [1] => attribute_pa_color
    [2] => bois
    [3] => attribute_pa_size
    [4] => 
)

[17-Sep-2024 16:28:58 UTC] Variations trouvées: Array
(
)

[17-Sep-2024 16:28:58 UTC] Création de la variation pour le produit ID: 1075
[17-Sep-2024 16:28:58 UTC] Création variation pour produit 1075 avec SKU IT2369-40
[17-Sep-2024 16:28:58 UTC] Attributs: Array
(
    [pa_color] => bois
    [pa_size] => 
)

[17-Sep-2024 16:28:58 UTC] Stock: 1831
[17-Sep-2024 16:28:58 UTC] Prix: 6,62
[17-Sep-2024 16:28:58 UTC] Variation créée avec succès pour produit 1075
[17-Sep-2024 16:28:58 UTC] Couleur attribuée: Bleu
[17-Sep-2024 16:28:58 UTC] Taille attribuée: 
[17-Sep-2024 16:28:58 UTC] Term color trouvé: oui
[17-Sep-2024 16:28:58 UTC] Term size trouvé: non
[17-Sep-2024 16:28:58 UTC] SKU: IT2386-04
[17-Sep-2024 16:28:58 UTC] Requête SQL: 
            SELECT p.ID FROM wpgsm_posts p
            WHERE p.post_parent = %d 
            AND p.post_type = 'product_variation'
            AND p.post_status IN ('publish', 'private')
         AND EXISTS (
                SELECT 1 FROM wpgsm_woocommerce_order_itemmeta oim
                WHERE oim.meta_key = %s
                AND oim.meta_value = %s
                AND oim.order_item_id = p.ID
            ) AND EXISTS (
                SELECT 1 FROM wpgsm_woocommerce_order_itemmeta oim
                WHERE oim.meta_key = %s
                AND oim.meta_value = %s
                AND oim.order_item_id = p.ID
            )
[17-Sep-2024 16:28:58 UTC] Params: Array
(
    [0] => 1076
    [1] => attribute_pa_color
    [2] => bleu
    [3] => attribute_pa_size
    [4] => 
)

[17-Sep-2024 16:28:58 UTC] Variations trouvées: Array
(
)

[17-Sep-2024 16:28:58 UTC] Création de la variation pour le produit ID: 1076
[17-Sep-2024 16:28:58 UTC] Création variation pour produit 1076 avec SKU IT2386-04
[17-Sep-2024 16:28:58 UTC] Attributs: Array
(
    [pa_color] => bleu
    [pa_size] => 
)

[17-Sep-2024 16:28:58 UTC] Stock: 19836
[17-Sep-2024 16:28:58 UTC] Prix: 0,22
[17-Sep-2024 16:28:58 UTC] Variation créée avec succès pour produit 1076
[17-Sep-2024 16:28:58 UTC] Couleur attribuée: Blanc Transparent
[17-Sep-2024 16:28:58 UTC] Taille attribuée: 
[17-Sep-2024 16:28:58 UTC] Term color trouvé: oui
[17-Sep-2024 16:28:58 UTC] Term size trouvé: non
[17-Sep-2024 16:28:58 UTC] SKU: IT2386-26
[17-Sep-2024 16:28:58 UTC] Requête SQL: 
            SELECT p.ID FROM wpgsm_posts p
            WHERE p.post_parent = %d 
            AND p.post_type = 'product_variation'
            AND p.post_status IN ('publish', 'private')
         AND EXISTS (
                SELECT 1 FROM wpgsm_woocommerce_order_itemmeta oim
                WHERE oim.meta_key = %s
                AND oim.meta_value = %s
                AND oim.order_item_id = p.ID
            ) AND EXISTS (
                SELECT 1 FROM wpgsm_woocommerce_order_itemmeta oim
                WHERE oim.meta_key = %s
                AND oim.meta_value = %s
                AND oim.order_item_id = p.ID
            )
[17-Sep-2024 16:28:58 UTC] Params: Array
(
    [0] => 1076
    [1] => attribute_pa_color
    [2] => blanc-transparent
    [3] => attribute_pa_size
    [4] => 
)

[17-Sep-2024 16:28:58 UTC] Variations trouvées: Array
(
)

[17-Sep-2024 16:28:58 UTC] Création de la variation pour le produit ID: 1076
[17-Sep-2024 16:28:58 UTC] Création variation pour produit 1076 avec SKU IT2386-26
[17-Sep-2024 16:28:58 UTC] Attributs: Array
(
    [pa_color] => blanc-transparent
    [pa_size] => 
)

[17-Sep-2024 16:28:58 UTC] Stock: 11697
[17-Sep-2024 16:28:58 UTC] Prix: 0,22
[17-Sep-2024 16:28:58 UTC] Variation créée avec succès pour produit 1076
[17-Sep-2024 16:28:58 UTC] Couleur attribuée: Transparent
[17-Sep-2024 16:28:58 UTC] Taille attribuée: 
[17-Sep-2024 16:28:58 UTC] Term color trouvé: oui
[17-Sep-2024 16:28:58 UTC] Term size trouvé: non
[17-Sep-2024 16:28:58 UTC] SKU: IT2558-22
[17-Sep-2024 16:28:58 UTC] Requête SQL: 
            SELECT p.ID FROM wpgsm_posts p
            WHERE p.post_parent = %d 
            AND p.post_type = 'product_variation'
            AND p.post_status IN ('publish', 'private')
         AND EXISTS (
                SELECT 1 FROM wpgsm_woocommerce_order_itemmeta oim
                WHERE oim.meta_key = %s
                AND oim.meta_value = %s
                AND oim.order_item_id = p.ID
            ) AND EXISTS (
                SELECT 1 FROM wpgsm_woocommerce_order_itemmeta oim
                WHERE oim.meta_key = %s
                AND oim.meta_value = %s
                AND oim.order_item_id = p.ID
            )
[17-Sep-2024 16:28:58 UTC] Params: Array
(
    [0] => 1077
    [1] => attribute_pa_color
    [2] => transparent
    [3] => attribute_pa_size
    [4] => 
)

[17-Sep-2024 16:28:58 UTC] Variations trouvées: Array
(
)

[17-Sep-2024 16:28:58 UTC] Création de la variation pour le produit ID: 1077
[17-Sep-2024 16:28:58 UTC] Création variation pour produit 1077 avec SKU IT2558-22
[17-Sep-2024 16:28:58 UTC] Attributs: Array
(
    [pa_color] => transparent
    [pa_size] => 
)

[17-Sep-2024 16:28:58 UTC] Stock: 14944
[17-Sep-2024 16:28:58 UTC] Prix: 0,61
[17-Sep-2024 16:28:58 UTC] Variation créée avec succès pour produit 1077
[17-Sep-2024 16:28:58 UTC] Couleur attribuée: Bleu
[17-Sep-2024 16:28:58 UTC] Taille attribuée: 
[17-Sep-2024 16:28:58 UTC] Term color trouvé: oui
[17-Sep-2024 16:28:58 UTC] Term size trouvé: non
[17-Sep-2024 16:28:58 UTC] SKU: IT2558-04
[17-Sep-2024 16:28:58 UTC] Requête SQL: 
            SELECT p.ID FROM wpgsm_posts p
            WHERE p.post_parent = %d 
            AND p.post_type = 'product_variation'
            AND p.post_status IN ('publish', 'private')
         AND EXISTS (
                SELECT 1 FROM wpgsm_woocommerce_order_itemmeta oim
                WHERE oim.meta_key = %s
                AND oim.meta_value = %s
                AND oim.order_item_id = p.ID
            ) AND EXISTS (
                SELECT 1 FROM wpgsm_woocommerce_order_itemmeta oim
                WHERE oim.meta_key = %s
                AND oim.meta_value = %s
                AND oim.order_item_id = p.ID
            )
[17-Sep-2024 16:28:58 UTC] Params: Array
(
    [0] => 1077
    [1] => attribute_pa_color
    [2] => bleu
    [3] => attribute_pa_size
    [4] => 
)

[17-Sep-2024 16:28:58 UTC] Variations trouvées: Array
(
)

[17-Sep-2024 16:28:58 UTC] Création de la variation pour le produit ID: 1077
[17-Sep-2024 16:28:58 UTC] Création variation pour produit 1077 avec SKU IT2558-04
[17-Sep-2024 16:28:58 UTC] Attributs: Array
(
    [pa_color] => bleu
    [pa_size] => 
)

[17-Sep-2024 16:28:58 UTC] Stock: 10207
[17-Sep-2024 16:28:58 UTC] Prix: 0,61
[17-Sep-2024 16:28:58 UTC] Variation créée avec succès pour produit 1077
[17-Sep-2024 16:28:58 UTC] Couleur attribuée: Orange
[17-Sep-2024 16:28:58 UTC] Taille attribuée: 
[17-Sep-2024 16:28:58 UTC] Term color trouvé: oui
[17-Sep-2024 16:28:58 UTC] Term size trouvé: non
[17-Sep-2024 16:28:58 UTC] SKU: IT2558-10
[17-Sep-2024 16:28:58 UTC] Requête SQL: 
            SELECT p.ID FROM wpgsm_posts p
            WHERE p.post_parent = %d 
            AND p.post_type = 'product_variation'
            AND p.post_status IN ('publish', 'private')
         AND EXISTS (
                SELECT 1 FROM wpgsm_woocommerce_order_itemmeta oim
                WHERE oim.meta_key = %s
                AND oim.meta_value = %s
                AND oim.order_item_id = p.ID
            ) AND EXISTS (
                SELECT 1 FROM wpgsm_woocommerce_order_itemmeta oim
                WHERE oim.meta_key = %s
                AND oim.meta_value = %s
                AND oim.order_item_id = p.ID
            )
[17-Sep-2024 16:28:58 UTC] Params: Array
(
    [0] => 1077
    [1] => attribute_pa_color
    [2] => orange
    [3] => attribute_pa_size
    [4] => 
)

[17-Sep-2024 16:28:58 UTC] Variations trouvées: Array
(
)

[17-Sep-2024 16:28:58 UTC] Création de la variation pour le produit ID: 1077
[17-Sep-2024 16:28:58 UTC] Création variation pour produit 1077 avec SKU IT2558-10
[17-Sep-2024 16:28:58 UTC] Attributs: Array
(
    [pa_color] => orange
    [pa_size] => 
)

[17-Sep-2024 16:28:58 UTC] Stock: 0
[17-Sep-2024 16:28:58 UTC] Prix: 0,61
[17-Sep-2024 16:28:59 UTC] Variation créée avec succès pour produit 1077
[17-Sep-2024 16:28:59 UTC] Couleur attribuée: Noir
[17-Sep-2024 16:28:59 UTC] Taille attribuée: 
[17-Sep-2024 16:28:59 UTC] Term color trouvé: oui
[17-Sep-2024 16:28:59 UTC] Term size trouvé: non
[17-Sep-2024 16:28:59 UTC] SKU: IT2558-03
[17-Sep-2024 16:28:59 UTC] Requête SQL: 
            SELECT p.ID FROM wpgsm_posts p
            WHERE p.post_parent = %d 
            AND p.post_type = 'product_variation'
            AND p.post_status IN ('publish', 'private')
         AND EXISTS (
                SELECT 1 FROM wpgsm_woocommerce_order_itemmeta oim
                WHERE oim.meta_key = %s
                AND oim.meta_value = %s
                AND oim.order_item_id = p.ID
            ) AND EXISTS (
                SELECT 1 FROM wpgsm_woocommerce_order_itemmeta oim
                WHERE oim.meta_key = %s
                AND oim.meta_value = %s
                AND oim.order_item_id = p.ID
            )
[17-Sep-2024 16:28:59 UTC] Params: Array
(
    [0] => 1077
    [1] => attribute_pa_color
    [2] => noir
    [3] => attribute_pa_size
    [4] => 
)

[17-Sep-2024 16:28:59 UTC] Variations trouvées: Array
(
)

[17-Sep-2024 16:28:59 UTC] Création de la variation pour le produit ID: 1077
[17-Sep-2024 16:28:59 UTC] Création variation pour produit 1077 avec SKU IT2558-03
[17-Sep-2024 16:28:59 UTC] Attributs: Array
(
    [pa_color] => noir
    [pa_size] => 
)

[17-Sep-2024 16:28:59 UTC] Stock: 12297
[17-Sep-2024 16:28:59 UTC] Prix: 0,61
[17-Sep-2024 16:29:00 UTC] Variation créée avec succès pour produit 1077
[17-Sep-2024 16:29:00 UTC] Couleur attribuée: Fuchsia
[17-Sep-2024 16:29:00 UTC] Taille attribuée: 
[17-Sep-2024 16:29:00 UTC] Term color trouvé: oui
[17-Sep-2024 16:29:00 UTC] Term size trouvé: non
[17-Sep-2024 16:29:00 UTC] SKU: IT2558-38
[17-Sep-2024 16:29:00 UTC] Requête SQL: 
            SELECT p.ID FROM wpgsm_posts p
            WHERE p.post_parent = %d 
            AND p.post_type = 'product_variation'
            AND p.post_status IN ('publish', 'private')
         AND EXISTS (
                SELECT 1 FROM wpgsm_woocommerce_order_itemmeta oim
                WHERE oim.meta_key = %s
                AND oim.meta_value = %s
                AND oim.order_item_id = p.ID
            ) AND EXISTS (
                SELECT 1 FROM wpgsm_woocommerce_order_itemmeta oim
                WHERE oim.meta_key = %s
                AND oim.meta_value = %s
                AND oim.order_item_id = p.ID
            )
[17-Sep-2024 16:29:00 UTC] Params: Array
(
    [0] => 1077
    [1] => attribute_pa_color
    [2] => fuchsia
    [3] => attribute_pa_size
    [4] => 
)

[17-Sep-2024 16:29:00 UTC] Variations trouvées: Array
(
)

[17-Sep-2024 16:29:00 UTC] Création de la variation pour le produit ID: 1077
[17-Sep-2024 16:29:00 UTC] Création variation pour produit 1077 avec SKU IT2558-38
[17-Sep-2024 16:29:00 UTC] Attributs: Array
(
    [pa_color] => fuchsia
    [pa_size] => 
)

[17-Sep-2024 16:29:00 UTC] Stock: 9090
[17-Sep-2024 16:29:00 UTC] Prix: 0,61
[17-Sep-2024 16:29:00 UTC] Variation créée avec succès pour produit 1077
[17-Sep-2024 16:29:00 UTC] Couleur attribuée: Argent
[17-Sep-2024 16:29:00 UTC] Taille attribuée: 
[17-Sep-2024 16:29:00 UTC] Term color trouvé: oui
[17-Sep-2024 16:29:00 UTC] Term size trouvé: non
[17-Sep-2024 16:29:00 UTC] SKU: IT2658-14
[17-Sep-2024 16:29:00 UTC] Requête SQL: 
            SELECT p.ID FROM wpgsm_posts p
            WHERE p.post_parent = %d 
            AND p.post_type = 'product_variation'
            AND p.post_status IN ('publish', 'private')
         AND EXISTS (
                SELECT 1 FROM wpgsm_woocommerce_order_itemmeta oim
                WHERE oim.meta_key = %s
                AND oim.meta_value = %s
                AND oim.order_item_id = p.ID
            ) AND EXISTS (
                SELECT 1 FROM wpgsm_woocommerce_order_itemmeta oim
                WHERE oim.meta_key = %s
                AND oim.meta_value = %s
                AND oim.order_item_id = p.ID
            )
[17-Sep-2024 16:29:00 UTC] Params: Array
(
    [0] => 1078
    [1] => attribute_pa_color
    [2] => argent
    [3] => attribute_pa_size
    [4] => 
)

[17-Sep-2024 16:29:00 UTC] Variations trouvées: Array
(
)

[17-Sep-2024 16:29:00 UTC] Création de la variation pour le produit ID: 1078
[17-Sep-2024 16:29:00 UTC] Création variation pour produit 1078 avec SKU IT2658-14
[17-Sep-2024 16:29:00 UTC] Attributs: Array
(
    [pa_color] => argent
    [pa_size] => 
)

[17-Sep-2024 16:29:00 UTC] Stock: 5827
[17-Sep-2024 16:29:00 UTC] Prix: 7,66
[17-Sep-2024 16:29:00 UTC] Variation créée avec succès pour produit 1078
[17-Sep-2024 16:29:00 UTC] Couleur attribuée: Bleu
[17-Sep-2024 16:29:00 UTC] Taille attribuée: 
[17-Sep-2024 16:29:00 UTC] Term color trouvé: oui
[17-Sep-2024 16:29:00 UTC] Term size trouvé: non
[17-Sep-2024 16:29:00 UTC] SKU: IT2660-04
[17-Sep-2024 16:29:00 UTC] Requête SQL: 
            SELECT p.ID FROM wpgsm_posts p
            WHERE p.post_parent = %d 
            AND p.post_type = 'product_variation'
            AND p.post_status IN ('publish', 'private')
         AND EXISTS (
                SELECT 1 FROM wpgsm_woocommerce_order_itemmeta oim
                WHERE oim.meta_key = %s
                AND oim.meta_value = %s
                AND oim.order_item_id = p.ID
            ) AND EXISTS (
                SELECT 1 FROM wpgsm_woocommerce_order_itemmeta oim
                WHERE oim.meta_key = %s
                AND oim.meta_value = %s
                AND oim.order_item_id = p.ID
            )
[17-Sep-2024 16:29:00 UTC] Params: Array
(
    [0] => 1079
    [1] => attribute_pa_color
    [2] => bleu
    [3] => attribute_pa_size
    [4] => 
)

[17-Sep-2024 16:29:00 UTC] Variations trouvées: Array
(
)

[17-Sep-2024 16:29:00 UTC] Création de la variation pour le produit ID: 1079
[17-Sep-2024 16:29:00 UTC] Création variation pour produit 1079 avec SKU IT2660-04
[17-Sep-2024 16:29:00 UTC] Attributs: Array
(
    [pa_color] => bleu
    [pa_size] => 
)

[17-Sep-2024 16:29:00 UTC] Stock: 14699
[17-Sep-2024 16:29:00 UTC] Prix: 0,47
[17-Sep-2024 16:29:00 UTC] Variation créée avec succès pour produit 1079
[17-Sep-2024 16:29:00 UTC] Couleur attribuée: Transparent
[17-Sep-2024 16:29:00 UTC] Taille attribuée: 
[17-Sep-2024 16:29:00 UTC] Term color trouvé: oui
[17-Sep-2024 16:29:00 UTC] Term size trouvé: non
[17-Sep-2024 16:29:00 UTC] SKU: IT2660-22
[17-Sep-2024 16:29:00 UTC] Requête SQL: 
            SELECT p.ID FROM wpgsm_posts p
            WHERE p.post_parent = %d 
            AND p.post_type = 'product_variation'
            AND p.post_status IN ('publish', 'private')
         AND EXISTS (
                SELECT 1 FROM wpgsm_woocommerce_order_itemmeta oim
                WHERE oim.meta_key = %s
                AND oim.meta_value = %s
                AND oim.order_item_id = p.ID
            ) AND EXISTS (
                SELECT 1 FROM wpgsm_woocommerce_order_itemmeta oim
                WHERE oim.meta_key = %s
                AND oim.meta_value = %s
                AND oim.order_item_id = p.ID
            )
[17-Sep-2024 16:29:00 UTC] Params: Array
(
    [0] => 1079
    [1] => attribute_pa_color
    [2] => transparent
    [3] => attribute_pa_size
    [4] => 
)

[17-Sep-2024 16:29:00 UTC] Variations trouvées: Array
(
)

[17-Sep-2024 16:29:00 UTC] Création de la variation pour le produit ID: 1079
[17-Sep-2024 16:29:00 UTC] Création variation pour produit 1079 avec SKU IT2660-22
[17-Sep-2024 16:29:00 UTC] Attributs: Array
(
    [pa_color] => transparent
    [pa_size] => 
)

[17-Sep-2024 16:29:00 UTC] Stock: 18744
[17-Sep-2024 16:29:00 UTC] Prix: 0,47
[17-Sep-2024 16:29:00 UTC] Variation créée avec succès pour produit 1079
[17-Sep-2024 16:29:00 UTC] Couleur attribuée: Bois
[17-Sep-2024 16:29:00 UTC] Taille attribuée: 
[17-Sep-2024 16:29:00 UTC] Term color trouvé: oui
[17-Sep-2024 16:29:00 UTC] Term size trouvé: non
[17-Sep-2024 16:29:00 UTC] SKU: IT2691-40
[17-Sep-2024 16:29:00 UTC] Requête SQL: 
            SELECT p.ID FROM wpgsm_posts p
            WHERE p.post_parent = %d 
            AND p.post_type = 'product_variation'
            AND p.post_status IN ('publish', 'private')
         AND EXISTS (
                SELECT 1 FROM wpgsm_woocommerce_order_itemmeta oim
                WHERE oim.meta_key = %s
                AND oim.meta_value = %s
                AND oim.order_item_id = p.ID
            ) AND EXISTS (
                SELECT 1 FROM wpgsm_woocommerce_order_itemmeta oim
                WHERE oim.meta_key = %s
                AND oim.meta_value = %s
                AND oim.order_item_id = p.ID
            )
[17-Sep-2024 16:29:00 UTC] Params: Array
(
    [0] => 1080
    [1] => attribute_pa_color
    [2] => bois
    [3] => attribute_pa_size
    [4] => 
)

[17-Sep-2024 16:29:00 UTC] Variations trouvées: Array
(
)

[17-Sep-2024 16:29:00 UTC] Création de la variation pour le produit ID: 1080
[17-Sep-2024 16:29:00 UTC] Création variation pour produit 1080 avec SKU IT2691-40
[17-Sep-2024 16:29:00 UTC] Attributs: Array
(
    [pa_color] => bois
    [pa_size] => 
)

[17-Sep-2024 16:29:00 UTC] Stock: 12890
[17-Sep-2024 16:29:00 UTC] Prix: 1,15
[17-Sep-2024 16:29:00 UTC] Variation créée avec succès pour produit 1080
[17-Sep-2024 16:29:00 UTC] Couleur attribuée: Bleu
[17-Sep-2024 16:29:00 UTC] Taille attribuée: 
[17-Sep-2024 16:29:00 UTC] Term color trouvé: oui
[17-Sep-2024 16:29:00 UTC] Term size trouvé: non
[17-Sep-2024 16:29:00 UTC] SKU: IT2698-04
[17-Sep-2024 16:29:00 UTC] Requête SQL: 
            SELECT p.ID FROM wpgsm_posts p
            WHERE p.post_parent = %d 
            AND p.post_type = 'product_variation'
            AND p.post_status IN ('publish', 'private')
         AND EXISTS (
                SELECT 1 FROM wpgsm_woocommerce_order_itemmeta oim
                WHERE oim.meta_key = %s
                AND oim.meta_value = %s
                AND oim.order_item_id = p.ID
            ) AND EXISTS (
                SELECT 1 FROM wpgsm_woocommerce_order_itemmeta oim
                WHERE oim.meta_key = %s
                AND oim.meta_value = %s
                AND oim.order_item_id = p.ID
            )
[17-Sep-2024 16:29:00 UTC] Params: Array
(
    [0] => 1081
    [1] => attribute_pa_color
    [2] => bleu
    [3] => attribute_pa_size
    [4] => 
)

[17-Sep-2024 16:29:00 UTC] Variations trouvées: Array
(
)

[17-Sep-2024 16:29:00 UTC] Création de la variation pour le produit ID: 1081
[17-Sep-2024 16:29:00 UTC] Création variation pour produit 1081 avec SKU IT2698-04
[17-Sep-2024 16:29:00 UTC] Attributs: Array
(
    [pa_color] => bleu
    [pa_size] => 
)

[17-Sep-2024 16:29:00 UTC] Stock: 53654
[17-Sep-2024 16:29:00 UTC] Prix: 0,25
[17-Sep-2024 16:29:00 UTC] Variation créée avec succès pour produit 1081
[17-Sep-2024 16:29:00 UTC] Couleur attribuée: Rouge
[17-Sep-2024 16:29:00 UTC] Taille attribuée: 
[17-Sep-2024 16:29:00 UTC] Term color trouvé: oui
[17-Sep-2024 16:29:00 UTC] Term size trouvé: non
[17-Sep-2024 16:29:00 UTC] SKU: IT2698-05
[17-Sep-2024 16:29:00 UTC] Requête SQL: 
            SELECT p.ID FROM wpgsm_posts p
            WHERE p.post_parent = %d 
            AND p.post_type = 'product_variation'
            AND p.post_status IN ('publish', 'private')
         AND EXISTS (
                SELECT 1 FROM wpgsm_woocommerce_order_itemmeta oim
                WHERE oim.meta_key = %s
                AND oim.meta_value = %s
                AND oim.order_item_id = p.ID
            ) AND EXISTS (
                SELECT 1 FROM wpgsm_woocommerce_order_itemmeta oim
                WHERE oim.meta_key = %s
                AND oim.meta_value = %s
                AND oim.order_item_id = p.ID
            )
[17-Sep-2024 16:29:00 UTC] Params: Array
(
    [0] => 1081
    [1] => attribute_pa_color
    [2] => rouge
    [3] => attribute_pa_size
    [4] => 
)

[17-Sep-2024 16:29:00 UTC] Variations trouvées: Array
(
)

[17-Sep-2024 16:29:00 UTC] Création de la variation pour le produit ID: 1081
[17-Sep-2024 16:29:00 UTC] Création variation pour produit 1081 avec SKU IT2698-05
[17-Sep-2024 16:29:00 UTC] Attributs: Array
(
    [pa_color] => rouge
    [pa_size] => 
)

[17-Sep-2024 16:29:00 UTC] Stock: 72321
[17-Sep-2024 16:29:00 UTC] Prix: 0,25
[17-Sep-2024 16:29:00 UTC] Variation créée avec succès pour produit 1081
[17-Sep-2024 16:29:00 UTC] Couleur attribuée: Transparent
[17-Sep-2024 16:29:00 UTC] Taille attribuée: 
[17-Sep-2024 16:29:00 UTC] Term color trouvé: oui
[17-Sep-2024 16:29:00 UTC] Term size trouvé: non
[17-Sep-2024 16:29:00 UTC] SKU: IT2698-22
[17-Sep-2024 16:29:00 UTC] Requête SQL: 
            SELECT p.ID FROM wpgsm_posts p
            WHERE p.post_parent = %d 
            AND p.post_type = 'product_variation'
            AND p.post_status IN ('publish', 'private')
         AND EXISTS (
                SELECT 1 FROM wpgsm_woocommerce_order_itemmeta oim
                WHERE oim.meta_key = %s
                AND oim.meta_value = %s
                AND oim.order_item_id = p.ID
            ) AND EXISTS (
                SELECT 1 FROM wpgsm_woocommerce_order_itemmeta oim
                WHERE oim.meta_key = %s
                AND oim.meta_value = %s
                AND oim.order_item_id = p.ID
            )
[17-Sep-2024 16:29:00 UTC] Params: Array
(
    [0] => 1081
    [1] => attribute_pa_color
    [2] => transparent
    [3] => attribute_pa_size
    [4] => 
)

[17-Sep-2024 16:29:00 UTC] Variations trouvées: Array
(
)

[17-Sep-2024 16:29:00 UTC] Création de la variation pour le produit ID: 1081
[17-Sep-2024 16:29:00 UTC] Création variation pour produit 1081 avec SKU IT2698-22
[17-Sep-2024 16:29:00 UTC] Attributs: Array
(
    [pa_color] => transparent
    [pa_size] => 
)

[17-Sep-2024 16:29:00 UTC] Stock: 82281
[17-Sep-2024 16:29:00 UTC] Prix: 0,25
[17-Sep-2024 16:29:00 UTC] Variation créée avec succès pour produit 1081
[17-Sep-2024 16:29:00 UTC] Couleur attribuée: Jaune
[17-Sep-2024 16:29:00 UTC] Taille attribuée: 
[17-Sep-2024 16:29:00 UTC] Term color trouvé: oui
[17-Sep-2024 16:29:00 UTC] Term size trouvé: non
[17-Sep-2024 16:29:00 UTC] SKU: IT2698-08
[17-Sep-2024 16:29:00 UTC] Requête SQL: 
            SELECT p.ID FROM wpgsm_posts p
            WHERE p.post_parent = %d 
            AND p.post_type = 'product_variation'
            AND p.post_status IN ('publish', 'private')
         AND EXISTS (
                SELECT 1 FROM wpgsm_woocommerce_order_itemmeta oim
                WHERE oim.meta_key = %s
                AND oim.meta_value = %s
                AND oim.order_item_id = p.ID
            ) AND EXISTS (
                SELECT 1 FROM wpgsm_woocommerce_order_itemmeta oim
                WHERE oim.meta_key = %s
                AND oim.meta_value = %s
                AND oim.order_item_id = p.ID
            )
[17-Sep-2024 16:29:00 UTC] Params: Array
(
    [0] => 1081
    [1] => attribute_pa_color
    [2] => jaune
    [3] => attribute_pa_size
    [4] => 
)

[17-Sep-2024 16:29:00 UTC] Variations trouvées: Array
(
)

[17-Sep-2024 16:29:00 UTC] Création de la variation pour le produit ID: 1081
[17-Sep-2024 16:29:00 UTC] Création variation pour produit 1081 avec SKU IT2698-08
[17-Sep-2024 16:29:00 UTC] Attributs: Array
(
    [pa_color] => jaune
    [pa_size] => 
)

[17-Sep-2024 16:29:00 UTC] Stock: 0
[17-Sep-2024 16:29:00 UTC] Prix: 0,25
[17-Sep-2024 16:29:01 UTC] Variation créée avec succès pour produit 1081
[17-Sep-2024 16:29:01 UTC] Couleur attribuée: Orange
[17-Sep-2024 16:29:01 UTC] Taille attribuée: 
[17-Sep-2024 16:29:01 UTC] Term color trouvé: oui
[17-Sep-2024 16:29:01 UTC] Term size trouvé: non
[17-Sep-2024 16:29:01 UTC] SKU: IT2698-10
[17-Sep-2024 16:29:01 UTC] Requête SQL: 
            SELECT p.ID FROM wpgsm_posts p
            WHERE p.post_parent = %d 
            AND p.post_type = 'product_variation'
            AND p.post_status IN ('publish', 'private')
         AND EXISTS (
                SELECT 1 FROM wpgsm_woocommerce_order_itemmeta oim
                WHERE oim.meta_key = %s
                AND oim.meta_value = %s
                AND oim.order_item_id = p.ID
            ) AND EXISTS (
                SELECT 1 FROM wpgsm_woocommerce_order_itemmeta oim
                WHERE oim.meta_key = %s
                AND oim.meta_value = %s
                AND oim.order_item_id = p.ID
            )
[17-Sep-2024 16:29:01 UTC] Params: Array
(
    [0] => 1081
    [1] => attribute_pa_color
    [2] => orange
    [3] => attribute_pa_size
    [4] => 
)

[17-Sep-2024 16:29:01 UTC] Variations trouvées: Array
(
)

[17-Sep-2024 16:29:01 UTC] Création de la variation pour le produit ID: 1081
[17-Sep-2024 16:29:01 UTC] Création variation pour produit 1081 avec SKU IT2698-10
[17-Sep-2024 16:29:01 UTC] Attributs: Array
(
    [pa_color] => orange
    [pa_size] => 
)

[17-Sep-2024 16:29:01 UTC] Stock: 35170
[17-Sep-2024 16:29:01 UTC] Prix: 0,25
[17-Sep-2024 16:29:01 UTC] Variation créée avec succès pour produit 1081
[17-Sep-2024 16:29:01 UTC] Couleur attribuée: Blanc
[17-Sep-2024 16:29:01 UTC] Taille attribuée: 
[17-Sep-2024 16:29:01 UTC] Term color trouvé: oui
[17-Sep-2024 16:29:01 UTC] Term size trouvé: non
[17-Sep-2024 16:29:01 UTC] SKU: IT2698-06
[17-Sep-2024 16:29:01 UTC] Requête SQL: 
            SELECT p.ID FROM wpgsm_posts p
            WHERE p.post_parent = %d 
            AND p.post_type = 'product_variation'
            AND p.post_status IN ('publish', 'private')
         AND EXISTS (
                SELECT 1 FROM wpgsm_woocommerce_order_itemmeta oim
                WHERE oim.meta_key = %s
                AND oim.meta_value = %s
                AND oim.order_item_id = p.ID
            ) AND EXISTS (
                SELECT 1 FROM wpgsm_woocommerce_order_itemmeta oim
                WHERE oim.meta_key = %s
                AND oim.meta_value = %s
                AND oim.order_item_id = p.ID
            )
[17-Sep-2024 16:29:01 UTC] Params: Array
(
    [0] => 1081
    [1] => attribute_pa_color
    [2] => blanc
    [3] => attribute_pa_size
    [4] => 
)

[17-Sep-2024 16:29:01 UTC] Variations trouvées: Array
(
)

[17-Sep-2024 16:29:01 UTC] Création de la variation pour le produit ID: 1081
[17-Sep-2024 16:29:01 UTC] Création variation pour produit 1081 avec SKU IT2698-06
[17-Sep-2024 16:29:01 UTC] Attributs: Array
(
    [pa_color] => blanc
    [pa_size] => 
)

[17-Sep-2024 16:29:01 UTC] Stock: 0
[17-Sep-2024 16:29:01 UTC] Prix: 0,25
[17-Sep-2024 16:29:01 UTC] Variation créée avec succès pour produit 1081
[17-Sep-2024 16:29:01 UTC] Couleur attribuée: Lime
[17-Sep-2024 16:29:01 UTC] Taille attribuée: 
[17-Sep-2024 16:29:01 UTC] Term color trouvé: oui
[17-Sep-2024 16:29:01 UTC] Term size trouvé: non
[17-Sep-2024 16:29:01 UTC] SKU: IT2698-48
[17-Sep-2024 16:29:01 UTC] Requête SQL: 
            SELECT p.ID FROM wpgsm_posts p
            WHERE p.post_parent = %d 
            AND p.post_type = 'product_variation'
            AND p.post_status IN ('publish', 'private')
         AND EXISTS (
                SELECT 1 FROM wpgsm_woocommerce_order_itemmeta oim
                WHERE oim.meta_key = %s
                AND oim.meta_value = %s
                AND oim.order_item_id = p.ID
            ) AND EXISTS (
                SELECT 1 FROM wpgsm_woocommerce_order_itemmeta oim
                WHERE oim.meta_key = %s
                AND oim.meta_value = %s
                AND oim.order_item_id = p.ID
            )
[17-Sep-2024 16:29:01 UTC] Params: Array
(
    [0] => 1081
    [1] => attribute_pa_color
    [2] => lime
    [3] => attribute_pa_size
    [4] => 
)

[17-Sep-2024 16:29:01 UTC] Variations trouvées: Array
(
)

[17-Sep-2024 16:29:01 UTC] Création de la variation pour le produit ID: 1081
[17-Sep-2024 16:29:01 UTC] Création variation pour produit 1081 avec SKU IT2698-48
[17-Sep-2024 16:29:01 UTC] Attributs: Array
(
    [pa_color] => lime
    [pa_size] => 
)

[17-Sep-2024 16:29:01 UTC] Stock: 42212
[17-Sep-2024 16:29:01 UTC] Prix: 0,25
[17-Sep-2024 16:29:01 UTC] Variation créée avec succès pour produit 1081
[17-Sep-2024 16:29:01 UTC] Couleur attribuée: Noir
[17-Sep-2024 16:29:01 UTC] Taille attribuée: 
[17-Sep-2024 16:29:01 UTC] Term color trouvé: oui
[17-Sep-2024 16:29:01 UTC] Term size trouvé: non
[17-Sep-2024 16:29:01 UTC] SKU: IT2698-03
[17-Sep-2024 16:29:01 UTC] Requête SQL: 
            SELECT p.ID FROM wpgsm_posts p
            WHERE p.post_parent = %d 
            AND p.post_type = 'product_variation'
            AND p.post_status IN ('publish', 'private')
         AND EXISTS (
                SELECT 1 FROM wpgsm_woocommerce_order_itemmeta oim
                WHERE oim.meta_key = %s
                AND oim.meta_value = %s
                AND oim.order_item_id = p.ID
            ) AND EXISTS (
                SELECT 1 FROM wpgsm_woocommerce_order_itemmeta oim
                WHERE oim.meta_key = %s
                AND oim.meta_value = %s
                AND oim.order_item_id = p.ID
            )
[17-Sep-2024 16:29:01 UTC] Params: Array
(
    [0] => 1081
    [1] => attribute_pa_color
    [2] => noir
    [3] => attribute_pa_size
    [4] => 
)

[17-Sep-2024 16:29:01 UTC] Variations trouvées: Array
(
)

[17-Sep-2024 16:29:01 UTC] Création de la variation pour le produit ID: 1081
[17-Sep-2024 16:29:01 UTC] Création variation pour produit 1081 avec SKU IT2698-03
[17-Sep-2024 16:29:01 UTC] Attributs: Array
(
    [pa_color] => noir
    [pa_size] => 
)

[17-Sep-2024 16:29:01 UTC] Stock: 68337
[17-Sep-2024 16:29:01 UTC] Prix: 0,25
[17-Sep-2024 16:29:01 UTC] Variation créée avec succès pour produit 1081
[17-Sep-2024 16:29:01 UTC] Couleur attribuée: Turquoise
[17-Sep-2024 16:29:01 UTC] Taille attribuée: 
[17-Sep-2024 16:29:01 UTC] Term color trouvé: oui
[17-Sep-2024 16:29:01 UTC] Term size trouvé: non
[17-Sep-2024 16:29:01 UTC] SKU: IT2698-12
[17-Sep-2024 16:29:01 UTC] Requête SQL: 
            SELECT p.ID FROM wpgsm_posts p
            WHERE p.post_parent = %d 
            AND p.post_type = 'product_variation'
            AND p.post_status IN ('publish', 'private')
         AND EXISTS (
                SELECT 1 FROM wpgsm_woocommerce_order_itemmeta oim
                WHERE oim.meta_key = %s
                AND oim.meta_value = %s
                AND oim.order_item_id = p.ID
            ) AND EXISTS (
                SELECT 1 FROM wpgsm_woocommerce_order_itemmeta oim
                WHERE oim.meta_key = %s
                AND oim.meta_value = %s
                AND oim.order_item_id = p.ID
            )
[17-Sep-2024 16:29:01 UTC] Params: Array
(
    [0] => 1081
    [1] => attribute_pa_color
    [2] => turquoise
    [3] => attribute_pa_size
    [4] => 
)

[17-Sep-2024 16:29:01 UTC] Variations trouvées: Array
(
)

[17-Sep-2024 16:29:01 UTC] Création de la variation pour le produit ID: 1081
[17-Sep-2024 16:29:01 UTC] Création variation pour produit 1081 avec SKU IT2698-12
[17-Sep-2024 16:29:01 UTC] Attributs: Array
(
    [pa_color] => turquoise
    [pa_size] => 
)

[17-Sep-2024 16:29:01 UTC] Stock: 25916
[17-Sep-2024 16:29:01 UTC] Prix: 0,25
[17-Sep-2024 16:29:02 UTC] Variation créée avec succès pour produit 1081
[17-Sep-2024 16:29:02 UTC] Couleur attribuée: Bleu Transparent
[17-Sep-2024 16:29:02 UTC] Taille attribuée: 
[17-Sep-2024 16:29:02 UTC] Term color trouvé: oui
[17-Sep-2024 16:29:02 UTC] Term size trouvé: non
[17-Sep-2024 16:29:02 UTC] SKU: IT2698-23
[17-Sep-2024 16:29:02 UTC] Requête SQL: 
            SELECT p.ID FROM wpgsm_posts p
            WHERE p.post_parent = %d 
            AND p.post_type = 'product_variation'
            AND p.post_status IN ('publish', 'private')
         AND EXISTS (
                SELECT 1 FROM wpgsm_woocommerce_order_itemmeta oim
                WHERE oim.meta_key = %s
                AND oim.meta_value = %s
                AND oim.order_item_id = p.ID
            ) AND EXISTS (
                SELECT 1 FROM wpgsm_woocommerce_order_itemmeta oim
                WHERE oim.meta_key = %s
                AND oim.meta_value = %s
                AND oim.order_item_id = p.ID
            )
[17-Sep-2024 16:29:02 UTC] Params: Array
(
    [0] => 1081
    [1] => attribute_pa_color
    [2] => bleu-transparent
    [3] => attribute_pa_size
    [4] => 
)

[17-Sep-2024 16:29:02 UTC] Variations trouvées: Array
(
)

[17-Sep-2024 16:29:02 UTC] Création de la variation pour le produit ID: 1081
[17-Sep-2024 16:29:02 UTC] Création variation pour produit 1081 avec SKU IT2698-23
[17-Sep-2024 16:29:02 UTC] Attributs: Array
(
    [pa_color] => bleu-transparent
    [pa_size] => 
)

[17-Sep-2024 16:29:02 UTC] Stock: 30184
[17-Sep-2024 16:29:02 UTC] Prix: 0,25
[17-Sep-2024 16:29:02 UTC] Variation créée avec succès pour produit 1081
[17-Sep-2024 16:29:02 UTC] Couleur attribuée: Rouge Transparent
[17-Sep-2024 16:29:02 UTC] Taille attribuée: 
[17-Sep-2024 16:29:02 UTC] Term color trouvé: oui
[17-Sep-2024 16:29:02 UTC] Term size trouvé: non
[17-Sep-2024 16:29:02 UTC] SKU: IT2698-25
[17-Sep-2024 16:29:02 UTC] Requête SQL: 
            SELECT p.ID FROM wpgsm_posts p
            WHERE p.post_parent = %d 
            AND p.post_type = 'product_variation'
            AND p.post_status IN ('publish', 'private')
         AND EXISTS (
                SELECT 1 FROM wpgsm_woocommerce_order_itemmeta oim
                WHERE oim.meta_key = %s
                AND oim.meta_value = %s
                AND oim.order_item_id = p.ID
            ) AND EXISTS (
                SELECT 1 FROM wpgsm_woocommerce_order_itemmeta oim
                WHERE oim.meta_key = %s
                AND oim.meta_value = %s
                AND oim.order_item_id = p.ID
            )
[17-Sep-2024 16:29:02 UTC] Params: Array
(
    [0] => 1081
    [1] => attribute_pa_color
    [2] => rouge-transparent
    [3] => attribute_pa_size
    [4] => 
)

[17-Sep-2024 16:29:02 UTC] Variations trouvées: Array
(
)

[17-Sep-2024 16:29:02 UTC] Création de la variation pour le produit ID: 1081
[17-Sep-2024 16:29:02 UTC] Création variation pour produit 1081 avec SKU IT2698-25
[17-Sep-2024 16:29:02 UTC] Attributs: Array
(
    [pa_color] => rouge-transparent
    [pa_size] => 
)

[17-Sep-2024 16:29:02 UTC] Stock: 27972
[17-Sep-2024 16:29:02 UTC] Prix: 0,25
[17-Sep-2024 16:29:02 UTC] Variation créée avec succès pour produit 1081
[17-Sep-2024 16:29:02 UTC] Couleur attribuée: Orange Transparent
[17-Sep-2024 16:29:02 UTC] Taille attribuée: 
[17-Sep-2024 16:29:02 UTC] Term color trouvé: oui
[17-Sep-2024 16:29:02 UTC] Term size trouvé: non
[17-Sep-2024 16:29:02 UTC] SKU: IT2698-29
[17-Sep-2024 16:29:02 UTC] Requête SQL: 
            SELECT p.ID FROM wpgsm_posts p
            WHERE p.post_parent = %d 
            AND p.post_type = 'product_variation'
            AND p.post_status IN ('publish', 'private')
         AND EXISTS (
                SELECT 1 FROM wpgsm_woocommerce_order_itemmeta oim
                WHERE oim.meta_key = %s
                AND oim.meta_value = %s
                AND oim.order_item_id = p.ID
            ) AND EXISTS (
                SELECT 1 FROM wpgsm_woocommerce_order_itemmeta oim
                WHERE oim.meta_key = %s
                AND oim.meta_value = %s
                AND oim.order_item_id = p.ID
            )
[17-Sep-2024 16:29:02 UTC] Params: Array
(
    [0] => 1081
    [1] => attribute_pa_color
    [2] => orange-transparent
    [3] => attribute_pa_size
    [4] => 
)

[17-Sep-2024 16:29:02 UTC] Variations trouvées: Array
(
)

[17-Sep-2024 16:29:02 UTC] Création de la variation pour le produit ID: 1081
[17-Sep-2024 16:29:02 UTC] Création variation pour produit 1081 avec SKU IT2698-29
[17-Sep-2024 16:29:02 UTC] Attributs: Array
(
    [pa_color] => orange-transparent
    [pa_size] => 
)

[17-Sep-2024 16:29:02 UTC] Stock: 29775
[17-Sep-2024 16:29:02 UTC] Prix: 0,25
[17-Sep-2024 16:29:02 UTC] Variation créée avec succès pour produit 1081
[17-Sep-2024 16:29:02 UTC] Couleur attribuée: Fuchsia
[17-Sep-2024 16:29:02 UTC] Taille attribuée: 
[17-Sep-2024 16:29:02 UTC] Term color trouvé: oui
[17-Sep-2024 16:29:02 UTC] Term size trouvé: non
[17-Sep-2024 16:29:02 UTC] SKU: IT2698-38
[17-Sep-2024 16:29:02 UTC] Requête SQL: 
            SELECT p.ID FROM wpgsm_posts p
            WHERE p.post_parent = %d 
            AND p.post_type = 'product_variation'
            AND p.post_status IN ('publish', 'private')
         AND EXISTS (
                SELECT 1 FROM wpgsm_woocommerce_order_itemmeta oim
                WHERE oim.meta_key = %s
                AND oim.meta_value = %s
                AND oim.order_item_id = p.ID
            ) AND EXISTS (
                SELECT 1 FROM wpgsm_woocommerce_order_itemmeta oim
                WHERE oim.meta_key = %s
                AND oim.meta_value = %s
                AND oim.order_item_id = p.ID
            )
[17-Sep-2024 16:29:02 UTC] Params: Array
(
    [0] => 1081
    [1] => attribute_pa_color
    [2] => fuchsia
    [3] => attribute_pa_size
    [4] => 
)

[17-Sep-2024 16:29:02 UTC] Variations trouvées: Array
(
)

[17-Sep-2024 16:29:02 UTC] Création de la variation pour le produit ID: 1081
[17-Sep-2024 16:29:02 UTC] Création variation pour produit 1081 avec SKU IT2698-38
[17-Sep-2024 16:29:02 UTC] Attributs: Array
(
    [pa_color] => fuchsia
    [pa_size] => 
)

[17-Sep-2024 16:29:02 UTC] Stock: 24253
[17-Sep-2024 16:29:02 UTC] Prix: 0,25
[17-Sep-2024 16:29:02 UTC] Variation créée avec succès pour produit 1081
[17-Sep-2024 16:29:02 UTC] Couleur attribuée: Vert Lime Transparent
[17-Sep-2024 16:29:02 UTC] Taille attribuée: 
[17-Sep-2024 16:29:02 UTC] Term color trouvé: oui
[17-Sep-2024 16:29:02 UTC] Term size trouvé: non
[17-Sep-2024 16:29:02 UTC] SKU: IT2698-51
[17-Sep-2024 16:29:02 UTC] Requête SQL: 
            SELECT p.ID FROM wpgsm_posts p
            WHERE p.post_parent = %d 
            AND p.post_type = 'product_variation'
            AND p.post_status IN ('publish', 'private')
         AND EXISTS (
                SELECT 1 FROM wpgsm_woocommerce_order_itemmeta oim
                WHERE oim.meta_key = %s
                AND oim.meta_value = %s
                AND oim.order_item_id = p.ID
            ) AND EXISTS (
                SELECT 1 FROM wpgsm_woocommerce_order_itemmeta oim
                WHERE oim.meta_key = %s
                AND oim.meta_value = %s
                AND oim.order_item_id = p.ID
            )
[17-Sep-2024 16:29:02 UTC] Params: Array
(
    [0] => 1081
    [1] => attribute_pa_color
    [2] => vert-lime-transparent
    [3] => attribute_pa_size
    [4] => 
)

[17-Sep-2024 16:29:02 UTC] Variations trouvées: Array
(
)

[17-Sep-2024 16:29:02 UTC] Création de la variation pour le produit ID: 1081
[17-Sep-2024 16:29:02 UTC] Création variation pour produit 1081 avec SKU IT2698-51
[17-Sep-2024 16:29:02 UTC] Attributs: Array
(
    [pa_color] => vert-lime-transparent
    [pa_size] => 
)

[17-Sep-2024 16:29:02 UTC] Stock: 27814
[17-Sep-2024 16:29:02 UTC] Prix: 0,25
[17-Sep-2024 16:29:02 UTC] Variation créée avec succès pour produit 1081
[17-Sep-2024 16:29:02 UTC] Couleur attribuée: Bleu
[17-Sep-2024 16:29:02 UTC] Taille attribuée: 
[17-Sep-2024 16:29:02 UTC] Term color trouvé: oui
[17-Sep-2024 16:29:02 UTC] Term size trouvé: non
[17-Sep-2024 16:29:02 UTC] SKU: IT2797-04
[17-Sep-2024 16:29:02 UTC] Requête SQL: 
            SELECT p.ID FROM wpgsm_posts p
            WHERE p.post_parent = %d 
            AND p.post_type = 'product_variation'
            AND p.post_status IN ('publish', 'private')
         AND EXISTS (
                SELECT 1 FROM wpgsm_woocommerce_order_itemmeta oim
                WHERE oim.meta_key = %s
                AND oim.meta_value = %s
                AND oim.order_item_id = p.ID
            ) AND EXISTS (
                SELECT 1 FROM wpgsm_woocommerce_order_itemmeta oim
                WHERE oim.meta_key = %s
                AND oim.meta_value = %s
                AND oim.order_item_id = p.ID
            )
[17-Sep-2024 16:29:02 UTC] Params: Array
(
    [0] => 1082
    [1] => attribute_pa_color
    [2] => bleu
    [3] => attribute_pa_size
    [4] => 
)

[17-Sep-2024 16:29:02 UTC] Variations trouvées: Array
(
)

[17-Sep-2024 16:29:02 UTC] Création de la variation pour le produit ID: 1082
[17-Sep-2024 16:29:02 UTC] Création variation pour produit 1082 avec SKU IT2797-04
[17-Sep-2024 16:29:02 UTC] Attributs: Array
(
    [pa_color] => bleu
    [pa_size] => 
)

[17-Sep-2024 16:29:02 UTC] Stock: 2922
[17-Sep-2024 16:29:02 UTC] Prix: 16,87
[17-Sep-2024 16:29:02 UTC] Variation créée avec succès pour produit 1082
[17-Sep-2024 16:29:02 UTC] Couleur attribuée: Marron
[17-Sep-2024 16:29:02 UTC] Taille attribuée: 
[17-Sep-2024 16:29:02 UTC] Term color trouvé: oui
[17-Sep-2024 16:29:02 UTC] Term size trouvé: non
[17-Sep-2024 16:29:02 UTC] SKU: IT2873-01
[17-Sep-2024 16:29:02 UTC] Requête SQL: 
            SELECT p.ID FROM wpgsm_posts p
            WHERE p.post_parent = %d 
            AND p.post_type = 'product_variation'
            AND p.post_status IN ('publish', 'private')
         AND EXISTS (
                SELECT 1 FROM wpgsm_woocommerce_order_itemmeta oim
                WHERE oim.meta_key = %s
                AND oim.meta_value = %s
                AND oim.order_item_id = p.ID
            ) AND EXISTS (
                SELECT 1 FROM wpgsm_woocommerce_order_itemmeta oim
                WHERE oim.meta_key = %s
                AND oim.meta_value = %s
                AND oim.order_item_id = p.ID
            )
[17-Sep-2024 16:29:02 UTC] Params: Array
(
    [0] => 1083
    [1] => attribute_pa_color
    [2] => marron
    [3] => attribute_pa_size
    [4] => 
)

[17-Sep-2024 16:29:02 UTC] Variations trouvées: Array
(
)

[17-Sep-2024 16:29:02 UTC] Création de la variation pour le produit ID: 1083
[17-Sep-2024 16:29:02 UTC] Création variation pour produit 1083 avec SKU IT2873-01
[17-Sep-2024 16:29:02 UTC] Attributs: Array
(
    [pa_color] => marron
    [pa_size] => 
)

[17-Sep-2024 16:29:02 UTC] Stock: 42417
[17-Sep-2024 16:29:02 UTC] Prix: 0,87
[17-Sep-2024 16:29:02 UTC] Variation créée avec succès pour produit 1083
[17-Sep-2024 16:29:02 UTC] Couleur attribuée: Blanc
[17-Sep-2024 16:29:02 UTC] Taille attribuée: 
[17-Sep-2024 16:29:02 UTC] Term color trouvé: oui
[17-Sep-2024 16:29:02 UTC] Term size trouvé: non
[17-Sep-2024 16:29:02 UTC] SKU: IT2873-06
[17-Sep-2024 16:29:02 UTC] Requête SQL: 
            SELECT p.ID FROM wpgsm_posts p
            WHERE p.post_parent = %d 
            AND p.post_type = 'product_variation'
            AND p.post_status IN ('publish', 'private')
         AND EXISTS (
                SELECT 1 FROM wpgsm_woocommerce_order_itemmeta oim
                WHERE oim.meta_key = %s
                AND oim.meta_value = %s
                AND oim.order_item_id = p.ID
            ) AND EXISTS (
                SELECT 1 FROM wpgsm_woocommerce_order_itemmeta oim
                WHERE oim.meta_key = %s
                AND oim.meta_value = %s
                AND oim.order_item_id = p.ID
            )
[17-Sep-2024 16:29:02 UTC] Params: Array
(
    [0] => 1083
    [1] => attribute_pa_color
    [2] => blanc
    [3] => attribute_pa_size
    [4] => 
)

[17-Sep-2024 16:29:02 UTC] Variations trouvées: Array
(
)

[17-Sep-2024 16:29:02 UTC] Création de la variation pour le produit ID: 1083
[17-Sep-2024 16:29:02 UTC] Création variation pour produit 1083 avec SKU IT2873-06
[17-Sep-2024 16:29:02 UTC] Attributs: Array
(
    [pa_color] => blanc
    [pa_size] => 
)

[17-Sep-2024 16:29:02 UTC] Stock: 73522
[17-Sep-2024 16:29:02 UTC] Prix: 0,87
[17-Sep-2024 16:29:02 UTC] Variation créée avec succès pour produit 1083
[17-Sep-2024 16:29:02 UTC] Couleur attribuée: Beige
[17-Sep-2024 16:29:02 UTC] Taille attribuée: 
[17-Sep-2024 16:29:02 UTC] Term color trouvé: oui
[17-Sep-2024 16:29:02 UTC] Term size trouvé: non
[17-Sep-2024 16:29:02 UTC] SKU: IT2873-13
[17-Sep-2024 16:29:02 UTC] Requête SQL: 
            SELECT p.ID FROM wpgsm_posts p
            WHERE p.post_parent = %d 
            AND p.post_type = 'product_variation'
            AND p.post_status IN ('publish', 'private')
         AND EXISTS (
                SELECT 1 FROM wpgsm_woocommerce_order_itemmeta oim
                WHERE oim.meta_key = %s
                AND oim.meta_value = %s
                AND oim.order_item_id = p.ID
            ) AND EXISTS (
                SELECT 1 FROM wpgsm_woocommerce_order_itemmeta oim
                WHERE oim.meta_key = %s
                AND oim.meta_value = %s
                AND oim.order_item_id = p.ID
            )
[17-Sep-2024 16:29:02 UTC] Params: Array
(
    [0] => 1083
    [1] => attribute_pa_color
    [2] => beige
    [3] => attribute_pa_size
    [4] => 
)

[17-Sep-2024 16:29:02 UTC] Variations trouvées: Array
(
)

[17-Sep-2024 16:29:02 UTC] Création de la variation pour le produit ID: 1083
[17-Sep-2024 16:29:02 UTC] Création variation pour produit 1083 avec SKU IT2873-13
[17-Sep-2024 16:29:02 UTC] Attributs: Array
(
    [pa_color] => beige
    [pa_size] => 
)

[17-Sep-2024 16:29:02 UTC] Stock: 23918
[17-Sep-2024 16:29:02 UTC] Prix: 0,87
[17-Sep-2024 16:29:02 UTC] Variation créée avec succès pour produit 1083
[17-Sep-2024 16:29:02 UTC] Couleur attribuée: Jaune
[17-Sep-2024 16:29:02 UTC] Taille attribuée: 
[17-Sep-2024 16:29:02 UTC] Term color trouvé: oui
[17-Sep-2024 16:29:02 UTC] Term size trouvé: non
[17-Sep-2024 16:29:02 UTC] SKU: IT2873-08
[17-Sep-2024 16:29:02 UTC] Requête SQL: 
            SELECT p.ID FROM wpgsm_posts p
            WHERE p.post_parent = %d 
            AND p.post_type = 'product_variation'
            AND p.post_status IN ('publish', 'private')
         AND EXISTS (
                SELECT 1 FROM wpgsm_woocommerce_order_itemmeta oim
                WHERE oim.meta_key = %s
                AND oim.meta_value = %s
                AND oim.order_item_id = p.ID
            ) AND EXISTS (
                SELECT 1 FROM wpgsm_woocommerce_order_itemmeta oim
                WHERE oim.meta_key = %s
                AND oim.meta_value = %s
                AND oim.order_item_id = p.ID
            )
[17-Sep-2024 16:29:02 UTC] Params: Array
(
    [0] => 1083
    [1] => attribute_pa_color
    [2] => jaune
    [3] => attribute_pa_size
    [4] => 
)

[17-Sep-2024 16:29:02 UTC] Variations trouvées: Array
(
)

[17-Sep-2024 16:29:02 UTC] Création de la variation pour le produit ID: 1083
[17-Sep-2024 16:29:02 UTC] Création variation pour produit 1083 avec SKU IT2873-08
[17-Sep-2024 16:29:02 UTC] Attributs: Array
(
    [pa_color] => jaune
    [pa_size] => 
)

[17-Sep-2024 16:29:02 UTC] Stock: 14314
[17-Sep-2024 16:29:02 UTC] Prix: 0,87
[17-Sep-2024 16:29:02 UTC] Variation créée avec succès pour produit 1083
[17-Sep-2024 16:29:02 UTC] Couleur attribuée: Orange
[17-Sep-2024 16:29:02 UTC] Taille attribuée: 
[17-Sep-2024 16:29:02 UTC] Term color trouvé: oui
[17-Sep-2024 16:29:02 UTC] Term size trouvé: non
[17-Sep-2024 16:29:02 UTC] SKU: IT2873-10
[17-Sep-2024 16:29:02 UTC] Requête SQL: 
            SELECT p.ID FROM wpgsm_posts p
            WHERE p.post_parent = %d 
            AND p.post_type = 'product_variation'
            AND p.post_status IN ('publish', 'private')
         AND EXISTS (
                SELECT 1 FROM wpgsm_woocommerce_order_itemmeta oim
                WHERE oim.meta_key = %s
                AND oim.meta_value = %s
                AND oim.order_item_id = p.ID
            ) AND EXISTS (
                SELECT 1 FROM wpgsm_woocommerce_order_itemmeta oim
                WHERE oim.meta_key = %s
                AND oim.meta_value = %s
                AND oim.order_item_id = p.ID
            )
[17-Sep-2024 16:29:02 UTC] Params: Array
(
    [0] => 1083
    [1] => attribute_pa_color
    [2] => orange
    [3] => attribute_pa_size
    [4] => 
)

[17-Sep-2024 16:29:02 UTC] Variations trouvées: Array
(
)

[17-Sep-2024 16:29:02 UTC] Création de la variation pour le produit ID: 1083
[17-Sep-2024 16:29:02 UTC] Création variation pour produit 1083 avec SKU IT2873-10
[17-Sep-2024 16:29:02 UTC] Attributs: Array
(
    [pa_color] => orange
    [pa_size] => 
)

[17-Sep-2024 16:29:02 UTC] Stock: 13151
[17-Sep-2024 16:29:02 UTC] Prix: 0,87
[17-Sep-2024 16:29:03 UTC] Variation créée avec succès pour produit 1083
[17-Sep-2024 16:29:03 UTC] Couleur attribuée: Lime
[17-Sep-2024 16:29:03 UTC] Taille attribuée: 
[17-Sep-2024 16:29:03 UTC] Term color trouvé: oui
[17-Sep-2024 16:29:03 UTC] Term size trouvé: non
[17-Sep-2024 16:29:03 UTC] SKU: IT2873-48
[17-Sep-2024 16:29:03 UTC] Requête SQL: 
            SELECT p.ID FROM wpgsm_posts p
            WHERE p.post_parent = %d 
            AND p.post_type = 'product_variation'
            AND p.post_status IN ('publish', 'private')
         AND EXISTS (
                SELECT 1 FROM wpgsm_woocommerce_order_itemmeta oim
                WHERE oim.meta_key = %s
                AND oim.meta_value = %s
                AND oim.order_item_id = p.ID
            ) AND EXISTS (
                SELECT 1 FROM wpgsm_woocommerce_order_itemmeta oim
                WHERE oim.meta_key = %s
                AND oim.meta_value = %s
                AND oim.order_item_id = p.ID
            )
[17-Sep-2024 16:29:03 UTC] Params: Array
(
    [0] => 1083
    [1] => attribute_pa_color
    [2] => lime
    [3] => attribute_pa_size
    [4] => 
)

[17-Sep-2024 16:29:03 UTC] Variations trouvées: Array
(
)

[17-Sep-2024 16:29:03 UTC] Création de la variation pour le produit ID: 1083
[17-Sep-2024 16:29:03 UTC] Création variation pour produit 1083 avec SKU IT2873-48
[17-Sep-2024 16:29:03 UTC] Attributs: Array
(
    [pa_color] => lime
    [pa_size] => 
)

[17-Sep-2024 16:29:03 UTC] Stock: 8343
[17-Sep-2024 16:29:03 UTC] Prix: 0,87
[17-Sep-2024 16:29:03 UTC] Variation créée avec succès pour produit 1083
[17-Sep-2024 16:29:03 UTC] Couleur attribuée: Transparent
[17-Sep-2024 16:29:03 UTC] Taille attribuée: 
[17-Sep-2024 16:29:03 UTC] Term color trouvé: oui
[17-Sep-2024 16:29:03 UTC] Term size trouvé: non
[17-Sep-2024 16:29:03 UTC] SKU: IT2893-22
[17-Sep-2024 16:29:03 UTC] Requête SQL: 
            SELECT p.ID FROM wpgsm_posts p
            WHERE p.post_parent = %d 
            AND p.post_type = 'product_variation'
            AND p.post_status IN ('publish', 'private')
         AND EXISTS (
                SELECT 1 FROM wpgsm_woocommerce_order_itemmeta oim
                WHERE oim.meta_key = %s
                AND oim.meta_value = %s
                AND oim.order_item_id = p.ID
            ) AND EXISTS (
                SELECT 1 FROM wpgsm_woocommerce_order_itemmeta oim
                WHERE oim.meta_key = %s
                AND oim.meta_value = %s
                AND oim.order_item_id = p.ID
            )
[17-Sep-2024 16:29:03 UTC] Params: Array
(
    [0] => 1084
    [1] => attribute_pa_color
    [2] => transparent
    [3] => attribute_pa_size
    [4] => 
)

[17-Sep-2024 16:29:03 UTC] Variations trouvées: Array
(
)

[17-Sep-2024 16:29:03 UTC] Création de la variation pour le produit ID: 1084
[17-Sep-2024 16:29:03 UTC] Création variation pour produit 1084 avec SKU IT2893-22
[17-Sep-2024 16:29:03 UTC] Attributs: Array
(
    [pa_color] => transparent
    [pa_size] => 
)

[17-Sep-2024 16:29:03 UTC] Stock: 4839
[17-Sep-2024 16:29:03 UTC] Prix: 3,48
[17-Sep-2024 16:29:03 UTC] Variation créée avec succès pour produit 1084
[17-Sep-2024 16:29:03 UTC] Couleur attribuée: Noir
[17-Sep-2024 16:29:03 UTC] Taille attribuée: 
[17-Sep-2024 16:29:03 UTC] Term color trouvé: oui
[17-Sep-2024 16:29:03 UTC] Term size trouvé: non
[17-Sep-2024 16:29:03 UTC] SKU: IT3011-03
[17-Sep-2024 16:29:03 UTC] Requête SQL: 
            SELECT p.ID FROM wpgsm_posts p
            WHERE p.post_parent = %d 
            AND p.post_type = 'product_variation'
            AND p.post_status IN ('publish', 'private')
         AND EXISTS (
                SELECT 1 FROM wpgsm_woocommerce_order_itemmeta oim
                WHERE oim.meta_key = %s
                AND oim.meta_value = %s
                AND oim.order_item_id = p.ID
            ) AND EXISTS (
                SELECT 1 FROM wpgsm_woocommerce_order_itemmeta oim
                WHERE oim.meta_key = %s
                AND oim.meta_value = %s
                AND oim.order_item_id = p.ID
            )
[17-Sep-2024 16:29:03 UTC] Params: Array
(
    [0] => 1085
    [1] => attribute_pa_color
    [2] => noir
    [3] => attribute_pa_size
    [4] => 
)

[17-Sep-2024 16:29:03 UTC] Variations trouvées: Array
(
)

[17-Sep-2024 16:29:03 UTC] Création de la variation pour le produit ID: 1085
[17-Sep-2024 16:29:03 UTC] Création variation pour produit 1085 avec SKU IT3011-03
[17-Sep-2024 16:29:03 UTC] Attributs: Array
(
    [pa_color] => noir
    [pa_size] => 
)

[17-Sep-2024 16:29:03 UTC] Stock: 68778
[17-Sep-2024 16:29:03 UTC] Prix: 0,26
[17-Sep-2024 16:29:03 UTC] Variation créée avec succès pour produit 1085
[17-Sep-2024 16:29:03 UTC] Couleur attribuée: Bleu
[17-Sep-2024 16:29:03 UTC] Taille attribuée: 
[17-Sep-2024 16:29:03 UTC] Term color trouvé: oui
[17-Sep-2024 16:29:03 UTC] Term size trouvé: non
[17-Sep-2024 16:29:03 UTC] SKU: IT3011-04
[17-Sep-2024 16:29:03 UTC] Requête SQL: 
            SELECT p.ID FROM wpgsm_posts p
            WHERE p.post_parent = %d 
            AND p.post_type = 'product_variation'
            AND p.post_status IN ('publish', 'private')
         AND EXISTS (
                SELECT 1 FROM wpgsm_woocommerce_order_itemmeta oim
                WHERE oim.meta_key = %s
                AND oim.meta_value = %s
                AND oim.order_item_id = p.ID
            ) AND EXISTS (
                SELECT 1 FROM wpgsm_woocommerce_order_itemmeta oim
                WHERE oim.meta_key = %s
                AND oim.meta_value = %s
                AND oim.order_item_id = p.ID
            )
[17-Sep-2024 16:29:03 UTC] Params: Array
(
    [0] => 1085
    [1] => attribute_pa_color
    [2] => bleu
    [3] => attribute_pa_size
    [4] => 
)

[17-Sep-2024 16:29:03 UTC] Variations trouvées: Array
(
)

[17-Sep-2024 16:29:03 UTC] Création de la variation pour le produit ID: 1085
[17-Sep-2024 16:29:03 UTC] Création variation pour produit 1085 avec SKU IT3011-04
[17-Sep-2024 16:29:03 UTC] Attributs: Array
(
    [pa_color] => bleu
    [pa_size] => 
)

[17-Sep-2024 16:29:03 UTC] Stock: 64826
[17-Sep-2024 16:29:03 UTC] Prix: 0,26
[17-Sep-2024 16:29:03 UTC] Variation créée avec succès pour produit 1085
[17-Sep-2024 16:29:03 UTC] Couleur attribuée: Rouge
[17-Sep-2024 16:29:03 UTC] Taille attribuée: 
[17-Sep-2024 16:29:03 UTC] Term color trouvé: oui
[17-Sep-2024 16:29:03 UTC] Term size trouvé: non
[17-Sep-2024 16:29:03 UTC] SKU: IT3011-05
[17-Sep-2024 16:29:03 UTC] Requête SQL: 
            SELECT p.ID FROM wpgsm_posts p
            WHERE p.post_parent = %d 
            AND p.post_type = 'product_variation'
            AND p.post_status IN ('publish', 'private')
         AND EXISTS (
                SELECT 1 FROM wpgsm_woocommerce_order_itemmeta oim
                WHERE oim.meta_key = %s
                AND oim.meta_value = %s
                AND oim.order_item_id = p.ID
            ) AND EXISTS (
                SELECT 1 FROM wpgsm_woocommerce_order_itemmeta oim
                WHERE oim.meta_key = %s
                AND oim.meta_value = %s
                AND oim.order_item_id = p.ID
            )
[17-Sep-2024 16:29:03 UTC] Params: Array
(
    [0] => 1085
    [1] => attribute_pa_color
    [2] => rouge
    [3] => attribute_pa_size
    [4] => 
)

[17-Sep-2024 16:29:03 UTC] Variations trouvées: Array
(
)

[17-Sep-2024 16:29:03 UTC] Création de la variation pour le produit ID: 1085
[17-Sep-2024 16:29:03 UTC] Création variation pour produit 1085 avec SKU IT3011-05
[17-Sep-2024 16:29:03 UTC] Attributs: Array
(
    [pa_color] => rouge
    [pa_size] => 
)

[17-Sep-2024 16:29:03 UTC] Stock: 88379
[17-Sep-2024 16:29:03 UTC] Prix: 0,26
[17-Sep-2024 16:29:03 UTC] Variation créée avec succès pour produit 1085
[17-Sep-2024 16:29:03 UTC] Couleur attribuée: Noir
[17-Sep-2024 16:29:03 UTC] Taille attribuée: 
[17-Sep-2024 16:29:03 UTC] Term color trouvé: oui
[17-Sep-2024 16:29:03 UTC] Term size trouvé: non
[17-Sep-2024 16:29:03 UTC] SKU: IT3020-03
[17-Sep-2024 16:29:03 UTC] Requête SQL: 
            SELECT p.ID FROM wpgsm_posts p
            WHERE p.post_parent = %d 
            AND p.post_type = 'product_variation'
            AND p.post_status IN ('publish', 'private')
         AND EXISTS (
                SELECT 1 FROM wpgsm_woocommerce_order_itemmeta oim
                WHERE oim.meta_key = %s
                AND oim.meta_value = %s
                AND oim.order_item_id = p.ID
            ) AND EXISTS (
                SELECT 1 FROM wpgsm_woocommerce_order_itemmeta oim
                WHERE oim.meta_key = %s
                AND oim.meta_value = %s
                AND oim.order_item_id = p.ID
            )
[17-Sep-2024 16:29:03 UTC] Params: Array
(
    [0] => 1086
    [1] => attribute_pa_color
    [2] => noir
    [3] => attribute_pa_size
    [4] => 
)

[17-Sep-2024 16:29:03 UTC] Variations trouvées: Array
(
)

[17-Sep-2024 16:29:03 UTC] Création de la variation pour le produit ID: 1086
[17-Sep-2024 16:29:03 UTC] Création variation pour produit 1086 avec SKU IT3020-03
[17-Sep-2024 16:29:03 UTC] Attributs: Array
(
    [pa_color] => noir
    [pa_size] => 
)

[17-Sep-2024 16:29:03 UTC] Stock: 31432
[17-Sep-2024 16:29:03 UTC] Prix: 0,64
[17-Sep-2024 16:29:03 UTC] Variation créée avec succès pour produit 1086
[17-Sep-2024 16:29:03 UTC] Couleur attribuée: Bleu
[17-Sep-2024 16:29:03 UTC] Taille attribuée: 
[17-Sep-2024 16:29:03 UTC] Term color trouvé: oui
[17-Sep-2024 16:29:03 UTC] Term size trouvé: non
[17-Sep-2024 16:29:03 UTC] SKU: IT3020-04
[17-Sep-2024 16:29:03 UTC] Requête SQL: 
            SELECT p.ID FROM wpgsm_posts p
            WHERE p.post_parent = %d 
            AND p.post_type = 'product_variation'
            AND p.post_status IN ('publish', 'private')
         AND EXISTS (
                SELECT 1 FROM wpgsm_woocommerce_order_itemmeta oim
                WHERE oim.meta_key = %s
                AND oim.meta_value = %s
                AND oim.order_item_id = p.ID
            ) AND EXISTS (
                SELECT 1 FROM wpgsm_woocommerce_order_itemmeta oim
                WHERE oim.meta_key = %s
                AND oim.meta_value = %s
                AND oim.order_item_id = p.ID
            )
[17-Sep-2024 16:29:03 UTC] Params: Array
(
    [0] => 1086
    [1] => attribute_pa_color
    [2] => bleu
    [3] => attribute_pa_size
    [4] => 
)

[17-Sep-2024 16:29:03 UTC] Variations trouvées: Array
(
)

[17-Sep-2024 16:29:03 UTC] Création de la variation pour le produit ID: 1086
[17-Sep-2024 16:29:03 UTC] Création variation pour produit 1086 avec SKU IT3020-04
[17-Sep-2024 16:29:03 UTC] Attributs: Array
(
    [pa_color] => bleu
    [pa_size] => 
)

[17-Sep-2024 16:29:03 UTC] Stock: 16219
[17-Sep-2024 16:29:03 UTC] Prix: 0,64
[17-Sep-2024 16:29:03 UTC] Variation créée avec succès pour produit 1086
[17-Sep-2024 16:29:03 UTC] Couleur attribuée: Rouge
[17-Sep-2024 16:29:03 UTC] Taille attribuée: 
[17-Sep-2024 16:29:03 UTC] Term color trouvé: oui
[17-Sep-2024 16:29:03 UTC] Term size trouvé: non
[17-Sep-2024 16:29:03 UTC] SKU: IT3020-05
[17-Sep-2024 16:29:03 UTC] Requête SQL: 
            SELECT p.ID FROM wpgsm_posts p
            WHERE p.post_parent = %d 
            AND p.post_type = 'product_variation'
            AND p.post_status IN ('publish', 'private')
         AND EXISTS (
                SELECT 1 FROM wpgsm_woocommerce_order_itemmeta oim
                WHERE oim.meta_key = %s
                AND oim.meta_value = %s
                AND oim.order_item_id = p.ID
            ) AND EXISTS (
                SELECT 1 FROM wpgsm_woocommerce_order_itemmeta oim
                WHERE oim.meta_key = %s
                AND oim.meta_value = %s
                AND oim.order_item_id = p.ID
            )
[17-Sep-2024 16:29:03 UTC] Params: Array
(
    [0] => 1086
    [1] => attribute_pa_color
    [2] => rouge
    [3] => attribute_pa_size
    [4] => 
)

[17-Sep-2024 16:29:03 UTC] Variations trouvées: Array
(
)

[17-Sep-2024 16:29:03 UTC] Création de la variation pour le produit ID: 1086
[17-Sep-2024 16:29:03 UTC] Création variation pour produit 1086 avec SKU IT3020-05
[17-Sep-2024 16:29:03 UTC] Attributs: Array
(
    [pa_color] => rouge
    [pa_size] => 
)

[17-Sep-2024 16:29:03 UTC] Stock: 15631
[17-Sep-2024 16:29:03 UTC] Prix: 0,64
[17-Sep-2024 16:29:03 UTC] Variation créée avec succès pour produit 1086
[17-Sep-2024 16:29:03 UTC] Couleur attribuée: Transparent
[17-Sep-2024 16:29:03 UTC] Taille attribuée: 
[17-Sep-2024 16:29:03 UTC] Term color trouvé: oui
[17-Sep-2024 16:29:03 UTC] Term size trouvé: non
[17-Sep-2024 16:29:03 UTC] SKU: IT3054-22
[17-Sep-2024 16:29:03 UTC] Requête SQL: 
            SELECT p.ID FROM wpgsm_posts p
            WHERE p.post_parent = %d 
            AND p.post_type = 'product_variation'
            AND p.post_status IN ('publish', 'private')
         AND EXISTS (
                SELECT 1 FROM wpgsm_woocommerce_order_itemmeta oim
                WHERE oim.meta_key = %s
                AND oim.meta_value = %s
                AND oim.order_item_id = p.ID
            ) AND EXISTS (
                SELECT 1 FROM wpgsm_woocommerce_order_itemmeta oim
                WHERE oim.meta_key = %s
                AND oim.meta_value = %s
                AND oim.order_item_id = p.ID
            )
[17-Sep-2024 16:29:03 UTC] Params: Array
(
    [0] => 1087
    [1] => attribute_pa_color
    [2] => transparent
    [3] => attribute_pa_size
    [4] => 
)

[17-Sep-2024 16:29:03 UTC] Variations trouvées: Array
(
)

[17-Sep-2024 16:29:03 UTC] Création de la variation pour le produit ID: 1087
[17-Sep-2024 16:29:03 UTC] Création variation pour produit 1087 avec SKU IT3054-22
[17-Sep-2024 16:29:03 UTC] Attributs: Array
(
    [pa_color] => transparent
    [pa_size] => 
)

[17-Sep-2024 16:29:03 UTC] Stock: 8118
[17-Sep-2024 16:29:03 UTC] Prix: 0,39
[17-Sep-2024 16:29:03 UTC] Variation créée avec succès pour produit 1087
[17-Sep-2024 16:29:03 UTC] Couleur attribuée: Noir
[17-Sep-2024 16:29:03 UTC] Taille attribuée: 
[17-Sep-2024 16:29:03 UTC] Term color trouvé: oui
[17-Sep-2024 16:29:03 UTC] Term size trouvé: non
[17-Sep-2024 16:29:03 UTC] SKU: IT3059-03
[17-Sep-2024 16:29:03 UTC] Requête SQL: 
            SELECT p.ID FROM wpgsm_posts p
            WHERE p.post_parent = %d 
            AND p.post_type = 'product_variation'
            AND p.post_status IN ('publish', 'private')
         AND EXISTS (
                SELECT 1 FROM wpgsm_woocommerce_order_itemmeta oim
                WHERE oim.meta_key = %s
                AND oim.meta_value = %s
                AND oim.order_item_id = p.ID
            ) AND EXISTS (
                SELECT 1 FROM wpgsm_woocommerce_order_itemmeta oim
                WHERE oim.meta_key = %s
                AND oim.meta_value = %s
                AND oim.order_item_id = p.ID
            )
[17-Sep-2024 16:29:03 UTC] Params: Array
(
    [0] => 1088
    [1] => attribute_pa_color
    [2] => noir
    [3] => attribute_pa_size
    [4] => 
)

[17-Sep-2024 16:29:03 UTC] Variations trouvées: Array
(
)

[17-Sep-2024 16:29:03 UTC] Création de la variation pour le produit ID: 1088
[17-Sep-2024 16:29:03 UTC] Création variation pour produit 1088 avec SKU IT3059-03
[17-Sep-2024 16:29:03 UTC] Attributs: Array
(
    [pa_color] => noir
    [pa_size] => 
)

[17-Sep-2024 16:29:03 UTC] Stock: 7721
[17-Sep-2024 16:29:03 UTC] Prix: 1,21
[17-Sep-2024 16:29:04 UTC] Variation créée avec succès pour produit 1088
[17-Sep-2024 16:29:04 UTC] Couleur attribuée: Bleu
[17-Sep-2024 16:29:04 UTC] Taille attribuée: 
[17-Sep-2024 16:29:04 UTC] Term color trouvé: oui
[17-Sep-2024 16:29:04 UTC] Term size trouvé: non
[17-Sep-2024 16:29:04 UTC] SKU: IT3087-04
[17-Sep-2024 16:29:04 UTC] Requête SQL: 
            SELECT p.ID FROM wpgsm_posts p
            WHERE p.post_parent = %d 
            AND p.post_type = 'product_variation'
            AND p.post_status IN ('publish', 'private')
         AND EXISTS (
                SELECT 1 FROM wpgsm_woocommerce_order_itemmeta oim
                WHERE oim.meta_key = %s
                AND oim.meta_value = %s
                AND oim.order_item_id = p.ID
            ) AND EXISTS (
                SELECT 1 FROM wpgsm_woocommerce_order_itemmeta oim
                WHERE oim.meta_key = %s
                AND oim.meta_value = %s
                AND oim.order_item_id = p.ID
            )
[17-Sep-2024 16:29:04 UTC] Params: Array
(
    [0] => 1089
    [1] => attribute_pa_color
    [2] => bleu
    [3] => attribute_pa_size
    [4] => 
)

[17-Sep-2024 16:29:04 UTC] Variations trouvées: Array
(
)

[17-Sep-2024 16:29:04 UTC] Création de la variation pour le produit ID: 1089
[17-Sep-2024 16:29:04 UTC] Création variation pour produit 1089 avec SKU IT3087-04
[17-Sep-2024 16:29:04 UTC] Attributs: Array
(
    [pa_color] => bleu
    [pa_size] => 
)

[17-Sep-2024 16:29:04 UTC] Stock: 4200
[17-Sep-2024 16:29:04 UTC] Prix: 0,19
[17-Sep-2024 16:29:04 UTC] Variation créée avec succès pour produit 1089
[17-Sep-2024 16:29:04 UTC] Couleur attribuée: Orange
[17-Sep-2024 16:29:04 UTC] Taille attribuée: 
[17-Sep-2024 16:29:04 UTC] Term color trouvé: oui
[17-Sep-2024 16:29:04 UTC] Term size trouvé: non
[17-Sep-2024 16:29:04 UTC] SKU: IT3087-10
[17-Sep-2024 16:29:04 UTC] Requête SQL: 
            SELECT p.ID FROM wpgsm_posts p
            WHERE p.post_parent = %d 
            AND p.post_type = 'product_variation'
            AND p.post_status IN ('publish', 'private')
         AND EXISTS (
                SELECT 1 FROM wpgsm_woocommerce_order_itemmeta oim
                WHERE oim.meta_key = %s
                AND oim.meta_value = %s
                AND oim.order_item_id = p.ID
            ) AND EXISTS (
                SELECT 1 FROM wpgsm_woocommerce_order_itemmeta oim
                WHERE oim.meta_key = %s
                AND oim.meta_value = %s
                AND oim.order_item_id = p.ID
            )
[17-Sep-2024 16:29:04 UTC] Params: Array
(
    [0] => 1089
    [1] => attribute_pa_color
    [2] => orange
    [3] => attribute_pa_size
    [4] => 
)

[17-Sep-2024 16:29:04 UTC] Variations trouvées: Array
(
)

[17-Sep-2024 16:29:04 UTC] Création de la variation pour le produit ID: 1089
[17-Sep-2024 16:29:04 UTC] Création variation pour produit 1089 avec SKU IT3087-10
[17-Sep-2024 16:29:04 UTC] Attributs: Array
(
    [pa_color] => orange
    [pa_size] => 
)

[17-Sep-2024 16:29:04 UTC] Stock: 3055
[17-Sep-2024 16:29:04 UTC] Prix: 0,19
[17-Sep-2024 16:29:04 UTC] Variation créée avec succès pour produit 1089
[17-Sep-2024 16:29:04 UTC] Couleur attribuée: Blanc
[17-Sep-2024 16:29:04 UTC] Taille attribuée: 
[17-Sep-2024 16:29:04 UTC] Term color trouvé: oui
[17-Sep-2024 16:29:04 UTC] Term size trouvé: non
[17-Sep-2024 16:29:04 UTC] SKU: IT3087-06
[17-Sep-2024 16:29:04 UTC] Requête SQL: 
            SELECT p.ID FROM wpgsm_posts p
            WHERE p.post_parent = %d 
            AND p.post_type = 'product_variation'
            AND p.post_status IN ('publish', 'private')
         AND EXISTS (
                SELECT 1 FROM wpgsm_woocommerce_order_itemmeta oim
                WHERE oim.meta_key = %s
                AND oim.meta_value = %s
                AND oim.order_item_id = p.ID
            ) AND EXISTS (
                SELECT 1 FROM wpgsm_woocommerce_order_itemmeta oim
                WHERE oim.meta_key = %s
                AND oim.meta_value = %s
                AND oim.order_item_id = p.ID
            )
[17-Sep-2024 16:29:04 UTC] Params: Array
(
    [0] => 1089
    [1] => attribute_pa_color
    [2] => blanc
    [3] => attribute_pa_size
    [4] => 
)

[17-Sep-2024 16:29:04 UTC] Variations trouvées: Array
(
)

[17-Sep-2024 16:29:04 UTC] Création de la variation pour le produit ID: 1089
[17-Sep-2024 16:29:04 UTC] Création variation pour produit 1089 avec SKU IT3087-06
[17-Sep-2024 16:29:04 UTC] Attributs: Array
(
    [pa_color] => blanc
    [pa_size] => 
)

[17-Sep-2024 16:29:04 UTC] Stock: 4704
[17-Sep-2024 16:29:04 UTC] Prix: 0,19
[17-Sep-2024 16:29:04 UTC] Variation créée avec succès pour produit 1089
[17-Sep-2024 16:29:04 UTC] Couleur attribuée: Bleu Royal
[17-Sep-2024 16:29:04 UTC] Taille attribuée: 
[17-Sep-2024 16:29:04 UTC] Term color trouvé: oui
[17-Sep-2024 16:29:04 UTC] Term size trouvé: non
[17-Sep-2024 16:29:04 UTC] SKU: IT3101-37
[17-Sep-2024 16:29:04 UTC] Requête SQL: 
            SELECT p.ID FROM wpgsm_posts p
            WHERE p.post_parent = %d 
            AND p.post_type = 'product_variation'
            AND p.post_status IN ('publish', 'private')
         AND EXISTS (
                SELECT 1 FROM wpgsm_woocommerce_order_itemmeta oim
                WHERE oim.meta_key = %s
                AND oim.meta_value = %s
                AND oim.order_item_id = p.ID
            ) AND EXISTS (
                SELECT 1 FROM wpgsm_woocommerce_order_itemmeta oim
                WHERE oim.meta_key = %s
                AND oim.meta_value = %s
                AND oim.order_item_id = p.ID
            )
[17-Sep-2024 16:29:04 UTC] Params: Array
(
    [0] => 1090
    [1] => attribute_pa_color
    [2] => bleu-royal
    [3] => attribute_pa_size
    [4] => 
)

[17-Sep-2024 16:29:04 UTC] Variations trouvées: Array
(
)

[17-Sep-2024 16:29:04 UTC] Création de la variation pour le produit ID: 1090
[17-Sep-2024 16:29:04 UTC] Création variation pour produit 1090 avec SKU IT3101-37
[17-Sep-2024 16:29:04 UTC] Attributs: Array
(
    [pa_color] => bleu-royal
    [pa_size] => 
)

[17-Sep-2024 16:29:04 UTC] Stock: 7821
[17-Sep-2024 16:29:04 UTC] Prix: 4,14
[17-Sep-2024 16:29:04 UTC] Variation créée avec succès pour produit 1090
[17-Sep-2024 16:29:04 UTC] Couleur attribuée: Noir
[17-Sep-2024 16:29:04 UTC] Taille attribuée: 
[17-Sep-2024 16:29:04 UTC] Term color trouvé: oui
[17-Sep-2024 16:29:04 UTC] Term size trouvé: non
[17-Sep-2024 16:29:04 UTC] SKU: IT3101-03
[17-Sep-2024 16:29:04 UTC] Requête SQL: 
            SELECT p.ID FROM wpgsm_posts p
            WHERE p.post_parent = %d 
            AND p.post_type = 'product_variation'
            AND p.post_status IN ('publish', 'private')
         AND EXISTS (
                SELECT 1 FROM wpgsm_woocommerce_order_itemmeta oim
                WHERE oim.meta_key = %s
                AND oim.meta_value = %s
                AND oim.order_item_id = p.ID
            ) AND EXISTS (
                SELECT 1 FROM wpgsm_woocommerce_order_itemmeta oim
                WHERE oim.meta_key = %s
                AND oim.meta_value = %s
                AND oim.order_item_id = p.ID
            )
[17-Sep-2024 16:29:04 UTC] Params: Array
(
    [0] => 1090
    [1] => attribute_pa_color
    [2] => noir
    [3] => attribute_pa_size
    [4] => 
)

[17-Sep-2024 16:29:04 UTC] Variations trouvées: Array
(
)

[17-Sep-2024 16:29:04 UTC] Création de la variation pour le produit ID: 1090
[17-Sep-2024 16:29:04 UTC] Création variation pour produit 1090 avec SKU IT3101-03
[17-Sep-2024 16:29:04 UTC] Attributs: Array
(
    [pa_color] => noir
    [pa_size] => 
)

[17-Sep-2024 16:29:04 UTC] Stock: 3217
[17-Sep-2024 16:29:04 UTC] Prix: 4,14
[17-Sep-2024 16:29:04 UTC] Variation créée avec succès pour produit 1090
[17-Sep-2024 16:29:04 UTC] Couleur attribuée: Blanc
[17-Sep-2024 16:29:04 UTC] Taille attribuée: 
[17-Sep-2024 16:29:04 UTC] Term color trouvé: oui
[17-Sep-2024 16:29:04 UTC] Term size trouvé: non
[17-Sep-2024 16:29:04 UTC] SKU: IT3101-06
[17-Sep-2024 16:29:04 UTC] Requête SQL: 
            SELECT p.ID FROM wpgsm_posts p
            WHERE p.post_parent = %d 
            AND p.post_type = 'product_variation'
            AND p.post_status IN ('publish', 'private')
         AND EXISTS (
                SELECT 1 FROM wpgsm_woocommerce_order_itemmeta oim
                WHERE oim.meta_key = %s
                AND oim.meta_value = %s
                AND oim.order_item_id = p.ID
            ) AND EXISTS (
                SELECT 1 FROM wpgsm_woocommerce_order_itemmeta oim
                WHERE oim.meta_key = %s
                AND oim.meta_value = %s
                AND oim.order_item_id = p.ID
            )
[17-Sep-2024 16:29:04 UTC] Params: Array
(
    [0] => 1090
    [1] => attribute_pa_color
    [2] => blanc
    [3] => attribute_pa_size
    [4] => 
)

[17-Sep-2024 16:29:04 UTC] Variations trouvées: Array
(
)

[17-Sep-2024 16:29:04 UTC] Création de la variation pour le produit ID: 1090
[17-Sep-2024 16:29:04 UTC] Création variation pour produit 1090 avec SKU IT3101-06
[17-Sep-2024 16:29:04 UTC] Attributs: Array
(
    [pa_color] => blanc
    [pa_size] => 
)

[17-Sep-2024 16:29:04 UTC] Stock: 2842
[17-Sep-2024 16:29:04 UTC] Prix: 4,14
[17-Sep-2024 16:29:04 UTC] Variation créée avec succès pour produit 1090
[17-Sep-2024 16:29:04 UTC] Couleur attribuée: Noir
[17-Sep-2024 16:29:04 UTC] Taille attribuée: 
[17-Sep-2024 16:29:04 UTC] Term color trouvé: oui
[17-Sep-2024 16:29:04 UTC] Term size trouvé: non
[17-Sep-2024 16:29:04 UTC] SKU: IT3177-03
[17-Sep-2024 16:29:04 UTC] Requête SQL: 
            SELECT p.ID FROM wpgsm_posts p
            WHERE p.post_parent = %d 
            AND p.post_type = 'product_variation'
            AND p.post_status IN ('publish', 'private')
         AND EXISTS (
                SELECT 1 FROM wpgsm_woocommerce_order_itemmeta oim
                WHERE oim.meta_key = %s
                AND oim.meta_value = %s
                AND oim.order_item_id = p.ID
            ) AND EXISTS (
                SELECT 1 FROM wpgsm_woocommerce_order_itemmeta oim
                WHERE oim.meta_key = %s
                AND oim.meta_value = %s
                AND oim.order_item_id = p.ID
            )
[17-Sep-2024 16:29:04 UTC] Params: Array
(
    [0] => 1091
    [1] => attribute_pa_color
    [2] => noir
    [3] => attribute_pa_size
    [4] => 
)

[17-Sep-2024 16:29:04 UTC] Variations trouvées: Array
(
)

[17-Sep-2024 16:29:04 UTC] Création de la variation pour le produit ID: 1091
[17-Sep-2024 16:29:04 UTC] Création variation pour produit 1091 avec SKU IT3177-03
[17-Sep-2024 16:29:04 UTC] Attributs: Array
(
    [pa_color] => noir
    [pa_size] => 
)

[17-Sep-2024 16:29:04 UTC] Stock: 4239
[17-Sep-2024 16:29:04 UTC] Prix: 2,50
[17-Sep-2024 16:29:04 UTC] Variation créée avec succès pour produit 1091
[17-Sep-2024 16:29:04 UTC] Couleur attribuée: Blanc
[17-Sep-2024 16:29:04 UTC] Taille attribuée: 
[17-Sep-2024 16:29:04 UTC] Term color trouvé: oui
[17-Sep-2024 16:29:04 UTC] Term size trouvé: non
[17-Sep-2024 16:29:04 UTC] SKU: IT3233-06
[17-Sep-2024 16:29:04 UTC] Requête SQL: 
            SELECT p.ID FROM wpgsm_posts p
            WHERE p.post_parent = %d 
            AND p.post_type = 'product_variation'
            AND p.post_status IN ('publish', 'private')
         AND EXISTS (
                SELECT 1 FROM wpgsm_woocommerce_order_itemmeta oim
                WHERE oim.meta_key = %s
                AND oim.meta_value = %s
                AND oim.order_item_id = p.ID
            ) AND EXISTS (
                SELECT 1 FROM wpgsm_woocommerce_order_itemmeta oim
                WHERE oim.meta_key = %s
                AND oim.meta_value = %s
                AND oim.order_item_id = p.ID
            )
[17-Sep-2024 16:29:04 UTC] Params: Array
(
    [0] => 1092
    [1] => attribute_pa_color
    [2] => blanc
    [3] => attribute_pa_size
    [4] => 
)

[17-Sep-2024 16:29:04 UTC] Variations trouvées: Array
(
)

[17-Sep-2024 16:29:04 UTC] Création de la variation pour le produit ID: 1092
[17-Sep-2024 16:29:04 UTC] Création variation pour produit 1092 avec SKU IT3233-06
[17-Sep-2024 16:29:04 UTC] Attributs: Array
(
    [pa_color] => blanc
    [pa_size] => 
)

[17-Sep-2024 16:29:04 UTC] Stock: 36239
[17-Sep-2024 16:29:04 UTC] Prix: 0,80
[17-Sep-2024 16:29:04 UTC] Variation créée avec succès pour produit 1092
[17-Sep-2024 16:29:04 UTC] Couleur attribuée: Beige
[17-Sep-2024 16:29:04 UTC] Taille attribuée: 
[17-Sep-2024 16:29:04 UTC] Term color trouvé: oui
[17-Sep-2024 16:29:04 UTC] Term size trouvé: non
[17-Sep-2024 16:29:04 UTC] SKU: IT3233-13
[17-Sep-2024 16:29:04 UTC] Requête SQL: 
            SELECT p.ID FROM wpgsm_posts p
            WHERE p.post_parent = %d 
            AND p.post_type = 'product_variation'
            AND p.post_status IN ('publish', 'private')
         AND EXISTS (
                SELECT 1 FROM wpgsm_woocommerce_order_itemmeta oim
                WHERE oim.meta_key = %s
                AND oim.meta_value = %s
                AND oim.order_item_id = p.ID
            ) AND EXISTS (
                SELECT 1 FROM wpgsm_woocommerce_order_itemmeta oim
                WHERE oim.meta_key = %s
                AND oim.meta_value = %s
                AND oim.order_item_id = p.ID
            )
[17-Sep-2024 16:29:04 UTC] Params: Array
(
    [0] => 1092
    [1] => attribute_pa_color
    [2] => beige
    [3] => attribute_pa_size
    [4] => 
)

[17-Sep-2024 16:29:04 UTC] Variations trouvées: Array
(
)

[17-Sep-2024 16:29:04 UTC] Création de la variation pour le produit ID: 1092
[17-Sep-2024 16:29:04 UTC] Création variation pour produit 1092 avec SKU IT3233-13
[17-Sep-2024 16:29:04 UTC] Attributs: Array
(
    [pa_color] => beige
    [pa_size] => 
)

[17-Sep-2024 16:29:04 UTC] Stock: 37033
[17-Sep-2024 16:29:04 UTC] Prix: 0,80
[17-Sep-2024 16:29:04 UTC] Variation créée avec succès pour produit 1092
[17-Sep-2024 16:29:04 UTC] Couleur attribuée: Noir
[17-Sep-2024 16:29:04 UTC] Taille attribuée: 
[17-Sep-2024 16:29:04 UTC] Term color trouvé: oui
[17-Sep-2024 16:29:04 UTC] Term size trouvé: non
[17-Sep-2024 16:29:04 UTC] SKU: IT3350-03
[17-Sep-2024 16:29:04 UTC] Requête SQL: 
            SELECT p.ID FROM wpgsm_posts p
            WHERE p.post_parent = %d 
            AND p.post_type = 'product_variation'
            AND p.post_status IN ('publish', 'private')
         AND EXISTS (
                SELECT 1 FROM wpgsm_woocommerce_order_itemmeta oim
                WHERE oim.meta_key = %s
                AND oim.meta_value = %s
                AND oim.order_item_id = p.ID
            ) AND EXISTS (
                SELECT 1 FROM wpgsm_woocommerce_order_itemmeta oim
                WHERE oim.meta_key = %s
                AND oim.meta_value = %s
                AND oim.order_item_id = p.ID
            )
[17-Sep-2024 16:29:04 UTC] Params: Array
(
    [0] => 1093
    [1] => attribute_pa_color
    [2] => noir
    [3] => attribute_pa_size
    [4] => 
)

[17-Sep-2024 16:29:04 UTC] Variations trouvées: Array
(
)

[17-Sep-2024 16:29:04 UTC] Création de la variation pour le produit ID: 1093
[17-Sep-2024 16:29:04 UTC] Création variation pour produit 1093 avec SKU IT3350-03
[17-Sep-2024 16:29:04 UTC] Attributs: Array
(
    [pa_color] => noir
    [pa_size] => 
)

[17-Sep-2024 16:29:04 UTC] Stock: 3590
[17-Sep-2024 16:29:04 UTC] Prix: 5,39
[17-Sep-2024 16:29:05 UTC] Variation créée avec succès pour produit 1093
[17-Sep-2024 16:29:05 UTC] Couleur attribuée: Noir
[17-Sep-2024 16:29:05 UTC] Taille attribuée: 
[17-Sep-2024 16:29:05 UTC] Term color trouvé: oui
[17-Sep-2024 16:29:05 UTC] Term size trouvé: non
[17-Sep-2024 16:29:05 UTC] SKU: IT3441-03
[17-Sep-2024 16:29:05 UTC] Requête SQL: 
            SELECT p.ID FROM wpgsm_posts p
            WHERE p.post_parent = %d 
            AND p.post_type = 'product_variation'
            AND p.post_status IN ('publish', 'private')
         AND EXISTS (
                SELECT 1 FROM wpgsm_woocommerce_order_itemmeta oim
                WHERE oim.meta_key = %s
                AND oim.meta_value = %s
                AND oim.order_item_id = p.ID
            ) AND EXISTS (
                SELECT 1 FROM wpgsm_woocommerce_order_itemmeta oim
                WHERE oim.meta_key = %s
                AND oim.meta_value = %s
                AND oim.order_item_id = p.ID
            )
[17-Sep-2024 16:29:05 UTC] Params: Array
(
    [0] => 1094
    [1] => attribute_pa_color
    [2] => noir
    [3] => attribute_pa_size
    [4] => 
)

[17-Sep-2024 16:29:05 UTC] Variations trouvées: Array
(
)

[17-Sep-2024 16:29:05 UTC] Création de la variation pour le produit ID: 1094
[17-Sep-2024 16:29:05 UTC] Création variation pour produit 1094 avec SKU IT3441-03
[17-Sep-2024 16:29:05 UTC] Attributs: Array
(
    [pa_color] => noir
    [pa_size] => 
)

[17-Sep-2024 16:29:05 UTC] Stock: 2932
[17-Sep-2024 16:29:05 UTC] Prix: 1,02
[17-Sep-2024 16:29:05 UTC] Variation créée avec succès pour produit 1094
[17-Sep-2024 16:29:05 UTC] Couleur attribuée: Argent
[17-Sep-2024 16:29:05 UTC] Taille attribuée: 
[17-Sep-2024 16:29:05 UTC] Term color trouvé: oui
[17-Sep-2024 16:29:05 UTC] Term size trouvé: non
[17-Sep-2024 16:29:05 UTC] SKU: IT3441-14
[17-Sep-2024 16:29:05 UTC] Requête SQL: 
            SELECT p.ID FROM wpgsm_posts p
            WHERE p.post_parent = %d 
            AND p.post_type = 'product_variation'
            AND p.post_status IN ('publish', 'private')
         AND EXISTS (
                SELECT 1 FROM wpgsm_woocommerce_order_itemmeta oim
                WHERE oim.meta_key = %s
                AND oim.meta_value = %s
                AND oim.order_item_id = p.ID
            ) AND EXISTS (
                SELECT 1 FROM wpgsm_woocommerce_order_itemmeta oim
                WHERE oim.meta_key = %s
                AND oim.meta_value = %s
                AND oim.order_item_id = p.ID
            )
[17-Sep-2024 16:29:05 UTC] Params: Array
(
    [0] => 1094
    [1] => attribute_pa_color
    [2] => argent
    [3] => attribute_pa_size
    [4] => 
)

[17-Sep-2024 16:29:05 UTC] Variations trouvées: Array
(
)

[17-Sep-2024 16:29:05 UTC] Création de la variation pour le produit ID: 1094
[17-Sep-2024 16:29:05 UTC] Création variation pour produit 1094 avec SKU IT3441-14
[17-Sep-2024 16:29:05 UTC] Attributs: Array
(
    [pa_color] => argent
    [pa_size] => 
)

[17-Sep-2024 16:29:05 UTC] Stock: 13239
[17-Sep-2024 16:29:05 UTC] Prix: 1,02
[17-Sep-2024 16:29:05 UTC] Variation créée avec succès pour produit 1094
[17-Sep-2024 16:29:05 UTC] Couleur attribuée: Rouge
[17-Sep-2024 16:29:05 UTC] Taille attribuée: 
[17-Sep-2024 16:29:05 UTC] Term color trouvé: oui
[17-Sep-2024 16:29:05 UTC] Term size trouvé: non
[17-Sep-2024 16:29:05 UTC] SKU: IT3459-05
[17-Sep-2024 16:29:05 UTC] Requête SQL: 
            SELECT p.ID FROM wpgsm_posts p
            WHERE p.post_parent = %d 
            AND p.post_type = 'product_variation'
            AND p.post_status IN ('publish', 'private')
         AND EXISTS (
                SELECT 1 FROM wpgsm_woocommerce_order_itemmeta oim
                WHERE oim.meta_key = %s
                AND oim.meta_value = %s
                AND oim.order_item_id = p.ID
            ) AND EXISTS (
                SELECT 1 FROM wpgsm_woocommerce_order_itemmeta oim
                WHERE oim.meta_key = %s
                AND oim.meta_value = %s
                AND oim.order_item_id = p.ID
            )
[17-Sep-2024 16:29:05 UTC] Params: Array
(
    [0] => 1095
    [1] => attribute_pa_color
    [2] => rouge
    [3] => attribute_pa_size
    [4] => 
)

[17-Sep-2024 16:29:05 UTC] Variations trouvées: Array
(
)

[17-Sep-2024 16:29:05 UTC] Création de la variation pour le produit ID: 1095
[17-Sep-2024 16:29:05 UTC] Création variation pour produit 1095 avec SKU IT3459-05
[17-Sep-2024 16:29:05 UTC] Attributs: Array
(
    [pa_color] => rouge
    [pa_size] => 
)

[17-Sep-2024 16:29:05 UTC] Stock: 59973
[17-Sep-2024 16:29:05 UTC] Prix: 0,46
[17-Sep-2024 16:29:05 UTC] Variation créée avec succès pour produit 1095
[17-Sep-2024 16:29:05 UTC] Couleur attribuée: Blanc
[17-Sep-2024 16:29:05 UTC] Taille attribuée: 
[17-Sep-2024 16:29:05 UTC] Term color trouvé: oui
[17-Sep-2024 16:29:05 UTC] Term size trouvé: non
[17-Sep-2024 16:29:05 UTC] SKU: IT3459-06
[17-Sep-2024 16:29:05 UTC] Requête SQL: 
            SELECT p.ID FROM wpgsm_posts p
            WHERE p.post_parent = %d 
            AND p.post_type = 'product_variation'
            AND p.post_status IN ('publish', 'private')
         AND EXISTS (
                SELECT 1 FROM wpgsm_woocommerce_order_itemmeta oim
                WHERE oim.meta_key = %s
                AND oim.meta_value = %s
                AND oim.order_item_id = p.ID
            ) AND EXISTS (
                SELECT 1 FROM wpgsm_woocommerce_order_itemmeta oim
                WHERE oim.meta_key = %s
                AND oim.meta_value = %s
                AND oim.order_item_id = p.ID
            )
[17-Sep-2024 16:29:05 UTC] Params: Array
(
    [0] => 1095
    [1] => attribute_pa_color
    [2] => blanc
    [3] => attribute_pa_size
    [4] => 
)

[17-Sep-2024 16:29:05 UTC] Variations trouvées: Array
(
)

[17-Sep-2024 16:29:05 UTC] Création de la variation pour le produit ID: 1095
[17-Sep-2024 16:29:05 UTC] Création variation pour produit 1095 avec SKU IT3459-06
[17-Sep-2024 16:29:05 UTC] Attributs: Array
(
    [pa_color] => blanc
    [pa_size] => 
)

[17-Sep-2024 16:29:05 UTC] Stock: 16999
[17-Sep-2024 16:29:05 UTC] Prix: 0,46
[17-Sep-2024 16:29:05 UTC] Variation créée avec succès pour produit 1095
[17-Sep-2024 16:29:05 UTC] Couleur attribuée: Argent
[17-Sep-2024 16:29:05 UTC] Taille attribuée: 
[17-Sep-2024 16:29:05 UTC] Term color trouvé: oui
[17-Sep-2024 16:29:05 UTC] Term size trouvé: non
[17-Sep-2024 16:29:05 UTC] SKU: IT3475-14
[17-Sep-2024 16:29:05 UTC] Requête SQL: 
            SELECT p.ID FROM wpgsm_posts p
            WHERE p.post_parent = %d 
            AND p.post_type = 'product_variation'
            AND p.post_status IN ('publish', 'private')
         AND EXISTS (
                SELECT 1 FROM wpgsm_woocommerce_order_itemmeta oim
                WHERE oim.meta_key = %s
                AND oim.meta_value = %s
                AND oim.order_item_id = p.ID
            ) AND EXISTS (
                SELECT 1 FROM wpgsm_woocommerce_order_itemmeta oim
                WHERE oim.meta_key = %s
                AND oim.meta_value = %s
                AND oim.order_item_id = p.ID
            )
[17-Sep-2024 16:29:05 UTC] Params: Array
(
    [0] => 1096
    [1] => attribute_pa_color
    [2] => argent
    [3] => attribute_pa_size
    [4] => 
)

[17-Sep-2024 16:29:05 UTC] Variations trouvées: Array
(
)

[17-Sep-2024 16:29:05 UTC] Création de la variation pour le produit ID: 1096
[17-Sep-2024 16:29:05 UTC] Création variation pour produit 1096 avec SKU IT3475-14
[17-Sep-2024 16:29:05 UTC] Attributs: Array
(
    [pa_color] => argent
    [pa_size] => 
)

[17-Sep-2024 16:29:05 UTC] Stock: 2944
[17-Sep-2024 16:29:05 UTC] Prix: 12,47
[17-Sep-2024 16:29:05 UTC] Variation créée avec succès pour produit 1096
[17-Sep-2024 16:29:05 UTC] Couleur attribuée: Blanc
[17-Sep-2024 16:29:05 UTC] Taille attribuée: 
[17-Sep-2024 16:29:05 UTC] Term color trouvé: oui
[17-Sep-2024 16:29:05 UTC] Term size trouvé: non
[17-Sep-2024 16:29:05 UTC] SKU: IT3491-06
[17-Sep-2024 16:29:05 UTC] Requête SQL: 
            SELECT p.ID FROM wpgsm_posts p
            WHERE p.post_parent = %d 
            AND p.post_type = 'product_variation'
            AND p.post_status IN ('publish', 'private')
         AND EXISTS (
                SELECT 1 FROM wpgsm_woocommerce_order_itemmeta oim
                WHERE oim.meta_key = %s
                AND oim.meta_value = %s
                AND oim.order_item_id = p.ID
            ) AND EXISTS (
                SELECT 1 FROM wpgsm_woocommerce_order_itemmeta oim
                WHERE oim.meta_key = %s
                AND oim.meta_value = %s
                AND oim.order_item_id = p.ID
            )
[17-Sep-2024 16:29:05 UTC] Params: Array
(
    [0] => 1097
    [1] => attribute_pa_color
    [2] => blanc
    [3] => attribute_pa_size
    [4] => 
)

[17-Sep-2024 16:29:05 UTC] Variations trouvées: Array
(
)

[17-Sep-2024 16:29:05 UTC] Création de la variation pour le produit ID: 1097
[17-Sep-2024 16:29:05 UTC] Création variation pour produit 1097 avec SKU IT3491-06
[17-Sep-2024 16:29:05 UTC] Attributs: Array
(
    [pa_color] => blanc
    [pa_size] => 
)

[17-Sep-2024 16:29:05 UTC] Stock: 16407
[17-Sep-2024 16:29:05 UTC] Prix: 0,17
[17-Sep-2024 16:29:05 UTC] Variation créée avec succès pour produit 1097
[17-Sep-2024 16:29:05 UTC] Couleur attribuée: Blanc
[17-Sep-2024 16:29:05 UTC] Taille attribuée: 
[17-Sep-2024 16:29:05 UTC] Term color trouvé: oui
[17-Sep-2024 16:29:05 UTC] Term size trouvé: non
[17-Sep-2024 16:29:05 UTC] SKU: IT3552-06
[17-Sep-2024 16:29:05 UTC] Requête SQL: 
            SELECT p.ID FROM wpgsm_posts p
            WHERE p.post_parent = %d 
            AND p.post_type = 'product_variation'
            AND p.post_status IN ('publish', 'private')
         AND EXISTS (
                SELECT 1 FROM wpgsm_woocommerce_order_itemmeta oim
                WHERE oim.meta_key = %s
                AND oim.meta_value = %s
                AND oim.order_item_id = p.ID
            ) AND EXISTS (
                SELECT 1 FROM wpgsm_woocommerce_order_itemmeta oim
                WHERE oim.meta_key = %s
                AND oim.meta_value = %s
                AND oim.order_item_id = p.ID
            )
[17-Sep-2024 16:29:05 UTC] Params: Array
(
    [0] => 1098
    [1] => attribute_pa_color
    [2] => blanc
    [3] => attribute_pa_size
    [4] => 
)

[17-Sep-2024 16:29:05 UTC] Variations trouvées: Array
(
)

[17-Sep-2024 16:29:05 UTC] Création de la variation pour le produit ID: 1098
[17-Sep-2024 16:29:05 UTC] Création variation pour produit 1098 avec SKU IT3552-06
[17-Sep-2024 16:29:05 UTC] Attributs: Array
(
    [pa_color] => blanc
    [pa_size] => 
)

[17-Sep-2024 16:29:05 UTC] Stock: 7438
[17-Sep-2024 16:29:05 UTC] Prix: 0,99
[17-Sep-2024 16:29:05 UTC] Variation créée avec succès pour produit 1098
[17-Sep-2024 16:29:05 UTC] Couleur attribuée: Noir
[17-Sep-2024 16:29:05 UTC] Taille attribuée: 
[17-Sep-2024 16:29:05 UTC] Term color trouvé: oui
[17-Sep-2024 16:29:05 UTC] Term size trouvé: non
[17-Sep-2024 16:29:05 UTC] SKU: IT3561-03
[17-Sep-2024 16:29:05 UTC] Requête SQL: 
            SELECT p.ID FROM wpgsm_posts p
            WHERE p.post_parent = %d 
            AND p.post_type = 'product_variation'
            AND p.post_status IN ('publish', 'private')
         AND EXISTS (
                SELECT 1 FROM wpgsm_woocommerce_order_itemmeta oim
                WHERE oim.meta_key = %s
                AND oim.meta_value = %s
                AND oim.order_item_id = p.ID
            ) AND EXISTS (
                SELECT 1 FROM wpgsm_woocommerce_order_itemmeta oim
                WHERE oim.meta_key = %s
                AND oim.meta_value = %s
                AND oim.order_item_id = p.ID
            )
[17-Sep-2024 16:29:05 UTC] Params: Array
(
    [0] => 1099
    [1] => attribute_pa_color
    [2] => noir
    [3] => attribute_pa_size
    [4] => 
)

[17-Sep-2024 16:29:05 UTC] Variations trouvées: Array
(
)

[17-Sep-2024 16:29:05 UTC] Création de la variation pour le produit ID: 1099
[17-Sep-2024 16:29:05 UTC] Création variation pour produit 1099 avec SKU IT3561-03
[17-Sep-2024 16:29:05 UTC] Attributs: Array
(
    [pa_color] => noir
    [pa_size] => 
)

[17-Sep-2024 16:29:05 UTC] Stock: 12664
[17-Sep-2024 16:29:05 UTC] Prix: 2,37
[17-Sep-2024 16:29:05 UTC] Variation créée avec succès pour produit 1099
[17-Sep-2024 16:29:05 UTC] Couleur attribuée: Argent Mat
[17-Sep-2024 16:29:05 UTC] Taille attribuée: 
[17-Sep-2024 16:29:05 UTC] Term color trouvé: oui
[17-Sep-2024 16:29:05 UTC] Term size trouvé: non
[17-Sep-2024 16:29:05 UTC] SKU: IT3575-16
[17-Sep-2024 16:29:05 UTC] Requête SQL: 
            SELECT p.ID FROM wpgsm_posts p
            WHERE p.post_parent = %d 
            AND p.post_type = 'product_variation'
            AND p.post_status IN ('publish', 'private')
         AND EXISTS (
                SELECT 1 FROM wpgsm_woocommerce_order_itemmeta oim
                WHERE oim.meta_key = %s
                AND oim.meta_value = %s
                AND oim.order_item_id = p.ID
            ) AND EXISTS (
                SELECT 1 FROM wpgsm_woocommerce_order_itemmeta oim
                WHERE oim.meta_key = %s
                AND oim.meta_value = %s
                AND oim.order_item_id = p.ID
            )
[17-Sep-2024 16:29:05 UTC] Params: Array
(
    [0] => 1100
    [1] => attribute_pa_color
    [2] => argent-mat
    [3] => attribute_pa_size
    [4] => 
)

[17-Sep-2024 16:29:05 UTC] Variations trouvées: Array
(
)

[17-Sep-2024 16:29:05 UTC] Création de la variation pour le produit ID: 1100
[17-Sep-2024 16:29:05 UTC] Création variation pour produit 1100 avec SKU IT3575-16
[17-Sep-2024 16:29:05 UTC] Attributs: Array
(
    [pa_color] => argent-mat
    [pa_size] => 
)

[17-Sep-2024 16:29:05 UTC] Stock: 8045
[17-Sep-2024 16:29:05 UTC] Prix: 4,17
[17-Sep-2024 16:29:05 UTC] Variation créée avec succès pour produit 1100
[17-Sep-2024 16:29:06 UTC] Couleur attribuée: Noir
[17-Sep-2024 16:29:06 UTC] Taille attribuée: 
[17-Sep-2024 16:29:06 UTC] Term color trouvé: oui
[17-Sep-2024 16:29:06 UTC] Term size trouvé: non
[17-Sep-2024 16:29:06 UTC] SKU: IT3630-03
[17-Sep-2024 16:29:06 UTC] Requête SQL: 
            SELECT p.ID FROM wpgsm_posts p
            WHERE p.post_parent = %d 
            AND p.post_type = 'product_variation'
            AND p.post_status IN ('publish', 'private')
         AND EXISTS (
                SELECT 1 FROM wpgsm_woocommerce_order_itemmeta oim
                WHERE oim.meta_key = %s
                AND oim.meta_value = %s
                AND oim.order_item_id = p.ID
            ) AND EXISTS (
                SELECT 1 FROM wpgsm_woocommerce_order_itemmeta oim
                WHERE oim.meta_key = %s
                AND oim.meta_value = %s
                AND oim.order_item_id = p.ID
            )
[17-Sep-2024 16:29:06 UTC] Params: Array
(
    [0] => 1101
    [1] => attribute_pa_color
    [2] => noir
    [3] => attribute_pa_size
    [4] => 
)

[17-Sep-2024 16:29:06 UTC] Variations trouvées: Array
(
)

[17-Sep-2024 16:29:06 UTC] Création de la variation pour le produit ID: 1101
[17-Sep-2024 16:29:06 UTC] Création variation pour produit 1101 avec SKU IT3630-03
[17-Sep-2024 16:29:06 UTC] Attributs: Array
(
    [pa_color] => noir
    [pa_size] => 
)

[17-Sep-2024 16:29:06 UTC] Stock: 3697
[17-Sep-2024 16:29:06 UTC] Prix: 1,08
[17-Sep-2024 16:29:06 UTC] Variation créée avec succès pour produit 1101
[17-Sep-2024 16:29:06 UTC] Couleur attribuée: Noir
[17-Sep-2024 16:29:06 UTC] Taille attribuée: 
[17-Sep-2024 16:29:06 UTC] Term color trouvé: oui
[17-Sep-2024 16:29:06 UTC] Term size trouvé: non
[17-Sep-2024 16:29:06 UTC] SKU: IT3708-03
[17-Sep-2024 16:29:06 UTC] Requête SQL: 
            SELECT p.ID FROM wpgsm_posts p
            WHERE p.post_parent = %d 
            AND p.post_type = 'product_variation'
            AND p.post_status IN ('publish', 'private')
         AND EXISTS (
                SELECT 1 FROM wpgsm_woocommerce_order_itemmeta oim
                WHERE oim.meta_key = %s
                AND oim.meta_value = %s
                AND oim.order_item_id = p.ID
            ) AND EXISTS (
                SELECT 1 FROM wpgsm_woocommerce_order_itemmeta oim
                WHERE oim.meta_key = %s
                AND oim.meta_value = %s
                AND oim.order_item_id = p.ID
            )
[17-Sep-2024 16:29:06 UTC] Params: Array
(
    [0] => 1102
    [1] => attribute_pa_color
    [2] => noir
    [3] => attribute_pa_size
    [4] => 
)

[17-Sep-2024 16:29:06 UTC] Variations trouvées: Array
(
)

[17-Sep-2024 16:29:06 UTC] Création de la variation pour le produit ID: 1102
[17-Sep-2024 16:29:06 UTC] Création variation pour produit 1102 avec SKU IT3708-03
[17-Sep-2024 16:29:06 UTC] Attributs: Array
(
    [pa_color] => noir
    [pa_size] => 
)

[17-Sep-2024 16:29:06 UTC] Stock: 7886
[17-Sep-2024 16:29:06 UTC] Prix: 2,15
[17-Sep-2024 16:29:06 UTC] Variation créée avec succès pour produit 1102
[17-Sep-2024 16:29:06 UTC] Couleur attribuée: Noir
[17-Sep-2024 16:29:06 UTC] Taille attribuée: 
[17-Sep-2024 16:29:06 UTC] Term color trouvé: oui
[17-Sep-2024 16:29:06 UTC] Term size trouvé: non
[17-Sep-2024 16:29:06 UTC] SKU: IT3750-03
[17-Sep-2024 16:29:06 UTC] Requête SQL: 
            SELECT p.ID FROM wpgsm_posts p
            WHERE p.post_parent = %d 
            AND p.post_type = 'product_variation'
            AND p.post_status IN ('publish', 'private')
         AND EXISTS (
                SELECT 1 FROM wpgsm_woocommerce_order_itemmeta oim
                WHERE oim.meta_key = %s
                AND oim.meta_value = %s
                AND oim.order_item_id = p.ID
            ) AND EXISTS (
                SELECT 1 FROM wpgsm_woocommerce_order_itemmeta oim
                WHERE oim.meta_key = %s
                AND oim.meta_value = %s
                AND oim.order_item_id = p.ID
            )
[17-Sep-2024 16:29:06 UTC] Params: Array
(
    [0] => 1103
    [1] => attribute_pa_color
    [2] => noir
    [3] => attribute_pa_size
    [4] => 
)

[17-Sep-2024 16:29:06 UTC] Variations trouvées: Array
(
)

[17-Sep-2024 16:29:06 UTC] Création de la variation pour le produit ID: 1103
[17-Sep-2024 16:29:06 UTC] Création variation pour produit 1103 avec SKU IT3750-03
[17-Sep-2024 16:29:06 UTC] Attributs: Array
(
    [pa_color] => noir
    [pa_size] => 
)

[17-Sep-2024 16:29:06 UTC] Stock: 5439
[17-Sep-2024 16:29:06 UTC] Prix: 8,38
[17-Sep-2024 16:29:06 UTC] Variation créée avec succès pour produit 1103
[17-Sep-2024 16:29:06 UTC] Couleur attribuée: Noir
[17-Sep-2024 16:29:06 UTC] Taille attribuée: 
[17-Sep-2024 16:29:06 UTC] Term color trouvé: oui
[17-Sep-2024 16:29:06 UTC] Term size trouvé: non
[17-Sep-2024 16:29:06 UTC] SKU: IT3775-03
[17-Sep-2024 16:29:06 UTC] Requête SQL: 
            SELECT p.ID FROM wpgsm_posts p
            WHERE p.post_parent = %d 
            AND p.post_type = 'product_variation'
            AND p.post_status IN ('publish', 'private')
         AND EXISTS (
                SELECT 1 FROM wpgsm_woocommerce_order_itemmeta oim
                WHERE oim.meta_key = %s
                AND oim.meta_value = %s
                AND oim.order_item_id = p.ID
            ) AND EXISTS (
                SELECT 1 FROM wpgsm_woocommerce_order_itemmeta oim
                WHERE oim.meta_key = %s
                AND oim.meta_value = %s
                AND oim.order_item_id = p.ID
            )
[17-Sep-2024 16:29:06 UTC] Params: Array
(
    [0] => 1104
    [1] => attribute_pa_color
    [2] => noir
    [3] => attribute_pa_size
    [4] => 
)

[17-Sep-2024 16:29:06 UTC] Variations trouvées: Array
(
)

[17-Sep-2024 16:29:06 UTC] Création de la variation pour le produit ID: 1104
[17-Sep-2024 16:29:06 UTC] Création variation pour produit 1104 avec SKU IT3775-03
[17-Sep-2024 16:29:06 UTC] Attributs: Array
(
    [pa_color] => noir
    [pa_size] => 
)

[17-Sep-2024 16:29:06 UTC] Stock: 18270
[17-Sep-2024 16:29:06 UTC] Prix: 0,87
[17-Sep-2024 16:29:06 UTC] Variation créée avec succès pour produit 1104
[17-Sep-2024 16:29:06 UTC] Couleur attribuée: Bleu
[17-Sep-2024 16:29:06 UTC] Taille attribuée: 
[17-Sep-2024 16:29:06 UTC] Term color trouvé: oui
[17-Sep-2024 16:29:06 UTC] Term size trouvé: non
[17-Sep-2024 16:29:06 UTC] SKU: IT3775-04
[17-Sep-2024 16:29:06 UTC] Requête SQL: 
            SELECT p.ID FROM wpgsm_posts p
            WHERE p.post_parent = %d 
            AND p.post_type = 'product_variation'
            AND p.post_status IN ('publish', 'private')
         AND EXISTS (
                SELECT 1 FROM wpgsm_woocommerce_order_itemmeta oim
                WHERE oim.meta_key = %s
                AND oim.meta_value = %s
                AND oim.order_item_id = p.ID
            ) AND EXISTS (
                SELECT 1 FROM wpgsm_woocommerce_order_itemmeta oim
                WHERE oim.meta_key = %s
                AND oim.meta_value = %s
                AND oim.order_item_id = p.ID
            )
[17-Sep-2024 16:29:06 UTC] Params: Array
(
    [0] => 1104
    [1] => attribute_pa_color
    [2] => bleu
    [3] => attribute_pa_size
    [4] => 
)

[17-Sep-2024 16:29:06 UTC] Variations trouvées: Array
(
)

[17-Sep-2024 16:29:06 UTC] Création de la variation pour le produit ID: 1104
[17-Sep-2024 16:29:06 UTC] Création variation pour produit 1104 avec SKU IT3775-04
[17-Sep-2024 16:29:06 UTC] Attributs: Array
(
    [pa_color] => bleu
    [pa_size] => 
)

[17-Sep-2024 16:29:06 UTC] Stock: 43337
[17-Sep-2024 16:29:06 UTC] Prix: 0,87
[17-Sep-2024 16:29:06 UTC] Variation créée avec succès pour produit 1104
[17-Sep-2024 16:29:06 UTC] Couleur attribuée: Rouge
[17-Sep-2024 16:29:06 UTC] Taille attribuée: 
[17-Sep-2024 16:29:06 UTC] Term color trouvé: oui
[17-Sep-2024 16:29:06 UTC] Term size trouvé: non
[17-Sep-2024 16:29:06 UTC] SKU: IT3775-05
[17-Sep-2024 16:29:06 UTC] Requête SQL: 
            SELECT p.ID FROM wpgsm_posts p
            WHERE p.post_parent = %d 
            AND p.post_type = 'product_variation'
            AND p.post_status IN ('publish', 'private')
         AND EXISTS (
                SELECT 1 FROM wpgsm_woocommerce_order_itemmeta oim
                WHERE oim.meta_key = %s
                AND oim.meta_value = %s
                AND oim.order_item_id = p.ID
            ) AND EXISTS (
                SELECT 1 FROM wpgsm_woocommerce_order_itemmeta oim
                WHERE oim.meta_key = %s
                AND oim.meta_value = %s
                AND oim.order_item_id = p.ID
            )
[17-Sep-2024 16:29:06 UTC] Params: Array
(
    [0] => 1104
    [1] => attribute_pa_color
    [2] => rouge
    [3] => attribute_pa_size
    [4] => 
)

[17-Sep-2024 16:29:06 UTC] Variations trouvées: Array
(
)

[17-Sep-2024 16:29:06 UTC] Création de la variation pour le produit ID: 1104
[17-Sep-2024 16:29:06 UTC] Création variation pour produit 1104 avec SKU IT3775-05
[17-Sep-2024 16:29:06 UTC] Attributs: Array
(
    [pa_color] => rouge
    [pa_size] => 
)

[17-Sep-2024 16:29:06 UTC] Stock: 12300
[17-Sep-2024 16:29:06 UTC] Prix: 0,87
[17-Sep-2024 16:29:06 UTC] Variation créée avec succès pour produit 1104
[17-Sep-2024 16:29:06 UTC] Couleur attribuée: Orange
[17-Sep-2024 16:29:06 UTC] Taille attribuée: 
[17-Sep-2024 16:29:06 UTC] Term color trouvé: oui
[17-Sep-2024 16:29:06 UTC] Term size trouvé: non
[17-Sep-2024 16:29:06 UTC] SKU: IT3775-10
[17-Sep-2024 16:29:06 UTC] Requête SQL: 
            SELECT p.ID FROM wpgsm_posts p
            WHERE p.post_parent = %d 
            AND p.post_type = 'product_variation'
            AND p.post_status IN ('publish', 'private')
         AND EXISTS (
                SELECT 1 FROM wpgsm_woocommerce_order_itemmeta oim
                WHERE oim.meta_key = %s
                AND oim.meta_value = %s
                AND oim.order_item_id = p.ID
            ) AND EXISTS (
                SELECT 1 FROM wpgsm_woocommerce_order_itemmeta oim
                WHERE oim.meta_key = %s
                AND oim.meta_value = %s
                AND oim.order_item_id = p.ID
            )
[17-Sep-2024 16:29:06 UTC] Params: Array
(
    [0] => 1104
    [1] => attribute_pa_color
    [2] => orange
    [3] => attribute_pa_size
    [4] => 
)

[17-Sep-2024 16:29:06 UTC] Variations trouvées: Array
(
)

[17-Sep-2024 16:29:06 UTC] Création de la variation pour le produit ID: 1104
[17-Sep-2024 16:29:06 UTC] Création variation pour produit 1104 avec SKU IT3775-10
[17-Sep-2024 16:29:06 UTC] Attributs: Array
(
    [pa_color] => orange
    [pa_size] => 
)

[17-Sep-2024 16:29:06 UTC] Stock: 34549
[17-Sep-2024 16:29:06 UTC] Prix: 0,87
[17-Sep-2024 16:29:06 UTC] Variation créée avec succès pour produit 1104
[17-Sep-2024 16:29:06 UTC] Couleur attribuée: Lime
[17-Sep-2024 16:29:06 UTC] Taille attribuée: 
[17-Sep-2024 16:29:06 UTC] Term color trouvé: oui
[17-Sep-2024 16:29:06 UTC] Term size trouvé: non
[17-Sep-2024 16:29:06 UTC] SKU: IT3775-48
[17-Sep-2024 16:29:06 UTC] Requête SQL: 
            SELECT p.ID FROM wpgsm_posts p
            WHERE p.post_parent = %d 
            AND p.post_type = 'product_variation'
            AND p.post_status IN ('publish', 'private')
         AND EXISTS (
                SELECT 1 FROM wpgsm_woocommerce_order_itemmeta oim
                WHERE oim.meta_key = %s
                AND oim.meta_value = %s
                AND oim.order_item_id = p.ID
            ) AND EXISTS (
                SELECT 1 FROM wpgsm_woocommerce_order_itemmeta oim
                WHERE oim.meta_key = %s
                AND oim.meta_value = %s
                AND oim.order_item_id = p.ID
            )
[17-Sep-2024 16:29:06 UTC] Params: Array
(
    [0] => 1104
    [1] => attribute_pa_color
    [2] => lime
    [3] => attribute_pa_size
    [4] => 
)

[17-Sep-2024 16:29:06 UTC] Variations trouvées: Array
(
)

[17-Sep-2024 16:29:06 UTC] Création de la variation pour le produit ID: 1104
[17-Sep-2024 16:29:06 UTC] Création variation pour produit 1104 avec SKU IT3775-48
[17-Sep-2024 16:29:06 UTC] Attributs: Array
(
    [pa_color] => lime
    [pa_size] => 
)

[17-Sep-2024 16:29:06 UTC] Stock: 21340
[17-Sep-2024 16:29:06 UTC] Prix: 0,87
[17-Sep-2024 16:29:06 UTC] Variation créée avec succès pour produit 1104
[17-Sep-2024 16:29:06 UTC] Couleur attribuée: Noir
[17-Sep-2024 16:29:06 UTC] Taille attribuée: 
[17-Sep-2024 16:29:06 UTC] Term color trouvé: oui
[17-Sep-2024 16:29:06 UTC] Term size trouvé: non
[17-Sep-2024 16:29:06 UTC] SKU: IT3780-03
[17-Sep-2024 16:29:06 UTC] Requête SQL: 
            SELECT p.ID FROM wpgsm_posts p
            WHERE p.post_parent = %d 
            AND p.post_type = 'product_variation'
            AND p.post_status IN ('publish', 'private')
         AND EXISTS (
                SELECT 1 FROM wpgsm_woocommerce_order_itemmeta oim
                WHERE oim.meta_key = %s
                AND oim.meta_value = %s
                AND oim.order_item_id = p.ID
            ) AND EXISTS (
                SELECT 1 FROM wpgsm_woocommerce_order_itemmeta oim
                WHERE oim.meta_key = %s
                AND oim.meta_value = %s
                AND oim.order_item_id = p.ID
            )
[17-Sep-2024 16:29:06 UTC] Params: Array
(
    [0] => 1105
    [1] => attribute_pa_color
    [2] => noir
    [3] => attribute_pa_size
    [4] => 
)

[17-Sep-2024 16:29:06 UTC] Variations trouvées: Array
(
)

[17-Sep-2024 16:29:06 UTC] Création de la variation pour le produit ID: 1105
[17-Sep-2024 16:29:06 UTC] Création variation pour produit 1105 avec SKU IT3780-03
[17-Sep-2024 16:29:06 UTC] Attributs: Array
(
    [pa_color] => noir
    [pa_size] => 
)

[17-Sep-2024 16:29:06 UTC] Stock: 244771
[17-Sep-2024 16:29:06 UTC] Prix: 0,11
[17-Sep-2024 16:29:06 UTC] Variation créée avec succès pour produit 1105
[17-Sep-2024 16:29:06 UTC] Couleur attribuée: Bleu
[17-Sep-2024 16:29:06 UTC] Taille attribuée: 
[17-Sep-2024 16:29:06 UTC] Term color trouvé: oui
[17-Sep-2024 16:29:06 UTC] Term size trouvé: non
[17-Sep-2024 16:29:06 UTC] SKU: IT3780-04
[17-Sep-2024 16:29:06 UTC] Requête SQL: 
            SELECT p.ID FROM wpgsm_posts p
            WHERE p.post_parent = %d 
            AND p.post_type = 'product_variation'
            AND p.post_status IN ('publish', 'private')
         AND EXISTS (
                SELECT 1 FROM wpgsm_woocommerce_order_itemmeta oim
                WHERE oim.meta_key = %s
                AND oim.meta_value = %s
                AND oim.order_item_id = p.ID
            ) AND EXISTS (
                SELECT 1 FROM wpgsm_woocommerce_order_itemmeta oim
                WHERE oim.meta_key = %s
                AND oim.meta_value = %s
                AND oim.order_item_id = p.ID
            )
[17-Sep-2024 16:29:06 UTC] Params: Array
(
    [0] => 1105
    [1] => attribute_pa_color
    [2] => bleu
    [3] => attribute_pa_size
    [4] => 
)

[17-Sep-2024 16:29:06 UTC] Variations trouvées: Array
(
)

[17-Sep-2024 16:29:06 UTC] Création de la variation pour le produit ID: 1105
[17-Sep-2024 16:29:06 UTC] Création variation pour produit 1105 avec SKU IT3780-04
[17-Sep-2024 16:29:06 UTC] Attributs: Array
(
    [pa_color] => bleu
    [pa_size] => 
)

[17-Sep-2024 16:29:06 UTC] Stock: 100088
[17-Sep-2024 16:29:06 UTC] Prix: 0,11
[17-Sep-2024 16:29:06 UTC] Variation créée avec succès pour produit 1105
[17-Sep-2024 16:29:06 UTC] Couleur attribuée: Rouge
[17-Sep-2024 16:29:06 UTC] Taille attribuée: 
[17-Sep-2024 16:29:06 UTC] Term color trouvé: oui
[17-Sep-2024 16:29:06 UTC] Term size trouvé: non
[17-Sep-2024 16:29:06 UTC] SKU: IT3780-05
[17-Sep-2024 16:29:06 UTC] Requête SQL: 
            SELECT p.ID FROM wpgsm_posts p
            WHERE p.post_parent = %d 
            AND p.post_type = 'product_variation'
            AND p.post_status IN ('publish', 'private')
         AND EXISTS (
                SELECT 1 FROM wpgsm_woocommerce_order_itemmeta oim
                WHERE oim.meta_key = %s
                AND oim.meta_value = %s
                AND oim.order_item_id = p.ID
            ) AND EXISTS (
                SELECT 1 FROM wpgsm_woocommerce_order_itemmeta oim
                WHERE oim.meta_key = %s
                AND oim.meta_value = %s
                AND oim.order_item_id = p.ID
            )
[17-Sep-2024 16:29:06 UTC] Params: Array
(
    [0] => 1105
    [1] => attribute_pa_color
    [2] => rouge
    [3] => attribute_pa_size
    [4] => 
)

[17-Sep-2024 16:29:06 UTC] Variations trouvées: Array
(
)

[17-Sep-2024 16:29:06 UTC] Création de la variation pour le produit ID: 1105
[17-Sep-2024 16:29:06 UTC] Création variation pour produit 1105 avec SKU IT3780-05
[17-Sep-2024 16:29:06 UTC] Attributs: Array
(
    [pa_color] => rouge
    [pa_size] => 
)

[17-Sep-2024 16:29:06 UTC] Stock: 92249
[17-Sep-2024 16:29:06 UTC] Prix: 0,11
[17-Sep-2024 16:29:06 UTC] Variation créée avec succès pour produit 1105
[17-Sep-2024 16:29:06 UTC] Couleur attribuée: Orange
[17-Sep-2024 16:29:06 UTC] Taille attribuée: 
[17-Sep-2024 16:29:06 UTC] Term color trouvé: oui
[17-Sep-2024 16:29:06 UTC] Term size trouvé: non
[17-Sep-2024 16:29:06 UTC] SKU: IT3780-10
[17-Sep-2024 16:29:06 UTC] Requête SQL: 
            SELECT p.ID FROM wpgsm_posts p
            WHERE p.post_parent = %d 
            AND p.post_type = 'product_variation'
            AND p.post_status IN ('publish', 'private')
         AND EXISTS (
                SELECT 1 FROM wpgsm_woocommerce_order_itemmeta oim
                WHERE oim.meta_key = %s
                AND oim.meta_value = %s
                AND oim.order_item_id = p.ID
            ) AND EXISTS (
                SELECT 1 FROM wpgsm_woocommerce_order_itemmeta oim
                WHERE oim.meta_key = %s
                AND oim.meta_value = %s
                AND oim.order_item_id = p.ID
            )
[17-Sep-2024 16:29:06 UTC] Params: Array
(
    [0] => 1105
    [1] => attribute_pa_color
    [2] => orange
    [3] => attribute_pa_size
    [4] => 
)

[17-Sep-2024 16:29:06 UTC] Variations trouvées: Array
(
)

[17-Sep-2024 16:29:06 UTC] Création de la variation pour le produit ID: 1105
[17-Sep-2024 16:29:06 UTC] Création variation pour produit 1105 avec SKU IT3780-10
[17-Sep-2024 16:29:06 UTC] Attributs: Array
(
    [pa_color] => orange
    [pa_size] => 
)

[17-Sep-2024 16:29:06 UTC] Stock: 86167
[17-Sep-2024 16:29:06 UTC] Prix: 0,11
[17-Sep-2024 16:29:06 UTC] Variation créée avec succès pour produit 1105
[17-Sep-2024 16:29:07 UTC] Couleur attribuée: Lime
[17-Sep-2024 16:29:07 UTC] Taille attribuée: 
[17-Sep-2024 16:29:07 UTC] Term color trouvé: oui
[17-Sep-2024 16:29:07 UTC] Term size trouvé: non
[17-Sep-2024 16:29:07 UTC] SKU: IT3780-48
[17-Sep-2024 16:29:07 UTC] Requête SQL: 
            SELECT p.ID FROM wpgsm_posts p
            WHERE p.post_parent = %d 
            AND p.post_type = 'product_variation'
            AND p.post_status IN ('publish', 'private')
         AND EXISTS (
                SELECT 1 FROM wpgsm_woocommerce_order_itemmeta oim
                WHERE oim.meta_key = %s
                AND oim.meta_value = %s
                AND oim.order_item_id = p.ID
            ) AND EXISTS (
                SELECT 1 FROM wpgsm_woocommerce_order_itemmeta oim
                WHERE oim.meta_key = %s
                AND oim.meta_value = %s
                AND oim.order_item_id = p.ID
            )
[17-Sep-2024 16:29:07 UTC] Params: Array
(
    [0] => 1105
    [1] => attribute_pa_color
    [2] => lime
    [3] => attribute_pa_size
    [4] => 
)

[17-Sep-2024 16:29:07 UTC] Variations trouvées: Array
(
)

[17-Sep-2024 16:29:07 UTC] Création de la variation pour le produit ID: 1105
[17-Sep-2024 16:29:07 UTC] Création variation pour produit 1105 avec SKU IT3780-48
[17-Sep-2024 16:29:07 UTC] Attributs: Array
(
    [pa_color] => lime
    [pa_size] => 
)

[17-Sep-2024 16:29:07 UTC] Stock: 128796
[17-Sep-2024 16:29:07 UTC] Prix: 0,11
[17-Sep-2024 16:29:07 UTC] Variation créée avec succès pour produit 1105
[17-Sep-2024 16:29:07 UTC] Couleur attribuée: Blanc
[17-Sep-2024 16:29:07 UTC] Taille attribuée: 
[17-Sep-2024 16:29:07 UTC] Term color trouvé: oui
[17-Sep-2024 16:29:07 UTC] Term size trouvé: non
[17-Sep-2024 16:29:07 UTC] SKU: IT3780-06
[17-Sep-2024 16:29:07 UTC] Requête SQL: 
            SELECT p.ID FROM wpgsm_posts p
            WHERE p.post_parent = %d 
            AND p.post_type = 'product_variation'
            AND p.post_status IN ('publish', 'private')
         AND EXISTS (
                SELECT 1 FROM wpgsm_woocommerce_order_itemmeta oim
                WHERE oim.meta_key = %s
                AND oim.meta_value = %s
                AND oim.order_item_id = p.ID
            ) AND EXISTS (
                SELECT 1 FROM wpgsm_woocommerce_order_itemmeta oim
                WHERE oim.meta_key = %s
                AND oim.meta_value = %s
                AND oim.order_item_id = p.ID
            )
[17-Sep-2024 16:29:07 UTC] Params: Array
(
    [0] => 1105
    [1] => attribute_pa_color
    [2] => blanc
    [3] => attribute_pa_size
    [4] => 
)

[17-Sep-2024 16:29:07 UTC] Variations trouvées: Array
(
)

[17-Sep-2024 16:29:07 UTC] Création de la variation pour le produit ID: 1105
[17-Sep-2024 16:29:07 UTC] Création variation pour produit 1105 avec SKU IT3780-06
[17-Sep-2024 16:29:07 UTC] Attributs: Array
(
    [pa_color] => blanc
    [pa_size] => 
)

[17-Sep-2024 16:29:07 UTC] Stock: 46918
[17-Sep-2024 16:29:07 UTC] Prix: 0,11
[17-Sep-2024 16:29:07 UTC] Variation créée avec succès pour produit 1105
[17-Sep-2024 16:29:07 UTC] Couleur attribuée: Noir
[17-Sep-2024 16:29:07 UTC] Taille attribuée: 
[17-Sep-2024 16:29:07 UTC] Term color trouvé: oui
[17-Sep-2024 16:29:07 UTC] Term size trouvé: non
[17-Sep-2024 16:29:07 UTC] SKU: IT3787-03
[17-Sep-2024 16:29:07 UTC] Requête SQL: 
            SELECT p.ID FROM wpgsm_posts p
            WHERE p.post_parent = %d 
            AND p.post_type = 'product_variation'
            AND p.post_status IN ('publish', 'private')
         AND EXISTS (
                SELECT 1 FROM wpgsm_woocommerce_order_itemmeta oim
                WHERE oim.meta_key = %s
                AND oim.meta_value = %s
                AND oim.order_item_id = p.ID
            ) AND EXISTS (
                SELECT 1 FROM wpgsm_woocommerce_order_itemmeta oim
                WHERE oim.meta_key = %s
                AND oim.meta_value = %s
                AND oim.order_item_id = p.ID
            )
[17-Sep-2024 16:29:07 UTC] Params: Array
(
    [0] => 1106
    [1] => attribute_pa_color
    [2] => noir
    [3] => attribute_pa_size
    [4] => 
)

[17-Sep-2024 16:29:07 UTC] Variations trouvées: Array
(
)

[17-Sep-2024 16:29:07 UTC] Création de la variation pour le produit ID: 1106
[17-Sep-2024 16:29:07 UTC] Création variation pour produit 1106 avec SKU IT3787-03
[17-Sep-2024 16:29:07 UTC] Attributs: Array
(
    [pa_color] => noir
    [pa_size] => 
)

[17-Sep-2024 16:29:07 UTC] Stock: 171544
[17-Sep-2024 16:29:07 UTC] Prix: 0,27
[17-Sep-2024 16:29:07 UTC] Variation créée avec succès pour produit 1106
[17-Sep-2024 16:29:07 UTC] Couleur attribuée: Rouge
[17-Sep-2024 16:29:07 UTC] Taille attribuée: 
[17-Sep-2024 16:29:07 UTC] Term color trouvé: oui
[17-Sep-2024 16:29:07 UTC] Term size trouvé: non
[17-Sep-2024 16:29:07 UTC] SKU: IT3787-05
[17-Sep-2024 16:29:07 UTC] Requête SQL: 
            SELECT p.ID FROM wpgsm_posts p
            WHERE p.post_parent = %d 
            AND p.post_type = 'product_variation'
            AND p.post_status IN ('publish', 'private')
         AND EXISTS (
                SELECT 1 FROM wpgsm_woocommerce_order_itemmeta oim
                WHERE oim.meta_key = %s
                AND oim.meta_value = %s
                AND oim.order_item_id = p.ID
            ) AND EXISTS (
                SELECT 1 FROM wpgsm_woocommerce_order_itemmeta oim
                WHERE oim.meta_key = %s
                AND oim.meta_value = %s
                AND oim.order_item_id = p.ID
            )
[17-Sep-2024 16:29:07 UTC] Params: Array
(
    [0] => 1106
    [1] => attribute_pa_color
    [2] => rouge
    [3] => attribute_pa_size
    [4] => 
)

[17-Sep-2024 16:29:07 UTC] Variations trouvées: Array
(
)

[17-Sep-2024 16:29:07 UTC] Création de la variation pour le produit ID: 1106
[17-Sep-2024 16:29:07 UTC] Création variation pour produit 1106 avec SKU IT3787-05
[17-Sep-2024 16:29:07 UTC] Attributs: Array
(
    [pa_color] => rouge
    [pa_size] => 
)

[17-Sep-2024 16:29:07 UTC] Stock: 41481
[17-Sep-2024 16:29:07 UTC] Prix: 0,27
[17-Sep-2024 16:29:07 UTC] Variation créée avec succès pour produit 1106
[17-Sep-2024 16:29:07 UTC] Couleur attribuée: Vert
[17-Sep-2024 16:29:07 UTC] Taille attribuée: 
[17-Sep-2024 16:29:07 UTC] Term color trouvé: oui
[17-Sep-2024 16:29:07 UTC] Term size trouvé: non
[17-Sep-2024 16:29:07 UTC] SKU: IT3787-09
[17-Sep-2024 16:29:07 UTC] Requête SQL: 
            SELECT p.ID FROM wpgsm_posts p
            WHERE p.post_parent = %d 
            AND p.post_type = 'product_variation'
            AND p.post_status IN ('publish', 'private')
         AND EXISTS (
                SELECT 1 FROM wpgsm_woocommerce_order_itemmeta oim
                WHERE oim.meta_key = %s
                AND oim.meta_value = %s
                AND oim.order_item_id = p.ID
            ) AND EXISTS (
                SELECT 1 FROM wpgsm_woocommerce_order_itemmeta oim
                WHERE oim.meta_key = %s
                AND oim.meta_value = %s
                AND oim.order_item_id = p.ID
            )
[17-Sep-2024 16:29:07 UTC] Params: Array
(
    [0] => 1106
    [1] => attribute_pa_color
    [2] => vert
    [3] => attribute_pa_size
    [4] => 
)

[17-Sep-2024 16:29:07 UTC] Variations trouvées: Array
(
)

[17-Sep-2024 16:29:07 UTC] Création de la variation pour le produit ID: 1106
[17-Sep-2024 16:29:07 UTC] Création variation pour produit 1106 avec SKU IT3787-09
[17-Sep-2024 16:29:07 UTC] Attributs: Array
(
    [pa_color] => vert
    [pa_size] => 
)

[17-Sep-2024 16:29:07 UTC] Stock: 35956
[17-Sep-2024 16:29:07 UTC] Prix: 0,27
[17-Sep-2024 16:29:07 UTC] Variation créée avec succès pour produit 1106
[17-Sep-2024 16:29:07 UTC] Couleur attribuée: Ivoire
[17-Sep-2024 16:29:07 UTC] Taille attribuée: 
[17-Sep-2024 16:29:07 UTC] Term color trouvé: oui
[17-Sep-2024 16:29:07 UTC] Term size trouvé: non
[17-Sep-2024 16:29:07 UTC] SKU: IT3787-53
[17-Sep-2024 16:29:07 UTC] Requête SQL: 
            SELECT p.ID FROM wpgsm_posts p
            WHERE p.post_parent = %d 
            AND p.post_type = 'product_variation'
            AND p.post_status IN ('publish', 'private')
         AND EXISTS (
                SELECT 1 FROM wpgsm_woocommerce_order_itemmeta oim
                WHERE oim.meta_key = %s
                AND oim.meta_value = %s
                AND oim.order_item_id = p.ID
            ) AND EXISTS (
                SELECT 1 FROM wpgsm_woocommerce_order_itemmeta oim
                WHERE oim.meta_key = %s
                AND oim.meta_value = %s
                AND oim.order_item_id = p.ID
            )
[17-Sep-2024 16:29:07 UTC] Params: Array
(
    [0] => 1106
    [1] => attribute_pa_color
    [2] => ivoire
    [3] => attribute_pa_size
    [4] => 
)

[17-Sep-2024 16:29:07 UTC] Variations trouvées: Array
(
)

[17-Sep-2024 16:29:07 UTC] Création de la variation pour le produit ID: 1106
[17-Sep-2024 16:29:07 UTC] Création variation pour produit 1106 avec SKU IT3787-53
[17-Sep-2024 16:29:07 UTC] Attributs: Array
(
    [pa_color] => ivoire
    [pa_size] => 
)

[17-Sep-2024 16:29:07 UTC] Stock: 15925
[17-Sep-2024 16:29:07 UTC] Prix: 0,27
[17-Sep-2024 16:29:07 UTC] Variation créée avec succès pour produit 1106
[17-Sep-2024 16:29:07 UTC] Couleur attribuée: Bleu Royal
[17-Sep-2024 16:29:07 UTC] Taille attribuée: 
[17-Sep-2024 16:29:07 UTC] Term color trouvé: oui
[17-Sep-2024 16:29:07 UTC] Term size trouvé: non
[17-Sep-2024 16:29:07 UTC] SKU: IT3787-37
[17-Sep-2024 16:29:07 UTC] Requête SQL: 
            SELECT p.ID FROM wpgsm_posts p
            WHERE p.post_parent = %d 
            AND p.post_type = 'product_variation'
            AND p.post_status IN ('publish', 'private')
         AND EXISTS (
                SELECT 1 FROM wpgsm_woocommerce_order_itemmeta oim
                WHERE oim.meta_key = %s
                AND oim.meta_value = %s
                AND oim.order_item_id = p.ID
            ) AND EXISTS (
                SELECT 1 FROM wpgsm_woocommerce_order_itemmeta oim
                WHERE oim.meta_key = %s
                AND oim.meta_value = %s
                AND oim.order_item_id = p.ID
            )
[17-Sep-2024 16:29:07 UTC] Params: Array
(
    [0] => 1106
    [1] => attribute_pa_color
    [2] => bleu-royal
    [3] => attribute_pa_size
    [4] => 
)

[17-Sep-2024 16:29:07 UTC] Variations trouvées: Array
(
)

[17-Sep-2024 16:29:07 UTC] Création de la variation pour le produit ID: 1106
[17-Sep-2024 16:29:07 UTC] Création variation pour produit 1106 avec SKU IT3787-37
[17-Sep-2024 16:29:07 UTC] Attributs: Array
(
    [pa_color] => bleu-royal
    [pa_size] => 
)

[17-Sep-2024 16:29:07 UTC] Stock: 78273
[17-Sep-2024 16:29:07 UTC] Prix: 0,27
[17-Sep-2024 16:29:07 UTC] Variation créée avec succès pour produit 1106
[17-Sep-2024 16:29:07 UTC] Couleur attribuée: Orange
[17-Sep-2024 16:29:07 UTC] Taille attribuée: 
[17-Sep-2024 16:29:07 UTC] Term color trouvé: oui
[17-Sep-2024 16:29:07 UTC] Term size trouvé: non
[17-Sep-2024 16:29:07 UTC] SKU: IT3787-10
[17-Sep-2024 16:29:07 UTC] Requête SQL: 
            SELECT p.ID FROM wpgsm_posts p
            WHERE p.post_parent = %d 
            AND p.post_type = 'product_variation'
            AND p.post_status IN ('publish', 'private')
         AND EXISTS (
                SELECT 1 FROM wpgsm_woocommerce_order_itemmeta oim
                WHERE oim.meta_key = %s
                AND oim.meta_value = %s
                AND oim.order_item_id = p.ID
            ) AND EXISTS (
                SELECT 1 FROM wpgsm_woocommerce_order_itemmeta oim
                WHERE oim.meta_key = %s
                AND oim.meta_value = %s
                AND oim.order_item_id = p.ID
            )
[17-Sep-2024 16:29:07 UTC] Params: Array
(
    [0] => 1106
    [1] => attribute_pa_color
    [2] => orange
    [3] => attribute_pa_size
    [4] => 
)

[17-Sep-2024 16:29:07 UTC] Variations trouvées: Array
(
)

[17-Sep-2024 16:29:07 UTC] Création de la variation pour le produit ID: 1106
[17-Sep-2024 16:29:07 UTC] Création variation pour produit 1106 avec SKU IT3787-10
[17-Sep-2024 16:29:07 UTC] Attributs: Array
(
    [pa_color] => orange
    [pa_size] => 
)

[17-Sep-2024 16:29:07 UTC] Stock: 59349
[17-Sep-2024 16:29:07 UTC] Prix: 0,27
[17-Sep-2024 16:29:07 UTC] Variation créée avec succès pour produit 1106
[17-Sep-2024 16:29:07 UTC] Couleur attribuée: Blanc
[17-Sep-2024 16:29:07 UTC] Taille attribuée: 
[17-Sep-2024 16:29:07 UTC] Term color trouvé: oui
[17-Sep-2024 16:29:07 UTC] Term size trouvé: non
[17-Sep-2024 16:29:07 UTC] SKU: IT3787-06
[17-Sep-2024 16:29:07 UTC] Requête SQL: 
            SELECT p.ID FROM wpgsm_posts p
            WHERE p.post_parent = %d 
            AND p.post_type = 'product_variation'
            AND p.post_status IN ('publish', 'private')
         AND EXISTS (
                SELECT 1 FROM wpgsm_woocommerce_order_itemmeta oim
                WHERE oim.meta_key = %s
                AND oim.meta_value = %s
                AND oim.order_item_id = p.ID
            ) AND EXISTS (
                SELECT 1 FROM wpgsm_woocommerce_order_itemmeta oim
                WHERE oim.meta_key = %s
                AND oim.meta_value = %s
                AND oim.order_item_id = p.ID
            )
[17-Sep-2024 16:29:07 UTC] Params: Array
(
    [0] => 1106
    [1] => attribute_pa_color
    [2] => blanc
    [3] => attribute_pa_size
    [4] => 
)

[17-Sep-2024 16:29:07 UTC] Variations trouvées: Array
(
)

[17-Sep-2024 16:29:07 UTC] Création de la variation pour le produit ID: 1106
[17-Sep-2024 16:29:07 UTC] Création variation pour produit 1106 avec SKU IT3787-06
[17-Sep-2024 16:29:07 UTC] Attributs: Array
(
    [pa_color] => blanc
    [pa_size] => 
)

[17-Sep-2024 16:29:07 UTC] Stock: 102691
[17-Sep-2024 16:29:07 UTC] Prix: 0,27
[17-Sep-2024 16:29:07 UTC] Variation créée avec succès pour produit 1106
[17-Sep-2024 16:29:07 UTC] Couleur attribuée: Turquoise
[17-Sep-2024 16:29:07 UTC] Taille attribuée: 
[17-Sep-2024 16:29:07 UTC] Term color trouvé: oui
[17-Sep-2024 16:29:07 UTC] Term size trouvé: non
[17-Sep-2024 16:29:07 UTC] SKU: IT3787-12
[17-Sep-2024 16:29:07 UTC] Requête SQL: 
            SELECT p.ID FROM wpgsm_posts p
            WHERE p.post_parent = %d 
            AND p.post_type = 'product_variation'
            AND p.post_status IN ('publish', 'private')
         AND EXISTS (
                SELECT 1 FROM wpgsm_woocommerce_order_itemmeta oim
                WHERE oim.meta_key = %s
                AND oim.meta_value = %s
                AND oim.order_item_id = p.ID
            ) AND EXISTS (
                SELECT 1 FROM wpgsm_woocommerce_order_itemmeta oim
                WHERE oim.meta_key = %s
                AND oim.meta_value = %s
                AND oim.order_item_id = p.ID
            )
[17-Sep-2024 16:29:07 UTC] Params: Array
(
    [0] => 1106
    [1] => attribute_pa_color
    [2] => turquoise
    [3] => attribute_pa_size
    [4] => 
)

[17-Sep-2024 16:29:07 UTC] Variations trouvées: Array
(
)

[17-Sep-2024 16:29:07 UTC] Création de la variation pour le produit ID: 1106
[17-Sep-2024 16:29:07 UTC] Création variation pour produit 1106 avec SKU IT3787-12
[17-Sep-2024 16:29:07 UTC] Attributs: Array
(
    [pa_color] => turquoise
    [pa_size] => 
)

[17-Sep-2024 16:29:07 UTC] Stock: 38507
[17-Sep-2024 16:29:07 UTC] Prix: 0,27
[17-Sep-2024 16:29:07 UTC] Variation créée avec succès pour produit 1106
[17-Sep-2024 16:29:07 UTC] Couleur attribuée: Fuchsia
[17-Sep-2024 16:29:07 UTC] Taille attribuée: 
[17-Sep-2024 16:29:07 UTC] Term color trouvé: oui
[17-Sep-2024 16:29:07 UTC] Term size trouvé: non
[17-Sep-2024 16:29:07 UTC] SKU: IT3787-38
[17-Sep-2024 16:29:07 UTC] Requête SQL: 
            SELECT p.ID FROM wpgsm_posts p
            WHERE p.post_parent = %d 
            AND p.post_type = 'product_variation'
            AND p.post_status IN ('publish', 'private')
         AND EXISTS (
                SELECT 1 FROM wpgsm_woocommerce_order_itemmeta oim
                WHERE oim.meta_key = %s
                AND oim.meta_value = %s
                AND oim.order_item_id = p.ID
            ) AND EXISTS (
                SELECT 1 FROM wpgsm_woocommerce_order_itemmeta oim
                WHERE oim.meta_key = %s
                AND oim.meta_value = %s
                AND oim.order_item_id = p.ID
            )
[17-Sep-2024 16:29:07 UTC] Params: Array
(
    [0] => 1106
    [1] => attribute_pa_color
    [2] => fuchsia
    [3] => attribute_pa_size
    [4] => 
)

[17-Sep-2024 16:29:07 UTC] Variations trouvées: Array
(
)

[17-Sep-2024 16:29:07 UTC] Création de la variation pour le produit ID: 1106
[17-Sep-2024 16:29:07 UTC] Création variation pour produit 1106 avec SKU IT3787-38
[17-Sep-2024 16:29:07 UTC] Attributs: Array
(
    [pa_color] => fuchsia
    [pa_size] => 
)

[17-Sep-2024 16:29:07 UTC] Stock: 28812
[17-Sep-2024 16:29:07 UTC] Prix: 0,27
[17-Sep-2024 16:29:07 UTC] Variation créée avec succès pour produit 1106
[17-Sep-2024 16:29:07 UTC] Couleur attribuée: Jaune
[17-Sep-2024 16:29:07 UTC] Taille attribuée: 
[17-Sep-2024 16:29:07 UTC] Term color trouvé: oui
[17-Sep-2024 16:29:07 UTC] Term size trouvé: non
[17-Sep-2024 16:29:07 UTC] SKU: IT3787-08
[17-Sep-2024 16:29:07 UTC] Requête SQL: 
            SELECT p.ID FROM wpgsm_posts p
            WHERE p.post_parent = %d 
            AND p.post_type = 'product_variation'
            AND p.post_status IN ('publish', 'private')
         AND EXISTS (
                SELECT 1 FROM wpgsm_woocommerce_order_itemmeta oim
                WHERE oim.meta_key = %s
                AND oim.meta_value = %s
                AND oim.order_item_id = p.ID
            ) AND EXISTS (
                SELECT 1 FROM wpgsm_woocommerce_order_itemmeta oim
                WHERE oim.meta_key = %s
                AND oim.meta_value = %s
                AND oim.order_item_id = p.ID
            )
[17-Sep-2024 16:29:07 UTC] Params: Array
(
    [0] => 1106
    [1] => attribute_pa_color
    [2] => jaune
    [3] => attribute_pa_size
    [4] => 
)

[17-Sep-2024 16:29:07 UTC] Variations trouvées: Array
(
)

[17-Sep-2024 16:29:07 UTC] Création de la variation pour le produit ID: 1106
[17-Sep-2024 16:29:07 UTC] Création variation pour produit 1106 avec SKU IT3787-08
[17-Sep-2024 16:29:07 UTC] Attributs: Array
(
    [pa_color] => jaune
    [pa_size] => 
)

[17-Sep-2024 16:29:07 UTC] Stock: 38102
[17-Sep-2024 16:29:07 UTC] Prix: 0,27
[17-Sep-2024 16:29:07 UTC] Variation créée avec succès pour produit 1106
[17-Sep-2024 16:29:07 UTC] Couleur attribuée: Bleu
[17-Sep-2024 16:29:07 UTC] Taille attribuée: 
[17-Sep-2024 16:29:07 UTC] Term color trouvé: oui
[17-Sep-2024 16:29:07 UTC] Term size trouvé: non
[17-Sep-2024 16:29:07 UTC] SKU: IT3787-04
[17-Sep-2024 16:29:07 UTC] Requête SQL: 
            SELECT p.ID FROM wpgsm_posts p
            WHERE p.post_parent = %d 
            AND p.post_type = 'product_variation'
            AND p.post_status IN ('publish', 'private')
         AND EXISTS (
                SELECT 1 FROM wpgsm_woocommerce_order_itemmeta oim
                WHERE oim.meta_key = %s
                AND oim.meta_value = %s
                AND oim.order_item_id = p.ID
            ) AND EXISTS (
                SELECT 1 FROM wpgsm_woocommerce_order_itemmeta oim
                WHERE oim.meta_key = %s
                AND oim.meta_value = %s
                AND oim.order_item_id = p.ID
            )
[17-Sep-2024 16:29:07 UTC] Params: Array
(
    [0] => 1106
    [1] => attribute_pa_color
    [2] => bleu
    [3] => attribute_pa_size
    [4] => 
)

[17-Sep-2024 16:29:07 UTC] Variations trouvées: Array
(
)

[17-Sep-2024 16:29:07 UTC] Création de la variation pour le produit ID: 1106
[17-Sep-2024 16:29:07 UTC] Création variation pour produit 1106 avec SKU IT3787-04
[17-Sep-2024 16:29:07 UTC] Attributs: Array
(
    [pa_color] => bleu
    [pa_size] => 
)

[17-Sep-2024 16:29:07 UTC] Stock: 43740
[17-Sep-2024 16:29:07 UTC] Prix: 0,27
[17-Sep-2024 16:29:08 UTC] Variation créée avec succès pour produit 1106
[17-Sep-2024 16:29:08 UTC] Couleur attribuée: Gris
[17-Sep-2024 16:29:08 UTC] Taille attribuée: 
[17-Sep-2024 16:29:08 UTC] Term color trouvé: oui
[17-Sep-2024 16:29:08 UTC] Term size trouvé: non
[17-Sep-2024 16:29:08 UTC] SKU: IT3787-07
[17-Sep-2024 16:29:08 UTC] Requête SQL: 
            SELECT p.ID FROM wpgsm_posts p
            WHERE p.post_parent = %d 
            AND p.post_type = 'product_variation'
            AND p.post_status IN ('publish', 'private')
         AND EXISTS (
                SELECT 1 FROM wpgsm_woocommerce_order_itemmeta oim
                WHERE oim.meta_key = %s
                AND oim.meta_value = %s
                AND oim.order_item_id = p.ID
            ) AND EXISTS (
                SELECT 1 FROM wpgsm_woocommerce_order_itemmeta oim
                WHERE oim.meta_key = %s
                AND oim.meta_value = %s
                AND oim.order_item_id = p.ID
            )
[17-Sep-2024 16:29:08 UTC] Params: Array
(
    [0] => 1106
    [1] => attribute_pa_color
    [2] => gris
    [3] => attribute_pa_size
    [4] => 
)

[17-Sep-2024 16:29:08 UTC] Variations trouvées: Array
(
)

[17-Sep-2024 16:29:08 UTC] Création de la variation pour le produit ID: 1106
[17-Sep-2024 16:29:08 UTC] Création variation pour produit 1106 avec SKU IT3787-07
[17-Sep-2024 16:29:08 UTC] Attributs: Array
(
    [pa_color] => gris
    [pa_size] => 
)

[17-Sep-2024 16:29:08 UTC] Stock: 14529
[17-Sep-2024 16:29:08 UTC] Prix: 0,27
[17-Sep-2024 16:29:08 UTC] Variation créée avec succès pour produit 1106
[17-Sep-2024 16:29:08 UTC] Couleur attribuée: Bleu Marine
[17-Sep-2024 16:29:08 UTC] Taille attribuée: 
[17-Sep-2024 16:29:08 UTC] Term color trouvé: oui
[17-Sep-2024 16:29:08 UTC] Term size trouvé: non
[17-Sep-2024 16:29:08 UTC] SKU: IT3787-85
[17-Sep-2024 16:29:08 UTC] Requête SQL: 
            SELECT p.ID FROM wpgsm_posts p
            WHERE p.post_parent = %d 
            AND p.post_type = 'product_variation'
            AND p.post_status IN ('publish', 'private')
         AND EXISTS (
                SELECT 1 FROM wpgsm_woocommerce_order_itemmeta oim
                WHERE oim.meta_key = %s
                AND oim.meta_value = %s
                AND oim.order_item_id = p.ID
            ) AND EXISTS (
                SELECT 1 FROM wpgsm_woocommerce_order_itemmeta oim
                WHERE oim.meta_key = %s
                AND oim.meta_value = %s
                AND oim.order_item_id = p.ID
            )
[17-Sep-2024 16:29:08 UTC] Params: Array
(
    [0] => 1106
    [1] => attribute_pa_color
    [2] => bleu-marine
    [3] => attribute_pa_size
    [4] => 
)

[17-Sep-2024 16:29:08 UTC] Variations trouvées: Array
(
)

[17-Sep-2024 16:29:08 UTC] Création de la variation pour le produit ID: 1106
[17-Sep-2024 16:29:08 UTC] Création variation pour produit 1106 avec SKU IT3787-85
[17-Sep-2024 16:29:08 UTC] Attributs: Array
(
    [pa_color] => bleu-marine
    [pa_size] => 
)

[17-Sep-2024 16:29:08 UTC] Stock: 41315
[17-Sep-2024 16:29:08 UTC] Prix: 0,27
[17-Sep-2024 16:29:08 UTC] Variation créée avec succès pour produit 1106
[17-Sep-2024 16:29:08 UTC] Couleur attribuée: Noir
[17-Sep-2024 16:29:08 UTC] Taille attribuée: 
[17-Sep-2024 16:29:08 UTC] Term color trouvé: oui
[17-Sep-2024 16:29:08 UTC] Term size trouvé: non
[17-Sep-2024 16:29:08 UTC] SKU: IT3789-03
[17-Sep-2024 16:29:08 UTC] Requête SQL: 
            SELECT p.ID FROM wpgsm_posts p
            WHERE p.post_parent = %d 
            AND p.post_type = 'product_variation'
            AND p.post_status IN ('publish', 'private')
         AND EXISTS (
                SELECT 1 FROM wpgsm_woocommerce_order_itemmeta oim
                WHERE oim.meta_key = %s
                AND oim.meta_value = %s
                AND oim.order_item_id = p.ID
            ) AND EXISTS (
                SELECT 1 FROM wpgsm_woocommerce_order_itemmeta oim
                WHERE oim.meta_key = %s
                AND oim.meta_value = %s
                AND oim.order_item_id = p.ID
            )
[17-Sep-2024 16:29:08 UTC] Params: Array
(
    [0] => 1107
    [1] => attribute_pa_color
    [2] => noir
    [3] => attribute_pa_size
    [4] => 
)

[17-Sep-2024 16:29:08 UTC] Variations trouvées: Array
(
)

[17-Sep-2024 16:29:08 UTC] Création de la variation pour le produit ID: 1107
[17-Sep-2024 16:29:08 UTC] Création variation pour produit 1107 avec SKU IT3789-03
[17-Sep-2024 16:29:08 UTC] Attributs: Array
(
    [pa_color] => noir
    [pa_size] => 
)

[17-Sep-2024 16:29:08 UTC] Stock: 14245
[17-Sep-2024 16:29:08 UTC] Prix: 0,60
[17-Sep-2024 16:29:08 UTC] Variation créée avec succès pour produit 1107
[17-Sep-2024 16:29:08 UTC] Couleur attribuée: Bleu
[17-Sep-2024 16:29:08 UTC] Taille attribuée: 
[17-Sep-2024 16:29:08 UTC] Term color trouvé: oui
[17-Sep-2024 16:29:08 UTC] Term size trouvé: non
[17-Sep-2024 16:29:08 UTC] SKU: IT3789-04
[17-Sep-2024 16:29:08 UTC] Requête SQL: 
            SELECT p.ID FROM wpgsm_posts p
            WHERE p.post_parent = %d 
            AND p.post_type = 'product_variation'
            AND p.post_status IN ('publish', 'private')
         AND EXISTS (
                SELECT 1 FROM wpgsm_woocommerce_order_itemmeta oim
                WHERE oim.meta_key = %s
                AND oim.meta_value = %s
                AND oim.order_item_id = p.ID
            ) AND EXISTS (
                SELECT 1 FROM wpgsm_woocommerce_order_itemmeta oim
                WHERE oim.meta_key = %s
                AND oim.meta_value = %s
                AND oim.order_item_id = p.ID
            )
[17-Sep-2024 16:29:08 UTC] Params: Array
(
    [0] => 1107
    [1] => attribute_pa_color
    [2] => bleu
    [3] => attribute_pa_size
    [4] => 
)

[17-Sep-2024 16:29:08 UTC] Variations trouvées: Array
(
)

[17-Sep-2024 16:29:08 UTC] Création de la variation pour le produit ID: 1107
[17-Sep-2024 16:29:08 UTC] Création variation pour produit 1107 avec SKU IT3789-04
[17-Sep-2024 16:29:08 UTC] Attributs: Array
(
    [pa_color] => bleu
    [pa_size] => 
)

[17-Sep-2024 16:29:08 UTC] Stock: 46127
[17-Sep-2024 16:29:08 UTC] Prix: 0,60
[17-Sep-2024 16:29:08 UTC] Variation créée avec succès pour produit 1107
[17-Sep-2024 16:29:08 UTC] Couleur attribuée: Rouge
[17-Sep-2024 16:29:08 UTC] Taille attribuée: 
[17-Sep-2024 16:29:08 UTC] Term color trouvé: oui
[17-Sep-2024 16:29:08 UTC] Term size trouvé: non
[17-Sep-2024 16:29:08 UTC] SKU: IT3789-05
[17-Sep-2024 16:29:08 UTC] Requête SQL: 
            SELECT p.ID FROM wpgsm_posts p
            WHERE p.post_parent = %d 
            AND p.post_type = 'product_variation'
            AND p.post_status IN ('publish', 'private')
         AND EXISTS (
                SELECT 1 FROM wpgsm_woocommerce_order_itemmeta oim
                WHERE oim.meta_key = %s
                AND oim.meta_value = %s
                AND oim.order_item_id = p.ID
            ) AND EXISTS (
                SELECT 1 FROM wpgsm_woocommerce_order_itemmeta oim
                WHERE oim.meta_key = %s
                AND oim.meta_value = %s
                AND oim.order_item_id = p.ID
            )
[17-Sep-2024 16:29:08 UTC] Params: Array
(
    [0] => 1107
    [1] => attribute_pa_color
    [2] => rouge
    [3] => attribute_pa_size
    [4] => 
)

[17-Sep-2024 16:29:08 UTC] Variations trouvées: Array
(
)

[17-Sep-2024 16:29:08 UTC] Création de la variation pour le produit ID: 1107
[17-Sep-2024 16:29:08 UTC] Création variation pour produit 1107 avec SKU IT3789-05
[17-Sep-2024 16:29:08 UTC] Attributs: Array
(
    [pa_color] => rouge
    [pa_size] => 
)

[17-Sep-2024 16:29:08 UTC] Stock: 10416
[17-Sep-2024 16:29:08 UTC] Prix: 0,60
[17-Sep-2024 16:29:08 UTC] Variation créée avec succès pour produit 1107
[17-Sep-2024 16:29:08 UTC] Couleur attribuée: Orange
[17-Sep-2024 16:29:08 UTC] Taille attribuée: 
[17-Sep-2024 16:29:08 UTC] Term color trouvé: oui
[17-Sep-2024 16:29:08 UTC] Term size trouvé: non
[17-Sep-2024 16:29:08 UTC] SKU: IT3789-10
[17-Sep-2024 16:29:08 UTC] Requête SQL: 
            SELECT p.ID FROM wpgsm_posts p
            WHERE p.post_parent = %d 
            AND p.post_type = 'product_variation'
            AND p.post_status IN ('publish', 'private')
         AND EXISTS (
                SELECT 1 FROM wpgsm_woocommerce_order_itemmeta oim
                WHERE oim.meta_key = %s
                AND oim.meta_value = %s
                AND oim.order_item_id = p.ID
            ) AND EXISTS (
                SELECT 1 FROM wpgsm_woocommerce_order_itemmeta oim
                WHERE oim.meta_key = %s
                AND oim.meta_value = %s
                AND oim.order_item_id = p.ID
            )
[17-Sep-2024 16:29:08 UTC] Params: Array
(
    [0] => 1107
    [1] => attribute_pa_color
    [2] => orange
    [3] => attribute_pa_size
    [4] => 
)

[17-Sep-2024 16:29:08 UTC] Variations trouvées: Array
(
)

[17-Sep-2024 16:29:08 UTC] Création de la variation pour le produit ID: 1107
[17-Sep-2024 16:29:08 UTC] Création variation pour produit 1107 avec SKU IT3789-10
[17-Sep-2024 16:29:08 UTC] Attributs: Array
(
    [pa_color] => orange
    [pa_size] => 
)

[17-Sep-2024 16:29:08 UTC] Stock: 13798
[17-Sep-2024 16:29:08 UTC] Prix: 0,60
[17-Sep-2024 16:29:08 UTC] Variation créée avec succès pour produit 1107
[17-Sep-2024 16:29:08 UTC] Couleur attribuée: Lime
[17-Sep-2024 16:29:08 UTC] Taille attribuée: 
[17-Sep-2024 16:29:08 UTC] Term color trouvé: oui
[17-Sep-2024 16:29:08 UTC] Term size trouvé: non
[17-Sep-2024 16:29:08 UTC] SKU: IT3789-48
[17-Sep-2024 16:29:08 UTC] Requête SQL: 
            SELECT p.ID FROM wpgsm_posts p
            WHERE p.post_parent = %d 
            AND p.post_type = 'product_variation'
            AND p.post_status IN ('publish', 'private')
         AND EXISTS (
                SELECT 1 FROM wpgsm_woocommerce_order_itemmeta oim
                WHERE oim.meta_key = %s
                AND oim.meta_value = %s
                AND oim.order_item_id = p.ID
            ) AND EXISTS (
                SELECT 1 FROM wpgsm_woocommerce_order_itemmeta oim
                WHERE oim.meta_key = %s
                AND oim.meta_value = %s
                AND oim.order_item_id = p.ID
            )
[17-Sep-2024 16:29:08 UTC] Params: Array
(
    [0] => 1107
    [1] => attribute_pa_color
    [2] => lime
    [3] => attribute_pa_size
    [4] => 
)

[17-Sep-2024 16:29:08 UTC] Variations trouvées: Array
(
)

[17-Sep-2024 16:29:08 UTC] Création de la variation pour le produit ID: 1107
[17-Sep-2024 16:29:08 UTC] Création variation pour produit 1107 avec SKU IT3789-48
[17-Sep-2024 16:29:08 UTC] Attributs: Array
(
    [pa_color] => lime
    [pa_size] => 
)

[17-Sep-2024 16:29:08 UTC] Stock: 18152
[17-Sep-2024 16:29:08 UTC] Prix: 0,60
[17-Sep-2024 16:29:08 UTC] Variation créée avec succès pour produit 1107
[17-Sep-2024 16:29:08 UTC] Couleur attribuée: Argent Mat
[17-Sep-2024 16:29:08 UTC] Taille attribuée: 
[17-Sep-2024 16:29:08 UTC] Term color trouvé: oui
[17-Sep-2024 16:29:08 UTC] Term size trouvé: non
[17-Sep-2024 16:29:08 UTC] SKU: IT3828-16
[17-Sep-2024 16:29:08 UTC] Requête SQL: 
            SELECT p.ID FROM wpgsm_posts p
            WHERE p.post_parent = %d 
            AND p.post_type = 'product_variation'
            AND p.post_status IN ('publish', 'private')
         AND EXISTS (
                SELECT 1 FROM wpgsm_woocommerce_order_itemmeta oim
                WHERE oim.meta_key = %s
                AND oim.meta_value = %s
                AND oim.order_item_id = p.ID
            ) AND EXISTS (
                SELECT 1 FROM wpgsm_woocommerce_order_itemmeta oim
                WHERE oim.meta_key = %s
                AND oim.meta_value = %s
                AND oim.order_item_id = p.ID
            )
[17-Sep-2024 16:29:08 UTC] Params: Array
(
    [0] => 1108
    [1] => attribute_pa_color
    [2] => argent-mat
    [3] => attribute_pa_size
    [4] => 
)

[17-Sep-2024 16:29:08 UTC] Variations trouvées: Array
(
)

[17-Sep-2024 16:29:08 UTC] Création de la variation pour le produit ID: 1108
[17-Sep-2024 16:29:08 UTC] Création variation pour produit 1108 avec SKU IT3828-16
[17-Sep-2024 16:29:08 UTC] Attributs: Array
(
    [pa_color] => argent-mat
    [pa_size] => 
)

[17-Sep-2024 16:29:08 UTC] Stock: 3806
[17-Sep-2024 16:29:08 UTC] Prix: 8,38
[17-Sep-2024 16:29:08 UTC] Variation créée avec succès pour produit 1108
[17-Sep-2024 16:29:08 UTC] Couleur attribuée: Bleu
[17-Sep-2024 16:29:08 UTC] Taille attribuée: 
[17-Sep-2024 16:29:08 UTC] Term color trouvé: oui
[17-Sep-2024 16:29:08 UTC] Term size trouvé: non
[17-Sep-2024 16:29:08 UTC] SKU: IT3852-04
[17-Sep-2024 16:29:08 UTC] Requête SQL: 
            SELECT p.ID FROM wpgsm_posts p
            WHERE p.post_parent = %d 
            AND p.post_type = 'product_variation'
            AND p.post_status IN ('publish', 'private')
         AND EXISTS (
                SELECT 1 FROM wpgsm_woocommerce_order_itemmeta oim
                WHERE oim.meta_key = %s
                AND oim.meta_value = %s
                AND oim.order_item_id = p.ID
            ) AND EXISTS (
                SELECT 1 FROM wpgsm_woocommerce_order_itemmeta oim
                WHERE oim.meta_key = %s
                AND oim.meta_value = %s
                AND oim.order_item_id = p.ID
            )
[17-Sep-2024 16:29:08 UTC] Params: Array
(
    [0] => 1109
    [1] => attribute_pa_color
    [2] => bleu
    [3] => attribute_pa_size
    [4] => 
)

[17-Sep-2024 16:29:08 UTC] Variations trouvées: Array
(
)

[17-Sep-2024 16:29:08 UTC] Création de la variation pour le produit ID: 1109
[17-Sep-2024 16:29:08 UTC] Création variation pour produit 1109 avec SKU IT3852-04
[17-Sep-2024 16:29:08 UTC] Attributs: Array
(
    [pa_color] => bleu
    [pa_size] => 
)

[17-Sep-2024 16:29:08 UTC] Stock: 0
[17-Sep-2024 16:29:08 UTC] Prix: 1,08
[17-Sep-2024 16:29:09 UTC] Variation créée avec succès pour produit 1109
[17-Sep-2024 16:29:09 UTC] Couleur attribuée: Orange
[17-Sep-2024 16:29:09 UTC] Taille attribuée: 
[17-Sep-2024 16:29:09 UTC] Term color trouvé: oui
[17-Sep-2024 16:29:09 UTC] Term size trouvé: non
[17-Sep-2024 16:29:09 UTC] SKU: IT3852-10
[17-Sep-2024 16:29:09 UTC] Requête SQL: 
            SELECT p.ID FROM wpgsm_posts p
            WHERE p.post_parent = %d 
            AND p.post_type = 'product_variation'
            AND p.post_status IN ('publish', 'private')
         AND EXISTS (
                SELECT 1 FROM wpgsm_woocommerce_order_itemmeta oim
                WHERE oim.meta_key = %s
                AND oim.meta_value = %s
                AND oim.order_item_id = p.ID
            ) AND EXISTS (
                SELECT 1 FROM wpgsm_woocommerce_order_itemmeta oim
                WHERE oim.meta_key = %s
                AND oim.meta_value = %s
                AND oim.order_item_id = p.ID
            )
[17-Sep-2024 16:29:09 UTC] Params: Array
(
    [0] => 1109
    [1] => attribute_pa_color
    [2] => orange
    [3] => attribute_pa_size
    [4] => 
)

[17-Sep-2024 16:29:09 UTC] Variations trouvées: Array
(
)

[17-Sep-2024 16:29:09 UTC] Création de la variation pour le produit ID: 1109
[17-Sep-2024 16:29:09 UTC] Création variation pour produit 1109 avec SKU IT3852-10
[17-Sep-2024 16:29:09 UTC] Attributs: Array
(
    [pa_color] => orange
    [pa_size] => 
)

[17-Sep-2024 16:29:09 UTC] Stock: 12592
[17-Sep-2024 16:29:09 UTC] Prix: 1,08
[17-Sep-2024 16:29:09 UTC] Variation créée avec succès pour produit 1109
[17-Sep-2024 16:29:09 UTC] Couleur attribuée: Bleu
[17-Sep-2024 16:29:09 UTC] Taille attribuée: 
[17-Sep-2024 16:29:09 UTC] Term color trouvé: oui
[17-Sep-2024 16:29:09 UTC] Term size trouvé: non
[17-Sep-2024 16:29:09 UTC] SKU: IT3854-04
[17-Sep-2024 16:29:09 UTC] Requête SQL: 
            SELECT p.ID FROM wpgsm_posts p
            WHERE p.post_parent = %d 
            AND p.post_type = 'product_variation'
            AND p.post_status IN ('publish', 'private')
         AND EXISTS (
                SELECT 1 FROM wpgsm_woocommerce_order_itemmeta oim
                WHERE oim.meta_key = %s
                AND oim.meta_value = %s
                AND oim.order_item_id = p.ID
            ) AND EXISTS (
                SELECT 1 FROM wpgsm_woocommerce_order_itemmeta oim
                WHERE oim.meta_key = %s
                AND oim.meta_value = %s
                AND oim.order_item_id = p.ID
            )
[17-Sep-2024 16:29:09 UTC] Params: Array
(
    [0] => 1110
    [1] => attribute_pa_color
    [2] => bleu
    [3] => attribute_pa_size
    [4] => 
)

[17-Sep-2024 16:29:09 UTC] Variations trouvées: Array
(
)

[17-Sep-2024 16:29:09 UTC] Création de la variation pour le produit ID: 1110
[17-Sep-2024 16:29:09 UTC] Création variation pour produit 1110 avec SKU IT3854-04
[17-Sep-2024 16:29:09 UTC] Attributs: Array
(
    [pa_color] => bleu
    [pa_size] => 
)

[17-Sep-2024 16:29:09 UTC] Stock: 23133
[17-Sep-2024 16:29:09 UTC] Prix: 0,92
[17-Sep-2024 16:29:10 UTC] Variation créée avec succès pour produit 1110
[17-Sep-2024 16:29:10 UTC] Couleur attribuée: Argent Brillant
[17-Sep-2024 16:29:10 UTC] Taille attribuée: 
[17-Sep-2024 16:29:10 UTC] Term color trouvé: oui
[17-Sep-2024 16:29:10 UTC] Term size trouvé: non
[17-Sep-2024 16:29:10 UTC] SKU: IT3866-17
[17-Sep-2024 16:29:10 UTC] Requête SQL: 
            SELECT p.ID FROM wpgsm_posts p
            WHERE p.post_parent = %d 
            AND p.post_type = 'product_variation'
            AND p.post_status IN ('publish', 'private')
         AND EXISTS (
                SELECT 1 FROM wpgsm_woocommerce_order_itemmeta oim
                WHERE oim.meta_key = %s
                AND oim.meta_value = %s
                AND oim.order_item_id = p.ID
            ) AND EXISTS (
                SELECT 1 FROM wpgsm_woocommerce_order_itemmeta oim
                WHERE oim.meta_key = %s
                AND oim.meta_value = %s
                AND oim.order_item_id = p.ID
            )
[17-Sep-2024 16:29:10 UTC] Params: Array
(
    [0] => 1111
    [1] => attribute_pa_color
    [2] => argent-brillant
    [3] => attribute_pa_size
    [4] => 
)

[17-Sep-2024 16:29:10 UTC] Variations trouvées: Array
(
)

[17-Sep-2024 16:29:10 UTC] Création de la variation pour le produit ID: 1111
[17-Sep-2024 16:29:10 UTC] Création variation pour produit 1111 avec SKU IT3866-17
[17-Sep-2024 16:29:10 UTC] Attributs: Array
(
    [pa_color] => argent-brillant
    [pa_size] => 
)

[17-Sep-2024 16:29:10 UTC] Stock: 16072
[17-Sep-2024 16:29:10 UTC] Prix: 1,37
[17-Sep-2024 16:29:10 UTC] Variation créée avec succès pour produit 1111
[17-Sep-2024 16:29:10 UTC] Couleur attribuée: Gris Transparent
[17-Sep-2024 16:29:10 UTC] Taille attribuée: 
[17-Sep-2024 16:29:10 UTC] Term color trouvé: oui
[17-Sep-2024 16:29:10 UTC] Term size trouvé: non
[17-Sep-2024 16:29:10 UTC] SKU: IT3874-27
[17-Sep-2024 16:29:10 UTC] Requête SQL: 
            SELECT p.ID FROM wpgsm_posts p
            WHERE p.post_parent = %d 
            AND p.post_type = 'product_variation'
            AND p.post_status IN ('publish', 'private')
         AND EXISTS (
                SELECT 1 FROM wpgsm_woocommerce_order_itemmeta oim
                WHERE oim.meta_key = %s
                AND oim.meta_value = %s
                AND oim.order_item_id = p.ID
            ) AND EXISTS (
                SELECT 1 FROM wpgsm_woocommerce_order_itemmeta oim
                WHERE oim.meta_key = %s
                AND oim.meta_value = %s
                AND oim.order_item_id = p.ID
            )
[17-Sep-2024 16:29:10 UTC] Params: Array
(
    [0] => 1112
    [1] => attribute_pa_color
    [2] => gris-transparent
    [3] => attribute_pa_size
    [4] => 
)

[17-Sep-2024 16:29:10 UTC] Variations trouvées: Array
(
)

[17-Sep-2024 16:29:10 UTC] Création de la variation pour le produit ID: 1112
[17-Sep-2024 16:29:10 UTC] Création variation pour produit 1112 avec SKU IT3874-27
[17-Sep-2024 16:29:10 UTC] Attributs: Array
(
    [pa_color] => gris-transparent
    [pa_size] => 
)

[17-Sep-2024 16:29:10 UTC] Stock: 10558
[17-Sep-2024 16:29:10 UTC] Prix: 1,03
[17-Sep-2024 16:29:10 UTC] Variation créée avec succès pour produit 1112
[17-Sep-2024 16:29:10 UTC] Couleur attribuée: Blanc
[17-Sep-2024 16:29:10 UTC] Taille attribuée: 
[17-Sep-2024 16:29:10 UTC] Term color trouvé: oui
[17-Sep-2024 16:29:10 UTC] Term size trouvé: non
[17-Sep-2024 16:29:10 UTC] SKU: IT3892-06
[17-Sep-2024 16:29:10 UTC] Requête SQL: 
            SELECT p.ID FROM wpgsm_posts p
            WHERE p.post_parent = %d 
            AND p.post_type = 'product_variation'
            AND p.post_status IN ('publish', 'private')
         AND EXISTS (
                SELECT 1 FROM wpgsm_woocommerce_order_itemmeta oim
                WHERE oim.meta_key = %s
                AND oim.meta_value = %s
                AND oim.order_item_id = p.ID
            ) AND EXISTS (
                SELECT 1 FROM wpgsm_woocommerce_order_itemmeta oim
                WHERE oim.meta_key = %s
                AND oim.meta_value = %s
                AND oim.order_item_id = p.ID
            )
[17-Sep-2024 16:29:10 UTC] Params: Array
(
    [0] => 1113
    [1] => attribute_pa_color
    [2] => blanc
    [3] => attribute_pa_size
    [4] => 
)

[17-Sep-2024 16:29:10 UTC] Variations trouvées: Array
(
)

[17-Sep-2024 16:29:10 UTC] Création de la variation pour le produit ID: 1113
[17-Sep-2024 16:29:10 UTC] Création variation pour produit 1113 avec SKU IT3892-06
[17-Sep-2024 16:29:10 UTC] Attributs: Array
(
    [pa_color] => blanc
    [pa_size] => 
)

[17-Sep-2024 16:29:10 UTC] Stock: 57000
[17-Sep-2024 16:29:10 UTC] Prix: 0,11
[17-Sep-2024 16:29:10 UTC] Variation créée avec succès pour produit 1113
[17-Sep-2024 16:29:10 UTC] Couleur attribuée: Beige
[17-Sep-2024 16:29:10 UTC] Taille attribuée: 
[17-Sep-2024 16:29:10 UTC] Term color trouvé: oui
[17-Sep-2024 16:29:10 UTC] Term size trouvé: non
[17-Sep-2024 16:29:10 UTC] SKU: IT3892-13
[17-Sep-2024 16:29:10 UTC] Requête SQL: 
            SELECT p.ID FROM wpgsm_posts p
            WHERE p.post_parent = %d 
            AND p.post_type = 'product_variation'
            AND p.post_status IN ('publish', 'private')
         AND EXISTS (
                SELECT 1 FROM wpgsm_woocommerce_order_itemmeta oim
                WHERE oim.meta_key = %s
                AND oim.meta_value = %s
                AND oim.order_item_id = p.ID
            ) AND EXISTS (
                SELECT 1 FROM wpgsm_woocommerce_order_itemmeta oim
                WHERE oim.meta_key = %s
                AND oim.meta_value = %s
                AND oim.order_item_id = p.ID
            )
[17-Sep-2024 16:29:10 UTC] Params: Array
(
    [0] => 1113
    [1] => attribute_pa_color
    [2] => beige
    [3] => attribute_pa_size
    [4] => 
)

[17-Sep-2024 16:29:10 UTC] Variations trouvées: Array
(
)

[17-Sep-2024 16:29:10 UTC] Création de la variation pour le produit ID: 1113
[17-Sep-2024 16:29:10 UTC] Création variation pour produit 1113 avec SKU IT3892-13
[17-Sep-2024 16:29:10 UTC] Attributs: Array
(
    [pa_color] => beige
    [pa_size] => 
)

[17-Sep-2024 16:29:10 UTC] Stock: 104351
[17-Sep-2024 16:29:10 UTC] Prix: 0,11
[17-Sep-2024 16:29:10 UTC] Variation créée avec succès pour produit 1113
[17-Sep-2024 16:29:10 UTC] Couleur attribuée: Argent Brillant
[17-Sep-2024 16:29:10 UTC] Taille attribuée: 
[17-Sep-2024 16:29:10 UTC] Term color trouvé: oui
[17-Sep-2024 16:29:10 UTC] Term size trouvé: non
[17-Sep-2024 16:29:10 UTC] SKU: KC1050-17
[17-Sep-2024 16:29:10 UTC] Requête SQL: 
            SELECT p.ID FROM wpgsm_posts p
            WHERE p.post_parent = %d 
            AND p.post_type = 'product_variation'
            AND p.post_status IN ('publish', 'private')
         AND EXISTS (
                SELECT 1 FROM wpgsm_woocommerce_order_itemmeta oim
                WHERE oim.meta_key = %s
                AND oim.meta_value = %s
                AND oim.order_item_id = p.ID
            ) AND EXISTS (
                SELECT 1 FROM wpgsm_woocommerce_order_itemmeta oim
                WHERE oim.meta_key = %s
                AND oim.meta_value = %s
                AND oim.order_item_id = p.ID
            )
[17-Sep-2024 16:29:10 UTC] Params: Array
(
    [0] => 1114
    [1] => attribute_pa_color
    [2] => argent-brillant
    [3] => attribute_pa_size
    [4] => 
)

[17-Sep-2024 16:29:10 UTC] Variations trouvées: Array
(
)

[17-Sep-2024 16:29:10 UTC] Création de la variation pour le produit ID: 1114
[17-Sep-2024 16:29:10 UTC] Création variation pour produit 1114 avec SKU KC1050-17
[17-Sep-2024 16:29:10 UTC] Attributs: Array
(
    [pa_color] => argent-brillant
    [pa_size] => 
)

[17-Sep-2024 16:29:10 UTC] Stock: 7901
[17-Sep-2024 16:29:10 UTC] Prix: 2,35
[17-Sep-2024 16:29:10 UTC] Variation créée avec succès pour produit 1114
[17-Sep-2024 16:29:10 UTC] Couleur attribuée: Blanc
[17-Sep-2024 16:29:10 UTC] Taille attribuée: 
[17-Sep-2024 16:29:10 UTC] Term color trouvé: oui
[17-Sep-2024 16:29:10 UTC] Term size trouvé: non
[17-Sep-2024 16:29:10 UTC] SKU: KC1063-06
[17-Sep-2024 16:29:10 UTC] Requête SQL: 
            SELECT p.ID FROM wpgsm_posts p
            WHERE p.post_parent = %d 
            AND p.post_type = 'product_variation'
            AND p.post_status IN ('publish', 'private')
         AND EXISTS (
                SELECT 1 FROM wpgsm_woocommerce_order_itemmeta oim
                WHERE oim.meta_key = %s
                AND oim.meta_value = %s
                AND oim.order_item_id = p.ID
            ) AND EXISTS (
                SELECT 1 FROM wpgsm_woocommerce_order_itemmeta oim
                WHERE oim.meta_key = %s
                AND oim.meta_value = %s
                AND oim.order_item_id = p.ID
            )
[17-Sep-2024 16:29:10 UTC] Params: Array
(
    [0] => 1115
    [1] => attribute_pa_color
    [2] => blanc
    [3] => attribute_pa_size
    [4] => 
)

[17-Sep-2024 16:29:10 UTC] Variations trouvées: Array
(
)

[17-Sep-2024 16:29:10 UTC] Création de la variation pour le produit ID: 1115
[17-Sep-2024 16:29:10 UTC] Création variation pour produit 1115 avec SKU KC1063-06
[17-Sep-2024 16:29:10 UTC] Attributs: Array
(
    [pa_color] => blanc
    [pa_size] => 
)

[17-Sep-2024 16:29:10 UTC] Stock: 1748
[17-Sep-2024 16:29:10 UTC] Prix: 0,26
[17-Sep-2024 16:29:10 UTC] Variation créée avec succès pour produit 1115
[17-Sep-2024 16:29:10 UTC] Couleur attribuée: Blanc
[17-Sep-2024 16:29:10 UTC] Taille attribuée: 
[17-Sep-2024 16:29:10 UTC] Term color trouvé: oui
[17-Sep-2024 16:29:10 UTC] Term size trouvé: non
[17-Sep-2024 16:29:10 UTC] SKU: KC1124-06
[17-Sep-2024 16:29:10 UTC] Requête SQL: 
            SELECT p.ID FROM wpgsm_posts p
            WHERE p.post_parent = %d 
            AND p.post_type = 'product_variation'
            AND p.post_status IN ('publish', 'private')
         AND EXISTS (
                SELECT 1 FROM wpgsm_woocommerce_order_itemmeta oim
                WHERE oim.meta_key = %s
                AND oim.meta_value = %s
                AND oim.order_item_id = p.ID
            ) AND EXISTS (
                SELECT 1 FROM wpgsm_woocommerce_order_itemmeta oim
                WHERE oim.meta_key = %s
                AND oim.meta_value = %s
                AND oim.order_item_id = p.ID
            )
[17-Sep-2024 16:29:10 UTC] Params: Array
(
    [0] => 1116
    [1] => attribute_pa_color
    [2] => blanc
    [3] => attribute_pa_size
    [4] => 
)

[17-Sep-2024 16:29:10 UTC] Variations trouvées: Array
(
)

[17-Sep-2024 16:29:10 UTC] Création de la variation pour le produit ID: 1116
[17-Sep-2024 16:29:10 UTC] Création variation pour produit 1116 avec SKU KC1124-06
[17-Sep-2024 16:29:10 UTC] Attributs: Array
(
    [pa_color] => blanc
    [pa_size] => 
)

[17-Sep-2024 16:29:10 UTC] Stock: 0
[17-Sep-2024 16:29:10 UTC] Prix: 0,34
[17-Sep-2024 16:29:11 UTC] Variation créée avec succès pour produit 1116
[17-Sep-2024 16:29:11 UTC] Couleur attribuée: Argent Mat
[17-Sep-2024 16:29:11 UTC] Taille attribuée: 
[17-Sep-2024 16:29:11 UTC] Term color trouvé: oui
[17-Sep-2024 16:29:11 UTC] Term size trouvé: non
[17-Sep-2024 16:29:11 UTC] SKU: KC1203-16
[17-Sep-2024 16:29:11 UTC] Requête SQL: 
            SELECT p.ID FROM wpgsm_posts p
            WHERE p.post_parent = %d 
            AND p.post_type = 'product_variation'
            AND p.post_status IN ('publish', 'private')
         AND EXISTS (
                SELECT 1 FROM wpgsm_woocommerce_order_itemmeta oim
                WHERE oim.meta_key = %s
                AND oim.meta_value = %s
                AND oim.order_item_id = p.ID
            ) AND EXISTS (
                SELECT 1 FROM wpgsm_woocommerce_order_itemmeta oim
                WHERE oim.meta_key = %s
                AND oim.meta_value = %s
                AND oim.order_item_id = p.ID
            )
[17-Sep-2024 16:29:11 UTC] Params: Array
(
    [0] => 1117
    [1] => attribute_pa_color
    [2] => argent-mat
    [3] => attribute_pa_size
    [4] => 
)

[17-Sep-2024 16:29:11 UTC] Variations trouvées: Array
(
)

[17-Sep-2024 16:29:11 UTC] Création de la variation pour le produit ID: 1117
[17-Sep-2024 16:29:11 UTC] Création variation pour produit 1117 avec SKU KC1203-16
[17-Sep-2024 16:29:11 UTC] Attributs: Array
(
    [pa_color] => argent-mat
    [pa_size] => 
)

[17-Sep-2024 16:29:11 UTC] Stock: 0
[17-Sep-2024 16:29:11 UTC] Prix: 1,72
[17-Sep-2024 16:29:12 UTC] Variation créée avec succès pour produit 1117
[17-Sep-2024 16:29:12 UTC] Couleur attribuée: Bleu
[17-Sep-2024 16:29:12 UTC] Taille attribuée: 
[17-Sep-2024 16:29:12 UTC] Term color trouvé: oui
[17-Sep-2024 16:29:12 UTC] Term size trouvé: non
[17-Sep-2024 16:29:12 UTC] SKU: KC1203-04
[17-Sep-2024 16:29:12 UTC] Requête SQL: 
            SELECT p.ID FROM wpgsm_posts p
            WHERE p.post_parent = %d 
            AND p.post_type = 'product_variation'
            AND p.post_status IN ('publish', 'private')
         AND EXISTS (
                SELECT 1 FROM wpgsm_woocommerce_order_itemmeta oim
                WHERE oim.meta_key = %s
                AND oim.meta_value = %s
                AND oim.order_item_id = p.ID
            ) AND EXISTS (
                SELECT 1 FROM wpgsm_woocommerce_order_itemmeta oim
                WHERE oim.meta_key = %s
                AND oim.meta_value = %s
                AND oim.order_item_id = p.ID
            )
[17-Sep-2024 16:29:12 UTC] Params: Array
(
    [0] => 1117
    [1] => attribute_pa_color
    [2] => bleu
    [3] => attribute_pa_size
    [4] => 
)

[17-Sep-2024 16:29:12 UTC] Variations trouvées: Array
(
)

[17-Sep-2024 16:29:12 UTC] Création de la variation pour le produit ID: 1117
[17-Sep-2024 16:29:12 UTC] Création variation pour produit 1117 avec SKU KC1203-04
[17-Sep-2024 16:29:12 UTC] Attributs: Array
(
    [pa_color] => bleu
    [pa_size] => 
)

[17-Sep-2024 16:29:12 UTC] Stock: 0
[17-Sep-2024 16:29:12 UTC] Prix: 1,72
[17-Sep-2024 16:29:13 UTC] Variation créée avec succès pour produit 1117
[17-Sep-2024 16:29:13 UTC] Couleur attribuée: Rouge
[17-Sep-2024 16:29:13 UTC] Taille attribuée: 
[17-Sep-2024 16:29:13 UTC] Term color trouvé: oui
[17-Sep-2024 16:29:13 UTC] Term size trouvé: non
[17-Sep-2024 16:29:13 UTC] SKU: KC1203-05
[17-Sep-2024 16:29:13 UTC] Requête SQL: 
            SELECT p.ID FROM wpgsm_posts p
            WHERE p.post_parent = %d 
            AND p.post_type = 'product_variation'
            AND p.post_status IN ('publish', 'private')
         AND EXISTS (
                SELECT 1 FROM wpgsm_woocommerce_order_itemmeta oim
                WHERE oim.meta_key = %s
                AND oim.meta_value = %s
                AND oim.order_item_id = p.ID
            ) AND EXISTS (
                SELECT 1 FROM wpgsm_woocommerce_order_itemmeta oim
                WHERE oim.meta_key = %s
                AND oim.meta_value = %s
                AND oim.order_item_id = p.ID
            )
[17-Sep-2024 16:29:13 UTC] Params: Array
(
    [0] => 1117
    [1] => attribute_pa_color
    [2] => rouge
    [3] => attribute_pa_size
    [4] => 
)

[17-Sep-2024 16:29:13 UTC] Variations trouvées: Array
(
)

[17-Sep-2024 16:29:13 UTC] Création de la variation pour le produit ID: 1117
[17-Sep-2024 16:29:13 UTC] Création variation pour produit 1117 avec SKU KC1203-05
[17-Sep-2024 16:29:13 UTC] Attributs: Array
(
    [pa_color] => rouge
    [pa_size] => 
)

[17-Sep-2024 16:29:13 UTC] Stock: 0
[17-Sep-2024 16:29:13 UTC] Prix: 1,72
[17-Sep-2024 16:29:15 UTC] Variation créée avec succès pour produit 1117
[17-Sep-2024 16:29:15 UTC] Couleur attribuée: Noir
[17-Sep-2024 16:29:15 UTC] Taille attribuée: 
[17-Sep-2024 16:29:15 UTC] Term color trouvé: oui
[17-Sep-2024 16:29:15 UTC] Term size trouvé: non
[17-Sep-2024 16:29:15 UTC] SKU: KC1203-03
[17-Sep-2024 16:29:15 UTC] Requête SQL: 
            SELECT p.ID FROM wpgsm_posts p
            WHERE p.post_parent = %d 
            AND p.post_type = 'product_variation'
            AND p.post_status IN ('publish', 'private')
         AND EXISTS (
                SELECT 1 FROM wpgsm_woocommerce_order_itemmeta oim
                WHERE oim.meta_key = %s
                AND oim.meta_value = %s
                AND oim.order_item_id = p.ID
            ) AND EXISTS (
                SELECT 1 FROM wpgsm_woocommerce_order_itemmeta oim
                WHERE oim.meta_key = %s
                AND oim.meta_value = %s
                AND oim.order_item_id = p.ID
            )
[17-Sep-2024 16:29:15 UTC] Params: Array
(
    [0] => 1117
    [1] => attribute_pa_color
    [2] => noir
    [3] => attribute_pa_size
    [4] => 
)

[17-Sep-2024 16:29:15 UTC] Variations trouvées: Array
(
)

[17-Sep-2024 16:29:15 UTC] Création de la variation pour le produit ID: 1117
[17-Sep-2024 16:29:15 UTC] Création variation pour produit 1117 avec SKU KC1203-03
[17-Sep-2024 16:29:15 UTC] Attributs: Array
(
    [pa_color] => noir
    [pa_size] => 
)

[17-Sep-2024 16:29:15 UTC] Stock: 0
[17-Sep-2024 16:29:15 UTC] Prix: 1,72
[17-Sep-2024 16:29:15 UTC] Variation créée avec succès pour produit 1117
[17-Sep-2024 16:29:15 UTC] Couleur attribuée: Bleu
[17-Sep-2024 16:29:15 UTC] Taille attribuée: 
[17-Sep-2024 16:29:15 UTC] Term color trouvé: oui
[17-Sep-2024 16:29:15 UTC] Term size trouvé: non
[17-Sep-2024 16:29:15 UTC] SKU: KC1312-04
[17-Sep-2024 16:29:15 UTC] Requête SQL: 
            SELECT p.ID FROM wpgsm_posts p
            WHERE p.post_parent = %d 
            AND p.post_type = 'product_variation'
            AND p.post_status IN ('publish', 'private')
         AND EXISTS (
                SELECT 1 FROM wpgsm_woocommerce_order_itemmeta oim
                WHERE oim.meta_key = %s
                AND oim.meta_value = %s
                AND oim.order_item_id = p.ID
            ) AND EXISTS (
                SELECT 1 FROM wpgsm_woocommerce_order_itemmeta oim
                WHERE oim.meta_key = %s
                AND oim.meta_value = %s
                AND oim.order_item_id = p.ID
            )
[17-Sep-2024 16:29:15 UTC] Params: Array
(
    [0] => 1118
    [1] => attribute_pa_color
    [2] => bleu
    [3] => attribute_pa_size
    [4] => 
)

[17-Sep-2024 16:29:15 UTC] Variations trouvées: Array
(
)

[17-Sep-2024 16:29:15 UTC] Création de la variation pour le produit ID: 1118
[17-Sep-2024 16:29:15 UTC] Création variation pour produit 1118 avec SKU KC1312-04
[17-Sep-2024 16:29:15 UTC] Attributs: Array
(
    [pa_color] => bleu
    [pa_size] => 
)

[17-Sep-2024 16:29:15 UTC] Stock: 11849
[17-Sep-2024 16:29:15 UTC] Prix: 0,46
[17-Sep-2024 16:29:15 UTC] Variation créée avec succès pour produit 1118
[17-Sep-2024 16:29:15 UTC] Couleur attribuée: Blanc
[17-Sep-2024 16:29:15 UTC] Taille attribuée: 
[17-Sep-2024 16:29:15 UTC] Term color trouvé: oui
[17-Sep-2024 16:29:15 UTC] Term size trouvé: non
[17-Sep-2024 16:29:15 UTC] SKU: KC1312-06
[17-Sep-2024 16:29:15 UTC] Requête SQL: 
            SELECT p.ID FROM wpgsm_posts p
            WHERE p.post_parent = %d 
            AND p.post_type = 'product_variation'
            AND p.post_status IN ('publish', 'private')
         AND EXISTS (
                SELECT 1 FROM wpgsm_woocommerce_order_itemmeta oim
                WHERE oim.meta_key = %s
                AND oim.meta_value = %s
                AND oim.order_item_id = p.ID
            ) AND EXISTS (
                SELECT 1 FROM wpgsm_woocommerce_order_itemmeta oim
                WHERE oim.meta_key = %s
                AND oim.meta_value = %s
                AND oim.order_item_id = p.ID
            )
[17-Sep-2024 16:29:15 UTC] Params: Array
(
    [0] => 1118
    [1] => attribute_pa_color
    [2] => blanc
    [3] => attribute_pa_size
    [4] => 
)

[17-Sep-2024 16:29:15 UTC] Variations trouvées: Array
(
)

[17-Sep-2024 16:29:15 UTC] Création de la variation pour le produit ID: 1118
[17-Sep-2024 16:29:15 UTC] Création variation pour produit 1118 avec SKU KC1312-06
[17-Sep-2024 16:29:15 UTC] Attributs: Array
(
    [pa_color] => blanc
    [pa_size] => 
)

[17-Sep-2024 16:29:15 UTC] Stock: 13493
[17-Sep-2024 16:29:15 UTC] Prix: 0,46
[17-Sep-2024 16:29:15 UTC] Variation créée avec succès pour produit 1118
[17-Sep-2024 16:29:15 UTC] Couleur attribuée: Jaune
[17-Sep-2024 16:29:15 UTC] Taille attribuée: 
[17-Sep-2024 16:29:15 UTC] Term color trouvé: oui
[17-Sep-2024 16:29:15 UTC] Term size trouvé: non
[17-Sep-2024 16:29:15 UTC] SKU: KC1312-08
[17-Sep-2024 16:29:15 UTC] Requête SQL: 
            SELECT p.ID FROM wpgsm_posts p
            WHERE p.post_parent = %d 
            AND p.post_type = 'product_variation'
            AND p.post_status IN ('publish', 'private')
         AND EXISTS (
                SELECT 1 FROM wpgsm_woocommerce_order_itemmeta oim
                WHERE oim.meta_key = %s
                AND oim.meta_value = %s
                AND oim.order_item_id = p.ID
            ) AND EXISTS (
                SELECT 1 FROM wpgsm_woocommerce_order_itemmeta oim
                WHERE oim.meta_key = %s
                AND oim.meta_value = %s
                AND oim.order_item_id = p.ID
            )
[17-Sep-2024 16:29:15 UTC] Params: Array
(
    [0] => 1118
    [1] => attribute_pa_color
    [2] => jaune
    [3] => attribute_pa_size
    [4] => 
)

[17-Sep-2024 16:29:15 UTC] Variations trouvées: Array
(
)

[17-Sep-2024 16:29:15 UTC] Création de la variation pour le produit ID: 1118
[17-Sep-2024 16:29:15 UTC] Création variation pour produit 1118 avec SKU KC1312-08
[17-Sep-2024 16:29:15 UTC] Attributs: Array
(
    [pa_color] => jaune
    [pa_size] => 
)

[17-Sep-2024 16:29:15 UTC] Stock: 5402
[17-Sep-2024 16:29:15 UTC] Prix: 0,46
[17-Sep-2024 16:29:15 UTC] Variation créée avec succès pour produit 1118
[17-Sep-2024 16:29:15 UTC] Couleur attribuée: Orange
[17-Sep-2024 16:29:15 UTC] Taille attribuée: 
[17-Sep-2024 16:29:15 UTC] Term color trouvé: oui
[17-Sep-2024 16:29:15 UTC] Term size trouvé: non
[17-Sep-2024 16:29:15 UTC] SKU: KC1312-10
[17-Sep-2024 16:29:15 UTC] Requête SQL: 
            SELECT p.ID FROM wpgsm_posts p
            WHERE p.post_parent = %d 
            AND p.post_type = 'product_variation'
            AND p.post_status IN ('publish', 'private')
         AND EXISTS (
                SELECT 1 FROM wpgsm_woocommerce_order_itemmeta oim
                WHERE oim.meta_key = %s
                AND oim.meta_value = %s
                AND oim.order_item_id = p.ID
            ) AND EXISTS (
                SELECT 1 FROM wpgsm_woocommerce_order_itemmeta oim
                WHERE oim.meta_key = %s
                AND oim.meta_value = %s
                AND oim.order_item_id = p.ID
            )
[17-Sep-2024 16:29:15 UTC] Params: Array
(
    [0] => 1118
    [1] => attribute_pa_color
    [2] => orange
    [3] => attribute_pa_size
    [4] => 
)

[17-Sep-2024 16:29:15 UTC] Variations trouvées: Array
(
)

[17-Sep-2024 16:29:15 UTC] Création de la variation pour le produit ID: 1118
[17-Sep-2024 16:29:15 UTC] Création variation pour produit 1118 avec SKU KC1312-10
[17-Sep-2024 16:29:15 UTC] Attributs: Array
(
    [pa_color] => orange
    [pa_size] => 
)

[17-Sep-2024 16:29:15 UTC] Stock: 1
[17-Sep-2024 16:29:15 UTC] Prix: 0,46
[17-Sep-2024 16:29:16 UTC] Variation créée avec succès pour produit 1118
[17-Sep-2024 16:29:16 UTC] Couleur attribuée: Vert
[17-Sep-2024 16:29:16 UTC] Taille attribuée: 
[17-Sep-2024 16:29:16 UTC] Term color trouvé: oui
[17-Sep-2024 16:29:16 UTC] Term size trouvé: non
[17-Sep-2024 16:29:16 UTC] SKU: KC1312-09
[17-Sep-2024 16:29:16 UTC] Requête SQL: 
            SELECT p.ID FROM wpgsm_posts p
            WHERE p.post_parent = %d 
            AND p.post_type = 'product_variation'
            AND p.post_status IN ('publish', 'private')
         AND EXISTS (
                SELECT 1 FROM wpgsm_woocommerce_order_itemmeta oim
                WHERE oim.meta_key = %s
                AND oim.meta_value = %s
                AND oim.order_item_id = p.ID
            ) AND EXISTS (
                SELECT 1 FROM wpgsm_woocommerce_order_itemmeta oim
                WHERE oim.meta_key = %s
                AND oim.meta_value = %s
                AND oim.order_item_id = p.ID
            )
[17-Sep-2024 16:29:16 UTC] Params: Array
(
    [0] => 1118
    [1] => attribute_pa_color
    [2] => vert
    [3] => attribute_pa_size
    [4] => 
)

[17-Sep-2024 16:29:16 UTC] Variations trouvées: Array
(
)

[17-Sep-2024 16:29:16 UTC] Création de la variation pour le produit ID: 1118
[17-Sep-2024 16:29:16 UTC] Création variation pour produit 1118 avec SKU KC1312-09
[17-Sep-2024 16:29:16 UTC] Attributs: Array
(
    [pa_color] => vert
    [pa_size] => 
)

[17-Sep-2024 16:29:16 UTC] Stock: 14519
[17-Sep-2024 16:29:16 UTC] Prix: 0,46
[17-Sep-2024 16:29:16 UTC] Variation créée avec succès pour produit 1118
[17-Sep-2024 16:29:16 UTC] Couleur attribuée: Rouge
[17-Sep-2024 16:29:16 UTC] Taille attribuée: 
[17-Sep-2024 16:29:16 UTC] Term color trouvé: oui
[17-Sep-2024 16:29:16 UTC] Term size trouvé: non
[17-Sep-2024 16:29:16 UTC] SKU: KC1312-05
[17-Sep-2024 16:29:16 UTC] Requête SQL: 
            SELECT p.ID FROM wpgsm_posts p
            WHERE p.post_parent = %d 
            AND p.post_type = 'product_variation'
            AND p.post_status IN ('publish', 'private')
         AND EXISTS (
                SELECT 1 FROM wpgsm_woocommerce_order_itemmeta oim
                WHERE oim.meta_key = %s
                AND oim.meta_value = %s
                AND oim.order_item_id = p.ID
            ) AND EXISTS (
                SELECT 1 FROM wpgsm_woocommerce_order_itemmeta oim
                WHERE oim.meta_key = %s
                AND oim.meta_value = %s
                AND oim.order_item_id = p.ID
            )
[17-Sep-2024 16:29:16 UTC] Params: Array
(
    [0] => 1118
    [1] => attribute_pa_color
    [2] => rouge
    [3] => attribute_pa_size
    [4] => 
)

[17-Sep-2024 16:29:16 UTC] Variations trouvées: Array
(
)

[17-Sep-2024 16:29:16 UTC] Création de la variation pour le produit ID: 1118
[17-Sep-2024 16:29:16 UTC] Création variation pour produit 1118 avec SKU KC1312-05
[17-Sep-2024 16:29:16 UTC] Attributs: Array
(
    [pa_color] => rouge
    [pa_size] => 
)

[17-Sep-2024 16:29:16 UTC] Stock: 16544
[17-Sep-2024 16:29:16 UTC] Prix: 0,46
[17-Sep-2024 16:29:16 UTC] Variation créée avec succès pour produit 1118
[17-Sep-2024 16:29:16 UTC] Couleur attribuée: Blanc
[17-Sep-2024 16:29:16 UTC] Taille attribuée: 
[17-Sep-2024 16:29:16 UTC] Term color trouvé: oui
[17-Sep-2024 16:29:16 UTC] Term size trouvé: non
[17-Sep-2024 16:29:16 UTC] SKU: KC1350-06
[17-Sep-2024 16:29:16 UTC] Requête SQL: 
            SELECT p.ID FROM wpgsm_posts p
            WHERE p.post_parent = %d 
            AND p.post_type = 'product_variation'
            AND p.post_status IN ('publish', 'private')
         AND EXISTS (
                SELECT 1 FROM wpgsm_woocommerce_order_itemmeta oim
                WHERE oim.meta_key = %s
                AND oim.meta_value = %s
                AND oim.order_item_id = p.ID
            ) AND EXISTS (
                SELECT 1 FROM wpgsm_woocommerce_order_itemmeta oim
                WHERE oim.meta_key = %s
                AND oim.meta_value = %s
                AND oim.order_item_id = p.ID
            )
[17-Sep-2024 16:29:16 UTC] Params: Array
(
    [0] => 1119
    [1] => attribute_pa_color
    [2] => blanc
    [3] => attribute_pa_size
    [4] => 
)

[17-Sep-2024 16:29:16 UTC] Variations trouvées: Array
(
)

[17-Sep-2024 16:29:16 UTC] Création de la variation pour le produit ID: 1119
[17-Sep-2024 16:29:16 UTC] Création variation pour produit 1119 avec SKU KC1350-06
[17-Sep-2024 16:29:16 UTC] Attributs: Array
(
    [pa_color] => blanc
    [pa_size] => 
)

[17-Sep-2024 16:29:16 UTC] Stock: 21829
[17-Sep-2024 16:29:16 UTC] Prix: 0,68
[17-Sep-2024 16:29:16 UTC] Variation créée avec succès pour produit 1119
[17-Sep-2024 16:29:16 UTC] Couleur attribuée: Noir
[17-Sep-2024 16:29:16 UTC] Taille attribuée: 
[17-Sep-2024 16:29:16 UTC] Term color trouvé: oui
[17-Sep-2024 16:29:16 UTC] Term size trouvé: non
[17-Sep-2024 16:29:16 UTC] SKU: KC1350-03
[17-Sep-2024 16:29:16 UTC] Requête SQL: 
            SELECT p.ID FROM wpgsm_posts p
            WHERE p.post_parent = %d 
            AND p.post_type = 'product_variation'
            AND p.post_status IN ('publish', 'private')
         AND EXISTS (
                SELECT 1 FROM wpgsm_woocommerce_order_itemmeta oim
                WHERE oim.meta_key = %s
                AND oim.meta_value = %s
                AND oim.order_item_id = p.ID
            ) AND EXISTS (
                SELECT 1 FROM wpgsm_woocommerce_order_itemmeta oim
                WHERE oim.meta_key = %s
                AND oim.meta_value = %s
                AND oim.order_item_id = p.ID
            )
[17-Sep-2024 16:29:16 UTC] Params: Array
(
    [0] => 1119
    [1] => attribute_pa_color
    [2] => noir
    [3] => attribute_pa_size
    [4] => 
)

[17-Sep-2024 16:29:16 UTC] Variations trouvées: Array
(
)

[17-Sep-2024 16:29:16 UTC] Création de la variation pour le produit ID: 1119
[17-Sep-2024 16:29:16 UTC] Création variation pour produit 1119 avec SKU KC1350-03
[17-Sep-2024 16:29:16 UTC] Attributs: Array
(
    [pa_color] => noir
    [pa_size] => 
)

[17-Sep-2024 16:29:16 UTC] Stock: 20219
[17-Sep-2024 16:29:16 UTC] Prix: 0,68
[17-Sep-2024 16:29:16 UTC] Variation créée avec succès pour produit 1119
[17-Sep-2024 16:29:16 UTC] Couleur attribuée: Rouge
[17-Sep-2024 16:29:16 UTC] Taille attribuée: 
[17-Sep-2024 16:29:16 UTC] Term color trouvé: oui
[17-Sep-2024 16:29:16 UTC] Term size trouvé: non
[17-Sep-2024 16:29:16 UTC] SKU: KC1350-05
[17-Sep-2024 16:29:16 UTC] Requête SQL: 
            SELECT p.ID FROM wpgsm_posts p
            WHERE p.post_parent = %d 
            AND p.post_type = 'product_variation'
            AND p.post_status IN ('publish', 'private')
         AND EXISTS (
                SELECT 1 FROM wpgsm_woocommerce_order_itemmeta oim
                WHERE oim.meta_key = %s
                AND oim.meta_value = %s
                AND oim.order_item_id = p.ID
            ) AND EXISTS (
                SELECT 1 FROM wpgsm_woocommerce_order_itemmeta oim
                WHERE oim.meta_key = %s
                AND oim.meta_value = %s
                AND oim.order_item_id = p.ID
            )
[17-Sep-2024 16:29:16 UTC] Params: Array
(
    [0] => 1119
    [1] => attribute_pa_color
    [2] => rouge
    [3] => attribute_pa_size
    [4] => 
)

[17-Sep-2024 16:29:16 UTC] Variations trouvées: Array
(
)

[17-Sep-2024 16:29:16 UTC] Création de la variation pour le produit ID: 1119
[17-Sep-2024 16:29:16 UTC] Création variation pour produit 1119 avec SKU KC1350-05
[17-Sep-2024 16:29:16 UTC] Attributs: Array
(
    [pa_color] => rouge
    [pa_size] => 
)

[17-Sep-2024 16:29:16 UTC] Stock: 7804
[17-Sep-2024 16:29:16 UTC] Prix: 0,68
[17-Sep-2024 16:29:16 UTC] Variation créée avec succès pour produit 1119
[17-Sep-2024 16:29:16 UTC] Couleur attribuée: Orange
[17-Sep-2024 16:29:16 UTC] Taille attribuée: 
[17-Sep-2024 16:29:16 UTC] Term color trouvé: oui
[17-Sep-2024 16:29:16 UTC] Term size trouvé: non
[17-Sep-2024 16:29:16 UTC] SKU: KC1350-10
[17-Sep-2024 16:29:16 UTC] Requête SQL: 
            SELECT p.ID FROM wpgsm_posts p
            WHERE p.post_parent = %d 
            AND p.post_type = 'product_variation'
            AND p.post_status IN ('publish', 'private')
         AND EXISTS (
                SELECT 1 FROM wpgsm_woocommerce_order_itemmeta oim
                WHERE oim.meta_key = %s
                AND oim.meta_value = %s
                AND oim.order_item_id = p.ID
            ) AND EXISTS (
                SELECT 1 FROM wpgsm_woocommerce_order_itemmeta oim
                WHERE oim.meta_key = %s
                AND oim.meta_value = %s
                AND oim.order_item_id = p.ID
            )
[17-Sep-2024 16:29:16 UTC] Params: Array
(
    [0] => 1119
    [1] => attribute_pa_color
    [2] => orange
    [3] => attribute_pa_size
    [4] => 
)

[17-Sep-2024 16:29:16 UTC] Variations trouvées: Array
(
)

[17-Sep-2024 16:29:16 UTC] Création de la variation pour le produit ID: 1119
[17-Sep-2024 16:29:16 UTC] Création variation pour produit 1119 avec SKU KC1350-10
[17-Sep-2024 16:29:16 UTC] Attributs: Array
(
    [pa_color] => orange
    [pa_size] => 
)

[17-Sep-2024 16:29:16 UTC] Stock: 2397
[17-Sep-2024 16:29:16 UTC] Prix: 0,68
[17-Sep-2024 16:29:16 UTC] Variation créée avec succès pour produit 1119
[17-Sep-2024 16:29:16 UTC] Couleur attribuée: Turquoise
[17-Sep-2024 16:29:16 UTC] Taille attribuée: 
[17-Sep-2024 16:29:16 UTC] Term color trouvé: oui
[17-Sep-2024 16:29:16 UTC] Term size trouvé: non
[17-Sep-2024 16:29:16 UTC] SKU: KC1350-12
[17-Sep-2024 16:29:16 UTC] Requête SQL: 
            SELECT p.ID FROM wpgsm_posts p
            WHERE p.post_parent = %d 
            AND p.post_type = 'product_variation'
            AND p.post_status IN ('publish', 'private')
         AND EXISTS (
                SELECT 1 FROM wpgsm_woocommerce_order_itemmeta oim
                WHERE oim.meta_key = %s
                AND oim.meta_value = %s
                AND oim.order_item_id = p.ID
            ) AND EXISTS (
                SELECT 1 FROM wpgsm_woocommerce_order_itemmeta oim
                WHERE oim.meta_key = %s
                AND oim.meta_value = %s
                AND oim.order_item_id = p.ID
            )
[17-Sep-2024 16:29:16 UTC] Params: Array
(
    [0] => 1119
    [1] => attribute_pa_color
    [2] => turquoise
    [3] => attribute_pa_size
    [4] => 
)

[17-Sep-2024 16:29:16 UTC] Variations trouvées: Array
(
)

[17-Sep-2024 16:29:16 UTC] Création de la variation pour le produit ID: 1119
[17-Sep-2024 16:29:16 UTC] Création variation pour produit 1119 avec SKU KC1350-12
[17-Sep-2024 16:29:16 UTC] Attributs: Array
(
    [pa_color] => turquoise
    [pa_size] => 
)

[17-Sep-2024 16:29:16 UTC] Stock: 2037
[17-Sep-2024 16:29:16 UTC] Prix: 0,68
[17-Sep-2024 16:29:17 UTC] Variation créée avec succès pour produit 1119
[17-Sep-2024 16:29:17 UTC] Couleur attribuée: Bleu Royal
[17-Sep-2024 16:29:17 UTC] Taille attribuée: 
[17-Sep-2024 16:29:17 UTC] Term color trouvé: oui
[17-Sep-2024 16:29:17 UTC] Term size trouvé: non
[17-Sep-2024 16:29:17 UTC] SKU: KC1350-37
[17-Sep-2024 16:29:17 UTC] Requête SQL: 
            SELECT p.ID FROM wpgsm_posts p
            WHERE p.post_parent = %d 
            AND p.post_type = 'product_variation'
            AND p.post_status IN ('publish', 'private')
         AND EXISTS (
                SELECT 1 FROM wpgsm_woocommerce_order_itemmeta oim
                WHERE oim.meta_key = %s
                AND oim.meta_value = %s
                AND oim.order_item_id = p.ID
            ) AND EXISTS (
                SELECT 1 FROM wpgsm_woocommerce_order_itemmeta oim
                WHERE oim.meta_key = %s
                AND oim.meta_value = %s
                AND oim.order_item_id = p.ID
            )
[17-Sep-2024 16:29:17 UTC] Params: Array
(
    [0] => 1119
    [1] => attribute_pa_color
    [2] => bleu-royal
    [3] => attribute_pa_size
    [4] => 
)

[17-Sep-2024 16:29:17 UTC] Variations trouvées: Array
(
)

[17-Sep-2024 16:29:17 UTC] Création de la variation pour le produit ID: 1119
[17-Sep-2024 16:29:17 UTC] Création variation pour produit 1119 avec SKU KC1350-37
[17-Sep-2024 16:29:17 UTC] Attributs: Array
(
    [pa_color] => bleu-royal
    [pa_size] => 
)

[17-Sep-2024 16:29:17 UTC] Stock: 15512
[17-Sep-2024 16:29:17 UTC] Prix: 0,68
[17-Sep-2024 16:29:17 UTC] Variation créée avec succès pour produit 1119
[17-Sep-2024 16:29:17 UTC] Couleur attribuée: Lime
[17-Sep-2024 16:29:17 UTC] Taille attribuée: 
[17-Sep-2024 16:29:17 UTC] Term color trouvé: oui
[17-Sep-2024 16:29:17 UTC] Term size trouvé: non
[17-Sep-2024 16:29:17 UTC] SKU: KC1350-48
[17-Sep-2024 16:29:17 UTC] Requête SQL: 
            SELECT p.ID FROM wpgsm_posts p
            WHERE p.post_parent = %d 
            AND p.post_type = 'product_variation'
            AND p.post_status IN ('publish', 'private')
         AND EXISTS (
                SELECT 1 FROM wpgsm_woocommerce_order_itemmeta oim
                WHERE oim.meta_key = %s
                AND oim.meta_value = %s
                AND oim.order_item_id = p.ID
            ) AND EXISTS (
                SELECT 1 FROM wpgsm_woocommerce_order_itemmeta oim
                WHERE oim.meta_key = %s
                AND oim.meta_value = %s
                AND oim.order_item_id = p.ID
            )
[17-Sep-2024 16:29:17 UTC] Params: Array
(
    [0] => 1119
    [1] => attribute_pa_color
    [2] => lime
    [3] => attribute_pa_size
    [4] => 
)

[17-Sep-2024 16:29:17 UTC] Variations trouvées: Array
(
)

[17-Sep-2024 16:29:17 UTC] Création de la variation pour le produit ID: 1119
[17-Sep-2024 16:29:17 UTC] Création variation pour produit 1119 avec SKU KC1350-48
[17-Sep-2024 16:29:17 UTC] Attributs: Array
(
    [pa_color] => lime
    [pa_size] => 
)

[17-Sep-2024 16:29:17 UTC] Stock: 1346
[17-Sep-2024 16:29:17 UTC] Prix: 0,68
[17-Sep-2024 16:29:17 UTC] Variation créée avec succès pour produit 1119
[17-Sep-2024 16:29:17 UTC] Couleur attribuée: Beige
[17-Sep-2024 16:29:17 UTC] Taille attribuée: 
[17-Sep-2024 16:29:17 UTC] Term color trouvé: oui
[17-Sep-2024 16:29:17 UTC] Term size trouvé: non
[17-Sep-2024 16:29:17 UTC] SKU: KC1350-13
[17-Sep-2024 16:29:17 UTC] Requête SQL: 
            SELECT p.ID FROM wpgsm_posts p
            WHERE p.post_parent = %d 
            AND p.post_type = 'product_variation'
            AND p.post_status IN ('publish', 'private')
         AND EXISTS (
                SELECT 1 FROM wpgsm_woocommerce_order_itemmeta oim
                WHERE oim.meta_key = %s
                AND oim.meta_value = %s
                AND oim.order_item_id = p.ID
            ) AND EXISTS (
                SELECT 1 FROM wpgsm_woocommerce_order_itemmeta oim
                WHERE oim.meta_key = %s
                AND oim.meta_value = %s
                AND oim.order_item_id = p.ID
            )
[17-Sep-2024 16:29:17 UTC] Params: Array
(
    [0] => 1119
    [1] => attribute_pa_color
    [2] => beige
    [3] => attribute_pa_size
    [4] => 
)

[17-Sep-2024 16:29:17 UTC] Variations trouvées: Array
(
)

[17-Sep-2024 16:29:17 UTC] Création de la variation pour le produit ID: 1119
[17-Sep-2024 16:29:17 UTC] Création variation pour produit 1119 avec SKU KC1350-13
[17-Sep-2024 16:29:17 UTC] Attributs: Array
(
    [pa_color] => beige
    [pa_size] => 
)

[17-Sep-2024 16:29:17 UTC] Stock: 1250
[17-Sep-2024 16:29:17 UTC] Prix: 0,68
[17-Sep-2024 16:29:17 UTC] Variation créée avec succès pour produit 1119
[17-Sep-2024 16:29:17 UTC] Couleur attribuée: Kaki
[17-Sep-2024 16:29:17 UTC] Taille attribuée: 
[17-Sep-2024 16:29:17 UTC] Term color trouvé: oui
[17-Sep-2024 16:29:17 UTC] Term size trouvé: non
[17-Sep-2024 16:29:17 UTC] SKU: KC1350-39
[17-Sep-2024 16:29:17 UTC] Requête SQL: 
            SELECT p.ID FROM wpgsm_posts p
            WHERE p.post_parent = %d 
            AND p.post_type = 'product_variation'
            AND p.post_status IN ('publish', 'private')
         AND EXISTS (
                SELECT 1 FROM wpgsm_woocommerce_order_itemmeta oim
                WHERE oim.meta_key = %s
                AND oim.meta_value = %s
                AND oim.order_item_id = p.ID
            ) AND EXISTS (
                SELECT 1 FROM wpgsm_woocommerce_order_itemmeta oim
                WHERE oim.meta_key = %s
                AND oim.meta_value = %s
                AND oim.order_item_id = p.ID
            )
[17-Sep-2024 16:29:17 UTC] Params: Array
(
    [0] => 1119
    [1] => attribute_pa_color
    [2] => kaki
    [3] => attribute_pa_size
    [4] => 
)

[17-Sep-2024 16:29:17 UTC] Variations trouvées: Array
(
)

[17-Sep-2024 16:29:17 UTC] Création de la variation pour le produit ID: 1119
[17-Sep-2024 16:29:17 UTC] Création variation pour produit 1119 avec SKU KC1350-39
[17-Sep-2024 16:29:17 UTC] Attributs: Array
(
    [pa_color] => kaki
    [pa_size] => 
)

[17-Sep-2024 16:29:17 UTC] Stock: 0
[17-Sep-2024 16:29:17 UTC] Prix: 0,68
[17-Sep-2024 16:29:17 UTC] Variation créée avec succès pour produit 1119
[17-Sep-2024 16:29:17 UTC] Couleur attribuée: Bleu Marine
[17-Sep-2024 16:29:17 UTC] Taille attribuée: 
[17-Sep-2024 16:29:17 UTC] Term color trouvé: oui
[17-Sep-2024 16:29:17 UTC] Term size trouvé: non
[17-Sep-2024 16:29:17 UTC] SKU: KC1350-85
[17-Sep-2024 16:29:17 UTC] Requête SQL: 
            SELECT p.ID FROM wpgsm_posts p
            WHERE p.post_parent = %d 
            AND p.post_type = 'product_variation'
            AND p.post_status IN ('publish', 'private')
         AND EXISTS (
                SELECT 1 FROM wpgsm_woocommerce_order_itemmeta oim
                WHERE oim.meta_key = %s
                AND oim.meta_value = %s
                AND oim.order_item_id = p.ID
            ) AND EXISTS (
                SELECT 1 FROM wpgsm_woocommerce_order_itemmeta oim
                WHERE oim.meta_key = %s
                AND oim.meta_value = %s
                AND oim.order_item_id = p.ID
            )
[17-Sep-2024 16:29:17 UTC] Params: Array
(
    [0] => 1119
    [1] => attribute_pa_color
    [2] => bleu-marine
    [3] => attribute_pa_size
    [4] => 
)

[17-Sep-2024 16:29:17 UTC] Variations trouvées: Array
(
)

[17-Sep-2024 16:29:17 UTC] Création de la variation pour le produit ID: 1119
[17-Sep-2024 16:29:17 UTC] Création variation pour produit 1119 avec SKU KC1350-85
[17-Sep-2024 16:29:17 UTC] Attributs: Array
(
    [pa_color] => bleu-marine
    [pa_size] => 
)

[17-Sep-2024 16:29:17 UTC] Stock: 13670
[17-Sep-2024 16:29:17 UTC] Prix: 0,68
[17-Sep-2024 16:29:17 UTC] Variation créée avec succès pour produit 1119
[17-Sep-2024 16:29:17 UTC] Couleur attribuée: Orange
[17-Sep-2024 16:29:17 UTC] Taille attribuée: 
[17-Sep-2024 16:29:17 UTC] Term color trouvé: oui
[17-Sep-2024 16:29:17 UTC] Term size trouvé: non
[17-Sep-2024 16:29:17 UTC] SKU: KC1447-10
[17-Sep-2024 16:29:17 UTC] Requête SQL: 
            SELECT p.ID FROM wpgsm_posts p
            WHERE p.post_parent = %d 
            AND p.post_type = 'product_variation'
            AND p.post_status IN ('publish', 'private')
         AND EXISTS (
                SELECT 1 FROM wpgsm_woocommerce_order_itemmeta oim
                WHERE oim.meta_key = %s
                AND oim.meta_value = %s
                AND oim.order_item_id = p.ID
            ) AND EXISTS (
                SELECT 1 FROM wpgsm_woocommerce_order_itemmeta oim
                WHERE oim.meta_key = %s
                AND oim.meta_value = %s
                AND oim.order_item_id = p.ID
            )
[17-Sep-2024 16:29:17 UTC] Params: Array
(
    [0] => 1120
    [1] => attribute_pa_color
    [2] => orange
    [3] => attribute_pa_size
    [4] => 
)

[17-Sep-2024 16:29:17 UTC] Variations trouvées: Array
(
)

[17-Sep-2024 16:29:17 UTC] Création de la variation pour le produit ID: 1120
[17-Sep-2024 16:29:17 UTC] Création variation pour produit 1120 avec SKU KC1447-10
[17-Sep-2024 16:29:17 UTC] Attributs: Array
(
    [pa_color] => orange
    [pa_size] => 
)

[17-Sep-2024 16:29:17 UTC] Stock: 10938
[17-Sep-2024 16:29:17 UTC] Prix: 0,93
[17-Sep-2024 16:29:17 UTC] Variation créée avec succès pour produit 1120
[17-Sep-2024 16:29:18 UTC] Couleur attribuée: Noir
[17-Sep-2024 16:29:18 UTC] Taille attribuée: 
[17-Sep-2024 16:29:18 UTC] Term color trouvé: oui
[17-Sep-2024 16:29:18 UTC] Term size trouvé: non
[17-Sep-2024 16:29:18 UTC] SKU: KC1447-03
[17-Sep-2024 16:29:18 UTC] Requête SQL: 
            SELECT p.ID FROM wpgsm_posts p
            WHERE p.post_parent = %d 
            AND p.post_type = 'product_variation'
            AND p.post_status IN ('publish', 'private')
         AND EXISTS (
                SELECT 1 FROM wpgsm_woocommerce_order_itemmeta oim
                WHERE oim.meta_key = %s
                AND oim.meta_value = %s
                AND oim.order_item_id = p.ID
            ) AND EXISTS (
                SELECT 1 FROM wpgsm_woocommerce_order_itemmeta oim
                WHERE oim.meta_key = %s
                AND oim.meta_value = %s
                AND oim.order_item_id = p.ID
            )
[17-Sep-2024 16:29:18 UTC] Params: Array
(
    [0] => 1120
    [1] => attribute_pa_color
    [2] => noir
    [3] => attribute_pa_size
    [4] => 
)

[17-Sep-2024 16:29:18 UTC] Variations trouvées: Array
(
)

[17-Sep-2024 16:29:18 UTC] Création de la variation pour le produit ID: 1120
[17-Sep-2024 16:29:18 UTC] Création variation pour produit 1120 avec SKU KC1447-03
[17-Sep-2024 16:29:18 UTC] Attributs: Array
(
    [pa_color] => noir
    [pa_size] => 
)

[17-Sep-2024 16:29:18 UTC] Stock: 39079
[17-Sep-2024 16:29:18 UTC] Prix: 0,93
[17-Sep-2024 16:29:18 UTC] Variation créée avec succès pour produit 1120
[17-Sep-2024 16:29:18 UTC] Couleur attribuée: Bleu Royal
[17-Sep-2024 16:29:18 UTC] Taille attribuée: 
[17-Sep-2024 16:29:18 UTC] Term color trouvé: oui
[17-Sep-2024 16:29:18 UTC] Term size trouvé: non
[17-Sep-2024 16:29:18 UTC] SKU: KC1447-37
[17-Sep-2024 16:29:18 UTC] Requête SQL: 
            SELECT p.ID FROM wpgsm_posts p
            WHERE p.post_parent = %d 
            AND p.post_type = 'product_variation'
            AND p.post_status IN ('publish', 'private')
         AND EXISTS (
                SELECT 1 FROM wpgsm_woocommerce_order_itemmeta oim
                WHERE oim.meta_key = %s
                AND oim.meta_value = %s
                AND oim.order_item_id = p.ID
            ) AND EXISTS (
                SELECT 1 FROM wpgsm_woocommerce_order_itemmeta oim
                WHERE oim.meta_key = %s
                AND oim.meta_value = %s
                AND oim.order_item_id = p.ID
            )
[17-Sep-2024 16:29:18 UTC] Params: Array
(
    [0] => 1120
    [1] => attribute_pa_color
    [2] => bleu-royal
    [3] => attribute_pa_size
    [4] => 
)

[17-Sep-2024 16:29:18 UTC] Variations trouvées: Array
(
)

[17-Sep-2024 16:29:18 UTC] Création de la variation pour le produit ID: 1120
[17-Sep-2024 16:29:18 UTC] Création variation pour produit 1120 avec SKU KC1447-37
[17-Sep-2024 16:29:18 UTC] Attributs: Array
(
    [pa_color] => bleu-royal
    [pa_size] => 
)

[17-Sep-2024 16:29:18 UTC] Stock: 17914
[17-Sep-2024 16:29:18 UTC] Prix: 0,93
[17-Sep-2024 16:29:18 UTC] Variation créée avec succès pour produit 1120
[17-Sep-2024 16:29:18 UTC] Couleur attribuée: Rouge
[17-Sep-2024 16:29:18 UTC] Taille attribuée: 
[17-Sep-2024 16:29:18 UTC] Term color trouvé: oui
[17-Sep-2024 16:29:18 UTC] Term size trouvé: non
[17-Sep-2024 16:29:18 UTC] SKU: KC1447-05
[17-Sep-2024 16:29:18 UTC] Requête SQL: 
            SELECT p.ID FROM wpgsm_posts p
            WHERE p.post_parent = %d 
            AND p.post_type = 'product_variation'
            AND p.post_status IN ('publish', 'private')
         AND EXISTS (
                SELECT 1 FROM wpgsm_woocommerce_order_itemmeta oim
                WHERE oim.meta_key = %s
                AND oim.meta_value = %s
                AND oim.order_item_id = p.ID
            ) AND EXISTS (
                SELECT 1 FROM wpgsm_woocommerce_order_itemmeta oim
                WHERE oim.meta_key = %s
                AND oim.meta_value = %s
                AND oim.order_item_id = p.ID
            )
[17-Sep-2024 16:29:18 UTC] Params: Array
(
    [0] => 1120
    [1] => attribute_pa_color
    [2] => rouge
    [3] => attribute_pa_size
    [4] => 
)

[17-Sep-2024 16:29:18 UTC] Variations trouvées: Array
(
)

[17-Sep-2024 16:29:18 UTC] Création de la variation pour le produit ID: 1120
[17-Sep-2024 16:29:18 UTC] Création variation pour produit 1120 avec SKU KC1447-05
[17-Sep-2024 16:29:18 UTC] Attributs: Array
(
    [pa_color] => rouge
    [pa_size] => 
)

[17-Sep-2024 16:29:18 UTC] Stock: 18772
[17-Sep-2024 16:29:18 UTC] Prix: 0,93
[17-Sep-2024 16:29:18 UTC] Variation créée avec succès pour produit 1120
[17-Sep-2024 16:29:18 UTC] Couleur attribuée: Vert
[17-Sep-2024 16:29:18 UTC] Taille attribuée: 
[17-Sep-2024 16:29:18 UTC] Term color trouvé: oui
[17-Sep-2024 16:29:18 UTC] Term size trouvé: non
[17-Sep-2024 16:29:18 UTC] SKU: KC1447-09
[17-Sep-2024 16:29:18 UTC] Requête SQL: 
            SELECT p.ID FROM wpgsm_posts p
            WHERE p.post_parent = %d 
            AND p.post_type = 'product_variation'
            AND p.post_status IN ('publish', 'private')
         AND EXISTS (
                SELECT 1 FROM wpgsm_woocommerce_order_itemmeta oim
                WHERE oim.meta_key = %s
                AND oim.meta_value = %s
                AND oim.order_item_id = p.ID
            ) AND EXISTS (
                SELECT 1 FROM wpgsm_woocommerce_order_itemmeta oim
                WHERE oim.meta_key = %s
                AND oim.meta_value = %s
                AND oim.order_item_id = p.ID
            )
[17-Sep-2024 16:29:18 UTC] Params: Array
(
    [0] => 1120
    [1] => attribute_pa_color
    [2] => vert
    [3] => attribute_pa_size
    [4] => 
)

[17-Sep-2024 16:29:18 UTC] Variations trouvées: Array
(
)

[17-Sep-2024 16:29:18 UTC] Création de la variation pour le produit ID: 1120
[17-Sep-2024 16:29:18 UTC] Création variation pour produit 1120 avec SKU KC1447-09
[17-Sep-2024 16:29:18 UTC] Attributs: Array
(
    [pa_color] => vert
    [pa_size] => 
)

[17-Sep-2024 16:29:18 UTC] Stock: 5399
[17-Sep-2024 16:29:18 UTC] Prix: 0,93
[17-Sep-2024 16:29:18 UTC] Variation créée avec succès pour produit 1120
[17-Sep-2024 16:29:18 UTC] Couleur attribuée: Blanc
[17-Sep-2024 16:29:18 UTC] Taille attribuée: 
[17-Sep-2024 16:29:18 UTC] Term color trouvé: oui
[17-Sep-2024 16:29:18 UTC] Term size trouvé: non
[17-Sep-2024 16:29:18 UTC] SKU: KC1447-06
[17-Sep-2024 16:29:18 UTC] Requête SQL: 
            SELECT p.ID FROM wpgsm_posts p
            WHERE p.post_parent = %d 
            AND p.post_type = 'product_variation'
            AND p.post_status IN ('publish', 'private')
         AND EXISTS (
                SELECT 1 FROM wpgsm_woocommerce_order_itemmeta oim
                WHERE oim.meta_key = %s
                AND oim.meta_value = %s
                AND oim.order_item_id = p.ID
            ) AND EXISTS (
                SELECT 1 FROM wpgsm_woocommerce_order_itemmeta oim
                WHERE oim.meta_key = %s
                AND oim.meta_value = %s
                AND oim.order_item_id = p.ID
            )
[17-Sep-2024 16:29:18 UTC] Params: Array
(
    [0] => 1120
    [1] => attribute_pa_color
    [2] => blanc
    [3] => attribute_pa_size
    [4] => 
)

[17-Sep-2024 16:29:18 UTC] Variations trouvées: Array
(
)

[17-Sep-2024 16:29:18 UTC] Création de la variation pour le produit ID: 1120
[17-Sep-2024 16:29:18 UTC] Création variation pour produit 1120 avec SKU KC1447-06
[17-Sep-2024 16:29:18 UTC] Attributs: Array
(
    [pa_color] => blanc
    [pa_size] => 
)

[17-Sep-2024 16:29:18 UTC] Stock: 9933
[17-Sep-2024 16:29:18 UTC] Prix: 0,93
[17-Sep-2024 16:29:18 UTC] Variation créée avec succès pour produit 1120
[17-Sep-2024 16:29:18 UTC] Couleur attribuée: Bleu
[17-Sep-2024 16:29:18 UTC] Taille attribuée: 
[17-Sep-2024 16:29:18 UTC] Term color trouvé: oui
[17-Sep-2024 16:29:18 UTC] Term size trouvé: non
[17-Sep-2024 16:29:18 UTC] SKU: KC1447-04
[17-Sep-2024 16:29:18 UTC] Requête SQL: 
            SELECT p.ID FROM wpgsm_posts p
            WHERE p.post_parent = %d 
            AND p.post_type = 'product_variation'
            AND p.post_status IN ('publish', 'private')
         AND EXISTS (
                SELECT 1 FROM wpgsm_woocommerce_order_itemmeta oim
                WHERE oim.meta_key = %s
                AND oim.meta_value = %s
                AND oim.order_item_id = p.ID
            ) AND EXISTS (
                SELECT 1 FROM wpgsm_woocommerce_order_itemmeta oim
                WHERE oim.meta_key = %s
                AND oim.meta_value = %s
                AND oim.order_item_id = p.ID
            )
[17-Sep-2024 16:29:18 UTC] Params: Array
(
    [0] => 1120
    [1] => attribute_pa_color
    [2] => bleu
    [3] => attribute_pa_size
    [4] => 
)

[17-Sep-2024 16:29:18 UTC] Variations trouvées: Array
(
)

[17-Sep-2024 16:29:18 UTC] Création de la variation pour le produit ID: 1120
[17-Sep-2024 16:29:18 UTC] Création variation pour produit 1120 avec SKU KC1447-04
[17-Sep-2024 16:29:18 UTC] Attributs: Array
(
    [pa_color] => bleu
    [pa_size] => 
)

[17-Sep-2024 16:29:18 UTC] Stock: 17324
[17-Sep-2024 16:29:18 UTC] Prix: 0,93
[17-Sep-2024 16:29:18 UTC] Variation créée avec succès pour produit 1120
[17-Sep-2024 16:29:18 UTC] Couleur attribuée: Gris
[17-Sep-2024 16:29:18 UTC] Taille attribuée: 
[17-Sep-2024 16:29:18 UTC] Term color trouvé: oui
[17-Sep-2024 16:29:18 UTC] Term size trouvé: non
[17-Sep-2024 16:29:18 UTC] SKU: KC1447-07
[17-Sep-2024 16:29:18 UTC] Requête SQL: 
            SELECT p.ID FROM wpgsm_posts p
            WHERE p.post_parent = %d 
            AND p.post_type = 'product_variation'
            AND p.post_status IN ('publish', 'private')
         AND EXISTS (
                SELECT 1 FROM wpgsm_woocommerce_order_itemmeta oim
                WHERE oim.meta_key = %s
                AND oim.meta_value = %s
                AND oim.order_item_id = p.ID
            ) AND EXISTS (
                SELECT 1 FROM wpgsm_woocommerce_order_itemmeta oim
                WHERE oim.meta_key = %s
                AND oim.meta_value = %s
                AND oim.order_item_id = p.ID
            )
[17-Sep-2024 16:29:18 UTC] Params: Array
(
    [0] => 1120
    [1] => attribute_pa_color
    [2] => gris
    [3] => attribute_pa_size
    [4] => 
)

[17-Sep-2024 16:29:18 UTC] Variations trouvées: Array
(
)

[17-Sep-2024 16:29:18 UTC] Création de la variation pour le produit ID: 1120
[17-Sep-2024 16:29:18 UTC] Création variation pour produit 1120 avec SKU KC1447-07
[17-Sep-2024 16:29:18 UTC] Attributs: Array
(
    [pa_color] => gris
    [pa_size] => 
)

[17-Sep-2024 16:29:18 UTC] Stock: 8695
[17-Sep-2024 16:29:18 UTC] Prix: 0,93
[17-Sep-2024 16:29:18 UTC] Variation créée avec succès pour produit 1120
[17-Sep-2024 16:29:18 UTC] Couleur attribuée: Turquoise
[17-Sep-2024 16:29:18 UTC] Taille attribuée: 
[17-Sep-2024 16:29:18 UTC] Term color trouvé: oui
[17-Sep-2024 16:29:18 UTC] Term size trouvé: non
[17-Sep-2024 16:29:18 UTC] SKU: KC1447-12
[17-Sep-2024 16:29:18 UTC] Requête SQL: 
            SELECT p.ID FROM wpgsm_posts p
            WHERE p.post_parent = %d 
            AND p.post_type = 'product_variation'
            AND p.post_status IN ('publish', 'private')
         AND EXISTS (
                SELECT 1 FROM wpgsm_woocommerce_order_itemmeta oim
                WHERE oim.meta_key = %s
                AND oim.meta_value = %s
                AND oim.order_item_id = p.ID
            ) AND EXISTS (
                SELECT 1 FROM wpgsm_woocommerce_order_itemmeta oim
                WHERE oim.meta_key = %s
                AND oim.meta_value = %s
                AND oim.order_item_id = p.ID
            )
[17-Sep-2024 16:29:18 UTC] Params: Array
(
    [0] => 1120
    [1] => attribute_pa_color
    [2] => turquoise
    [3] => attribute_pa_size
    [4] => 
)

[17-Sep-2024 16:29:18 UTC] Variations trouvées: Array
(
)

[17-Sep-2024 16:29:18 UTC] Création de la variation pour le produit ID: 1120
[17-Sep-2024 16:29:18 UTC] Création variation pour produit 1120 avec SKU KC1447-12
[17-Sep-2024 16:29:18 UTC] Attributs: Array
(
    [pa_color] => turquoise
    [pa_size] => 
)

[17-Sep-2024 16:29:18 UTC] Stock: 8299
[17-Sep-2024 16:29:18 UTC] Prix: 0,93
[17-Sep-2024 16:29:18 UTC] Variation créée avec succès pour produit 1120
[17-Sep-2024 16:29:18 UTC] Couleur attribuée: Lime
[17-Sep-2024 16:29:18 UTC] Taille attribuée: 
[17-Sep-2024 16:29:18 UTC] Term color trouvé: oui
[17-Sep-2024 16:29:18 UTC] Term size trouvé: non
[17-Sep-2024 16:29:18 UTC] SKU: KC1447-48
[17-Sep-2024 16:29:18 UTC] Requête SQL: 
            SELECT p.ID FROM wpgsm_posts p
            WHERE p.post_parent = %d 
            AND p.post_type = 'product_variation'
            AND p.post_status IN ('publish', 'private')
         AND EXISTS (
                SELECT 1 FROM wpgsm_woocommerce_order_itemmeta oim
                WHERE oim.meta_key = %s
                AND oim.meta_value = %s
                AND oim.order_item_id = p.ID
            ) AND EXISTS (
                SELECT 1 FROM wpgsm_woocommerce_order_itemmeta oim
                WHERE oim.meta_key = %s
                AND oim.meta_value = %s
                AND oim.order_item_id = p.ID
            )
[17-Sep-2024 16:29:18 UTC] Params: Array
(
    [0] => 1120
    [1] => attribute_pa_color
    [2] => lime
    [3] => attribute_pa_size
    [4] => 
)

[17-Sep-2024 16:29:18 UTC] Variations trouvées: Array
(
)

[17-Sep-2024 16:29:18 UTC] Création de la variation pour le produit ID: 1120
[17-Sep-2024 16:29:18 UTC] Création variation pour produit 1120 avec SKU KC1447-48
[17-Sep-2024 16:29:18 UTC] Attributs: Array
(
    [pa_color] => lime
    [pa_size] => 
)

[17-Sep-2024 16:29:18 UTC] Stock: 2
[17-Sep-2024 16:29:18 UTC] Prix: 0,93
[17-Sep-2024 16:29:19 UTC] Variation créée avec succès pour produit 1120
[17-Sep-2024 16:29:19 UTC] Couleur attribuée: Bleu
[17-Sep-2024 16:29:19 UTC] Taille attribuée: 
[17-Sep-2024 16:29:19 UTC] Term color trouvé: oui
[17-Sep-2024 16:29:19 UTC] Term size trouvé: non
[17-Sep-2024 16:29:19 UTC] SKU: KC1464-04
[17-Sep-2024 16:29:19 UTC] Requête SQL: 
            SELECT p.ID FROM wpgsm_posts p
            WHERE p.post_parent = %d 
            AND p.post_type = 'product_variation'
            AND p.post_status IN ('publish', 'private')
         AND EXISTS (
                SELECT 1 FROM wpgsm_woocommerce_order_itemmeta oim
                WHERE oim.meta_key = %s
                AND oim.meta_value = %s
                AND oim.order_item_id = p.ID
            ) AND EXISTS (
                SELECT 1 FROM wpgsm_woocommerce_order_itemmeta oim
                WHERE oim.meta_key = %s
                AND oim.meta_value = %s
                AND oim.order_item_id = p.ID
            )
[17-Sep-2024 16:29:19 UTC] Params: Array
(
    [0] => 1121
    [1] => attribute_pa_color
    [2] => bleu
    [3] => attribute_pa_size
    [4] => 
)

[17-Sep-2024 16:29:19 UTC] Variations trouvées: Array
(
)

[17-Sep-2024 16:29:19 UTC] Création de la variation pour le produit ID: 1121
[17-Sep-2024 16:29:19 UTC] Création variation pour produit 1121 avec SKU KC1464-04
[17-Sep-2024 16:29:19 UTC] Attributs: Array
(
    [pa_color] => bleu
    [pa_size] => 
)

[17-Sep-2024 16:29:19 UTC] Stock: 5685
[17-Sep-2024 16:29:19 UTC] Prix: 1,40
[17-Sep-2024 16:29:19 UTC] Variation créée avec succès pour produit 1121
[17-Sep-2024 16:29:19 UTC] Couleur attribuée: Blanc
[17-Sep-2024 16:29:19 UTC] Taille attribuée: 
[17-Sep-2024 16:29:19 UTC] Term color trouvé: oui
[17-Sep-2024 16:29:19 UTC] Term size trouvé: non
[17-Sep-2024 16:29:19 UTC] SKU: KC1464-06
[17-Sep-2024 16:29:19 UTC] Requête SQL: 
            SELECT p.ID FROM wpgsm_posts p
            WHERE p.post_parent = %d 
            AND p.post_type = 'product_variation'
            AND p.post_status IN ('publish', 'private')
         AND EXISTS (
                SELECT 1 FROM wpgsm_woocommerce_order_itemmeta oim
                WHERE oim.meta_key = %s
                AND oim.meta_value = %s
                AND oim.order_item_id = p.ID
            ) AND EXISTS (
                SELECT 1 FROM wpgsm_woocommerce_order_itemmeta oim
                WHERE oim.meta_key = %s
                AND oim.meta_value = %s
                AND oim.order_item_id = p.ID
            )
[17-Sep-2024 16:29:19 UTC] Params: Array
(
    [0] => 1121
    [1] => attribute_pa_color
    [2] => blanc
    [3] => attribute_pa_size
    [4] => 
)

[17-Sep-2024 16:29:19 UTC] Variations trouvées: Array
(
)

[17-Sep-2024 16:29:19 UTC] Création de la variation pour le produit ID: 1121
[17-Sep-2024 16:29:19 UTC] Création variation pour produit 1121 avec SKU KC1464-06
[17-Sep-2024 16:29:19 UTC] Attributs: Array
(
    [pa_color] => blanc
    [pa_size] => 
)

[17-Sep-2024 16:29:19 UTC] Stock: 6114
[17-Sep-2024 16:29:19 UTC] Prix: 1,40
[17-Sep-2024 16:29:19 UTC] Variation créée avec succès pour produit 1121
[17-Sep-2024 16:29:19 UTC] Couleur attribuée: Noir
[17-Sep-2024 16:29:19 UTC] Taille attribuée: 
[17-Sep-2024 16:29:19 UTC] Term color trouvé: oui
[17-Sep-2024 16:29:19 UTC] Term size trouvé: non
[17-Sep-2024 16:29:19 UTC] SKU: KC1464-03
[17-Sep-2024 16:29:19 UTC] Requête SQL: 
            SELECT p.ID FROM wpgsm_posts p
            WHERE p.post_parent = %d 
            AND p.post_type = 'product_variation'
            AND p.post_status IN ('publish', 'private')
         AND EXISTS (
                SELECT 1 FROM wpgsm_woocommerce_order_itemmeta oim
                WHERE oim.meta_key = %s
                AND oim.meta_value = %s
                AND oim.order_item_id = p.ID
            ) AND EXISTS (
                SELECT 1 FROM wpgsm_woocommerce_order_itemmeta oim
                WHERE oim.meta_key = %s
                AND oim.meta_value = %s
                AND oim.order_item_id = p.ID
            )
[17-Sep-2024 16:29:19 UTC] Params: Array
(
    [0] => 1121
    [1] => attribute_pa_color
    [2] => noir
    [3] => attribute_pa_size
    [4] => 
)

[17-Sep-2024 16:29:19 UTC] Variations trouvées: Array
(
)

[17-Sep-2024 16:29:19 UTC] Création de la variation pour le produit ID: 1121
[17-Sep-2024 16:29:19 UTC] Création variation pour produit 1121 avec SKU KC1464-03
[17-Sep-2024 16:29:19 UTC] Attributs: Array
(
    [pa_color] => noir
    [pa_size] => 
)

[17-Sep-2024 16:29:19 UTC] Stock: 18397
[17-Sep-2024 16:29:19 UTC] Prix: 1,40
[17-Sep-2024 16:29:19 UTC] Variation créée avec succès pour produit 1121
[17-Sep-2024 16:29:19 UTC] Couleur attribuée: Rouge
[17-Sep-2024 16:29:19 UTC] Taille attribuée: 
[17-Sep-2024 16:29:19 UTC] Term color trouvé: oui
[17-Sep-2024 16:29:19 UTC] Term size trouvé: non
[17-Sep-2024 16:29:19 UTC] SKU: KC1464-05
[17-Sep-2024 16:29:19 UTC] Requête SQL: 
            SELECT p.ID FROM wpgsm_posts p
            WHERE p.post_parent = %d 
            AND p.post_type = 'product_variation'
            AND p.post_status IN ('publish', 'private')
         AND EXISTS (
                SELECT 1 FROM wpgsm_woocommerce_order_itemmeta oim
                WHERE oim.meta_key = %s
                AND oim.meta_value = %s
                AND oim.order_item_id = p.ID
            ) AND EXISTS (
                SELECT 1 FROM wpgsm_woocommerce_order_itemmeta oim
                WHERE oim.meta_key = %s
                AND oim.meta_value = %s
                AND oim.order_item_id = p.ID
            )
[17-Sep-2024 16:29:19 UTC] Params: Array
(
    [0] => 1121
    [1] => attribute_pa_color
    [2] => rouge
    [3] => attribute_pa_size
    [4] => 
)

[17-Sep-2024 16:29:19 UTC] Variations trouvées: Array
(
)

[17-Sep-2024 16:29:19 UTC] Création de la variation pour le produit ID: 1121
[17-Sep-2024 16:29:19 UTC] Création variation pour produit 1121 avec SKU KC1464-05
[17-Sep-2024 16:29:19 UTC] Attributs: Array
(
    [pa_color] => rouge
    [pa_size] => 
)

[17-Sep-2024 16:29:19 UTC] Stock: 0
[17-Sep-2024 16:29:19 UTC] Prix: 1,40
[17-Sep-2024 16:29:20 UTC] Variation créée avec succès pour produit 1121
[17-Sep-2024 16:29:20 UTC] Couleur attribuée: Gris
[17-Sep-2024 16:29:20 UTC] Taille attribuée: 
[17-Sep-2024 16:29:20 UTC] Term color trouvé: oui
[17-Sep-2024 16:29:20 UTC] Term size trouvé: non
[17-Sep-2024 16:29:20 UTC] SKU: KC1464-07
[17-Sep-2024 16:29:20 UTC] Requête SQL: 
            SELECT p.ID FROM wpgsm_posts p
            WHERE p.post_parent = %d 
            AND p.post_type = 'product_variation'
            AND p.post_status IN ('publish', 'private')
         AND EXISTS (
                SELECT 1 FROM wpgsm_woocommerce_order_itemmeta oim
                WHERE oim.meta_key = %s
                AND oim.meta_value = %s
                AND oim.order_item_id = p.ID
            ) AND EXISTS (
                SELECT 1 FROM wpgsm_woocommerce_order_itemmeta oim
                WHERE oim.meta_key = %s
                AND oim.meta_value = %s
                AND oim.order_item_id = p.ID
            )
[17-Sep-2024 16:29:20 UTC] Params: Array
(
    [0] => 1121
    [1] => attribute_pa_color
    [2] => gris
    [3] => attribute_pa_size
    [4] => 
)

[17-Sep-2024 16:29:20 UTC] Variations trouvées: Array
(
)

[17-Sep-2024 16:29:20 UTC] Création de la variation pour le produit ID: 1121
[17-Sep-2024 16:29:20 UTC] Création variation pour produit 1121 avec SKU KC1464-07
[17-Sep-2024 16:29:20 UTC] Attributs: Array
(
    [pa_color] => gris
    [pa_size] => 
)

[17-Sep-2024 16:29:20 UTC] Stock: 0
[17-Sep-2024 16:29:20 UTC] Prix: 1,40
[17-Sep-2024 16:29:20 UTC] Variation créée avec succès pour produit 1121
[17-Sep-2024 16:29:20 UTC] Couleur attribuée: Vert
[17-Sep-2024 16:29:20 UTC] Taille attribuée: 
[17-Sep-2024 16:29:20 UTC] Term color trouvé: oui
[17-Sep-2024 16:29:20 UTC] Term size trouvé: non
[17-Sep-2024 16:29:20 UTC] SKU: KC1464-09
[17-Sep-2024 16:29:20 UTC] Requête SQL: 
            SELECT p.ID FROM wpgsm_posts p
            WHERE p.post_parent = %d 
            AND p.post_type = 'product_variation'
            AND p.post_status IN ('publish', 'private')
         AND EXISTS (
                SELECT 1 FROM wpgsm_woocommerce_order_itemmeta oim
                WHERE oim.meta_key = %s
                AND oim.meta_value = %s
                AND oim.order_item_id = p.ID
            ) AND EXISTS (
                SELECT 1 FROM wpgsm_woocommerce_order_itemmeta oim
                WHERE oim.meta_key = %s
                AND oim.meta_value = %s
                AND oim.order_item_id = p.ID
            )
[17-Sep-2024 16:29:20 UTC] Params: Array
(
    [0] => 1121
    [1] => attribute_pa_color
    [2] => vert
    [3] => attribute_pa_size
    [4] => 
)

[17-Sep-2024 16:29:20 UTC] Variations trouvées: Array
(
)

[17-Sep-2024 16:29:20 UTC] Création de la variation pour le produit ID: 1121
[17-Sep-2024 16:29:20 UTC] Création variation pour produit 1121 avec SKU KC1464-09
[17-Sep-2024 16:29:20 UTC] Attributs: Array
(
    [pa_color] => vert
    [pa_size] => 
)

[17-Sep-2024 16:29:20 UTC] Stock: 4657
[17-Sep-2024 16:29:20 UTC] Prix: 1,40
[17-Sep-2024 16:29:20 UTC] Variation créée avec succès pour produit 1121
[17-Sep-2024 16:29:20 UTC] Couleur attribuée: Bois
[17-Sep-2024 16:29:20 UTC] Taille attribuée: 
[17-Sep-2024 16:29:20 UTC] Term color trouvé: oui
[17-Sep-2024 16:29:20 UTC] Term size trouvé: non
[17-Sep-2024 16:29:20 UTC] SKU: KC1701-40
[17-Sep-2024 16:29:20 UTC] Requête SQL: 
            SELECT p.ID FROM wpgsm_posts p
            WHERE p.post_parent = %d 
            AND p.post_type = 'product_variation'
            AND p.post_status IN ('publish', 'private')
         AND EXISTS (
                SELECT 1 FROM wpgsm_woocommerce_order_itemmeta oim
                WHERE oim.meta_key = %s
                AND oim.meta_value = %s
                AND oim.order_item_id = p.ID
            ) AND EXISTS (
                SELECT 1 FROM wpgsm_woocommerce_order_itemmeta oim
                WHERE oim.meta_key = %s
                AND oim.meta_value = %s
                AND oim.order_item_id = p.ID
            )
[17-Sep-2024 16:29:20 UTC] Params: Array
(
    [0] => 1122
    [1] => attribute_pa_color
    [2] => bois
    [3] => attribute_pa_size
    [4] => 
)

[17-Sep-2024 16:29:20 UTC] Variations trouvées: Array
(
)

[17-Sep-2024 16:29:20 UTC] Création de la variation pour le produit ID: 1122
[17-Sep-2024 16:29:20 UTC] Création variation pour produit 1122 avec SKU KC1701-40
[17-Sep-2024 16:29:20 UTC] Attributs: Array
(
    [pa_color] => bois
    [pa_size] => 
)

[17-Sep-2024 16:29:20 UTC] Stock: 5680
[17-Sep-2024 16:29:20 UTC] Prix: 5,76
[17-Sep-2024 16:29:20 UTC] Variation créée avec succès pour produit 1122
[17-Sep-2024 16:29:20 UTC] Couleur attribuée: Multicolore
[17-Sep-2024 16:29:20 UTC] Taille attribuée: 
[17-Sep-2024 16:29:20 UTC] Term color trouvé: oui
[17-Sep-2024 16:29:20 UTC] Term size trouvé: non
[17-Sep-2024 16:29:20 UTC] SKU: KC1803-99
[17-Sep-2024 16:29:20 UTC] Requête SQL: 
            SELECT p.ID FROM wpgsm_posts p
            WHERE p.post_parent = %d 
            AND p.post_type = 'product_variation'
            AND p.post_status IN ('publish', 'private')
         AND EXISTS (
                SELECT 1 FROM wpgsm_woocommerce_order_itemmeta oim
                WHERE oim.meta_key = %s
                AND oim.meta_value = %s
                AND oim.order_item_id = p.ID
            ) AND EXISTS (
                SELECT 1 FROM wpgsm_woocommerce_order_itemmeta oim
                WHERE oim.meta_key = %s
                AND oim.meta_value = %s
                AND oim.order_item_id = p.ID
            )
[17-Sep-2024 16:29:20 UTC] Params: Array
(
    [0] => 1123
    [1] => attribute_pa_color
    [2] => multicolore
    [3] => attribute_pa_size
    [4] => 
)

[17-Sep-2024 16:29:20 UTC] Variations trouvées: Array
(
)

[17-Sep-2024 16:29:20 UTC] Création de la variation pour le produit ID: 1123
[17-Sep-2024 16:29:20 UTC] Création variation pour produit 1123 avec SKU KC1803-99
[17-Sep-2024 16:29:20 UTC] Attributs: Array
(
    [pa_color] => multicolore
    [pa_size] => 
)

[17-Sep-2024 16:29:20 UTC] Stock: 30793
[17-Sep-2024 16:29:20 UTC] Prix: 0,15
[17-Sep-2024 16:29:20 UTC] Variation créée avec succès pour produit 1123
[17-Sep-2024 16:29:20 UTC] Couleur attribuée: Multicolore
[17-Sep-2024 16:29:20 UTC] Taille attribuée: 
[17-Sep-2024 16:29:20 UTC] Term color trouvé: oui
[17-Sep-2024 16:29:20 UTC] Term size trouvé: non
[17-Sep-2024 16:29:20 UTC] SKU: KC1806-99
[17-Sep-2024 16:29:20 UTC] Requête SQL: 
            SELECT p.ID FROM wpgsm_posts p
            WHERE p.post_parent = %d 
            AND p.post_type = 'product_variation'
            AND p.post_status IN ('publish', 'private')
         AND EXISTS (
                SELECT 1 FROM wpgsm_woocommerce_order_itemmeta oim
                WHERE oim.meta_key = %s
                AND oim.meta_value = %s
                AND oim.order_item_id = p.ID
            ) AND EXISTS (
                SELECT 1 FROM wpgsm_woocommerce_order_itemmeta oim
                WHERE oim.meta_key = %s
                AND oim.meta_value = %s
                AND oim.order_item_id = p.ID
            )
[17-Sep-2024 16:29:20 UTC] Params: Array
(
    [0] => 1124
    [1] => attribute_pa_color
    [2] => multicolore
    [3] => attribute_pa_size
    [4] => 
)

[17-Sep-2024 16:29:20 UTC] Variations trouvées: Array
(
)

[17-Sep-2024 16:29:20 UTC] Création de la variation pour le produit ID: 1124
[17-Sep-2024 16:29:20 UTC] Création variation pour produit 1124 avec SKU KC1806-99
[17-Sep-2024 16:29:20 UTC] Attributs: Array
(
    [pa_color] => multicolore
    [pa_size] => 
)

[17-Sep-2024 16:29:20 UTC] Stock: 42884
[17-Sep-2024 16:29:20 UTC] Prix: 0,13
[17-Sep-2024 16:29:21 UTC] Variation créée avec succès pour produit 1124
[17-Sep-2024 16:29:21 UTC] Couleur attribuée: Argent
[17-Sep-2024 16:29:21 UTC] Taille attribuée: 
[17-Sep-2024 16:29:21 UTC] Term color trouvé: oui
[17-Sep-2024 16:29:21 UTC] Term size trouvé: non
[17-Sep-2024 16:29:21 UTC] SKU: KC2104-14
[17-Sep-2024 16:29:21 UTC] Requête SQL: 
            SELECT p.ID FROM wpgsm_posts p
            WHERE p.post_parent = %d 
            AND p.post_type = 'product_variation'
            AND p.post_status IN ('publish', 'private')
         AND EXISTS (
                SELECT 1 FROM wpgsm_woocommerce_order_itemmeta oim
                WHERE oim.meta_key = %s
                AND oim.meta_value = %s
                AND oim.order_item_id = p.ID
            ) AND EXISTS (
                SELECT 1 FROM wpgsm_woocommerce_order_itemmeta oim
                WHERE oim.meta_key = %s
                AND oim.meta_value = %s
                AND oim.order_item_id = p.ID
            )
[17-Sep-2024 16:29:21 UTC] Params: Array
(
    [0] => 1125
    [1] => attribute_pa_color
    [2] => argent
    [3] => attribute_pa_size
    [4] => 
)

[17-Sep-2024 16:29:21 UTC] Variations trouvées: Array
(
)

[17-Sep-2024 16:29:21 UTC] Création de la variation pour le produit ID: 1125
[17-Sep-2024 16:29:21 UTC] Création variation pour produit 1125 avec SKU KC2104-14
[17-Sep-2024 16:29:21 UTC] Attributs: Array
(
    [pa_color] => argent
    [pa_size] => 
)

[17-Sep-2024 16:29:21 UTC] Stock: 9157
[17-Sep-2024 16:29:21 UTC] Prix: 1,57
[17-Sep-2024 16:29:21 UTC] Variation créée avec succès pour produit 1125
[17-Sep-2024 16:29:21 UTC] Couleur attribuée: Argent Brillant
[17-Sep-2024 16:29:21 UTC] Taille attribuée: 
[17-Sep-2024 16:29:21 UTC] Term color trouvé: oui
[17-Sep-2024 16:29:21 UTC] Term size trouvé: non
[17-Sep-2024 16:29:21 UTC] SKU: KC2126-17
[17-Sep-2024 16:29:21 UTC] Requête SQL: 
            SELECT p.ID FROM wpgsm_posts p
            WHERE p.post_parent = %d 
            AND p.post_type = 'product_variation'
            AND p.post_status IN ('publish', 'private')
         AND EXISTS (
                SELECT 1 FROM wpgsm_woocommerce_order_itemmeta oim
                WHERE oim.meta_key = %s
                AND oim.meta_value = %s
                AND oim.order_item_id = p.ID
            ) AND EXISTS (
                SELECT 1 FROM wpgsm_woocommerce_order_itemmeta oim
                WHERE oim.meta_key = %s
                AND oim.meta_value = %s
                AND oim.order_item_id = p.ID
            )
[17-Sep-2024 16:29:21 UTC] Params: Array
(
    [0] => 1126
    [1] => attribute_pa_color
    [2] => argent-brillant
    [3] => attribute_pa_size
    [4] => 
)

[17-Sep-2024 16:29:21 UTC] Variations trouvées: Array
(
)

[17-Sep-2024 16:29:21 UTC] Création de la variation pour le produit ID: 1126
[17-Sep-2024 16:29:21 UTC] Création variation pour produit 1126 avec SKU KC2126-17
[17-Sep-2024 16:29:21 UTC] Attributs: Array
(
    [pa_color] => argent-brillant
    [pa_size] => 
)

[17-Sep-2024 16:29:21 UTC] Stock: 17578
[17-Sep-2024 16:29:21 UTC] Prix: 0,95
[17-Sep-2024 16:29:21 UTC] Variation créée avec succès pour produit 1126
[17-Sep-2024 16:29:21 UTC] Couleur attribuée: Noir
[17-Sep-2024 16:29:21 UTC] Taille attribuée: 
[17-Sep-2024 16:29:21 UTC] Term color trouvé: oui
[17-Sep-2024 16:29:21 UTC] Term size trouvé: non
[17-Sep-2024 16:29:21 UTC] SKU: KC2182-03
[17-Sep-2024 16:29:21 UTC] Requête SQL: 
            SELECT p.ID FROM wpgsm_posts p
            WHERE p.post_parent = %d 
            AND p.post_type = 'product_variation'
            AND p.post_status IN ('publish', 'private')
         AND EXISTS (
                SELECT 1 FROM wpgsm_woocommerce_order_itemmeta oim
                WHERE oim.meta_key = %s
                AND oim.meta_value = %s
                AND oim.order_item_id = p.ID
            ) AND EXISTS (
                SELECT 1 FROM wpgsm_woocommerce_order_itemmeta oim
                WHERE oim.meta_key = %s
                AND oim.meta_value = %s
                AND oim.order_item_id = p.ID
            )
[17-Sep-2024 16:29:21 UTC] Params: Array
(
    [0] => 1127
    [1] => attribute_pa_color
    [2] => noir
    [3] => attribute_pa_size
    [4] => 
)

[17-Sep-2024 16:29:21 UTC] Variations trouvées: Array
(
)

[17-Sep-2024 16:29:21 UTC] Création de la variation pour le produit ID: 1127
[17-Sep-2024 16:29:21 UTC] Création variation pour produit 1127 avec SKU KC2182-03
[17-Sep-2024 16:29:21 UTC] Attributs: Array
(
    [pa_color] => noir
    [pa_size] => 
)

[17-Sep-2024 16:29:21 UTC] Stock: 22152
[17-Sep-2024 16:29:21 UTC] Prix: 1,00
[17-Sep-2024 16:29:21 UTC] Variation créée avec succès pour produit 1127
[17-Sep-2024 16:29:21 UTC] Couleur attribuée: Argent Brillant
[17-Sep-2024 16:29:21 UTC] Taille attribuée: 
[17-Sep-2024 16:29:21 UTC] Term color trouvé: oui
[17-Sep-2024 16:29:21 UTC] Term size trouvé: non
[17-Sep-2024 16:29:21 UTC] SKU: KC2204-17
[17-Sep-2024 16:29:21 UTC] Requête SQL: 
            SELECT p.ID FROM wpgsm_posts p
            WHERE p.post_parent = %d 
            AND p.post_type = 'product_variation'
            AND p.post_status IN ('publish', 'private')
         AND EXISTS (
                SELECT 1 FROM wpgsm_woocommerce_order_itemmeta oim
                WHERE oim.meta_key = %s
                AND oim.meta_value = %s
                AND oim.order_item_id = p.ID
            ) AND EXISTS (
                SELECT 1 FROM wpgsm_woocommerce_order_itemmeta oim
                WHERE oim.meta_key = %s
                AND oim.meta_value = %s
                AND oim.order_item_id = p.ID
            )
[17-Sep-2024 16:29:21 UTC] Params: Array
(
    [0] => 1128
    [1] => attribute_pa_color
    [2] => argent-brillant
    [3] => attribute_pa_size
    [4] => 
)

[17-Sep-2024 16:29:21 UTC] Variations trouvées: Array
(
)

[17-Sep-2024 16:29:21 UTC] Création de la variation pour le produit ID: 1128
[17-Sep-2024 16:29:21 UTC] Création variation pour produit 1128 avec SKU KC2204-17
[17-Sep-2024 16:29:21 UTC] Attributs: Array
(
    [pa_color] => argent-brillant
    [pa_size] => 
)

[17-Sep-2024 16:29:21 UTC] Stock: 17380
[17-Sep-2024 16:29:21 UTC] Prix: 1,16
[17-Sep-2024 16:29:21 UTC] Variation créée avec succès pour produit 1128
[17-Sep-2024 16:29:21 UTC] Couleur attribuée: Argent Mat
[17-Sep-2024 16:29:21 UTC] Taille attribuée: 
[17-Sep-2024 16:29:21 UTC] Term color trouvé: oui
[17-Sep-2024 16:29:21 UTC] Term size trouvé: non
[17-Sep-2024 16:29:21 UTC] SKU: KC2206-16
[17-Sep-2024 16:29:21 UTC] Requête SQL: 
            SELECT p.ID FROM wpgsm_posts p
            WHERE p.post_parent = %d 
            AND p.post_type = 'product_variation'
            AND p.post_status IN ('publish', 'private')
         AND EXISTS (
                SELECT 1 FROM wpgsm_woocommerce_order_itemmeta oim
                WHERE oim.meta_key = %s
                AND oim.meta_value = %s
                AND oim.order_item_id = p.ID
            ) AND EXISTS (
                SELECT 1 FROM wpgsm_woocommerce_order_itemmeta oim
                WHERE oim.meta_key = %s
                AND oim.meta_value = %s
                AND oim.order_item_id = p.ID
            )
[17-Sep-2024 16:29:21 UTC] Params: Array
(
    [0] => 1129
    [1] => attribute_pa_color
    [2] => argent-mat
    [3] => attribute_pa_size
    [4] => 
)

[17-Sep-2024 16:29:21 UTC] Variations trouvées: Array
(
)

[17-Sep-2024 16:29:21 UTC] Création de la variation pour le produit ID: 1129
[17-Sep-2024 16:29:21 UTC] Création variation pour produit 1129 avec SKU KC2206-16
[17-Sep-2024 16:29:21 UTC] Attributs: Array
(
    [pa_color] => argent-mat
    [pa_size] => 
)

[17-Sep-2024 16:29:21 UTC] Stock: 5421
[17-Sep-2024 16:29:21 UTC] Prix: 1,57
[17-Sep-2024 16:29:21 UTC] Variation créée avec succès pour produit 1129
[17-Sep-2024 16:29:21 UTC] Couleur attribuée: Argent Brillant
[17-Sep-2024 16:29:21 UTC] Taille attribuée: 
[17-Sep-2024 16:29:21 UTC] Term color trouvé: oui
[17-Sep-2024 16:29:21 UTC] Term size trouvé: non
[17-Sep-2024 16:29:21 UTC] SKU: KC2225-17
[17-Sep-2024 16:29:21 UTC] Requête SQL: 
            SELECT p.ID FROM wpgsm_posts p
            WHERE p.post_parent = %d 
            AND p.post_type = 'product_variation'
            AND p.post_status IN ('publish', 'private')
         AND EXISTS (
                SELECT 1 FROM wpgsm_woocommerce_order_itemmeta oim
                WHERE oim.meta_key = %s
                AND oim.meta_value = %s
                AND oim.order_item_id = p.ID
            ) AND EXISTS (
                SELECT 1 FROM wpgsm_woocommerce_order_itemmeta oim
                WHERE oim.meta_key = %s
                AND oim.meta_value = %s
                AND oim.order_item_id = p.ID
            )
[17-Sep-2024 16:29:21 UTC] Params: Array
(
    [0] => 1130
    [1] => attribute_pa_color
    [2] => argent-brillant
    [3] => attribute_pa_size
    [4] => 
)

[17-Sep-2024 16:29:21 UTC] Variations trouvées: Array
(
)

[17-Sep-2024 16:29:21 UTC] Création de la variation pour le produit ID: 1130
[17-Sep-2024 16:29:21 UTC] Création variation pour produit 1130 avec SKU KC2225-17
[17-Sep-2024 16:29:21 UTC] Attributs: Array
(
    [pa_color] => argent-brillant
    [pa_size] => 
)

[17-Sep-2024 16:29:21 UTC] Stock: 24050
[17-Sep-2024 16:29:21 UTC] Prix: 0,48
[17-Sep-2024 16:29:21 UTC] Variation créée avec succès pour produit 1130
[17-Sep-2024 16:29:21 UTC] Couleur attribuée: Argent Mat
[17-Sep-2024 16:29:21 UTC] Taille attribuée: 
[17-Sep-2024 16:29:21 UTC] Term color trouvé: oui
[17-Sep-2024 16:29:21 UTC] Term size trouvé: non
[17-Sep-2024 16:29:21 UTC] SKU: KC2226-16
[17-Sep-2024 16:29:21 UTC] Requête SQL: 
            SELECT p.ID FROM wpgsm_posts p
            WHERE p.post_parent = %d 
            AND p.post_type = 'product_variation'
            AND p.post_status IN ('publish', 'private')
         AND EXISTS (
                SELECT 1 FROM wpgsm_woocommerce_order_itemmeta oim
                WHERE oim.meta_key = %s
                AND oim.meta_value = %s
                AND oim.order_item_id = p.ID
            ) AND EXISTS (
                SELECT 1 FROM wpgsm_woocommerce_order_itemmeta oim
                WHERE oim.meta_key = %s
                AND oim.meta_value = %s
                AND oim.order_item_id = p.ID
            )
[17-Sep-2024 16:29:21 UTC] Params: Array
(
    [0] => 1131
    [1] => attribute_pa_color
    [2] => argent-mat
    [3] => attribute_pa_size
    [4] => 
)

[17-Sep-2024 16:29:21 UTC] Variations trouvées: Array
(
)

[17-Sep-2024 16:29:21 UTC] Création de la variation pour le produit ID: 1131
[17-Sep-2024 16:29:21 UTC] Création variation pour produit 1131 avec SKU KC2226-16
[17-Sep-2024 16:29:21 UTC] Attributs: Array
(
    [pa_color] => argent-mat
    [pa_size] => 
)

[17-Sep-2024 16:29:21 UTC] Stock: 6695
[17-Sep-2024 16:29:21 UTC] Prix: 1,00
[17-Sep-2024 16:29:21 UTC] Variation créée avec succès pour produit 1131
[17-Sep-2024 16:29:21 UTC] Couleur attribuée: Marron
[17-Sep-2024 16:29:21 UTC] Taille attribuée: 
[17-Sep-2024 16:29:21 UTC] Term color trouvé: oui
[17-Sep-2024 16:29:21 UTC] Term size trouvé: non
[17-Sep-2024 16:29:21 UTC] SKU: KC2231-01
[17-Sep-2024 16:29:21 UTC] Requête SQL: 
            SELECT p.ID FROM wpgsm_posts p
            WHERE p.post_parent = %d 
            AND p.post_type = 'product_variation'
            AND p.post_status IN ('publish', 'private')
         AND EXISTS (
                SELECT 1 FROM wpgsm_woocommerce_order_itemmeta oim
                WHERE oim.meta_key = %s
                AND oim.meta_value = %s
                AND oim.order_item_id = p.ID
            ) AND EXISTS (
                SELECT 1 FROM wpgsm_woocommerce_order_itemmeta oim
                WHERE oim.meta_key = %s
                AND oim.meta_value = %s
                AND oim.order_item_id = p.ID
            )
[17-Sep-2024 16:29:21 UTC] Params: Array
(
    [0] => 1132
    [1] => attribute_pa_color
    [2] => marron
    [3] => attribute_pa_size
    [4] => 
)

[17-Sep-2024 16:29:21 UTC] Variations trouvées: Array
(
)

[17-Sep-2024 16:29:21 UTC] Création de la variation pour le produit ID: 1132
[17-Sep-2024 16:29:21 UTC] Création variation pour produit 1132 avec SKU KC2231-01
[17-Sep-2024 16:29:21 UTC] Attributs: Array
(
    [pa_color] => marron
    [pa_size] => 
)

[17-Sep-2024 16:29:21 UTC] Stock: 1474
[17-Sep-2024 16:29:21 UTC] Prix: 5,61
[17-Sep-2024 16:29:21 UTC] Variation créée avec succès pour produit 1132
[17-Sep-2024 16:29:21 UTC] Couleur attribuée: Gris
[17-Sep-2024 16:29:21 UTC] Taille attribuée: 
[17-Sep-2024 16:29:21 UTC] Term color trouvé: oui
[17-Sep-2024 16:29:21 UTC] Term size trouvé: non
[17-Sep-2024 16:29:21 UTC] SKU: KC2364-07
[17-Sep-2024 16:29:21 UTC] Requête SQL: 
            SELECT p.ID FROM wpgsm_posts p
            WHERE p.post_parent = %d 
            AND p.post_type = 'product_variation'
            AND p.post_status IN ('publish', 'private')
         AND EXISTS (
                SELECT 1 FROM wpgsm_woocommerce_order_itemmeta oim
                WHERE oim.meta_key = %s
                AND oim.meta_value = %s
                AND oim.order_item_id = p.ID
            ) AND EXISTS (
                SELECT 1 FROM wpgsm_woocommerce_order_itemmeta oim
                WHERE oim.meta_key = %s
                AND oim.meta_value = %s
                AND oim.order_item_id = p.ID
            )
[17-Sep-2024 16:29:21 UTC] Params: Array
(
    [0] => 1133
    [1] => attribute_pa_color
    [2] => gris
    [3] => attribute_pa_size
    [4] => 
)

[17-Sep-2024 16:29:21 UTC] Variations trouvées: Array
(
)

[17-Sep-2024 16:29:21 UTC] Création de la variation pour le produit ID: 1133
[17-Sep-2024 16:29:21 UTC] Création variation pour produit 1133 avec SKU KC2364-07
[17-Sep-2024 16:29:21 UTC] Attributs: Array
(
    [pa_color] => gris
    [pa_size] => 
)

[17-Sep-2024 16:29:21 UTC] Stock: 3518
[17-Sep-2024 16:29:21 UTC] Prix: 2,21
[17-Sep-2024 16:29:22 UTC] Variation créée avec succès pour produit 1133
[17-Sep-2024 16:29:22 UTC] Couleur attribuée: Gris Pierre
[17-Sep-2024 16:29:22 UTC] Taille attribuée: 
[17-Sep-2024 16:29:22 UTC] Term color trouvé: oui
[17-Sep-2024 16:29:22 UTC] Term size trouvé: non
[17-Sep-2024 16:29:22 UTC] SKU: KC2364-15
[17-Sep-2024 16:29:22 UTC] Requête SQL: 
            SELECT p.ID FROM wpgsm_posts p
            WHERE p.post_parent = %d 
            AND p.post_type = 'product_variation'
            AND p.post_status IN ('publish', 'private')
         AND EXISTS (
                SELECT 1 FROM wpgsm_woocommerce_order_itemmeta oim
                WHERE oim.meta_key = %s
                AND oim.meta_value = %s
                AND oim.order_item_id = p.ID
            ) AND EXISTS (
                SELECT 1 FROM wpgsm_woocommerce_order_itemmeta oim
                WHERE oim.meta_key = %s
                AND oim.meta_value = %s
                AND oim.order_item_id = p.ID
            )
[17-Sep-2024 16:29:22 UTC] Params: Array
(
    [0] => 1133
    [1] => attribute_pa_color
    [2] => gris-pierre
    [3] => attribute_pa_size
    [4] => 
)

[17-Sep-2024 16:29:22 UTC] Variations trouvées: Array
(
)

[17-Sep-2024 16:29:22 UTC] Création de la variation pour le produit ID: 1133
[17-Sep-2024 16:29:22 UTC] Création variation pour produit 1133 avec SKU KC2364-15
[17-Sep-2024 16:29:22 UTC] Attributs: Array
(
    [pa_color] => gris-pierre
    [pa_size] => 
)

[17-Sep-2024 16:29:22 UTC] Stock: 2807
[17-Sep-2024 16:29:22 UTC] Prix: 2,21
[17-Sep-2024 16:29:22 UTC] Variation créée avec succès pour produit 1133
[17-Sep-2024 16:29:22 UTC] Couleur attribuée: Noir
[17-Sep-2024 16:29:22 UTC] Taille attribuée: 
[17-Sep-2024 16:29:22 UTC] Term color trouvé: oui
[17-Sep-2024 16:29:22 UTC] Term size trouvé: non
[17-Sep-2024 16:29:22 UTC] SKU: KC2364-03
[17-Sep-2024 16:29:22 UTC] Requête SQL: 
            SELECT p.ID FROM wpgsm_posts p
            WHERE p.post_parent = %d 
            AND p.post_type = 'product_variation'
            AND p.post_status IN ('publish', 'private')
         AND EXISTS (
                SELECT 1 FROM wpgsm_woocommerce_order_itemmeta oim
                WHERE oim.meta_key = %s
                AND oim.meta_value = %s
                AND oim.order_item_id = p.ID
            ) AND EXISTS (
                SELECT 1 FROM wpgsm_woocommerce_order_itemmeta oim
                WHERE oim.meta_key = %s
                AND oim.meta_value = %s
                AND oim.order_item_id = p.ID
            )
[17-Sep-2024 16:29:22 UTC] Params: Array
(
    [0] => 1133
    [1] => attribute_pa_color
    [2] => noir
    [3] => attribute_pa_size
    [4] => 
)

[17-Sep-2024 16:29:22 UTC] Variations trouvées: Array
(
)

[17-Sep-2024 16:29:22 UTC] Création de la variation pour le produit ID: 1133
[17-Sep-2024 16:29:22 UTC] Création variation pour produit 1133 avec SKU KC2364-03
[17-Sep-2024 16:29:22 UTC] Attributs: Array
(
    [pa_color] => noir
    [pa_size] => 
)

[17-Sep-2024 16:29:22 UTC] Stock: 5185
[17-Sep-2024 16:29:22 UTC] Prix: 2,21
[17-Sep-2024 16:29:22 UTC] Variation créée avec succès pour produit 1133
[17-Sep-2024 16:29:22 UTC] Couleur attribuée: Bleu
[17-Sep-2024 16:29:22 UTC] Taille attribuée: 
[17-Sep-2024 16:29:22 UTC] Term color trouvé: oui
[17-Sep-2024 16:29:22 UTC] Term size trouvé: non
[17-Sep-2024 16:29:22 UTC] SKU: KC2364-04
[17-Sep-2024 16:29:22 UTC] Requête SQL: 
            SELECT p.ID FROM wpgsm_posts p
            WHERE p.post_parent = %d 
            AND p.post_type = 'product_variation'
            AND p.post_status IN ('publish', 'private')
         AND EXISTS (
                SELECT 1 FROM wpgsm_woocommerce_order_itemmeta oim
                WHERE oim.meta_key = %s
                AND oim.meta_value = %s
                AND oim.order_item_id = p.ID
            ) AND EXISTS (
                SELECT 1 FROM wpgsm_woocommerce_order_itemmeta oim
                WHERE oim.meta_key = %s
                AND oim.meta_value = %s
                AND oim.order_item_id = p.ID
            )
[17-Sep-2024 16:29:22 UTC] Params: Array
(
    [0] => 1133
    [1] => attribute_pa_color
    [2] => bleu
    [3] => attribute_pa_size
    [4] => 
)

[17-Sep-2024 16:29:22 UTC] Variations trouvées: Array
(
)

[17-Sep-2024 16:29:22 UTC] Création de la variation pour le produit ID: 1133
[17-Sep-2024 16:29:22 UTC] Création variation pour produit 1133 avec SKU KC2364-04
[17-Sep-2024 16:29:22 UTC] Attributs: Array
(
    [pa_color] => bleu
    [pa_size] => 
)

[17-Sep-2024 16:29:22 UTC] Stock: 4108
[17-Sep-2024 16:29:22 UTC] Prix: 2,21
[17-Sep-2024 16:29:22 UTC] Variation créée avec succès pour produit 1133
[17-Sep-2024 16:29:22 UTC] Couleur attribuée: Rouge
[17-Sep-2024 16:29:22 UTC] Taille attribuée: 
[17-Sep-2024 16:29:22 UTC] Term color trouvé: oui
[17-Sep-2024 16:29:22 UTC] Term size trouvé: non
[17-Sep-2024 16:29:22 UTC] SKU: KC2364-05
[17-Sep-2024 16:29:22 UTC] Requête SQL: 
            SELECT p.ID FROM wpgsm_posts p
            WHERE p.post_parent = %d 
            AND p.post_type = 'product_variation'
            AND p.post_status IN ('publish', 'private')
         AND EXISTS (
                SELECT 1 FROM wpgsm_woocommerce_order_itemmeta oim
                WHERE oim.meta_key = %s
                AND oim.meta_value = %s
                AND oim.order_item_id = p.ID
            ) AND EXISTS (
                SELECT 1 FROM wpgsm_woocommerce_order_itemmeta oim
                WHERE oim.meta_key = %s
                AND oim.meta_value = %s
                AND oim.order_item_id = p.ID
            )
[17-Sep-2024 16:29:22 UTC] Params: Array
(
    [0] => 1133
    [1] => attribute_pa_color
    [2] => rouge
    [3] => attribute_pa_size
    [4] => 
)

[17-Sep-2024 16:29:22 UTC] Variations trouvées: Array
(
)

[17-Sep-2024 16:29:22 UTC] Création de la variation pour le produit ID: 1133
[17-Sep-2024 16:29:22 UTC] Création variation pour produit 1133 avec SKU KC2364-05
[17-Sep-2024 16:29:22 UTC] Attributs: Array
(
    [pa_color] => rouge
    [pa_size] => 
)

[17-Sep-2024 16:29:22 UTC] Stock: 2625
[17-Sep-2024 16:29:22 UTC] Prix: 2,21
[17-Sep-2024 16:29:22 UTC] Variation créée avec succès pour produit 1133
[17-Sep-2024 16:29:22 UTC] Couleur attribuée: Blanc
[17-Sep-2024 16:29:22 UTC] Taille attribuée: 
[17-Sep-2024 16:29:22 UTC] Term color trouvé: oui
[17-Sep-2024 16:29:22 UTC] Term size trouvé: non
[17-Sep-2024 16:29:22 UTC] SKU: KC2364-06
[17-Sep-2024 16:29:22 UTC] Requête SQL: 
            SELECT p.ID FROM wpgsm_posts p
            WHERE p.post_parent = %d 
            AND p.post_type = 'product_variation'
            AND p.post_status IN ('publish', 'private')
         AND EXISTS (
                SELECT 1 FROM wpgsm_woocommerce_order_itemmeta oim
                WHERE oim.meta_key = %s
                AND oim.meta_value = %s
                AND oim.order_item_id = p.ID
            ) AND EXISTS (
                SELECT 1 FROM wpgsm_woocommerce_order_itemmeta oim
                WHERE oim.meta_key = %s
                AND oim.meta_value = %s
                AND oim.order_item_id = p.ID
            )
[17-Sep-2024 16:29:22 UTC] Params: Array
(
    [0] => 1133
    [1] => attribute_pa_color
    [2] => blanc
    [3] => attribute_pa_size
    [4] => 
)

[17-Sep-2024 16:29:22 UTC] Variations trouvées: Array
(
)

[17-Sep-2024 16:29:22 UTC] Création de la variation pour le produit ID: 1133
[17-Sep-2024 16:29:22 UTC] Création variation pour produit 1133 avec SKU KC2364-06
[17-Sep-2024 16:29:22 UTC] Attributs: Array
(
    [pa_color] => blanc
    [pa_size] => 
)

[17-Sep-2024 16:29:22 UTC] Stock: 2766
[17-Sep-2024 16:29:22 UTC] Prix: 2,21
[17-Sep-2024 16:29:22 UTC] Variation créée avec succès pour produit 1133
[17-Sep-2024 16:29:22 UTC] Couleur attribuée: Orange
[17-Sep-2024 16:29:22 UTC] Taille attribuée: 
[17-Sep-2024 16:29:22 UTC] Term color trouvé: oui
[17-Sep-2024 16:29:22 UTC] Term size trouvé: non
[17-Sep-2024 16:29:22 UTC] SKU: KC2364-10
[17-Sep-2024 16:29:22 UTC] Requête SQL: 
            SELECT p.ID FROM wpgsm_posts p
            WHERE p.post_parent = %d 
            AND p.post_type = 'product_variation'
            AND p.post_status IN ('publish', 'private')
         AND EXISTS (
                SELECT 1 FROM wpgsm_woocommerce_order_itemmeta oim
                WHERE oim.meta_key = %s
                AND oim.meta_value = %s
                AND oim.order_item_id = p.ID
            ) AND EXISTS (
                SELECT 1 FROM wpgsm_woocommerce_order_itemmeta oim
                WHERE oim.meta_key = %s
                AND oim.meta_value = %s
                AND oim.order_item_id = p.ID
            )
[17-Sep-2024 16:29:22 UTC] Params: Array
(
    [0] => 1133
    [1] => attribute_pa_color
    [2] => orange
    [3] => attribute_pa_size
    [4] => 
)

[17-Sep-2024 16:29:22 UTC] Variations trouvées: Array
(
)

[17-Sep-2024 16:29:22 UTC] Création de la variation pour le produit ID: 1133
[17-Sep-2024 16:29:22 UTC] Création variation pour produit 1133 avec SKU KC2364-10
[17-Sep-2024 16:29:22 UTC] Attributs: Array
(
    [pa_color] => orange
    [pa_size] => 
)

[17-Sep-2024 16:29:22 UTC] Stock: 2415
[17-Sep-2024 16:29:22 UTC] Prix: 2,21
[17-Sep-2024 16:29:22 UTC] Variation créée avec succès pour produit 1133
[17-Sep-2024 16:29:22 UTC] Couleur attribuée: Bleu Royal
[17-Sep-2024 16:29:22 UTC] Taille attribuée: 
[17-Sep-2024 16:29:22 UTC] Term color trouvé: oui
[17-Sep-2024 16:29:22 UTC] Term size trouvé: non
[17-Sep-2024 16:29:22 UTC] SKU: KC2364-37
[17-Sep-2024 16:29:22 UTC] Requête SQL: 
            SELECT p.ID FROM wpgsm_posts p
            WHERE p.post_parent = %d 
            AND p.post_type = 'product_variation'
            AND p.post_status IN ('publish', 'private')
         AND EXISTS (
                SELECT 1 FROM wpgsm_woocommerce_order_itemmeta oim
                WHERE oim.meta_key = %s
                AND oim.meta_value = %s
                AND oim.order_item_id = p.ID
            ) AND EXISTS (
                SELECT 1 FROM wpgsm_woocommerce_order_itemmeta oim
                WHERE oim.meta_key = %s
                AND oim.meta_value = %s
                AND oim.order_item_id = p.ID
            )
[17-Sep-2024 16:29:22 UTC] Params: Array
(
    [0] => 1133
    [1] => attribute_pa_color
    [2] => bleu-royal
    [3] => attribute_pa_size
    [4] => 
)

[17-Sep-2024 16:29:22 UTC] Variations trouvées: Array
(
)

[17-Sep-2024 16:29:22 UTC] Création de la variation pour le produit ID: 1133
[17-Sep-2024 16:29:22 UTC] Création variation pour produit 1133 avec SKU KC2364-37
[17-Sep-2024 16:29:22 UTC] Attributs: Array
(
    [pa_color] => bleu-royal
    [pa_size] => 
)

[17-Sep-2024 16:29:22 UTC] Stock: 0
[17-Sep-2024 16:29:22 UTC] Prix: 2,21
[17-Sep-2024 16:29:24 UTC] Variation créée avec succès pour produit 1133
[17-Sep-2024 16:29:24 UTC] Couleur attribuée: Lime
[17-Sep-2024 16:29:24 UTC] Taille attribuée: 
[17-Sep-2024 16:29:24 UTC] Term color trouvé: oui
[17-Sep-2024 16:29:24 UTC] Term size trouvé: non
[17-Sep-2024 16:29:24 UTC] SKU: KC2364-48
[17-Sep-2024 16:29:24 UTC] Requête SQL: 
            SELECT p.ID FROM wpgsm_posts p
            WHERE p.post_parent = %d 
            AND p.post_type = 'product_variation'
            AND p.post_status IN ('publish', 'private')
         AND EXISTS (
                SELECT 1 FROM wpgsm_woocommerce_order_itemmeta oim
                WHERE oim.meta_key = %s
                AND oim.meta_value = %s
                AND oim.order_item_id = p.ID
            ) AND EXISTS (
                SELECT 1 FROM wpgsm_woocommerce_order_itemmeta oim
                WHERE oim.meta_key = %s
                AND oim.meta_value = %s
                AND oim.order_item_id = p.ID
            )
[17-Sep-2024 16:29:24 UTC] Params: Array
(
    [0] => 1133
    [1] => attribute_pa_color
    [2] => lime
    [3] => attribute_pa_size
    [4] => 
)

[17-Sep-2024 16:29:24 UTC] Variations trouvées: Array
(
)

[17-Sep-2024 16:29:24 UTC] Création de la variation pour le produit ID: 1133
[17-Sep-2024 16:29:24 UTC] Création variation pour produit 1133 avec SKU KC2364-48
[17-Sep-2024 16:29:24 UTC] Attributs: Array
(
    [pa_color] => lime
    [pa_size] => 
)

[17-Sep-2024 16:29:24 UTC] Stock: 2228
[17-Sep-2024 16:29:24 UTC] Prix: 2,21
[17-Sep-2024 16:29:24 UTC] Variation créée avec succès pour produit 1133
[17-Sep-2024 16:29:24 UTC] Couleur attribuée: Vert Foncé
[17-Sep-2024 16:29:24 UTC] Taille attribuée: 
[17-Sep-2024 16:29:24 UTC] Term color trouvé: oui
[17-Sep-2024 16:29:24 UTC] Term size trouvé: non
[17-Sep-2024 16:29:24 UTC] SKU: KC2364-60
[17-Sep-2024 16:29:24 UTC] Requête SQL: 
            SELECT p.ID FROM wpgsm_posts p
            WHERE p.post_parent = %d 
            AND p.post_type = 'product_variation'
            AND p.post_status IN ('publish', 'private')
         AND EXISTS (
                SELECT 1 FROM wpgsm_woocommerce_order_itemmeta oim
                WHERE oim.meta_key = %s
                AND oim.meta_value = %s
                AND oim.order_item_id = p.ID
            ) AND EXISTS (
                SELECT 1 FROM wpgsm_woocommerce_order_itemmeta oim
                WHERE oim.meta_key = %s
                AND oim.meta_value = %s
                AND oim.order_item_id = p.ID
            )
[17-Sep-2024 16:29:24 UTC] Params: Array
(
    [0] => 1133
    [1] => attribute_pa_color
    [2] => vert-fonce
    [3] => attribute_pa_size
    [4] => 
)

[17-Sep-2024 16:29:24 UTC] Variations trouvées: Array
(
)

[17-Sep-2024 16:29:24 UTC] Création de la variation pour le produit ID: 1133
[17-Sep-2024 16:29:24 UTC] Création variation pour produit 1133 avec SKU KC2364-60
[17-Sep-2024 16:29:24 UTC] Attributs: Array
(
    [pa_color] => vert-fonce
    [pa_size] => 
)

[17-Sep-2024 16:29:24 UTC] Stock: 2675
[17-Sep-2024 16:29:24 UTC] Prix: 2,21
[17-Sep-2024 16:29:25 UTC] Variation créée avec succès pour produit 1133
[17-Sep-2024 16:29:25 UTC] Couleur attribuée: Noir
[17-Sep-2024 16:29:25 UTC] Taille attribuée: 
[17-Sep-2024 16:29:25 UTC] Term color trouvé: oui
[17-Sep-2024 16:29:25 UTC] Term size trouvé: non
[17-Sep-2024 16:29:25 UTC] SKU: KC2387-03
[17-Sep-2024 16:29:25 UTC] Requête SQL: 
            SELECT p.ID FROM wpgsm_posts p
            WHERE p.post_parent = %d 
            AND p.post_type = 'product_variation'
            AND p.post_status IN ('publish', 'private')
         AND EXISTS (
                SELECT 1 FROM wpgsm_woocommerce_order_itemmeta oim
                WHERE oim.meta_key = %s
                AND oim.meta_value = %s
                AND oim.order_item_id = p.ID
            ) AND EXISTS (
                SELECT 1 FROM wpgsm_woocommerce_order_itemmeta oim
                WHERE oim.meta_key = %s
                AND oim.meta_value = %s
                AND oim.order_item_id = p.ID
            )
[17-Sep-2024 16:29:25 UTC] Params: Array
(
    [0] => 1134
    [1] => attribute_pa_color
    [2] => noir
    [3] => attribute_pa_size
    [4] => 
)

[17-Sep-2024 16:29:25 UTC] Variations trouvées: Array
(
)

[17-Sep-2024 16:29:25 UTC] Création de la variation pour le produit ID: 1134
[17-Sep-2024 16:29:25 UTC] Création variation pour produit 1134 avec SKU KC2387-03
[17-Sep-2024 16:29:25 UTC] Attributs: Array
(
    [pa_color] => noir
    [pa_size] => 
)

[17-Sep-2024 16:29:25 UTC] Stock: 10579
[17-Sep-2024 16:29:25 UTC] Prix: 9,08
[17-Sep-2024 16:29:25 UTC] Variation créée avec succès pour produit 1134
[17-Sep-2024 16:29:25 UTC] Couleur attribuée: Blanc Transparent
[17-Sep-2024 16:29:25 UTC] Taille attribuée: 
[17-Sep-2024 16:29:25 UTC] Term color trouvé: oui
[17-Sep-2024 16:29:25 UTC] Term size trouvé: non
[17-Sep-2024 16:29:25 UTC] SKU: KC2466-26
[17-Sep-2024 16:29:25 UTC] Requête SQL: 
            SELECT p.ID FROM wpgsm_posts p
            WHERE p.post_parent = %d 
            AND p.post_type = 'product_variation'
            AND p.post_status IN ('publish', 'private')
         AND EXISTS (
                SELECT 1 FROM wpgsm_woocommerce_order_itemmeta oim
                WHERE oim.meta_key = %s
                AND oim.meta_value = %s
                AND oim.order_item_id = p.ID
            ) AND EXISTS (
                SELECT 1 FROM wpgsm_woocommerce_order_itemmeta oim
                WHERE oim.meta_key = %s
                AND oim.meta_value = %s
                AND oim.order_item_id = p.ID
            )
[17-Sep-2024 16:29:25 UTC] Params: Array
(
    [0] => 1135
    [1] => attribute_pa_color
    [2] => blanc-transparent
    [3] => attribute_pa_size
    [4] => 
)

[17-Sep-2024 16:29:25 UTC] Variations trouvées: Array
(
)

[17-Sep-2024 16:29:25 UTC] Création de la variation pour le produit ID: 1135
[17-Sep-2024 16:29:25 UTC] Création variation pour produit 1135 avec SKU KC2466-26
[17-Sep-2024 16:29:25 UTC] Attributs: Array
(
    [pa_color] => blanc-transparent
    [pa_size] => 
)

[17-Sep-2024 16:29:25 UTC] Stock: 26330
[17-Sep-2024 16:29:25 UTC] Prix: 0,18
[17-Sep-2024 16:29:25 UTC] Variation créée avec succès pour produit 1135
[17-Sep-2024 16:29:25 UTC] Couleur attribuée: Multicolore
[17-Sep-2024 16:29:25 UTC] Taille attribuée: 
[17-Sep-2024 16:29:25 UTC] Term color trouvé: oui
[17-Sep-2024 16:29:25 UTC] Term size trouvé: non
[17-Sep-2024 16:29:25 UTC] SKU: KC2478-99
[17-Sep-2024 16:29:25 UTC] Requête SQL: 
            SELECT p.ID FROM wpgsm_posts p
            WHERE p.post_parent = %d 
            AND p.post_type = 'product_variation'
            AND p.post_status IN ('publish', 'private')
         AND EXISTS (
                SELECT 1 FROM wpgsm_woocommerce_order_itemmeta oim
                WHERE oim.meta_key = %s
                AND oim.meta_value = %s
                AND oim.order_item_id = p.ID
            ) AND EXISTS (
                SELECT 1 FROM wpgsm_woocommerce_order_itemmeta oim
                WHERE oim.meta_key = %s
                AND oim.meta_value = %s
                AND oim.order_item_id = p.ID
            )
[17-Sep-2024 16:29:25 UTC] Params: Array
(
    [0] => 1136
    [1] => attribute_pa_color
    [2] => multicolore
    [3] => attribute_pa_size
    [4] => 
)

[17-Sep-2024 16:29:25 UTC] Variations trouvées: Array
(
)

[17-Sep-2024 16:29:25 UTC] Création de la variation pour le produit ID: 1136
[17-Sep-2024 16:29:25 UTC] Création variation pour produit 1136 avec SKU KC2478-99
[17-Sep-2024 16:29:25 UTC] Attributs: Array
(
    [pa_color] => multicolore
    [pa_size] => 
)

[17-Sep-2024 16:29:25 UTC] Stock: 652940
[17-Sep-2024 16:29:25 UTC] Prix: 0,11
[17-Sep-2024 16:29:25 UTC] Variation créée avec succès pour produit 1136
[17-Sep-2024 16:29:25 UTC] Couleur attribuée: Bois
[17-Sep-2024 16:29:25 UTC] Taille attribuée: 
[17-Sep-2024 16:29:25 UTC] Term color trouvé: oui
[17-Sep-2024 16:29:25 UTC] Term size trouvé: non
[17-Sep-2024 16:29:25 UTC] SKU: KC2494-40
[17-Sep-2024 16:29:25 UTC] Requête SQL: 
            SELECT p.ID FROM wpgsm_posts p
            WHERE p.post_parent = %d 
            AND p.post_type = 'product_variation'
            AND p.post_status IN ('publish', 'private')
         AND EXISTS (
                SELECT 1 FROM wpgsm_woocommerce_order_itemmeta oim
                WHERE oim.meta_key = %s
                AND oim.meta_value = %s
                AND oim.order_item_id = p.ID
            ) AND EXISTS (
                SELECT 1 FROM wpgsm_woocommerce_order_itemmeta oim
                WHERE oim.meta_key = %s
                AND oim.meta_value = %s
                AND oim.order_item_id = p.ID
            )
[17-Sep-2024 16:29:25 UTC] Params: Array
(
    [0] => 1137
    [1] => attribute_pa_color
    [2] => bois
    [3] => attribute_pa_size
    [4] => 
)

[17-Sep-2024 16:29:25 UTC] Variations trouvées: Array
(
)

[17-Sep-2024 16:29:25 UTC] Création de la variation pour le produit ID: 1137
[17-Sep-2024 16:29:25 UTC] Création variation pour produit 1137 avec SKU KC2494-40
[17-Sep-2024 16:29:25 UTC] Attributs: Array
(
    [pa_color] => bois
    [pa_size] => 
)

[17-Sep-2024 16:29:25 UTC] Stock: 101010
[17-Sep-2024 16:29:25 UTC] Prix: 0,04
[17-Sep-2024 16:29:25 UTC] Variation créée avec succès pour produit 1137
[17-Sep-2024 16:29:25 UTC] Couleur attribuée: Blanc
[17-Sep-2024 16:29:25 UTC] Taille attribuée: 
[17-Sep-2024 16:29:25 UTC] Term color trouvé: oui
[17-Sep-2024 16:29:25 UTC] Term size trouvé: non
[17-Sep-2024 16:29:25 UTC] SKU: KC2494-06
[17-Sep-2024 16:29:25 UTC] Requête SQL: 
            SELECT p.ID FROM wpgsm_posts p
            WHERE p.post_parent = %d 
            AND p.post_type = 'product_variation'
            AND p.post_status IN ('publish', 'private')
         AND EXISTS (
                SELECT 1 FROM wpgsm_woocommerce_order_itemmeta oim
                WHERE oim.meta_key = %s
                AND oim.meta_value = %s
                AND oim.order_item_id = p.ID
            ) AND EXISTS (
                SELECT 1 FROM wpgsm_woocommerce_order_itemmeta oim
                WHERE oim.meta_key = %s
                AND oim.meta_value = %s
                AND oim.order_item_id = p.ID
            )
[17-Sep-2024 16:29:25 UTC] Params: Array
(
    [0] => 1137
    [1] => attribute_pa_color
    [2] => blanc
    [3] => attribute_pa_size
    [4] => 
)

[17-Sep-2024 16:29:25 UTC] Variations trouvées: Array
(
)

[17-Sep-2024 16:29:25 UTC] Création de la variation pour le produit ID: 1137
[17-Sep-2024 16:29:25 UTC] Création variation pour produit 1137 avec SKU KC2494-06
[17-Sep-2024 16:29:25 UTC] Attributs: Array
(
    [pa_color] => blanc
    [pa_size] => 
)

[17-Sep-2024 16:29:25 UTC] Stock: 143455
[17-Sep-2024 16:29:25 UTC] Prix: 0,04
[17-Sep-2024 16:29:25 UTC] Variation créée avec succès pour produit 1137
[17-Sep-2024 16:29:25 UTC] Couleur attribuée: Multicolore
[17-Sep-2024 16:29:25 UTC] Taille attribuée: 
[17-Sep-2024 16:29:25 UTC] Term color trouvé: oui
[17-Sep-2024 16:29:25 UTC] Term size trouvé: non
[17-Sep-2024 16:29:25 UTC] SKU: KC2520-99
[17-Sep-2024 16:29:25 UTC] Requête SQL: 
            SELECT p.ID FROM wpgsm_posts p
            WHERE p.post_parent = %d 
            AND p.post_type = 'product_variation'
            AND p.post_status IN ('publish', 'private')
         AND EXISTS (
                SELECT 1 FROM wpgsm_woocommerce_order_itemmeta oim
                WHERE oim.meta_key = %s
                AND oim.meta_value = %s
                AND oim.order_item_id = p.ID
            ) AND EXISTS (
                SELECT 1 FROM wpgsm_woocommerce_order_itemmeta oim
                WHERE oim.meta_key = %s
                AND oim.meta_value = %s
                AND oim.order_item_id = p.ID
            )
[17-Sep-2024 16:29:25 UTC] Params: Array
(
    [0] => 1138
    [1] => attribute_pa_color
    [2] => multicolore
    [3] => attribute_pa_size
    [4] => 
)

[17-Sep-2024 16:29:25 UTC] Variations trouvées: Array
(
)

[17-Sep-2024 16:29:25 UTC] Création de la variation pour le produit ID: 1138
[17-Sep-2024 16:29:25 UTC] Création variation pour produit 1138 avec SKU KC2520-99
[17-Sep-2024 16:29:25 UTC] Attributs: Array
(
    [pa_color] => multicolore
    [pa_size] => 
)

[17-Sep-2024 16:29:25 UTC] Stock: 21697
[17-Sep-2024 16:29:25 UTC] Prix: 1,02
[17-Sep-2024 16:29:25 UTC] Variation créée avec succès pour produit 1138
[17-Sep-2024 16:29:25 UTC] Couleur attribuée: Bois
[17-Sep-2024 16:29:25 UTC] Taille attribuée: 
[17-Sep-2024 16:29:25 UTC] Term color trouvé: oui
[17-Sep-2024 16:29:25 UTC] Term size trouvé: non
[17-Sep-2024 16:29:25 UTC] SKU: KC2585-40
[17-Sep-2024 16:29:25 UTC] Requête SQL: 
            SELECT p.ID FROM wpgsm_posts p
            WHERE p.post_parent = %d 
            AND p.post_type = 'product_variation'
            AND p.post_status IN ('publish', 'private')
         AND EXISTS (
                SELECT 1 FROM wpgsm_woocommerce_order_itemmeta oim
                WHERE oim.meta_key = %s
                AND oim.meta_value = %s
                AND oim.order_item_id = p.ID
            ) AND EXISTS (
                SELECT 1 FROM wpgsm_woocommerce_order_itemmeta oim
                WHERE oim.meta_key = %s
                AND oim.meta_value = %s
                AND oim.order_item_id = p.ID
            )
[17-Sep-2024 16:29:25 UTC] Params: Array
(
    [0] => 1139
    [1] => attribute_pa_color
    [2] => bois
    [3] => attribute_pa_size
    [4] => 
)

[17-Sep-2024 16:29:25 UTC] Variations trouvées: Array
(
)

[17-Sep-2024 16:29:25 UTC] Création de la variation pour le produit ID: 1139
[17-Sep-2024 16:29:25 UTC] Création variation pour produit 1139 avec SKU KC2585-40
[17-Sep-2024 16:29:25 UTC] Attributs: Array
(
    [pa_color] => bois
    [pa_size] => 
)

[17-Sep-2024 16:29:25 UTC] Stock: 7786
[17-Sep-2024 16:29:25 UTC] Prix: 0,89
[17-Sep-2024 16:29:25 UTC] Variation créée avec succès pour produit 1139
[17-Sep-2024 16:29:25 UTC] Couleur attribuée: Bleu Transparent
[17-Sep-2024 16:29:25 UTC] Taille attribuée: 
[17-Sep-2024 16:29:25 UTC] Term color trouvé: oui
[17-Sep-2024 16:29:25 UTC] Term size trouvé: non
[17-Sep-2024 16:29:25 UTC] SKU: KC2656-23
[17-Sep-2024 16:29:25 UTC] Requête SQL: 
            SELECT p.ID FROM wpgsm_posts p
            WHERE p.post_parent = %d 
            AND p.post_type = 'product_variation'
            AND p.post_status IN ('publish', 'private')
         AND EXISTS (
                SELECT 1 FROM wpgsm_woocommerce_order_itemmeta oim
                WHERE oim.meta_key = %s
                AND oim.meta_value = %s
                AND oim.order_item_id = p.ID
            ) AND EXISTS (
                SELECT 1 FROM wpgsm_woocommerce_order_itemmeta oim
                WHERE oim.meta_key = %s
                AND oim.meta_value = %s
                AND oim.order_item_id = p.ID
            )
[17-Sep-2024 16:29:25 UTC] Params: Array
(
    [0] => 1140
    [1] => attribute_pa_color
    [2] => bleu-transparent
    [3] => attribute_pa_size
    [4] => 
)

[17-Sep-2024 16:29:25 UTC] Variations trouvées: Array
(
)

[17-Sep-2024 16:29:25 UTC] Création de la variation pour le produit ID: 1140
[17-Sep-2024 16:29:25 UTC] Création variation pour produit 1140 avec SKU KC2656-23
[17-Sep-2024 16:29:25 UTC] Attributs: Array
(
    [pa_color] => bleu-transparent
    [pa_size] => 
)

[17-Sep-2024 16:29:25 UTC] Stock: 12632
[17-Sep-2024 16:29:25 UTC] Prix: 1,47
[17-Sep-2024 16:29:25 UTC] Variation créée avec succès pour produit 1140
[17-Sep-2024 16:29:26 UTC] Couleur attribuée: Blanc
[17-Sep-2024 16:29:26 UTC] Taille attribuée: 
[17-Sep-2024 16:29:26 UTC] Term color trouvé: oui
[17-Sep-2024 16:29:26 UTC] Term size trouvé: non
[17-Sep-2024 16:29:26 UTC] SKU: KC2669-06
[17-Sep-2024 16:29:26 UTC] Requête SQL: 
            SELECT p.ID FROM wpgsm_posts p
            WHERE p.post_parent = %d 
            AND p.post_type = 'product_variation'
            AND p.post_status IN ('publish', 'private')
         AND EXISTS (
                SELECT 1 FROM wpgsm_woocommerce_order_itemmeta oim
                WHERE oim.meta_key = %s
                AND oim.meta_value = %s
                AND oim.order_item_id = p.ID
            ) AND EXISTS (
                SELECT 1 FROM wpgsm_woocommerce_order_itemmeta oim
                WHERE oim.meta_key = %s
                AND oim.meta_value = %s
                AND oim.order_item_id = p.ID
            )
[17-Sep-2024 16:29:26 UTC] Params: Array
(
    [0] => 1141
    [1] => attribute_pa_color
    [2] => blanc
    [3] => attribute_pa_size
    [4] => 
)

[17-Sep-2024 16:29:26 UTC] Variations trouvées: Array
(
)

[17-Sep-2024 16:29:26 UTC] Création de la variation pour le produit ID: 1141
[17-Sep-2024 16:29:26 UTC] Création variation pour produit 1141 avec SKU KC2669-06
[17-Sep-2024 16:29:26 UTC] Attributs: Array
(
    [pa_color] => blanc
    [pa_size] => 
)

[17-Sep-2024 16:29:26 UTC] Stock: 10596
[17-Sep-2024 16:29:26 UTC] Prix: 5,50
[17-Sep-2024 16:29:26 UTC] Variation créée avec succès pour produit 1141
[17-Sep-2024 16:29:26 UTC] Couleur attribuée: Argent
[17-Sep-2024 16:29:26 UTC] Taille attribuée: 
[17-Sep-2024 16:29:26 UTC] Term color trouvé: oui
[17-Sep-2024 16:29:26 UTC] Term size trouvé: non
[17-Sep-2024 16:29:26 UTC] SKU: KC2683-14
[17-Sep-2024 16:29:26 UTC] Requête SQL: 
            SELECT p.ID FROM wpgsm_posts p
            WHERE p.post_parent = %d 
            AND p.post_type = 'product_variation'
            AND p.post_status IN ('publish', 'private')
         AND EXISTS (
                SELECT 1 FROM wpgsm_woocommerce_order_itemmeta oim
                WHERE oim.meta_key = %s
                AND oim.meta_value = %s
                AND oim.order_item_id = p.ID
            ) AND EXISTS (
                SELECT 1 FROM wpgsm_woocommerce_order_itemmeta oim
                WHERE oim.meta_key = %s
                AND oim.meta_value = %s
                AND oim.order_item_id = p.ID
            )
[17-Sep-2024 16:29:26 UTC] Params: Array
(
    [0] => 1142
    [1] => attribute_pa_color
    [2] => argent
    [3] => attribute_pa_size
    [4] => 
)

[17-Sep-2024 16:29:26 UTC] Variations trouvées: Array
(
)

[17-Sep-2024 16:29:26 UTC] Création de la variation pour le produit ID: 1142
[17-Sep-2024 16:29:26 UTC] Création variation pour produit 1142 avec SKU KC2683-14
[17-Sep-2024 16:29:26 UTC] Attributs: Array
(
    [pa_color] => argent
    [pa_size] => 
)

[17-Sep-2024 16:29:26 UTC] Stock: 22147
[17-Sep-2024 16:29:26 UTC] Prix: 0,48
[17-Sep-2024 16:29:26 UTC] Variation créée avec succès pour produit 1142
[17-Sep-2024 16:29:26 UTC] Couleur attribuée: Bois
[17-Sep-2024 16:29:26 UTC] Taille attribuée: 
[17-Sep-2024 16:29:26 UTC] Term color trouvé: oui
[17-Sep-2024 16:29:26 UTC] Term size trouvé: non
[17-Sep-2024 16:29:26 UTC] SKU: KC2690-40
[17-Sep-2024 16:29:26 UTC] Requête SQL: 
            SELECT p.ID FROM wpgsm_posts p
            WHERE p.post_parent = %d 
            AND p.post_type = 'product_variation'
            AND p.post_status IN ('publish', 'private')
         AND EXISTS (
                SELECT 1 FROM wpgsm_woocommerce_order_itemmeta oim
                WHERE oim.meta_key = %s
                AND oim.meta_value = %s
                AND oim.order_item_id = p.ID
            ) AND EXISTS (
                SELECT 1 FROM wpgsm_woocommerce_order_itemmeta oim
                WHERE oim.meta_key = %s
                AND oim.meta_value = %s
                AND oim.order_item_id = p.ID
            )
[17-Sep-2024 16:29:26 UTC] Params: Array
(
    [0] => 1143
    [1] => attribute_pa_color
    [2] => bois
    [3] => attribute_pa_size
    [4] => 
)

[17-Sep-2024 16:29:26 UTC] Variations trouvées: Array
(
)

[17-Sep-2024 16:29:26 UTC] Création de la variation pour le produit ID: 1143
[17-Sep-2024 16:29:26 UTC] Création variation pour produit 1143 avec SKU KC2690-40
[17-Sep-2024 16:29:26 UTC] Attributs: Array
(
    [pa_color] => bois
    [pa_size] => 
)

[17-Sep-2024 16:29:26 UTC] Stock: 977
[17-Sep-2024 16:29:26 UTC] Prix: 12,07
[17-Sep-2024 16:29:26 UTC] Variation créée avec succès pour produit 1143
[17-Sep-2024 16:29:26 UTC] Couleur attribuée: Noir
[17-Sep-2024 16:29:26 UTC] Taille attribuée: 
[17-Sep-2024 16:29:26 UTC] Term color trouvé: oui
[17-Sep-2024 16:29:26 UTC] Term size trouvé: non
[17-Sep-2024 16:29:26 UTC] SKU: KC2694-03
[17-Sep-2024 16:29:26 UTC] Requête SQL: 
            SELECT p.ID FROM wpgsm_posts p
            WHERE p.post_parent = %d 
            AND p.post_type = 'product_variation'
            AND p.post_status IN ('publish', 'private')
         AND EXISTS (
                SELECT 1 FROM wpgsm_woocommerce_order_itemmeta oim
                WHERE oim.meta_key = %s
                AND oim.meta_value = %s
                AND oim.order_item_id = p.ID
            ) AND EXISTS (
                SELECT 1 FROM wpgsm_woocommerce_order_itemmeta oim
                WHERE oim.meta_key = %s
                AND oim.meta_value = %s
                AND oim.order_item_id = p.ID
            )
[17-Sep-2024 16:29:26 UTC] Params: Array
(
    [0] => 1144
    [1] => attribute_pa_color
    [2] => noir
    [3] => attribute_pa_size
    [4] => 
)

[17-Sep-2024 16:29:26 UTC] Variations trouvées: Array
(
)

[17-Sep-2024 16:29:26 UTC] Création de la variation pour le produit ID: 1144
[17-Sep-2024 16:29:26 UTC] Création variation pour produit 1144 avec SKU KC2694-03
[17-Sep-2024 16:29:26 UTC] Attributs: Array
(
    [pa_color] => noir
    [pa_size] => 
)

[17-Sep-2024 16:29:26 UTC] Stock: 1796
[17-Sep-2024 16:29:26 UTC] Prix: 10,20
[17-Sep-2024 16:29:26 UTC] Variation créée avec succès pour produit 1144
[17-Sep-2024 16:29:26 UTC] Couleur attribuée: Blanc/Noir
[17-Sep-2024 16:29:26 UTC] Taille attribuée: 
[17-Sep-2024 16:29:26 UTC] Term color trouvé: oui
[17-Sep-2024 16:29:26 UTC] Term size trouvé: non
[17-Sep-2024 16:29:26 UTC] SKU: KC2718-33
[17-Sep-2024 16:29:26 UTC] Requête SQL: 
            SELECT p.ID FROM wpgsm_posts p
            WHERE p.post_parent = %d 
            AND p.post_type = 'product_variation'
            AND p.post_status IN ('publish', 'private')
         AND EXISTS (
                SELECT 1 FROM wpgsm_woocommerce_order_itemmeta oim
                WHERE oim.meta_key = %s
                AND oim.meta_value = %s
                AND oim.order_item_id = p.ID
            ) AND EXISTS (
                SELECT 1 FROM wpgsm_woocommerce_order_itemmeta oim
                WHERE oim.meta_key = %s
                AND oim.meta_value = %s
                AND oim.order_item_id = p.ID
            )
[17-Sep-2024 16:29:26 UTC] Params: Array
(
    [0] => 1145
    [1] => attribute_pa_color
    [2] => blanc-noir
    [3] => attribute_pa_size
    [4] => 
)

[17-Sep-2024 16:29:26 UTC] Variations trouvées: Array
(
)

[17-Sep-2024 16:29:26 UTC] Création de la variation pour le produit ID: 1145
[17-Sep-2024 16:29:26 UTC] Création variation pour produit 1145 avec SKU KC2718-33
[17-Sep-2024 16:29:26 UTC] Attributs: Array
(
    [pa_color] => blanc-noir
    [pa_size] => 
)

[17-Sep-2024 16:29:26 UTC] Stock: 2838
[17-Sep-2024 16:29:26 UTC] Prix: 0,46
[17-Sep-2024 16:29:26 UTC] Variation créée avec succès pour produit 1145
[17-Sep-2024 16:29:26 UTC] Couleur attribuée: Blanc
[17-Sep-2024 16:29:26 UTC] Taille attribuée: 
[17-Sep-2024 16:29:26 UTC] Term color trouvé: oui
[17-Sep-2024 16:29:26 UTC] Term size trouvé: non
[17-Sep-2024 16:29:26 UTC] SKU: KC2720-06
[17-Sep-2024 16:29:26 UTC] Requête SQL: 
            SELECT p.ID FROM wpgsm_posts p
            WHERE p.post_parent = %d 
            AND p.post_type = 'product_variation'
            AND p.post_status IN ('publish', 'private')
         AND EXISTS (
                SELECT 1 FROM wpgsm_woocommerce_order_itemmeta oim
                WHERE oim.meta_key = %s
                AND oim.meta_value = %s
                AND oim.order_item_id = p.ID
            ) AND EXISTS (
                SELECT 1 FROM wpgsm_woocommerce_order_itemmeta oim
                WHERE oim.meta_key = %s
                AND oim.meta_value = %s
                AND oim.order_item_id = p.ID
            )
[17-Sep-2024 16:29:26 UTC] Params: Array
(
    [0] => 1146
    [1] => attribute_pa_color
    [2] => blanc
    [3] => attribute_pa_size
    [4] => 
)

[17-Sep-2024 16:29:26 UTC] Variations trouvées: Array
(
)

[17-Sep-2024 16:29:26 UTC] Création de la variation pour le produit ID: 1146
[17-Sep-2024 16:29:26 UTC] Création variation pour produit 1146 avec SKU KC2720-06
[17-Sep-2024 16:29:26 UTC] Attributs: Array
(
    [pa_color] => blanc
    [pa_size] => 
)

[17-Sep-2024 16:29:26 UTC] Stock: 9932
[17-Sep-2024 16:29:26 UTC] Prix: 0,86
[17-Sep-2024 16:29:26 UTC] Variation créée avec succès pour produit 1146
[17-Sep-2024 16:29:26 UTC] Couleur attribuée: Bois
[17-Sep-2024 16:29:26 UTC] Taille attribuée: 
[17-Sep-2024 16:29:26 UTC] Term color trouvé: oui
[17-Sep-2024 16:29:26 UTC] Term size trouvé: non
[17-Sep-2024 16:29:26 UTC] SKU: KC2937-40
[17-Sep-2024 16:29:26 UTC] Requête SQL: 
            SELECT p.ID FROM wpgsm_posts p
            WHERE p.post_parent = %d 
            AND p.post_type = 'product_variation'
            AND p.post_status IN ('publish', 'private')
         AND EXISTS (
                SELECT 1 FROM wpgsm_woocommerce_order_itemmeta oim
                WHERE oim.meta_key = %s
                AND oim.meta_value = %s
                AND oim.order_item_id = p.ID
            ) AND EXISTS (
                SELECT 1 FROM wpgsm_woocommerce_order_itemmeta oim
                WHERE oim.meta_key = %s
                AND oim.meta_value = %s
                AND oim.order_item_id = p.ID
            )
[17-Sep-2024 16:29:26 UTC] Params: Array
(
    [0] => 1147
    [1] => attribute_pa_color
    [2] => bois
    [3] => attribute_pa_size
    [4] => 
)

[17-Sep-2024 16:29:26 UTC] Variations trouvées: Array
(
)

[17-Sep-2024 16:29:26 UTC] Création de la variation pour le produit ID: 1147
[17-Sep-2024 16:29:26 UTC] Création variation pour produit 1147 avec SKU KC2937-40
[17-Sep-2024 16:29:26 UTC] Attributs: Array
(
    [pa_color] => bois
    [pa_size] => 
)

[17-Sep-2024 16:29:26 UTC] Stock: 296851
[17-Sep-2024 16:29:26 UTC] Prix: 0,38
[17-Sep-2024 16:29:26 UTC] Variation créée avec succès pour produit 1147
[17-Sep-2024 16:29:26 UTC] Couleur attribuée: Couleurs Assorties
[17-Sep-2024 16:29:26 UTC] Taille attribuée: 
[17-Sep-2024 16:29:26 UTC] Term color trouvé: oui
[17-Sep-2024 16:29:26 UTC] Term size trouvé: non
[17-Sep-2024 16:29:26 UTC] SKU: KC2938-00
[17-Sep-2024 16:29:26 UTC] Requête SQL: 
            SELECT p.ID FROM wpgsm_posts p
            WHERE p.post_parent = %d 
            AND p.post_type = 'product_variation'
            AND p.post_status IN ('publish', 'private')
         AND EXISTS (
                SELECT 1 FROM wpgsm_woocommerce_order_itemmeta oim
                WHERE oim.meta_key = %s
                AND oim.meta_value = %s
                AND oim.order_item_id = p.ID
            ) AND EXISTS (
                SELECT 1 FROM wpgsm_woocommerce_order_itemmeta oim
                WHERE oim.meta_key = %s
                AND oim.meta_value = %s
                AND oim.order_item_id = p.ID
            )
[17-Sep-2024 16:29:26 UTC] Params: Array
(
    [0] => 1148
    [1] => attribute_pa_color
    [2] => couleurs-assorties
    [3] => attribute_pa_size
    [4] => 
)

[17-Sep-2024 16:29:26 UTC] Variations trouvées: Array
(
)

[17-Sep-2024 16:29:26 UTC] Création de la variation pour le produit ID: 1148
[17-Sep-2024 16:29:26 UTC] Création variation pour produit 1148 avec SKU KC2938-00
[17-Sep-2024 16:29:26 UTC] Attributs: Array
(
    [pa_color] => couleurs-assorties
    [pa_size] => 
)

[17-Sep-2024 16:29:26 UTC] Stock: 106771
[17-Sep-2024 16:29:26 UTC] Prix: 0,24
[17-Sep-2024 16:29:26 UTC] Variation créée avec succès pour produit 1148
[17-Sep-2024 16:29:26 UTC] Couleur attribuée: Bois
[17-Sep-2024 16:29:26 UTC] Taille attribuée: 
[17-Sep-2024 16:29:26 UTC] Term color trouvé: oui
[17-Sep-2024 16:29:26 UTC] Term size trouvé: non
[17-Sep-2024 16:29:26 UTC] SKU: KC2941-40
[17-Sep-2024 16:29:26 UTC] Requête SQL: 
            SELECT p.ID FROM wpgsm_posts p
            WHERE p.post_parent = %d 
            AND p.post_type = 'product_variation'
            AND p.post_status IN ('publish', 'private')
         AND EXISTS (
                SELECT 1 FROM wpgsm_woocommerce_order_itemmeta oim
                WHERE oim.meta_key = %s
                AND oim.meta_value = %s
                AND oim.order_item_id = p.ID
            ) AND EXISTS (
                SELECT 1 FROM wpgsm_woocommerce_order_itemmeta oim
                WHERE oim.meta_key = %s
                AND oim.meta_value = %s
                AND oim.order_item_id = p.ID
            )
[17-Sep-2024 16:29:26 UTC] Params: Array
(
    [0] => 1149
    [1] => attribute_pa_color
    [2] => bois
    [3] => attribute_pa_size
    [4] => 
)

[17-Sep-2024 16:29:26 UTC] Variations trouvées: Array
(
)

[17-Sep-2024 16:29:26 UTC] Création de la variation pour le produit ID: 1149
[17-Sep-2024 16:29:26 UTC] Création variation pour produit 1149 avec SKU KC2941-40
[17-Sep-2024 16:29:26 UTC] Attributs: Array
(
    [pa_color] => bois
    [pa_size] => 
)

[17-Sep-2024 16:29:26 UTC] Stock: 21542
[17-Sep-2024 16:29:26 UTC] Prix: 3,02
[17-Sep-2024 16:29:26 UTC] Variation créée avec succès pour produit 1149
[17-Sep-2024 16:29:27 UTC] Couleur attribuée: Blanc
[17-Sep-2024 16:29:27 UTC] Taille attribuée: 
[17-Sep-2024 16:29:27 UTC] Term color trouvé: oui
[17-Sep-2024 16:29:27 UTC] Term size trouvé: non
[17-Sep-2024 16:29:27 UTC] SKU: KC2966-06
[17-Sep-2024 16:29:27 UTC] Requête SQL: 
            SELECT p.ID FROM wpgsm_posts p
            WHERE p.post_parent = %d 
            AND p.post_type = 'product_variation'
            AND p.post_status IN ('publish', 'private')
         AND EXISTS (
                SELECT 1 FROM wpgsm_woocommerce_order_itemmeta oim
                WHERE oim.meta_key = %s
                AND oim.meta_value = %s
                AND oim.order_item_id = p.ID
            ) AND EXISTS (
                SELECT 1 FROM wpgsm_woocommerce_order_itemmeta oim
                WHERE oim.meta_key = %s
                AND oim.meta_value = %s
                AND oim.order_item_id = p.ID
            )
[17-Sep-2024 16:29:27 UTC] Params: Array
(
    [0] => 1150
    [1] => attribute_pa_color
    [2] => blanc
    [3] => attribute_pa_size
    [4] => 
)

[17-Sep-2024 16:29:27 UTC] Variations trouvées: Array
(
)

[17-Sep-2024 16:29:27 UTC] Création de la variation pour le produit ID: 1150
[17-Sep-2024 16:29:27 UTC] Création variation pour produit 1150 avec SKU KC2966-06
[17-Sep-2024 16:29:27 UTC] Attributs: Array
(
    [pa_color] => blanc
    [pa_size] => 
)

[17-Sep-2024 16:29:27 UTC] Stock: 34918
[17-Sep-2024 16:29:27 UTC] Prix: 0,21
[17-Sep-2024 16:29:27 UTC] Variation créée avec succès pour produit 1150
[17-Sep-2024 16:29:27 UTC] Couleur attribuée: Noir
[17-Sep-2024 16:29:27 UTC] Taille attribuée: 
[17-Sep-2024 16:29:27 UTC] Term color trouvé: oui
[17-Sep-2024 16:29:27 UTC] Term size trouvé: non
[17-Sep-2024 16:29:27 UTC] SKU: KC2966-03
[17-Sep-2024 16:29:27 UTC] Requête SQL: 
            SELECT p.ID FROM wpgsm_posts p
            WHERE p.post_parent = %d 
            AND p.post_type = 'product_variation'
            AND p.post_status IN ('publish', 'private')
         AND EXISTS (
                SELECT 1 FROM wpgsm_woocommerce_order_itemmeta oim
                WHERE oim.meta_key = %s
                AND oim.meta_value = %s
                AND oim.order_item_id = p.ID
            ) AND EXISTS (
                SELECT 1 FROM wpgsm_woocommerce_order_itemmeta oim
                WHERE oim.meta_key = %s
                AND oim.meta_value = %s
                AND oim.order_item_id = p.ID
            )
[17-Sep-2024 16:29:27 UTC] Params: Array
(
    [0] => 1150
    [1] => attribute_pa_color
    [2] => noir
    [3] => attribute_pa_size
    [4] => 
)

[17-Sep-2024 16:29:27 UTC] Variations trouvées: Array
(
)

[17-Sep-2024 16:29:27 UTC] Création de la variation pour le produit ID: 1150
[17-Sep-2024 16:29:27 UTC] Création variation pour produit 1150 avec SKU KC2966-03
[17-Sep-2024 16:29:27 UTC] Attributs: Array
(
    [pa_color] => noir
    [pa_size] => 
)

[17-Sep-2024 16:29:27 UTC] Stock: 49912
[17-Sep-2024 16:29:27 UTC] Prix: 0,21
[17-Sep-2024 16:29:27 UTC] Variation créée avec succès pour produit 1150
[17-Sep-2024 16:29:27 UTC] Couleur attribuée: Transparent
[17-Sep-2024 16:29:27 UTC] Taille attribuée: 
[17-Sep-2024 16:29:27 UTC] Term color trouvé: oui
[17-Sep-2024 16:29:27 UTC] Term size trouvé: non
[17-Sep-2024 16:29:27 UTC] SKU: KC3102-22
[17-Sep-2024 16:29:27 UTC] Requête SQL: 
            SELECT p.ID FROM wpgsm_posts p
            WHERE p.post_parent = %d 
            AND p.post_type = 'product_variation'
            AND p.post_status IN ('publish', 'private')
         AND EXISTS (
                SELECT 1 FROM wpgsm_woocommerce_order_itemmeta oim
                WHERE oim.meta_key = %s
                AND oim.meta_value = %s
                AND oim.order_item_id = p.ID
            ) AND EXISTS (
                SELECT 1 FROM wpgsm_woocommerce_order_itemmeta oim
                WHERE oim.meta_key = %s
                AND oim.meta_value = %s
                AND oim.order_item_id = p.ID
            )
[17-Sep-2024 16:29:27 UTC] Params: Array
(
    [0] => 1151
    [1] => attribute_pa_color
    [2] => transparent
    [3] => attribute_pa_size
    [4] => 
)

[17-Sep-2024 16:29:27 UTC] Variations trouvées: Array
(
)

[17-Sep-2024 16:29:27 UTC] Création de la variation pour le produit ID: 1151
[17-Sep-2024 16:29:27 UTC] Création variation pour produit 1151 avec SKU KC3102-22
[17-Sep-2024 16:29:27 UTC] Attributs: Array
(
    [pa_color] => transparent
    [pa_size] => 
)

[17-Sep-2024 16:29:27 UTC] Stock: 0
[17-Sep-2024 16:29:27 UTC] Prix: 0,17
[17-Sep-2024 16:29:27 UTC] Variation créée avec succès pour produit 1151
[17-Sep-2024 16:29:27 UTC] Couleur attribuée: Bleu Transparent
[17-Sep-2024 16:29:27 UTC] Taille attribuée: 
[17-Sep-2024 16:29:27 UTC] Term color trouvé: oui
[17-Sep-2024 16:29:27 UTC] Term size trouvé: non
[17-Sep-2024 16:29:27 UTC] SKU: KC3314-23
[17-Sep-2024 16:29:27 UTC] Requête SQL: 
            SELECT p.ID FROM wpgsm_posts p
            WHERE p.post_parent = %d 
            AND p.post_type = 'product_variation'
            AND p.post_status IN ('publish', 'private')
         AND EXISTS (
                SELECT 1 FROM wpgsm_woocommerce_order_itemmeta oim
                WHERE oim.meta_key = %s
                AND oim.meta_value = %s
                AND oim.order_item_id = p.ID
            ) AND EXISTS (
                SELECT 1 FROM wpgsm_woocommerce_order_itemmeta oim
                WHERE oim.meta_key = %s
                AND oim.meta_value = %s
                AND oim.order_item_id = p.ID
            )
[17-Sep-2024 16:29:27 UTC] Params: Array
(
    [0] => 1152
    [1] => attribute_pa_color
    [2] => bleu-transparent
    [3] => attribute_pa_size
    [4] => 
)

[17-Sep-2024 16:29:27 UTC] Variations trouvées: Array
(
)

[17-Sep-2024 16:29:27 UTC] Création de la variation pour le produit ID: 1152
[17-Sep-2024 16:29:27 UTC] Création variation pour produit 1152 avec SKU KC3314-23
[17-Sep-2024 16:29:27 UTC] Attributs: Array
(
    [pa_color] => bleu-transparent
    [pa_size] => 
)

[17-Sep-2024 16:29:27 UTC] Stock: 14212
[17-Sep-2024 16:29:27 UTC] Prix: 0,10
[17-Sep-2024 16:29:27 UTC] Variation créée avec succès pour produit 1152
[17-Sep-2024 16:29:27 UTC] Couleur attribuée: Vert Transparent
[17-Sep-2024 16:29:27 UTC] Taille attribuée: 
[17-Sep-2024 16:29:27 UTC] Term color trouvé: oui
[17-Sep-2024 16:29:27 UTC] Term size trouvé: non
[17-Sep-2024 16:29:27 UTC] SKU: KC3314-24
[17-Sep-2024 16:29:27 UTC] Requête SQL: 
            SELECT p.ID FROM wpgsm_posts p
            WHERE p.post_parent = %d 
            AND p.post_type = 'product_variation'
            AND p.post_status IN ('publish', 'private')
         AND EXISTS (
                SELECT 1 FROM wpgsm_woocommerce_order_itemmeta oim
                WHERE oim.meta_key = %s
                AND oim.meta_value = %s
                AND oim.order_item_id = p.ID
            ) AND EXISTS (
                SELECT 1 FROM wpgsm_woocommerce_order_itemmeta oim
                WHERE oim.meta_key = %s
                AND oim.meta_value = %s
                AND oim.order_item_id = p.ID
            )
[17-Sep-2024 16:29:27 UTC] Params: Array
(
    [0] => 1152
    [1] => attribute_pa_color
    [2] => vert-transparent
    [3] => attribute_pa_size
    [4] => 
)

[17-Sep-2024 16:29:27 UTC] Variations trouvées: Array
(
)

[17-Sep-2024 16:29:27 UTC] Création de la variation pour le produit ID: 1152
[17-Sep-2024 16:29:27 UTC] Création variation pour produit 1152 avec SKU KC3314-24
[17-Sep-2024 16:29:27 UTC] Attributs: Array
(
    [pa_color] => vert-transparent
    [pa_size] => 
)

[17-Sep-2024 16:29:27 UTC] Stock: 33831
[17-Sep-2024 16:29:27 UTC] Prix: 0,10
[17-Sep-2024 16:29:27 UTC] Variation créée avec succès pour produit 1152
[17-Sep-2024 16:29:27 UTC] Couleur attribuée: Rouge Transparent
[17-Sep-2024 16:29:27 UTC] Taille attribuée: 
[17-Sep-2024 16:29:27 UTC] Term color trouvé: oui
[17-Sep-2024 16:29:27 UTC] Term size trouvé: non
[17-Sep-2024 16:29:27 UTC] SKU: KC3314-25
[17-Sep-2024 16:29:27 UTC] Requête SQL: 
            SELECT p.ID FROM wpgsm_posts p
            WHERE p.post_parent = %d 
            AND p.post_type = 'product_variation'
            AND p.post_status IN ('publish', 'private')
         AND EXISTS (
                SELECT 1 FROM wpgsm_woocommerce_order_itemmeta oim
                WHERE oim.meta_key = %s
                AND oim.meta_value = %s
                AND oim.order_item_id = p.ID
            ) AND EXISTS (
                SELECT 1 FROM wpgsm_woocommerce_order_itemmeta oim
                WHERE oim.meta_key = %s
                AND oim.meta_value = %s
                AND oim.order_item_id = p.ID
            )
[17-Sep-2024 16:29:27 UTC] Params: Array
(
    [0] => 1152
    [1] => attribute_pa_color
    [2] => rouge-transparent
    [3] => attribute_pa_size
    [4] => 
)

[17-Sep-2024 16:29:27 UTC] Variations trouvées: Array
(
)

[17-Sep-2024 16:29:27 UTC] Création de la variation pour le produit ID: 1152
[17-Sep-2024 16:29:27 UTC] Création variation pour produit 1152 avec SKU KC3314-25
[17-Sep-2024 16:29:27 UTC] Attributs: Array
(
    [pa_color] => rouge-transparent
    [pa_size] => 
)

[17-Sep-2024 16:29:27 UTC] Stock: 20853
[17-Sep-2024 16:29:27 UTC] Prix: 0,10
[17-Sep-2024 16:29:28 UTC] Variation créée avec succès pour produit 1152
[17-Sep-2024 16:29:28 UTC] Couleur attribuée: Orange Transparent
[17-Sep-2024 16:29:28 UTC] Taille attribuée: 
[17-Sep-2024 16:29:28 UTC] Term color trouvé: oui
[17-Sep-2024 16:29:28 UTC] Term size trouvé: non
[17-Sep-2024 16:29:28 UTC] SKU: KC3314-29
[17-Sep-2024 16:29:28 UTC] Requête SQL: 
            SELECT p.ID FROM wpgsm_posts p
            WHERE p.post_parent = %d 
            AND p.post_type = 'product_variation'
            AND p.post_status IN ('publish', 'private')
         AND EXISTS (
                SELECT 1 FROM wpgsm_woocommerce_order_itemmeta oim
                WHERE oim.meta_key = %s
                AND oim.meta_value = %s
                AND oim.order_item_id = p.ID
            ) AND EXISTS (
                SELECT 1 FROM wpgsm_woocommerce_order_itemmeta oim
                WHERE oim.meta_key = %s
                AND oim.meta_value = %s
                AND oim.order_item_id = p.ID
            )
[17-Sep-2024 16:29:28 UTC] Params: Array
(
    [0] => 1152
    [1] => attribute_pa_color
    [2] => orange-transparent
    [3] => attribute_pa_size
    [4] => 
)

[17-Sep-2024 16:29:28 UTC] Variations trouvées: Array
(
)

[17-Sep-2024 16:29:28 UTC] Création de la variation pour le produit ID: 1152
[17-Sep-2024 16:29:28 UTC] Création variation pour produit 1152 avec SKU KC3314-29
[17-Sep-2024 16:29:28 UTC] Attributs: Array
(
    [pa_color] => orange-transparent
    [pa_size] => 
)

[17-Sep-2024 16:29:28 UTC] Stock: 0
[17-Sep-2024 16:29:28 UTC] Prix: 0,10
[17-Sep-2024 16:29:28 UTC] Variation créée avec succès pour produit 1152
[17-Sep-2024 16:29:28 UTC] Couleur attribuée: Violet Transparent
[17-Sep-2024 16:29:28 UTC] Taille attribuée: 
[17-Sep-2024 16:29:28 UTC] Term color trouvé: oui
[17-Sep-2024 16:29:28 UTC] Term size trouvé: non
[17-Sep-2024 16:29:28 UTC] SKU: KC3314-32
[17-Sep-2024 16:29:28 UTC] Requête SQL: 
            SELECT p.ID FROM wpgsm_posts p
            WHERE p.post_parent = %d 
            AND p.post_type = 'product_variation'
            AND p.post_status IN ('publish', 'private')
         AND EXISTS (
                SELECT 1 FROM wpgsm_woocommerce_order_itemmeta oim
                WHERE oim.meta_key = %s
                AND oim.meta_value = %s
                AND oim.order_item_id = p.ID
            ) AND EXISTS (
                SELECT 1 FROM wpgsm_woocommerce_order_itemmeta oim
                WHERE oim.meta_key = %s
                AND oim.meta_value = %s
                AND oim.order_item_id = p.ID
            )
[17-Sep-2024 16:29:28 UTC] Params: Array
(
    [0] => 1152
    [1] => attribute_pa_color
    [2] => violet-transparent
    [3] => attribute_pa_size
    [4] => 
)

[17-Sep-2024 16:29:28 UTC] Variations trouvées: Array
(
)

[17-Sep-2024 16:29:28 UTC] Création de la variation pour le produit ID: 1152
[17-Sep-2024 16:29:28 UTC] Création variation pour produit 1152 avec SKU KC3314-32
[17-Sep-2024 16:29:28 UTC] Attributs: Array
(
    [pa_color] => violet-transparent
    [pa_size] => 
)

[17-Sep-2024 16:29:28 UTC] Stock: 24021
[17-Sep-2024 16:29:28 UTC] Prix: 0,10
[17-Sep-2024 16:29:28 UTC] Variation créée avec succès pour produit 1152
[17-Sep-2024 16:29:28 UTC] Couleur attribuée: Noir
[17-Sep-2024 16:29:28 UTC] Taille attribuée: 
[17-Sep-2024 16:29:28 UTC] Term color trouvé: oui
[17-Sep-2024 16:29:28 UTC] Term size trouvé: non
[17-Sep-2024 16:29:28 UTC] SKU: KC3314-03
[17-Sep-2024 16:29:28 UTC] Requête SQL: 
            SELECT p.ID FROM wpgsm_posts p
            WHERE p.post_parent = %d 
            AND p.post_type = 'product_variation'
            AND p.post_status IN ('publish', 'private')
         AND EXISTS (
                SELECT 1 FROM wpgsm_woocommerce_order_itemmeta oim
                WHERE oim.meta_key = %s
                AND oim.meta_value = %s
                AND oim.order_item_id = p.ID
            ) AND EXISTS (
                SELECT 1 FROM wpgsm_woocommerce_order_itemmeta oim
                WHERE oim.meta_key = %s
                AND oim.meta_value = %s
                AND oim.order_item_id = p.ID
            )
[17-Sep-2024 16:29:28 UTC] Params: Array
(
    [0] => 1152
    [1] => attribute_pa_color
    [2] => noir
    [3] => attribute_pa_size
    [4] => 
)

[17-Sep-2024 16:29:28 UTC] Variations trouvées: Array
(
)

[17-Sep-2024 16:29:28 UTC] Création de la variation pour le produit ID: 1152
[17-Sep-2024 16:29:28 UTC] Création variation pour produit 1152 avec SKU KC3314-03
[17-Sep-2024 16:29:28 UTC] Attributs: Array
(
    [pa_color] => noir
    [pa_size] => 
)

[17-Sep-2024 16:29:28 UTC] Stock: 54602
[17-Sep-2024 16:29:28 UTC] Prix: 0,10
[17-Sep-2024 16:29:28 UTC] Variation créée avec succès pour produit 1152
[17-Sep-2024 16:29:28 UTC] Couleur attribuée: Blanc
[17-Sep-2024 16:29:28 UTC] Taille attribuée: 
[17-Sep-2024 16:29:28 UTC] Term color trouvé: oui
[17-Sep-2024 16:29:28 UTC] Term size trouvé: non
[17-Sep-2024 16:29:28 UTC] SKU: KC3314-06
[17-Sep-2024 16:29:28 UTC] Requête SQL: 
            SELECT p.ID FROM wpgsm_posts p
            WHERE p.post_parent = %d 
            AND p.post_type = 'product_variation'
            AND p.post_status IN ('publish', 'private')
         AND EXISTS (
                SELECT 1 FROM wpgsm_woocommerce_order_itemmeta oim
                WHERE oim.meta_key = %s
                AND oim.meta_value = %s
                AND oim.order_item_id = p.ID
            ) AND EXISTS (
                SELECT 1 FROM wpgsm_woocommerce_order_itemmeta oim
                WHERE oim.meta_key = %s
                AND oim.meta_value = %s
                AND oim.order_item_id = p.ID
            )
[17-Sep-2024 16:29:28 UTC] Params: Array
(
    [0] => 1152
    [1] => attribute_pa_color
    [2] => blanc
    [3] => attribute_pa_size
    [4] => 
)

[17-Sep-2024 16:29:28 UTC] Variations trouvées: Array
(
)

[17-Sep-2024 16:29:28 UTC] Création de la variation pour le produit ID: 1152
[17-Sep-2024 16:29:28 UTC] Création variation pour produit 1152 avec SKU KC3314-06
[17-Sep-2024 16:29:28 UTC] Attributs: Array
(
    [pa_color] => blanc
    [pa_size] => 
)

[17-Sep-2024 16:29:28 UTC] Stock: 141225
[17-Sep-2024 16:29:28 UTC] Prix: 0,10
[17-Sep-2024 16:29:28 UTC] Variation créée avec succès pour produit 1152
[17-Sep-2024 16:29:28 UTC] Couleur attribuée: Turquoise
[17-Sep-2024 16:29:28 UTC] Taille attribuée: 
[17-Sep-2024 16:29:28 UTC] Term color trouvé: oui
[17-Sep-2024 16:29:28 UTC] Term size trouvé: non
[17-Sep-2024 16:29:28 UTC] SKU: KC3314-12
[17-Sep-2024 16:29:28 UTC] Requête SQL: 
            SELECT p.ID FROM wpgsm_posts p
            WHERE p.post_parent = %d 
            AND p.post_type = 'product_variation'
            AND p.post_status IN ('publish', 'private')
         AND EXISTS (
                SELECT 1 FROM wpgsm_woocommerce_order_itemmeta oim
                WHERE oim.meta_key = %s
                AND oim.meta_value = %s
                AND oim.order_item_id = p.ID
            ) AND EXISTS (
                SELECT 1 FROM wpgsm_woocommerce_order_itemmeta oim
                WHERE oim.meta_key = %s
                AND oim.meta_value = %s
                AND oim.order_item_id = p.ID
            )
[17-Sep-2024 16:29:28 UTC] Params: Array
(
    [0] => 1152
    [1] => attribute_pa_color
    [2] => turquoise
    [3] => attribute_pa_size
    [4] => 
)

[17-Sep-2024 16:29:28 UTC] Variations trouvées: Array
(
)

[17-Sep-2024 16:29:28 UTC] Création de la variation pour le produit ID: 1152
[17-Sep-2024 16:29:28 UTC] Création variation pour produit 1152 avec SKU KC3314-12
[17-Sep-2024 16:29:28 UTC] Attributs: Array
(
    [pa_color] => turquoise
    [pa_size] => 
)

[17-Sep-2024 16:29:28 UTC] Stock: 11
[17-Sep-2024 16:29:28 UTC] Prix: 0,10
[17-Sep-2024 16:29:28 UTC] Variation créée avec succès pour produit 1152
[17-Sep-2024 16:29:28 UTC] Couleur attribuée: Fuchsia
[17-Sep-2024 16:29:28 UTC] Taille attribuée: 
[17-Sep-2024 16:29:28 UTC] Term color trouvé: oui
[17-Sep-2024 16:29:28 UTC] Term size trouvé: non
[17-Sep-2024 16:29:28 UTC] SKU: KC3314-38
[17-Sep-2024 16:29:28 UTC] Requête SQL: 
            SELECT p.ID FROM wpgsm_posts p
            WHERE p.post_parent = %d 
            AND p.post_type = 'product_variation'
            AND p.post_status IN ('publish', 'private')
         AND EXISTS (
                SELECT 1 FROM wpgsm_woocommerce_order_itemmeta oim
                WHERE oim.meta_key = %s
                AND oim.meta_value = %s
                AND oim.order_item_id = p.ID
            ) AND EXISTS (
                SELECT 1 FROM wpgsm_woocommerce_order_itemmeta oim
                WHERE oim.meta_key = %s
                AND oim.meta_value = %s
                AND oim.order_item_id = p.ID
            )
[17-Sep-2024 16:29:28 UTC] Params: Array
(
    [0] => 1152
    [1] => attribute_pa_color
    [2] => fuchsia
    [3] => attribute_pa_size
    [4] => 
)

[17-Sep-2024 16:29:28 UTC] Variations trouvées: Array
(
)

[17-Sep-2024 16:29:28 UTC] Création de la variation pour le produit ID: 1152
[17-Sep-2024 16:29:28 UTC] Création variation pour produit 1152 avec SKU KC3314-38
[17-Sep-2024 16:29:28 UTC] Attributs: Array
(
    [pa_color] => fuchsia
    [pa_size] => 
)

[17-Sep-2024 16:29:28 UTC] Stock: 18513
[17-Sep-2024 16:29:28 UTC] Prix: 0,10
[17-Sep-2024 16:29:29 UTC] Variation créée avec succès pour produit 1152
[17-Sep-2024 16:29:29 UTC] Couleur attribuée: Argent
[17-Sep-2024 16:29:29 UTC] Taille attribuée: 
[17-Sep-2024 16:29:29 UTC] Term color trouvé: oui
[17-Sep-2024 16:29:29 UTC] Term size trouvé: non
[17-Sep-2024 16:29:29 UTC] SKU: KC3525-14
[17-Sep-2024 16:29:29 UTC] Requête SQL: 
            SELECT p.ID FROM wpgsm_posts p
            WHERE p.post_parent = %d 
            AND p.post_type = 'product_variation'
            AND p.post_status IN ('publish', 'private')
         AND EXISTS (
                SELECT 1 FROM wpgsm_woocommerce_order_itemmeta oim
                WHERE oim.meta_key = %s
                AND oim.meta_value = %s
                AND oim.order_item_id = p.ID
            ) AND EXISTS (
                SELECT 1 FROM wpgsm_woocommerce_order_itemmeta oim
                WHERE oim.meta_key = %s
                AND oim.meta_value = %s
                AND oim.order_item_id = p.ID
            )
[17-Sep-2024 16:29:29 UTC] Params: Array
(
    [0] => 1153
    [1] => attribute_pa_color
    [2] => argent
    [3] => attribute_pa_size
    [4] => 
)

[17-Sep-2024 16:29:29 UTC] Variations trouvées: Array
(
)

[17-Sep-2024 16:29:29 UTC] Création de la variation pour le produit ID: 1153
[17-Sep-2024 16:29:29 UTC] Création variation pour produit 1153 avec SKU KC3525-14
[17-Sep-2024 16:29:29 UTC] Attributs: Array
(
    [pa_color] => argent
    [pa_size] => 
)

[17-Sep-2024 16:29:29 UTC] Stock: 3247
[17-Sep-2024 16:29:29 UTC] Prix: 6,64
[17-Sep-2024 16:29:29 UTC] Variation créée avec succès pour produit 1153
[17-Sep-2024 16:29:29 UTC] Couleur attribuée: Noir
[17-Sep-2024 16:29:29 UTC] Taille attribuée: 
[17-Sep-2024 16:29:29 UTC] Term color trouvé: oui
[17-Sep-2024 16:29:29 UTC] Term size trouvé: non
[17-Sep-2024 16:29:29 UTC] SKU: KC4268-03
[17-Sep-2024 16:29:29 UTC] Requête SQL: 
            SELECT p.ID FROM wpgsm_posts p
            WHERE p.post_parent = %d 
            AND p.post_type = 'product_variation'
            AND p.post_status IN ('publish', 'private')
         AND EXISTS (
                SELECT 1 FROM wpgsm_woocommerce_order_itemmeta oim
                WHERE oim.meta_key = %s
                AND oim.meta_value = %s
                AND oim.order_item_id = p.ID
            ) AND EXISTS (
                SELECT 1 FROM wpgsm_woocommerce_order_itemmeta oim
                WHERE oim.meta_key = %s
                AND oim.meta_value = %s
                AND oim.order_item_id = p.ID
            )
[17-Sep-2024 16:29:29 UTC] Params: Array
(
    [0] => 1154
    [1] => attribute_pa_color
    [2] => noir
    [3] => attribute_pa_size
    [4] => 
)

[17-Sep-2024 16:29:29 UTC] Variations trouvées: Array
(
)

[17-Sep-2024 16:29:29 UTC] Création de la variation pour le produit ID: 1154
[17-Sep-2024 16:29:29 UTC] Création variation pour produit 1154 avec SKU KC4268-03
[17-Sep-2024 16:29:29 UTC] Attributs: Array
(
    [pa_color] => noir
    [pa_size] => 
)

[17-Sep-2024 16:29:29 UTC] Stock: 19674
[17-Sep-2024 16:29:29 UTC] Prix: 0,78
[17-Sep-2024 16:29:29 UTC] Variation créée avec succès pour produit 1154
[17-Sep-2024 16:29:29 UTC] Couleur attribuée: Blanc
[17-Sep-2024 16:29:29 UTC] Taille attribuée: 
[17-Sep-2024 16:29:29 UTC] Term color trouvé: oui
[17-Sep-2024 16:29:29 UTC] Term size trouvé: non
[17-Sep-2024 16:29:29 UTC] SKU: KC4268-06
[17-Sep-2024 16:29:29 UTC] Requête SQL: 
            SELECT p.ID FROM wpgsm_posts p
            WHERE p.post_parent = %d 
            AND p.post_type = 'product_variation'
            AND p.post_status IN ('publish', 'private')
         AND EXISTS (
                SELECT 1 FROM wpgsm_woocommerce_order_itemmeta oim
                WHERE oim.meta_key = %s
                AND oim.meta_value = %s
                AND oim.order_item_id = p.ID
            ) AND EXISTS (
                SELECT 1 FROM wpgsm_woocommerce_order_itemmeta oim
                WHERE oim.meta_key = %s
                AND oim.meta_value = %s
                AND oim.order_item_id = p.ID
            )
[17-Sep-2024 16:29:29 UTC] Params: Array
(
    [0] => 1154
    [1] => attribute_pa_color
    [2] => blanc
    [3] => attribute_pa_size
    [4] => 
)

[17-Sep-2024 16:29:29 UTC] Variations trouvées: Array
(
)

[17-Sep-2024 16:29:29 UTC] Création de la variation pour le produit ID: 1154
[17-Sep-2024 16:29:29 UTC] Création variation pour produit 1154 avec SKU KC4268-06
[17-Sep-2024 16:29:29 UTC] Attributs: Array
(
    [pa_color] => blanc
    [pa_size] => 
)

[17-Sep-2024 16:29:29 UTC] Stock: 2253
[17-Sep-2024 16:29:29 UTC] Prix: 0,78
[17-Sep-2024 16:29:29 UTC] Variation créée avec succès pour produit 1154
[17-Sep-2024 16:29:29 UTC] Couleur attribuée: Argent Brillant
[17-Sep-2024 16:29:29 UTC] Taille attribuée: 
[17-Sep-2024 16:29:29 UTC] Term color trouvé: oui
[17-Sep-2024 16:29:29 UTC] Term size trouvé: non
[17-Sep-2024 16:29:29 UTC] SKU: KC4298-17
[17-Sep-2024 16:29:29 UTC] Requête SQL: 
            SELECT p.ID FROM wpgsm_posts p
            WHERE p.post_parent = %d 
            AND p.post_type = 'product_variation'
            AND p.post_status IN ('publish', 'private')
         AND EXISTS (
                SELECT 1 FROM wpgsm_woocommerce_order_itemmeta oim
                WHERE oim.meta_key = %s
                AND oim.meta_value = %s
                AND oim.order_item_id = p.ID
            ) AND EXISTS (
                SELECT 1 FROM wpgsm_woocommerce_order_itemmeta oim
                WHERE oim.meta_key = %s
                AND oim.meta_value = %s
                AND oim.order_item_id = p.ID
            )
[17-Sep-2024 16:29:29 UTC] Params: Array
(
    [0] => 1155
    [1] => attribute_pa_color
    [2] => argent-brillant
    [3] => attribute_pa_size
    [4] => 
)

[17-Sep-2024 16:29:29 UTC] Variations trouvées: Array
(
)

[17-Sep-2024 16:29:29 UTC] Création de la variation pour le produit ID: 1155
[17-Sep-2024 16:29:29 UTC] Création variation pour produit 1155 avec SKU KC4298-17
[17-Sep-2024 16:29:29 UTC] Attributs: Array
(
    [pa_color] => argent-brillant
    [pa_size] => 
)

[17-Sep-2024 16:29:29 UTC] Stock: 2903
[17-Sep-2024 16:29:29 UTC] Prix: 12,83
[17-Sep-2024 16:29:29 UTC] Variation créée avec succès pour produit 1155
[17-Sep-2024 16:29:29 UTC] Couleur attribuée: Argent Mat
[17-Sep-2024 16:29:29 UTC] Taille attribuée: 
[17-Sep-2024 16:29:29 UTC] Term color trouvé: oui
[17-Sep-2024 16:29:29 UTC] Term size trouvé: non
[17-Sep-2024 16:29:29 UTC] SKU: KC4703-16
[17-Sep-2024 16:29:29 UTC] Requête SQL: 
            SELECT p.ID FROM wpgsm_posts p
            WHERE p.post_parent = %d 
            AND p.post_type = 'product_variation'
            AND p.post_status IN ('publish', 'private')
         AND EXISTS (
                SELECT 1 FROM wpgsm_woocommerce_order_itemmeta oim
                WHERE oim.meta_key = %s
                AND oim.meta_value = %s
                AND oim.order_item_id = p.ID
            ) AND EXISTS (
                SELECT 1 FROM wpgsm_woocommerce_order_itemmeta oim
                WHERE oim.meta_key = %s
                AND oim.meta_value = %s
                AND oim.order_item_id = p.ID
            )
[17-Sep-2024 16:29:29 UTC] Params: Array
(
    [0] => 1156
    [1] => attribute_pa_color
    [2] => argent-mat
    [3] => attribute_pa_size
    [4] => 
)

[17-Sep-2024 16:29:29 UTC] Variations trouvées: Array
(
)

[17-Sep-2024 16:29:29 UTC] Création de la variation pour le produit ID: 1156
[17-Sep-2024 16:29:29 UTC] Création variation pour produit 1156 avec SKU KC4703-16
[17-Sep-2024 16:29:29 UTC] Attributs: Array
(
    [pa_color] => argent-mat
    [pa_size] => 
)

[17-Sep-2024 16:29:29 UTC] Stock: 5112
[17-Sep-2024 16:29:29 UTC] Prix: 2,89
[17-Sep-2024 16:29:29 UTC] Variation créée avec succès pour produit 1156
[17-Sep-2024 16:29:29 UTC] Couleur attribuée: Blanc
[17-Sep-2024 16:29:29 UTC] Taille attribuée: 
[17-Sep-2024 16:29:29 UTC] Term color trouvé: oui
[17-Sep-2024 16:29:29 UTC] Term size trouvé: non
[17-Sep-2024 16:29:29 UTC] SKU: KC4861-06
[17-Sep-2024 16:29:29 UTC] Requête SQL: 
            SELECT p.ID FROM wpgsm_posts p
            WHERE p.post_parent = %d 
            AND p.post_type = 'product_variation'
            AND p.post_status IN ('publish', 'private')
         AND EXISTS (
                SELECT 1 FROM wpgsm_woocommerce_order_itemmeta oim
                WHERE oim.meta_key = %s
                AND oim.meta_value = %s
                AND oim.order_item_id = p.ID
            ) AND EXISTS (
                SELECT 1 FROM wpgsm_woocommerce_order_itemmeta oim
                WHERE oim.meta_key = %s
                AND oim.meta_value = %s
                AND oim.order_item_id = p.ID
            )
[17-Sep-2024 16:29:29 UTC] Params: Array
(
    [0] => 1157
    [1] => attribute_pa_color
    [2] => blanc
    [3] => attribute_pa_size
    [4] => 
)

[17-Sep-2024 16:29:29 UTC] Variations trouvées: Array
(
)

[17-Sep-2024 16:29:29 UTC] Création de la variation pour le produit ID: 1157
[17-Sep-2024 16:29:29 UTC] Création variation pour produit 1157 avec SKU KC4861-06
[17-Sep-2024 16:29:29 UTC] Attributs: Array
(
    [pa_color] => blanc
    [pa_size] => 
)

[17-Sep-2024 16:29:29 UTC] Stock: 20886
[17-Sep-2024 16:29:29 UTC] Prix: 0,31
[17-Sep-2024 16:29:29 UTC] Variation créée avec succès pour produit 1157
[17-Sep-2024 16:29:29 UTC] Couleur attribuée: Noir
[17-Sep-2024 16:29:29 UTC] Taille attribuée: 
[17-Sep-2024 16:29:29 UTC] Term color trouvé: oui
[17-Sep-2024 16:29:29 UTC] Term size trouvé: non
[17-Sep-2024 16:29:29 UTC] SKU: KC5078-03
[17-Sep-2024 16:29:29 UTC] Requête SQL: 
            SELECT p.ID FROM wpgsm_posts p
            WHERE p.post_parent = %d 
            AND p.post_type = 'product_variation'
            AND p.post_status IN ('publish', 'private')
         AND EXISTS (
                SELECT 1 FROM wpgsm_woocommerce_order_itemmeta oim
                WHERE oim.meta_key = %s
                AND oim.meta_value = %s
                AND oim.order_item_id = p.ID
            ) AND EXISTS (
                SELECT 1 FROM wpgsm_woocommerce_order_itemmeta oim
                WHERE oim.meta_key = %s
                AND oim.meta_value = %s
                AND oim.order_item_id = p.ID
            )
[17-Sep-2024 16:29:29 UTC] Params: Array
(
    [0] => 1158
    [1] => attribute_pa_color
    [2] => noir
    [3] => attribute_pa_size
    [4] => 
)

[17-Sep-2024 16:29:29 UTC] Variations trouvées: Array
(
)

[17-Sep-2024 16:29:29 UTC] Création de la variation pour le produit ID: 1158
[17-Sep-2024 16:29:29 UTC] Création variation pour produit 1158 avec SKU KC5078-03
[17-Sep-2024 16:29:29 UTC] Attributs: Array
(
    [pa_color] => noir
    [pa_size] => 
)

[17-Sep-2024 16:29:29 UTC] Stock: 3536
[17-Sep-2024 16:29:29 UTC] Prix: 7,32
[17-Sep-2024 16:29:29 UTC] Variation créée avec succès pour produit 1158
[17-Sep-2024 16:29:29 UTC] Couleur attribuée: Jaune
[17-Sep-2024 16:29:29 UTC] Taille attribuée: 
[17-Sep-2024 16:29:29 UTC] Term color trouvé: oui
[17-Sep-2024 16:29:29 UTC] Term size trouvé: non
[17-Sep-2024 16:29:29 UTC] SKU: KC5101-08
[17-Sep-2024 16:29:29 UTC] Requête SQL: 
            SELECT p.ID FROM wpgsm_posts p
            WHERE p.post_parent = %d 
            AND p.post_type = 'product_variation'
            AND p.post_status IN ('publish', 'private')
         AND EXISTS (
                SELECT 1 FROM wpgsm_woocommerce_order_itemmeta oim
                WHERE oim.meta_key = %s
                AND oim.meta_value = %s
                AND oim.order_item_id = p.ID
            ) AND EXISTS (
                SELECT 1 FROM wpgsm_woocommerce_order_itemmeta oim
                WHERE oim.meta_key = %s
                AND oim.meta_value = %s
                AND oim.order_item_id = p.ID
            )
[17-Sep-2024 16:29:29 UTC] Params: Array
(
    [0] => 1159
    [1] => attribute_pa_color
    [2] => jaune
    [3] => attribute_pa_size
    [4] => 
)

[17-Sep-2024 16:29:29 UTC] Variations trouvées: Array
(
)

[17-Sep-2024 16:29:29 UTC] Création de la variation pour le produit ID: 1159
[17-Sep-2024 16:29:29 UTC] Création variation pour produit 1159 avec SKU KC5101-08
[17-Sep-2024 16:29:29 UTC] Attributs: Array
(
    [pa_color] => jaune
    [pa_size] => 
)

[17-Sep-2024 16:29:29 UTC] Stock: 4874
[17-Sep-2024 16:29:29 UTC] Prix: 2,80
[17-Sep-2024 16:29:29 UTC] Variation créée avec succès pour produit 1159
[17-Sep-2024 16:29:29 UTC] Couleur attribuée: Bleu
[17-Sep-2024 16:29:29 UTC] Taille attribuée: 
[17-Sep-2024 16:29:29 UTC] Term color trouvé: oui
[17-Sep-2024 16:29:29 UTC] Term size trouvé: non
[17-Sep-2024 16:29:29 UTC] SKU: KC5101-04
[17-Sep-2024 16:29:29 UTC] Requête SQL: 
            SELECT p.ID FROM wpgsm_posts p
            WHERE p.post_parent = %d 
            AND p.post_type = 'product_variation'
            AND p.post_status IN ('publish', 'private')
         AND EXISTS (
                SELECT 1 FROM wpgsm_woocommerce_order_itemmeta oim
                WHERE oim.meta_key = %s
                AND oim.meta_value = %s
                AND oim.order_item_id = p.ID
            ) AND EXISTS (
                SELECT 1 FROM wpgsm_woocommerce_order_itemmeta oim
                WHERE oim.meta_key = %s
                AND oim.meta_value = %s
                AND oim.order_item_id = p.ID
            )
[17-Sep-2024 16:29:29 UTC] Params: Array
(
    [0] => 1159
    [1] => attribute_pa_color
    [2] => bleu
    [3] => attribute_pa_size
    [4] => 
)

[17-Sep-2024 16:29:29 UTC] Variations trouvées: Array
(
)

[17-Sep-2024 16:29:29 UTC] Création de la variation pour le produit ID: 1159
[17-Sep-2024 16:29:29 UTC] Création variation pour produit 1159 avec SKU KC5101-04
[17-Sep-2024 16:29:29 UTC] Attributs: Array
(
    [pa_color] => bleu
    [pa_size] => 
)

[17-Sep-2024 16:29:29 UTC] Stock: 3283
[17-Sep-2024 16:29:29 UTC] Prix: 2,80
[17-Sep-2024 16:29:29 UTC] Variation créée avec succès pour produit 1159
[17-Sep-2024 16:29:29 UTC] Couleur attribuée: Noir
[17-Sep-2024 16:29:29 UTC] Taille attribuée: 
[17-Sep-2024 16:29:29 UTC] Term color trouvé: oui
[17-Sep-2024 16:29:29 UTC] Term size trouvé: non
[17-Sep-2024 16:29:29 UTC] SKU: KC5101-03
[17-Sep-2024 16:29:29 UTC] Requête SQL: 
            SELECT p.ID FROM wpgsm_posts p
            WHERE p.post_parent = %d 
            AND p.post_type = 'product_variation'
            AND p.post_status IN ('publish', 'private')
         AND EXISTS (
                SELECT 1 FROM wpgsm_woocommerce_order_itemmeta oim
                WHERE oim.meta_key = %s
                AND oim.meta_value = %s
                AND oim.order_item_id = p.ID
            ) AND EXISTS (
                SELECT 1 FROM wpgsm_woocommerce_order_itemmeta oim
                WHERE oim.meta_key = %s
                AND oim.meta_value = %s
                AND oim.order_item_id = p.ID
            )
[17-Sep-2024 16:29:29 UTC] Params: Array
(
    [0] => 1159
    [1] => attribute_pa_color
    [2] => noir
    [3] => attribute_pa_size
    [4] => 
)

[17-Sep-2024 16:29:29 UTC] Variations trouvées: Array
(
)

[17-Sep-2024 16:29:29 UTC] Création de la variation pour le produit ID: 1159
[17-Sep-2024 16:29:29 UTC] Création variation pour produit 1159 avec SKU KC5101-03
[17-Sep-2024 16:29:29 UTC] Attributs: Array
(
    [pa_color] => noir
    [pa_size] => 
)

[17-Sep-2024 16:29:29 UTC] Stock: 7621
[17-Sep-2024 16:29:29 UTC] Prix: 2,80
[17-Sep-2024 16:29:30 UTC] Variation créée avec succès pour produit 1159
[17-Sep-2024 16:29:30 UTC] Couleur attribuée: Blanc
[17-Sep-2024 16:29:30 UTC] Taille attribuée: 
[17-Sep-2024 16:29:30 UTC] Term color trouvé: oui
[17-Sep-2024 16:29:30 UTC] Term size trouvé: non
[17-Sep-2024 16:29:30 UTC] SKU: KC5101-06
[17-Sep-2024 16:29:30 UTC] Requête SQL: 
            SELECT p.ID FROM wpgsm_posts p
            WHERE p.post_parent = %d 
            AND p.post_type = 'product_variation'
            AND p.post_status IN ('publish', 'private')
         AND EXISTS (
                SELECT 1 FROM wpgsm_woocommerce_order_itemmeta oim
                WHERE oim.meta_key = %s
                AND oim.meta_value = %s
                AND oim.order_item_id = p.ID
            ) AND EXISTS (
                SELECT 1 FROM wpgsm_woocommerce_order_itemmeta oim
                WHERE oim.meta_key = %s
                AND oim.meta_value = %s
                AND oim.order_item_id = p.ID
            )
[17-Sep-2024 16:29:30 UTC] Params: Array
(
    [0] => 1159
    [1] => attribute_pa_color
    [2] => blanc
    [3] => attribute_pa_size
    [4] => 
)

[17-Sep-2024 16:29:30 UTC] Variations trouvées: Array
(
)

[17-Sep-2024 16:29:30 UTC] Création de la variation pour le produit ID: 1159
[17-Sep-2024 16:29:30 UTC] Création variation pour produit 1159 avec SKU KC5101-06
[17-Sep-2024 16:29:30 UTC] Attributs: Array
(
    [pa_color] => blanc
    [pa_size] => 
)

[17-Sep-2024 16:29:30 UTC] Stock: 1194
[17-Sep-2024 16:29:30 UTC] Prix: 2,80
[17-Sep-2024 16:29:30 UTC] Variation créée avec succès pour produit 1159
[17-Sep-2024 16:29:30 UTC] Couleur attribuée: Vert
[17-Sep-2024 16:29:30 UTC] Taille attribuée: 
[17-Sep-2024 16:29:30 UTC] Term color trouvé: oui
[17-Sep-2024 16:29:30 UTC] Term size trouvé: non
[17-Sep-2024 16:29:30 UTC] SKU: KC5131-09
[17-Sep-2024 16:29:30 UTC] Requête SQL: 
            SELECT p.ID FROM wpgsm_posts p
            WHERE p.post_parent = %d 
            AND p.post_type = 'product_variation'
            AND p.post_status IN ('publish', 'private')
         AND EXISTS (
                SELECT 1 FROM wpgsm_woocommerce_order_itemmeta oim
                WHERE oim.meta_key = %s
                AND oim.meta_value = %s
                AND oim.order_item_id = p.ID
            ) AND EXISTS (
                SELECT 1 FROM wpgsm_woocommerce_order_itemmeta oim
                WHERE oim.meta_key = %s
                AND oim.meta_value = %s
                AND oim.order_item_id = p.ID
            )
[17-Sep-2024 16:29:30 UTC] Params: Array
(
    [0] => 1160
    [1] => attribute_pa_color
    [2] => vert
    [3] => attribute_pa_size
    [4] => 
)

[17-Sep-2024 16:29:30 UTC] Variations trouvées: Array
(
)

[17-Sep-2024 16:29:30 UTC] Création de la variation pour le produit ID: 1160
[17-Sep-2024 16:29:30 UTC] Création variation pour produit 1160 avec SKU KC5131-09
[17-Sep-2024 16:29:30 UTC] Attributs: Array
(
    [pa_color] => vert
    [pa_size] => 
)

[17-Sep-2024 16:29:30 UTC] Stock: 3180
[17-Sep-2024 16:29:30 UTC] Prix: 3,43
[17-Sep-2024 16:29:30 UTC] Variation créée avec succès pour produit 1160
[17-Sep-2024 16:29:30 UTC] Couleur attribuée: Bleu
[17-Sep-2024 16:29:30 UTC] Taille attribuée: 
[17-Sep-2024 16:29:30 UTC] Term color trouvé: oui
[17-Sep-2024 16:29:30 UTC] Term size trouvé: non
[17-Sep-2024 16:29:30 UTC] SKU: KC5131-04
[17-Sep-2024 16:29:30 UTC] Requête SQL: 
            SELECT p.ID FROM wpgsm_posts p
            WHERE p.post_parent = %d 
            AND p.post_type = 'product_variation'
            AND p.post_status IN ('publish', 'private')
         AND EXISTS (
                SELECT 1 FROM wpgsm_woocommerce_order_itemmeta oim
                WHERE oim.meta_key = %s
                AND oim.meta_value = %s
                AND oim.order_item_id = p.ID
            ) AND EXISTS (
                SELECT 1 FROM wpgsm_woocommerce_order_itemmeta oim
                WHERE oim.meta_key = %s
                AND oim.meta_value = %s
                AND oim.order_item_id = p.ID
            )
[17-Sep-2024 16:29:30 UTC] Params: Array
(
    [0] => 1160
    [1] => attribute_pa_color
    [2] => bleu
    [3] => attribute_pa_size
    [4] => 
)

[17-Sep-2024 16:29:30 UTC] Variations trouvées: Array
(
)

[17-Sep-2024 16:29:30 UTC] Création de la variation pour le produit ID: 1160
[17-Sep-2024 16:29:30 UTC] Création variation pour produit 1160 avec SKU KC5131-04
[17-Sep-2024 16:29:30 UTC] Attributs: Array
(
    [pa_color] => bleu
    [pa_size] => 
)

[17-Sep-2024 16:29:30 UTC] Stock: 4410
[17-Sep-2024 16:29:30 UTC] Prix: 3,43
[17-Sep-2024 16:29:30 UTC] Variation créée avec succès pour produit 1160
[17-Sep-2024 16:29:30 UTC] Couleur attribuée: Noir
[17-Sep-2024 16:29:30 UTC] Taille attribuée: 
[17-Sep-2024 16:29:30 UTC] Term color trouvé: oui
[17-Sep-2024 16:29:30 UTC] Term size trouvé: non
[17-Sep-2024 16:29:30 UTC] SKU: KC5131-03
[17-Sep-2024 16:29:30 UTC] Requête SQL: 
            SELECT p.ID FROM wpgsm_posts p
            WHERE p.post_parent = %d 
            AND p.post_type = 'product_variation'
            AND p.post_status IN ('publish', 'private')
         AND EXISTS (
                SELECT 1 FROM wpgsm_woocommerce_order_itemmeta oim
                WHERE oim.meta_key = %s
                AND oim.meta_value = %s
                AND oim.order_item_id = p.ID
            ) AND EXISTS (
                SELECT 1 FROM wpgsm_woocommerce_order_itemmeta oim
                WHERE oim.meta_key = %s
                AND oim.meta_value = %s
                AND oim.order_item_id = p.ID
            )
[17-Sep-2024 16:29:30 UTC] Params: Array
(
    [0] => 1160
    [1] => attribute_pa_color
    [2] => noir
    [3] => attribute_pa_size
    [4] => 
)

[17-Sep-2024 16:29:30 UTC] Variations trouvées: Array
(
)

[17-Sep-2024 16:29:30 UTC] Création de la variation pour le produit ID: 1160
[17-Sep-2024 16:29:30 UTC] Création variation pour produit 1160 avec SKU KC5131-03
[17-Sep-2024 16:29:30 UTC] Attributs: Array
(
    [pa_color] => noir
    [pa_size] => 
)

[17-Sep-2024 16:29:30 UTC] Stock: 16805
[17-Sep-2024 16:29:30 UTC] Prix: 3,43
[17-Sep-2024 16:29:30 UTC] Variation créée avec succès pour produit 1160
[17-Sep-2024 16:29:30 UTC] Couleur attribuée: Bordeaux
[17-Sep-2024 16:29:30 UTC] Taille attribuée: 
[17-Sep-2024 16:29:30 UTC] Term color trouvé: oui
[17-Sep-2024 16:29:30 UTC] Term size trouvé: non
[17-Sep-2024 16:29:30 UTC] SKU: KC5131-02
[17-Sep-2024 16:29:30 UTC] Requête SQL: 
            SELECT p.ID FROM wpgsm_posts p
            WHERE p.post_parent = %d 
            AND p.post_type = 'product_variation'
            AND p.post_status IN ('publish', 'private')
         AND EXISTS (
                SELECT 1 FROM wpgsm_woocommerce_order_itemmeta oim
                WHERE oim.meta_key = %s
                AND oim.meta_value = %s
                AND oim.order_item_id = p.ID
            ) AND EXISTS (
                SELECT 1 FROM wpgsm_woocommerce_order_itemmeta oim
                WHERE oim.meta_key = %s
                AND oim.meta_value = %s
                AND oim.order_item_id = p.ID
            )
[17-Sep-2024 16:29:30 UTC] Params: Array
(
    [0] => 1160
    [1] => attribute_pa_color
    [2] => bordeaux
    [3] => attribute_pa_size
    [4] => 
)

[17-Sep-2024 16:29:30 UTC] Variations trouvées: Array
(
)

[17-Sep-2024 16:29:30 UTC] Création de la variation pour le produit ID: 1160
[17-Sep-2024 16:29:30 UTC] Création variation pour produit 1160 avec SKU KC5131-02
[17-Sep-2024 16:29:30 UTC] Attributs: Array
(
    [pa_color] => bordeaux
    [pa_size] => 
)

[17-Sep-2024 16:29:30 UTC] Stock: 16
[17-Sep-2024 16:29:30 UTC] Prix: 3,43
[17-Sep-2024 16:29:30 UTC] Variation créée avec succès pour produit 1160
[17-Sep-2024 16:29:30 UTC] Couleur attribuée: Rouge
[17-Sep-2024 16:29:30 UTC] Taille attribuée: 
[17-Sep-2024 16:29:30 UTC] Term color trouvé: oui
[17-Sep-2024 16:29:30 UTC] Term size trouvé: non
[17-Sep-2024 16:29:30 UTC] SKU: KC5131-05
[17-Sep-2024 16:29:30 UTC] Requête SQL: 
            SELECT p.ID FROM wpgsm_posts p
            WHERE p.post_parent = %d 
            AND p.post_type = 'product_variation'
            AND p.post_status IN ('publish', 'private')
         AND EXISTS (
                SELECT 1 FROM wpgsm_woocommerce_order_itemmeta oim
                WHERE oim.meta_key = %s
                AND oim.meta_value = %s
                AND oim.order_item_id = p.ID
            ) AND EXISTS (
                SELECT 1 FROM wpgsm_woocommerce_order_itemmeta oim
                WHERE oim.meta_key = %s
                AND oim.meta_value = %s
                AND oim.order_item_id = p.ID
            )
[17-Sep-2024 16:29:30 UTC] Params: Array
(
    [0] => 1160
    [1] => attribute_pa_color
    [2] => rouge
    [3] => attribute_pa_size
    [4] => 
)

[17-Sep-2024 16:29:30 UTC] Variations trouvées: Array
(
)

[17-Sep-2024 16:29:30 UTC] Création de la variation pour le produit ID: 1160
[17-Sep-2024 16:29:30 UTC] Création variation pour produit 1160 avec SKU KC5131-05
[17-Sep-2024 16:29:30 UTC] Attributs: Array
(
    [pa_color] => rouge
    [pa_size] => 
)

[17-Sep-2024 16:29:30 UTC] Stock: 4772
[17-Sep-2024 16:29:30 UTC] Prix: 3,43
[17-Sep-2024 16:29:30 UTC] Variation créée avec succès pour produit 1160
[17-Sep-2024 16:29:30 UTC] Couleur attribuée: Blanc
[17-Sep-2024 16:29:30 UTC] Taille attribuée: 
[17-Sep-2024 16:29:30 UTC] Term color trouvé: oui
[17-Sep-2024 16:29:30 UTC] Term size trouvé: non
[17-Sep-2024 16:29:30 UTC] SKU: KC5131-06
[17-Sep-2024 16:29:30 UTC] Requête SQL: 
            SELECT p.ID FROM wpgsm_posts p
            WHERE p.post_parent = %d 
            AND p.post_type = 'product_variation'
            AND p.post_status IN ('publish', 'private')
         AND EXISTS (
                SELECT 1 FROM wpgsm_woocommerce_order_itemmeta oim
                WHERE oim.meta_key = %s
                AND oim.meta_value = %s
                AND oim.order_item_id = p.ID
            ) AND EXISTS (
                SELECT 1 FROM wpgsm_woocommerce_order_itemmeta oim
                WHERE oim.meta_key = %s
                AND oim.meta_value = %s
                AND oim.order_item_id = p.ID
            )
[17-Sep-2024 16:29:30 UTC] Params: Array
(
    [0] => 1160
    [1] => attribute_pa_color
    [2] => blanc
    [3] => attribute_pa_size
    [4] => 
)

[17-Sep-2024 16:29:30 UTC] Variations trouvées: Array
(
)

[17-Sep-2024 16:29:30 UTC] Création de la variation pour le produit ID: 1160
[17-Sep-2024 16:29:30 UTC] Création variation pour produit 1160 avec SKU KC5131-06
[17-Sep-2024 16:29:30 UTC] Attributs: Array
(
    [pa_color] => blanc
    [pa_size] => 
)

[17-Sep-2024 16:29:30 UTC] Stock: 3353
[17-Sep-2024 16:29:30 UTC] Prix: 3,43
[17-Sep-2024 16:29:30 UTC] Variation créée avec succès pour produit 1160
[17-Sep-2024 16:29:30 UTC] Couleur attribuée: Gris
[17-Sep-2024 16:29:30 UTC] Taille attribuée: 
[17-Sep-2024 16:29:30 UTC] Term color trouvé: oui
[17-Sep-2024 16:29:30 UTC] Term size trouvé: non
[17-Sep-2024 16:29:30 UTC] SKU: KC5131-07
[17-Sep-2024 16:29:30 UTC] Requête SQL: 
            SELECT p.ID FROM wpgsm_posts p
            WHERE p.post_parent = %d 
            AND p.post_type = 'product_variation'
            AND p.post_status IN ('publish', 'private')
         AND EXISTS (
                SELECT 1 FROM wpgsm_woocommerce_order_itemmeta oim
                WHERE oim.meta_key = %s
                AND oim.meta_value = %s
                AND oim.order_item_id = p.ID
            ) AND EXISTS (
                SELECT 1 FROM wpgsm_woocommerce_order_itemmeta oim
                WHERE oim.meta_key = %s
                AND oim.meta_value = %s
                AND oim.order_item_id = p.ID
            )
[17-Sep-2024 16:29:30 UTC] Params: Array
(
    [0] => 1160
    [1] => attribute_pa_color
    [2] => gris
    [3] => attribute_pa_size
    [4] => 
)

[17-Sep-2024 16:29:30 UTC] Variations trouvées: Array
(
)

[17-Sep-2024 16:29:30 UTC] Création de la variation pour le produit ID: 1160
[17-Sep-2024 16:29:30 UTC] Création variation pour produit 1160 avec SKU KC5131-07
[17-Sep-2024 16:29:30 UTC] Attributs: Array
(
    [pa_color] => gris
    [pa_size] => 
)

[17-Sep-2024 16:29:30 UTC] Stock: 5185
[17-Sep-2024 16:29:30 UTC] Prix: 3,43
[17-Sep-2024 16:29:30 UTC] Variation créée avec succès pour produit 1160
[17-Sep-2024 16:29:30 UTC] Couleur attribuée: Bleu Royal
[17-Sep-2024 16:29:30 UTC] Taille attribuée: 
[17-Sep-2024 16:29:30 UTC] Term color trouvé: oui
[17-Sep-2024 16:29:30 UTC] Term size trouvé: non
[17-Sep-2024 16:29:30 UTC] SKU: KC5131-37
[17-Sep-2024 16:29:30 UTC] Requête SQL: 
            SELECT p.ID FROM wpgsm_posts p
            WHERE p.post_parent = %d 
            AND p.post_type = 'product_variation'
            AND p.post_status IN ('publish', 'private')
         AND EXISTS (
                SELECT 1 FROM wpgsm_woocommerce_order_itemmeta oim
                WHERE oim.meta_key = %s
                AND oim.meta_value = %s
                AND oim.order_item_id = p.ID
            ) AND EXISTS (
                SELECT 1 FROM wpgsm_woocommerce_order_itemmeta oim
                WHERE oim.meta_key = %s
                AND oim.meta_value = %s
                AND oim.order_item_id = p.ID
            )
[17-Sep-2024 16:29:30 UTC] Params: Array
(
    [0] => 1160
    [1] => attribute_pa_color
    [2] => bleu-royal
    [3] => attribute_pa_size
    [4] => 
)

[17-Sep-2024 16:29:30 UTC] Variations trouvées: Array
(
)

[17-Sep-2024 16:29:30 UTC] Création de la variation pour le produit ID: 1160
[17-Sep-2024 16:29:30 UTC] Création variation pour produit 1160 avec SKU KC5131-37
[17-Sep-2024 16:29:30 UTC] Attributs: Array
(
    [pa_color] => bleu-royal
    [pa_size] => 
)

[17-Sep-2024 16:29:30 UTC] Stock: 2414
[17-Sep-2024 16:29:30 UTC] Prix: 3,43
[17-Sep-2024 16:29:30 UTC] Variation créée avec succès pour produit 1160
[17-Sep-2024 16:29:30 UTC] Couleur attribuée: Orange
[17-Sep-2024 16:29:30 UTC] Taille attribuée: 
[17-Sep-2024 16:29:30 UTC] Term color trouvé: oui
[17-Sep-2024 16:29:30 UTC] Term size trouvé: non
[17-Sep-2024 16:29:30 UTC] SKU: KC5131-10
[17-Sep-2024 16:29:30 UTC] Requête SQL: 
            SELECT p.ID FROM wpgsm_posts p
            WHERE p.post_parent = %d 
            AND p.post_type = 'product_variation'
            AND p.post_status IN ('publish', 'private')
         AND EXISTS (
                SELECT 1 FROM wpgsm_woocommerce_order_itemmeta oim
                WHERE oim.meta_key = %s
                AND oim.meta_value = %s
                AND oim.order_item_id = p.ID
            ) AND EXISTS (
                SELECT 1 FROM wpgsm_woocommerce_order_itemmeta oim
                WHERE oim.meta_key = %s
                AND oim.meta_value = %s
                AND oim.order_item_id = p.ID
            )
[17-Sep-2024 16:29:30 UTC] Params: Array
(
    [0] => 1160
    [1] => attribute_pa_color
    [2] => orange
    [3] => attribute_pa_size
    [4] => 
)

[17-Sep-2024 16:29:30 UTC] Variations trouvées: Array
(
)

[17-Sep-2024 16:29:30 UTC] Création de la variation pour le produit ID: 1160
[17-Sep-2024 16:29:30 UTC] Création variation pour produit 1160 avec SKU KC5131-10
[17-Sep-2024 16:29:30 UTC] Attributs: Array
(
    [pa_color] => orange
    [pa_size] => 
)

[17-Sep-2024 16:29:30 UTC] Stock: 692
[17-Sep-2024 16:29:30 UTC] Prix: 3,43
[17-Sep-2024 16:29:30 UTC] Variation créée avec succès pour produit 1160
[17-Sep-2024 16:29:30 UTC] Couleur attribuée: Vert
[17-Sep-2024 16:29:30 UTC] Taille attribuée: 
[17-Sep-2024 16:29:30 UTC] Term color trouvé: oui
[17-Sep-2024 16:29:30 UTC] Term size trouvé: non
[17-Sep-2024 16:29:30 UTC] SKU: KC5132-09
[17-Sep-2024 16:29:30 UTC] Requête SQL: 
            SELECT p.ID FROM wpgsm_posts p
            WHERE p.post_parent = %d 
            AND p.post_type = 'product_variation'
            AND p.post_status IN ('publish', 'private')
         AND EXISTS (
                SELECT 1 FROM wpgsm_woocommerce_order_itemmeta oim
                WHERE oim.meta_key = %s
                AND oim.meta_value = %s
                AND oim.order_item_id = p.ID
            ) AND EXISTS (
                SELECT 1 FROM wpgsm_woocommerce_order_itemmeta oim
                WHERE oim.meta_key = %s
                AND oim.meta_value = %s
                AND oim.order_item_id = p.ID
            )
[17-Sep-2024 16:29:30 UTC] Params: Array
(
    [0] => 1161
    [1] => attribute_pa_color
    [2] => vert
    [3] => attribute_pa_size
    [4] => 
)

[17-Sep-2024 16:29:30 UTC] Variations trouvées: Array
(
)

[17-Sep-2024 16:29:30 UTC] Création de la variation pour le produit ID: 1161
[17-Sep-2024 16:29:30 UTC] Création variation pour produit 1161 avec SKU KC5132-09
[17-Sep-2024 16:29:30 UTC] Attributs: Array
(
    [pa_color] => vert
    [pa_size] => 
)

[17-Sep-2024 16:29:30 UTC] Stock: 0
[17-Sep-2024 16:29:30 UTC] Prix: 3,20
[17-Sep-2024 16:29:31 UTC] Variation créée avec succès pour produit 1161
[17-Sep-2024 16:29:31 UTC] Couleur attribuée: Blanc
[17-Sep-2024 16:29:31 UTC] Taille attribuée: 
[17-Sep-2024 16:29:31 UTC] Term color trouvé: oui
[17-Sep-2024 16:29:31 UTC] Term size trouvé: non
[17-Sep-2024 16:29:31 UTC] SKU: KC5132-06
[17-Sep-2024 16:29:31 UTC] Requête SQL: 
            SELECT p.ID FROM wpgsm_posts p
            WHERE p.post_parent = %d 
            AND p.post_type = 'product_variation'
            AND p.post_status IN ('publish', 'private')
         AND EXISTS (
                SELECT 1 FROM wpgsm_woocommerce_order_itemmeta oim
                WHERE oim.meta_key = %s
                AND oim.meta_value = %s
                AND oim.order_item_id = p.ID
            ) AND EXISTS (
                SELECT 1 FROM wpgsm_woocommerce_order_itemmeta oim
                WHERE oim.meta_key = %s
                AND oim.meta_value = %s
                AND oim.order_item_id = p.ID
            )
[17-Sep-2024 16:29:31 UTC] Params: Array
(
    [0] => 1161
    [1] => attribute_pa_color
    [2] => blanc
    [3] => attribute_pa_size
    [4] => 
)

[17-Sep-2024 16:29:31 UTC] Variations trouvées: Array
(
)

[17-Sep-2024 16:29:31 UTC] Création de la variation pour le produit ID: 1161
[17-Sep-2024 16:29:31 UTC] Création variation pour produit 1161 avec SKU KC5132-06
[17-Sep-2024 16:29:31 UTC] Attributs: Array
(
    [pa_color] => blanc
    [pa_size] => 
)

[17-Sep-2024 16:29:31 UTC] Stock: 5317
[17-Sep-2024 16:29:31 UTC] Prix: 3,20
[17-Sep-2024 16:29:31 UTC] Variation créée avec succès pour produit 1161
[17-Sep-2024 16:29:31 UTC] Couleur attribuée: Bordeaux
[17-Sep-2024 16:29:31 UTC] Taille attribuée: 
[17-Sep-2024 16:29:31 UTC] Term color trouvé: oui
[17-Sep-2024 16:29:31 UTC] Term size trouvé: non
[17-Sep-2024 16:29:31 UTC] SKU: KC5132-02
[17-Sep-2024 16:29:31 UTC] Requête SQL: 
            SELECT p.ID FROM wpgsm_posts p
            WHERE p.post_parent = %d 
            AND p.post_type = 'product_variation'
            AND p.post_status IN ('publish', 'private')
         AND EXISTS (
                SELECT 1 FROM wpgsm_woocommerce_order_itemmeta oim
                WHERE oim.meta_key = %s
                AND oim.meta_value = %s
                AND oim.order_item_id = p.ID
            ) AND EXISTS (
                SELECT 1 FROM wpgsm_woocommerce_order_itemmeta oim
                WHERE oim.meta_key = %s
                AND oim.meta_value = %s
                AND oim.order_item_id = p.ID
            )
[17-Sep-2024 16:29:31 UTC] Params: Array
(
    [0] => 1161
    [1] => attribute_pa_color
    [2] => bordeaux
    [3] => attribute_pa_size
    [4] => 
)

[17-Sep-2024 16:29:31 UTC] Variations trouvées: Array
(
)

[17-Sep-2024 16:29:31 UTC] Création de la variation pour le produit ID: 1161
[17-Sep-2024 16:29:31 UTC] Création variation pour produit 1161 avec SKU KC5132-02
[17-Sep-2024 16:29:31 UTC] Attributs: Array
(
    [pa_color] => bordeaux
    [pa_size] => 
)

[17-Sep-2024 16:29:31 UTC] Stock: 478
[17-Sep-2024 16:29:31 UTC] Prix: 3,20
[17-Sep-2024 16:29:31 UTC] Variation créée avec succès pour produit 1161
[17-Sep-2024 16:29:31 UTC] Couleur attribuée: Noir
[17-Sep-2024 16:29:31 UTC] Taille attribuée: 
[17-Sep-2024 16:29:31 UTC] Term color trouvé: oui
[17-Sep-2024 16:29:31 UTC] Term size trouvé: non
[17-Sep-2024 16:29:31 UTC] SKU: KC5132-03
[17-Sep-2024 16:29:31 UTC] Requête SQL: 
            SELECT p.ID FROM wpgsm_posts p
            WHERE p.post_parent = %d 
            AND p.post_type = 'product_variation'
            AND p.post_status IN ('publish', 'private')
         AND EXISTS (
                SELECT 1 FROM wpgsm_woocommerce_order_itemmeta oim
                WHERE oim.meta_key = %s
                AND oim.meta_value = %s
                AND oim.order_item_id = p.ID
            ) AND EXISTS (
                SELECT 1 FROM wpgsm_woocommerce_order_itemmeta oim
                WHERE oim.meta_key = %s
                AND oim.meta_value = %s
                AND oim.order_item_id = p.ID
            )
[17-Sep-2024 16:29:31 UTC] Params: Array
(
    [0] => 1161
    [1] => attribute_pa_color
    [2] => noir
    [3] => attribute_pa_size
    [4] => 
)

[17-Sep-2024 16:29:31 UTC] Variations trouvées: Array
(
)

[17-Sep-2024 16:29:31 UTC] Création de la variation pour le produit ID: 1161
[17-Sep-2024 16:29:31 UTC] Création variation pour produit 1161 avec SKU KC5132-03
[17-Sep-2024 16:29:31 UTC] Attributs: Array
(
    [pa_color] => noir
    [pa_size] => 
)

[17-Sep-2024 16:29:31 UTC] Stock: 5217
[17-Sep-2024 16:29:31 UTC] Prix: 3,20
[17-Sep-2024 16:29:31 UTC] Variation créée avec succès pour produit 1161
[17-Sep-2024 16:29:31 UTC] Couleur attribuée: Bleu
[17-Sep-2024 16:29:31 UTC] Taille attribuée: 
[17-Sep-2024 16:29:31 UTC] Term color trouvé: oui
[17-Sep-2024 16:29:31 UTC] Term size trouvé: non
[17-Sep-2024 16:29:31 UTC] SKU: KC5132-04
[17-Sep-2024 16:29:31 UTC] Requête SQL: 
            SELECT p.ID FROM wpgsm_posts p
            WHERE p.post_parent = %d 
            AND p.post_type = 'product_variation'
            AND p.post_status IN ('publish', 'private')
         AND EXISTS (
                SELECT 1 FROM wpgsm_woocommerce_order_itemmeta oim
                WHERE oim.meta_key = %s
                AND oim.meta_value = %s
                AND oim.order_item_id = p.ID
            ) AND EXISTS (
                SELECT 1 FROM wpgsm_woocommerce_order_itemmeta oim
                WHERE oim.meta_key = %s
                AND oim.meta_value = %s
                AND oim.order_item_id = p.ID
            )
[17-Sep-2024 16:29:31 UTC] Params: Array
(
    [0] => 1161
    [1] => attribute_pa_color
    [2] => bleu
    [3] => attribute_pa_size
    [4] => 
)

[17-Sep-2024 16:29:31 UTC] Variations trouvées: Array
(
)

[17-Sep-2024 16:29:31 UTC] Création de la variation pour le produit ID: 1161
[17-Sep-2024 16:29:31 UTC] Création variation pour produit 1161 avec SKU KC5132-04
[17-Sep-2024 16:29:31 UTC] Attributs: Array
(
    [pa_color] => bleu
    [pa_size] => 
)

[17-Sep-2024 16:29:31 UTC] Stock: 4144
[17-Sep-2024 16:29:31 UTC] Prix: 3,20
[17-Sep-2024 16:29:31 UTC] Variation créée avec succès pour produit 1161
[17-Sep-2024 16:29:31 UTC] Couleur attribuée: Rouge
[17-Sep-2024 16:29:31 UTC] Taille attribuée: 
[17-Sep-2024 16:29:31 UTC] Term color trouvé: oui
[17-Sep-2024 16:29:31 UTC] Term size trouvé: non
[17-Sep-2024 16:29:31 UTC] SKU: KC5132-05
[17-Sep-2024 16:29:31 UTC] Requête SQL: 
            SELECT p.ID FROM wpgsm_posts p
            WHERE p.post_parent = %d 
            AND p.post_type = 'product_variation'
            AND p.post_status IN ('publish', 'private')
         AND EXISTS (
                SELECT 1 FROM wpgsm_woocommerce_order_itemmeta oim
                WHERE oim.meta_key = %s
                AND oim.meta_value = %s
                AND oim.order_item_id = p.ID
            ) AND EXISTS (
                SELECT 1 FROM wpgsm_woocommerce_order_itemmeta oim
                WHERE oim.meta_key = %s
                AND oim.meta_value = %s
                AND oim.order_item_id = p.ID
            )
[17-Sep-2024 16:29:31 UTC] Params: Array
(
    [0] => 1161
    [1] => attribute_pa_color
    [2] => rouge
    [3] => attribute_pa_size
    [4] => 
)

[17-Sep-2024 16:29:31 UTC] Variations trouvées: Array
(
)

[17-Sep-2024 16:29:31 UTC] Création de la variation pour le produit ID: 1161
[17-Sep-2024 16:29:31 UTC] Création variation pour produit 1161 avec SKU KC5132-05
[17-Sep-2024 16:29:31 UTC] Attributs: Array
(
    [pa_color] => rouge
    [pa_size] => 
)

[17-Sep-2024 16:29:31 UTC] Stock: 2343
[17-Sep-2024 16:29:31 UTC] Prix: 3,20
[17-Sep-2024 16:29:31 UTC] Variation créée avec succès pour produit 1161
[17-Sep-2024 16:29:31 UTC] Couleur attribuée: Gris
[17-Sep-2024 16:29:31 UTC] Taille attribuée: 
[17-Sep-2024 16:29:31 UTC] Term color trouvé: oui
[17-Sep-2024 16:29:31 UTC] Term size trouvé: non
[17-Sep-2024 16:29:31 UTC] SKU: KC5132-07
[17-Sep-2024 16:29:31 UTC] Requête SQL: 
            SELECT p.ID FROM wpgsm_posts p
            WHERE p.post_parent = %d 
            AND p.post_type = 'product_variation'
            AND p.post_status IN ('publish', 'private')
         AND EXISTS (
                SELECT 1 FROM wpgsm_woocommerce_order_itemmeta oim
                WHERE oim.meta_key = %s
                AND oim.meta_value = %s
                AND oim.order_item_id = p.ID
            ) AND EXISTS (
                SELECT 1 FROM wpgsm_woocommerce_order_itemmeta oim
                WHERE oim.meta_key = %s
                AND oim.meta_value = %s
                AND oim.order_item_id = p.ID
            )
[17-Sep-2024 16:29:31 UTC] Params: Array
(
    [0] => 1161
    [1] => attribute_pa_color
    [2] => gris
    [3] => attribute_pa_size
    [4] => 
)

[17-Sep-2024 16:29:31 UTC] Variations trouvées: Array
(
)

[17-Sep-2024 16:29:31 UTC] Création de la variation pour le produit ID: 1161
[17-Sep-2024 16:29:31 UTC] Création variation pour produit 1161 avec SKU KC5132-07
[17-Sep-2024 16:29:31 UTC] Attributs: Array
(
    [pa_color] => gris
    [pa_size] => 
)

[17-Sep-2024 16:29:31 UTC] Stock: 3353
[17-Sep-2024 16:29:31 UTC] Prix: 3,20
[17-Sep-2024 16:29:32 UTC] Variation créée avec succès pour produit 1161
[17-Sep-2024 16:29:32 UTC] Couleur attribuée: Orange
[17-Sep-2024 16:29:32 UTC] Taille attribuée: 
[17-Sep-2024 16:29:32 UTC] Term color trouvé: oui
[17-Sep-2024 16:29:32 UTC] Term size trouvé: non
[17-Sep-2024 16:29:32 UTC] SKU: KC5132-10
[17-Sep-2024 16:29:32 UTC] Requête SQL: 
            SELECT p.ID FROM wpgsm_posts p
            WHERE p.post_parent = %d 
            AND p.post_type = 'product_variation'
            AND p.post_status IN ('publish', 'private')
         AND EXISTS (
                SELECT 1 FROM wpgsm_woocommerce_order_itemmeta oim
                WHERE oim.meta_key = %s
                AND oim.meta_value = %s
                AND oim.order_item_id = p.ID
            ) AND EXISTS (
                SELECT 1 FROM wpgsm_woocommerce_order_itemmeta oim
                WHERE oim.meta_key = %s
                AND oim.meta_value = %s
                AND oim.order_item_id = p.ID
            )
[17-Sep-2024 16:29:32 UTC] Params: Array
(
    [0] => 1161
    [1] => attribute_pa_color
    [2] => orange
    [3] => attribute_pa_size
    [4] => 
)

[17-Sep-2024 16:29:32 UTC] Variations trouvées: Array
(
)

[17-Sep-2024 16:29:32 UTC] Création de la variation pour le produit ID: 1161
[17-Sep-2024 16:29:32 UTC] Création variation pour produit 1161 avec SKU KC5132-10
[17-Sep-2024 16:29:32 UTC] Attributs: Array
(
    [pa_color] => orange
    [pa_size] => 
)

[17-Sep-2024 16:29:32 UTC] Stock: 1561
[17-Sep-2024 16:29:32 UTC] Prix: 3,20
[17-Sep-2024 16:29:32 UTC] Variation créée avec succès pour produit 1161
[17-Sep-2024 16:29:32 UTC] Couleur attribuée: Bleu Royal
[17-Sep-2024 16:29:32 UTC] Taille attribuée: 
[17-Sep-2024 16:29:32 UTC] Term color trouvé: oui
[17-Sep-2024 16:29:32 UTC] Term size trouvé: non
[17-Sep-2024 16:29:32 UTC] SKU: KC5132-37
[17-Sep-2024 16:29:32 UTC] Requête SQL: 
            SELECT p.ID FROM wpgsm_posts p
            WHERE p.post_parent = %d 
            AND p.post_type = 'product_variation'
            AND p.post_status IN ('publish', 'private')
         AND EXISTS (
                SELECT 1 FROM wpgsm_woocommerce_order_itemmeta oim
                WHERE oim.meta_key = %s
                AND oim.meta_value = %s
                AND oim.order_item_id = p.ID
            ) AND EXISTS (
                SELECT 1 FROM wpgsm_woocommerce_order_itemmeta oim
                WHERE oim.meta_key = %s
                AND oim.meta_value = %s
                AND oim.order_item_id = p.ID
            )
[17-Sep-2024 16:29:32 UTC] Params: Array
(
    [0] => 1161
    [1] => attribute_pa_color
    [2] => bleu-royal
    [3] => attribute_pa_size
    [4] => 
)

[17-Sep-2024 16:29:32 UTC] Variations trouvées: Array
(
)

[17-Sep-2024 16:29:32 UTC] Création de la variation pour le produit ID: 1161
[17-Sep-2024 16:29:32 UTC] Création variation pour produit 1161 avec SKU KC5132-37
[17-Sep-2024 16:29:32 UTC] Attributs: Array
(
    [pa_color] => bleu-royal
    [pa_size] => 
)

[17-Sep-2024 16:29:32 UTC] Stock: 347
[17-Sep-2024 16:29:32 UTC] Prix: 3,20
[17-Sep-2024 16:29:32 UTC] Variation créée avec succès pour produit 1161
[17-Sep-2024 16:29:32 UTC] Couleur attribuée: Gris
[17-Sep-2024 16:29:32 UTC] Taille attribuée: 
[17-Sep-2024 16:29:32 UTC] Term color trouvé: oui
[17-Sep-2024 16:29:32 UTC] Term size trouvé: non
[17-Sep-2024 16:29:32 UTC] SKU: KC5187-07
[17-Sep-2024 16:29:32 UTC] Requête SQL: 
            SELECT p.ID FROM wpgsm_posts p
            WHERE p.post_parent = %d 
            AND p.post_type = 'product_variation'
            AND p.post_status IN ('publish', 'private')
         AND EXISTS (
                SELECT 1 FROM wpgsm_woocommerce_order_itemmeta oim
                WHERE oim.meta_key = %s
                AND oim.meta_value = %s
                AND oim.order_item_id = p.ID
            ) AND EXISTS (
                SELECT 1 FROM wpgsm_woocommerce_order_itemmeta oim
                WHERE oim.meta_key = %s
                AND oim.meta_value = %s
                AND oim.order_item_id = p.ID
            )
[17-Sep-2024 16:29:32 UTC] Params: Array
(
    [0] => 1162
    [1] => attribute_pa_color
    [2] => gris
    [3] => attribute_pa_size
    [4] => 
)

[17-Sep-2024 16:29:32 UTC] Variations trouvées: Array
(
)

[17-Sep-2024 16:29:32 UTC] Création de la variation pour le produit ID: 1162
[17-Sep-2024 16:29:32 UTC] Création variation pour produit 1162 avec SKU KC5187-07
[17-Sep-2024 16:29:32 UTC] Attributs: Array
(
    [pa_color] => gris
    [pa_size] => 
)

[17-Sep-2024 16:29:32 UTC] Stock: 735
[17-Sep-2024 16:29:32 UTC] Prix: 5,39
[17-Sep-2024 16:29:32 UTC] Variation créée avec succès pour produit 1162
[17-Sep-2024 16:29:32 UTC] Couleur attribuée: Bleu
[17-Sep-2024 16:29:32 UTC] Taille attribuée: 
[17-Sep-2024 16:29:32 UTC] Term color trouvé: oui
[17-Sep-2024 16:29:32 UTC] Term size trouvé: non
[17-Sep-2024 16:29:32 UTC] SKU: KC5187-04
[17-Sep-2024 16:29:32 UTC] Requête SQL: 
            SELECT p.ID FROM wpgsm_posts p
            WHERE p.post_parent = %d 
            AND p.post_type = 'product_variation'
            AND p.post_status IN ('publish', 'private')
         AND EXISTS (
                SELECT 1 FROM wpgsm_woocommerce_order_itemmeta oim
                WHERE oim.meta_key = %s
                AND oim.meta_value = %s
                AND oim.order_item_id = p.ID
            ) AND EXISTS (
                SELECT 1 FROM wpgsm_woocommerce_order_itemmeta oim
                WHERE oim.meta_key = %s
                AND oim.meta_value = %s
                AND oim.order_item_id = p.ID
            )
[17-Sep-2024 16:29:32 UTC] Params: Array
(
    [0] => 1162
    [1] => attribute_pa_color
    [2] => bleu
    [3] => attribute_pa_size
    [4] => 
)

[17-Sep-2024 16:29:32 UTC] Variations trouvées: Array
(
)

[17-Sep-2024 16:29:32 UTC] Création de la variation pour le produit ID: 1162
[17-Sep-2024 16:29:32 UTC] Création variation pour produit 1162 avec SKU KC5187-04
[17-Sep-2024 16:29:32 UTC] Attributs: Array
(
    [pa_color] => bleu
    [pa_size] => 
)

[17-Sep-2024 16:29:32 UTC] Stock: 2755
[17-Sep-2024 16:29:32 UTC] Prix: 5,39
[17-Sep-2024 16:29:32 UTC] Variation créée avec succès pour produit 1162
[17-Sep-2024 16:29:32 UTC] Couleur attribuée: Noir
[17-Sep-2024 16:29:32 UTC] Taille attribuée: 
[17-Sep-2024 16:29:32 UTC] Term color trouvé: oui
[17-Sep-2024 16:29:32 UTC] Term size trouvé: non
[17-Sep-2024 16:29:32 UTC] SKU: KC5187-03
[17-Sep-2024 16:29:32 UTC] Requête SQL: 
            SELECT p.ID FROM wpgsm_posts p
            WHERE p.post_parent = %d 
            AND p.post_type = 'product_variation'
            AND p.post_status IN ('publish', 'private')
         AND EXISTS (
                SELECT 1 FROM wpgsm_woocommerce_order_itemmeta oim
                WHERE oim.meta_key = %s
                AND oim.meta_value = %s
                AND oim.order_item_id = p.ID
            ) AND EXISTS (
                SELECT 1 FROM wpgsm_woocommerce_order_itemmeta oim
                WHERE oim.meta_key = %s
                AND oim.meta_value = %s
                AND oim.order_item_id = p.ID
            )
[17-Sep-2024 16:29:32 UTC] Params: Array
(
    [0] => 1162
    [1] => attribute_pa_color
    [2] => noir
    [3] => attribute_pa_size
    [4] => 
)

[17-Sep-2024 16:29:32 UTC] Variations trouvées: Array
(
)

[17-Sep-2024 16:29:32 UTC] Création de la variation pour le produit ID: 1162
[17-Sep-2024 16:29:32 UTC] Création variation pour produit 1162 avec SKU KC5187-03
[17-Sep-2024 16:29:32 UTC] Attributs: Array
(
    [pa_color] => noir
    [pa_size] => 
)

[17-Sep-2024 16:29:32 UTC] Stock: 4089
[17-Sep-2024 16:29:32 UTC] Prix: 5,39
[17-Sep-2024 16:29:32 UTC] Variation créée avec succès pour produit 1162
[17-Sep-2024 16:29:32 UTC] Couleur attribuée: Blanc
[17-Sep-2024 16:29:32 UTC] Taille attribuée: 
[17-Sep-2024 16:29:32 UTC] Term color trouvé: oui
[17-Sep-2024 16:29:32 UTC] Term size trouvé: non
[17-Sep-2024 16:29:32 UTC] SKU: KC5187-06
[17-Sep-2024 16:29:32 UTC] Requête SQL: 
            SELECT p.ID FROM wpgsm_posts p
            WHERE p.post_parent = %d 
            AND p.post_type = 'product_variation'
            AND p.post_status IN ('publish', 'private')
         AND EXISTS (
                SELECT 1 FROM wpgsm_woocommerce_order_itemmeta oim
                WHERE oim.meta_key = %s
                AND oim.meta_value = %s
                AND oim.order_item_id = p.ID
            ) AND EXISTS (
                SELECT 1 FROM wpgsm_woocommerce_order_itemmeta oim
                WHERE oim.meta_key = %s
                AND oim.meta_value = %s
                AND oim.order_item_id = p.ID
            )
[17-Sep-2024 16:29:32 UTC] Params: Array
(
    [0] => 1162
    [1] => attribute_pa_color
    [2] => blanc
    [3] => attribute_pa_size
    [4] => 
)

[17-Sep-2024 16:29:32 UTC] Variations trouvées: Array
(
)

[17-Sep-2024 16:29:32 UTC] Création de la variation pour le produit ID: 1162
[17-Sep-2024 16:29:32 UTC] Création variation pour produit 1162 avec SKU KC5187-06
[17-Sep-2024 16:29:32 UTC] Attributs: Array
(
    [pa_color] => blanc
    [pa_size] => 
)

[17-Sep-2024 16:29:32 UTC] Stock: 0
[17-Sep-2024 16:29:32 UTC] Prix: 5,39
[17-Sep-2024 16:29:33 UTC] Variation créée avec succès pour produit 1162
[17-Sep-2024 16:29:33 UTC] Couleur attribuée: Blanc
[17-Sep-2024 16:29:33 UTC] Taille attribuée: 
[17-Sep-2024 16:29:33 UTC] Term color trouvé: oui
[17-Sep-2024 16:29:33 UTC] Term size trouvé: non
[17-Sep-2024 16:29:33 UTC] SKU: KC5720-06
[17-Sep-2024 16:29:33 UTC] Requête SQL: 
            SELECT p.ID FROM wpgsm_posts p
            WHERE p.post_parent = %d 
            AND p.post_type = 'product_variation'
            AND p.post_status IN ('publish', 'private')
         AND EXISTS (
                SELECT 1 FROM wpgsm_woocommerce_order_itemmeta oim
                WHERE oim.meta_key = %s
                AND oim.meta_value = %s
                AND oim.order_item_id = p.ID
            ) AND EXISTS (
                SELECT 1 FROM wpgsm_woocommerce_order_itemmeta oim
                WHERE oim.meta_key = %s
                AND oim.meta_value = %s
                AND oim.order_item_id = p.ID
            )
[17-Sep-2024 16:29:33 UTC] Params: Array
(
    [0] => 1163
    [1] => attribute_pa_color
    [2] => blanc
    [3] => attribute_pa_size
    [4] => 
)

[17-Sep-2024 16:29:33 UTC] Variations trouvées: Array
(
)

[17-Sep-2024 16:29:33 UTC] Création de la variation pour le produit ID: 1163
[17-Sep-2024 16:29:33 UTC] Création variation pour produit 1163 avec SKU KC5720-06
[17-Sep-2024 16:29:33 UTC] Attributs: Array
(
    [pa_color] => blanc
    [pa_size] => 
)

[17-Sep-2024 16:29:33 UTC] Stock: 13399
[17-Sep-2024 16:29:33 UTC] Prix: 0,51
[17-Sep-2024 16:29:33 UTC] Variation créée avec succès pour produit 1163
[17-Sep-2024 16:29:33 UTC] Couleur attribuée: Noir
[17-Sep-2024 16:29:33 UTC] Taille attribuée: 
[17-Sep-2024 16:29:33 UTC] Term color trouvé: oui
[17-Sep-2024 16:29:33 UTC] Term size trouvé: non
[17-Sep-2024 16:29:33 UTC] SKU: KC5810-03
[17-Sep-2024 16:29:33 UTC] Requête SQL: 
            SELECT p.ID FROM wpgsm_posts p
            WHERE p.post_parent = %d 
            AND p.post_type = 'product_variation'
            AND p.post_status IN ('publish', 'private')
         AND EXISTS (
                SELECT 1 FROM wpgsm_woocommerce_order_itemmeta oim
                WHERE oim.meta_key = %s
                AND oim.meta_value = %s
                AND oim.order_item_id = p.ID
            ) AND EXISTS (
                SELECT 1 FROM wpgsm_woocommerce_order_itemmeta oim
                WHERE oim.meta_key = %s
                AND oim.meta_value = %s
                AND oim.order_item_id = p.ID
            )
[17-Sep-2024 16:29:33 UTC] Params: Array
(
    [0] => 1164
    [1] => attribute_pa_color
    [2] => noir
    [3] => attribute_pa_size
    [4] => 
)

[17-Sep-2024 16:29:33 UTC] Variations trouvées: Array
(
)

[17-Sep-2024 16:29:33 UTC] Création de la variation pour le produit ID: 1164
[17-Sep-2024 16:29:33 UTC] Création variation pour produit 1164 avec SKU KC5810-03
[17-Sep-2024 16:29:33 UTC] Attributs: Array
(
    [pa_color] => noir
    [pa_size] => 
)

[17-Sep-2024 16:29:33 UTC] Stock: 5545
[17-Sep-2024 16:29:33 UTC] Prix: 3,55
[17-Sep-2024 16:29:33 UTC] Variation créée avec succès pour produit 1164
[17-Sep-2024 16:29:33 UTC] Couleur attribuée: Bleu
[17-Sep-2024 16:29:33 UTC] Taille attribuée: 
[17-Sep-2024 16:29:33 UTC] Term color trouvé: oui
[17-Sep-2024 16:29:33 UTC] Term size trouvé: non
[17-Sep-2024 16:29:33 UTC] SKU: KC5810-04
[17-Sep-2024 16:29:33 UTC] Requête SQL: 
            SELECT p.ID FROM wpgsm_posts p
            WHERE p.post_parent = %d 
            AND p.post_type = 'product_variation'
            AND p.post_status IN ('publish', 'private')
         AND EXISTS (
                SELECT 1 FROM wpgsm_woocommerce_order_itemmeta oim
                WHERE oim.meta_key = %s
                AND oim.meta_value = %s
                AND oim.order_item_id = p.ID
            ) AND EXISTS (
                SELECT 1 FROM wpgsm_woocommerce_order_itemmeta oim
                WHERE oim.meta_key = %s
                AND oim.meta_value = %s
                AND oim.order_item_id = p.ID
            )
[17-Sep-2024 16:29:33 UTC] Params: Array
(
    [0] => 1164
    [1] => attribute_pa_color
    [2] => bleu
    [3] => attribute_pa_size
    [4] => 
)

[17-Sep-2024 16:29:33 UTC] Variations trouvées: Array
(
)

[17-Sep-2024 16:29:33 UTC] Création de la variation pour le produit ID: 1164
[17-Sep-2024 16:29:33 UTC] Création variation pour produit 1164 avec SKU KC5810-04
[17-Sep-2024 16:29:33 UTC] Attributs: Array
(
    [pa_color] => bleu
    [pa_size] => 
)

[17-Sep-2024 16:29:33 UTC] Stock: 6371
[17-Sep-2024 16:29:33 UTC] Prix: 3,55
[17-Sep-2024 16:29:33 UTC] Variation créée avec succès pour produit 1164
[17-Sep-2024 16:29:33 UTC] Couleur attribuée: Bleu Transparent
[17-Sep-2024 16:29:33 UTC] Taille attribuée: 
[17-Sep-2024 16:29:33 UTC] Term color trouvé: oui
[17-Sep-2024 16:29:33 UTC] Term size trouvé: non
[17-Sep-2024 16:29:33 UTC] SKU: KC6217-23
[17-Sep-2024 16:29:33 UTC] Requête SQL: 
            SELECT p.ID FROM wpgsm_posts p
            WHERE p.post_parent = %d 
            AND p.post_type = 'product_variation'
            AND p.post_status IN ('publish', 'private')
         AND EXISTS (
                SELECT 1 FROM wpgsm_woocommerce_order_itemmeta oim
                WHERE oim.meta_key = %s
                AND oim.meta_value = %s
                AND oim.order_item_id = p.ID
            ) AND EXISTS (
                SELECT 1 FROM wpgsm_woocommerce_order_itemmeta oim
                WHERE oim.meta_key = %s
                AND oim.meta_value = %s
                AND oim.order_item_id = p.ID
            )
[17-Sep-2024 16:29:33 UTC] Params: Array
(
    [0] => 1165
    [1] => attribute_pa_color
    [2] => bleu-transparent
    [3] => attribute_pa_size
    [4] => 
)

[17-Sep-2024 16:29:33 UTC] Variations trouvées: Array
(
)

[17-Sep-2024 16:29:33 UTC] Création de la variation pour le produit ID: 1165
[17-Sep-2024 16:29:33 UTC] Création variation pour produit 1165 avec SKU KC6217-23
[17-Sep-2024 16:29:33 UTC] Attributs: Array
(
    [pa_color] => bleu-transparent
    [pa_size] => 
)

[17-Sep-2024 16:29:33 UTC] Stock: 82472
[17-Sep-2024 16:29:33 UTC] Prix: 0,07
[17-Sep-2024 16:29:33 UTC] Variation créée avec succès pour produit 1165
[17-Sep-2024 16:29:33 UTC] Couleur attribuée: Rouge Transparent
[17-Sep-2024 16:29:33 UTC] Taille attribuée: 
[17-Sep-2024 16:29:33 UTC] Term color trouvé: oui
[17-Sep-2024 16:29:33 UTC] Term size trouvé: non
[17-Sep-2024 16:29:33 UTC] SKU: KC6217-25
[17-Sep-2024 16:29:33 UTC] Requête SQL: 
            SELECT p.ID FROM wpgsm_posts p
            WHERE p.post_parent = %d 
            AND p.post_type = 'product_variation'
            AND p.post_status IN ('publish', 'private')
         AND EXISTS (
                SELECT 1 FROM wpgsm_woocommerce_order_itemmeta oim
                WHERE oim.meta_key = %s
                AND oim.meta_value = %s
                AND oim.order_item_id = p.ID
            ) AND EXISTS (
                SELECT 1 FROM wpgsm_woocommerce_order_itemmeta oim
                WHERE oim.meta_key = %s
                AND oim.meta_value = %s
                AND oim.order_item_id = p.ID
            )
[17-Sep-2024 16:29:33 UTC] Params: Array
(
    [0] => 1165
    [1] => attribute_pa_color
    [2] => rouge-transparent
    [3] => attribute_pa_size
    [4] => 
)

[17-Sep-2024 16:29:33 UTC] Variations trouvées: Array
(
)

[17-Sep-2024 16:29:33 UTC] Création de la variation pour le produit ID: 1165
[17-Sep-2024 16:29:33 UTC] Création variation pour produit 1165 avec SKU KC6217-25
[17-Sep-2024 16:29:33 UTC] Attributs: Array
(
    [pa_color] => rouge-transparent
    [pa_size] => 
)

[17-Sep-2024 16:29:33 UTC] Stock: 42624
[17-Sep-2024 16:29:33 UTC] Prix: 0,07
[17-Sep-2024 16:29:34 UTC] Variation créée avec succès pour produit 1165
[17-Sep-2024 16:29:34 UTC] Couleur attribuée: Gris Transparent
[17-Sep-2024 16:29:34 UTC] Taille attribuée: 
[17-Sep-2024 16:29:34 UTC] Term color trouvé: oui
[17-Sep-2024 16:29:34 UTC] Term size trouvé: non
[17-Sep-2024 16:29:34 UTC] SKU: KC6217-27
[17-Sep-2024 16:29:34 UTC] Requête SQL: 
            SELECT p.ID FROM wpgsm_posts p
            WHERE p.post_parent = %d 
            AND p.post_type = 'product_variation'
            AND p.post_status IN ('publish', 'private')
         AND EXISTS (
                SELECT 1 FROM wpgsm_woocommerce_order_itemmeta oim
                WHERE oim.meta_key = %s
                AND oim.meta_value = %s
                AND oim.order_item_id = p.ID
            ) AND EXISTS (
                SELECT 1 FROM wpgsm_woocommerce_order_itemmeta oim
                WHERE oim.meta_key = %s
                AND oim.meta_value = %s
                AND oim.order_item_id = p.ID
            )
[17-Sep-2024 16:29:34 UTC] Params: Array
(
    [0] => 1165
    [1] => attribute_pa_color
    [2] => gris-transparent
    [3] => attribute_pa_size
    [4] => 
)

[17-Sep-2024 16:29:34 UTC] Variations trouvées: Array
(
)

[17-Sep-2024 16:29:34 UTC] Création de la variation pour le produit ID: 1165
[17-Sep-2024 16:29:34 UTC] Création variation pour produit 1165 avec SKU KC6217-27
[17-Sep-2024 16:29:34 UTC] Attributs: Array
(
    [pa_color] => gris-transparent
    [pa_size] => 
)

[17-Sep-2024 16:29:34 UTC] Stock: 9850
[17-Sep-2024 16:29:34 UTC] Prix: 0,07
[17-Sep-2024 16:29:34 UTC] Variation créée avec succès pour produit 1165
[17-Sep-2024 16:29:34 UTC] Couleur attribuée: Blanc Transparent
[17-Sep-2024 16:29:34 UTC] Taille attribuée: 
[17-Sep-2024 16:29:34 UTC] Term color trouvé: oui
[17-Sep-2024 16:29:34 UTC] Term size trouvé: non
[17-Sep-2024 16:29:34 UTC] SKU: KC6217-26
[17-Sep-2024 16:29:34 UTC] Requête SQL: 
            SELECT p.ID FROM wpgsm_posts p
            WHERE p.post_parent = %d 
            AND p.post_type = 'product_variation'
            AND p.post_status IN ('publish', 'private')
         AND EXISTS (
                SELECT 1 FROM wpgsm_woocommerce_order_itemmeta oim
                WHERE oim.meta_key = %s
                AND oim.meta_value = %s
                AND oim.order_item_id = p.ID
            ) AND EXISTS (
                SELECT 1 FROM wpgsm_woocommerce_order_itemmeta oim
                WHERE oim.meta_key = %s
                AND oim.meta_value = %s
                AND oim.order_item_id = p.ID
            )
[17-Sep-2024 16:29:34 UTC] Params: Array
(
    [0] => 1165
    [1] => attribute_pa_color
    [2] => blanc-transparent
    [3] => attribute_pa_size
    [4] => 
)

[17-Sep-2024 16:29:34 UTC] Variations trouvées: Array
(
)

[17-Sep-2024 16:29:34 UTC] Création de la variation pour le produit ID: 1165
[17-Sep-2024 16:29:34 UTC] Création variation pour produit 1165 avec SKU KC6217-26
[17-Sep-2024 16:29:34 UTC] Attributs: Array
(
    [pa_color] => blanc-transparent
    [pa_size] => 
)

[17-Sep-2024 16:29:34 UTC] Stock: 56723
[17-Sep-2024 16:29:34 UTC] Prix: 0,07
[17-Sep-2024 16:29:34 UTC] Variation créée avec succès pour produit 1165
[17-Sep-2024 16:29:34 UTC] Couleur attribuée: Bleu Transparent
[17-Sep-2024 16:29:34 UTC] Taille attribuée: 
[17-Sep-2024 16:29:34 UTC] Term color trouvé: oui
[17-Sep-2024 16:29:34 UTC] Term size trouvé: non
[17-Sep-2024 16:29:34 UTC] SKU: KC6230-23
[17-Sep-2024 16:29:34 UTC] Requête SQL: 
            SELECT p.ID FROM wpgsm_posts p
            WHERE p.post_parent = %d 
            AND p.post_type = 'product_variation'
            AND p.post_status IN ('publish', 'private')
         AND EXISTS (
                SELECT 1 FROM wpgsm_woocommerce_order_itemmeta oim
                WHERE oim.meta_key = %s
                AND oim.meta_value = %s
                AND oim.order_item_id = p.ID
            ) AND EXISTS (
                SELECT 1 FROM wpgsm_woocommerce_order_itemmeta oim
                WHERE oim.meta_key = %s
                AND oim.meta_value = %s
                AND oim.order_item_id = p.ID
            )
[17-Sep-2024 16:29:34 UTC] Params: Array
(
    [0] => 1166
    [1] => attribute_pa_color
    [2] => bleu-transparent
    [3] => attribute_pa_size
    [4] => 
)

[17-Sep-2024 16:29:34 UTC] Variations trouvées: Array
(
)

[17-Sep-2024 16:29:34 UTC] Création de la variation pour le produit ID: 1166
[17-Sep-2024 16:29:34 UTC] Création variation pour produit 1166 avec SKU KC6230-23
[17-Sep-2024 16:29:34 UTC] Attributs: Array
(
    [pa_color] => bleu-transparent
    [pa_size] => 
)

[17-Sep-2024 16:29:34 UTC] Stock: 61091
[17-Sep-2024 16:29:34 UTC] Prix: 0,44
[17-Sep-2024 16:29:34 UTC] Variation créée avec succès pour produit 1166
[17-Sep-2024 16:29:34 UTC] Couleur attribuée: Rouge Transparent
[17-Sep-2024 16:29:34 UTC] Taille attribuée: 
[17-Sep-2024 16:29:34 UTC] Term color trouvé: oui
[17-Sep-2024 16:29:34 UTC] Term size trouvé: non
[17-Sep-2024 16:29:34 UTC] SKU: KC6230-25
[17-Sep-2024 16:29:34 UTC] Requête SQL: 
            SELECT p.ID FROM wpgsm_posts p
            WHERE p.post_parent = %d 
            AND p.post_type = 'product_variation'
            AND p.post_status IN ('publish', 'private')
         AND EXISTS (
                SELECT 1 FROM wpgsm_woocommerce_order_itemmeta oim
                WHERE oim.meta_key = %s
                AND oim.meta_value = %s
                AND oim.order_item_id = p.ID
            ) AND EXISTS (
                SELECT 1 FROM wpgsm_woocommerce_order_itemmeta oim
                WHERE oim.meta_key = %s
                AND oim.meta_value = %s
                AND oim.order_item_id = p.ID
            )
[17-Sep-2024 16:29:34 UTC] Params: Array
(
    [0] => 1166
    [1] => attribute_pa_color
    [2] => rouge-transparent
    [3] => attribute_pa_size
    [4] => 
)

[17-Sep-2024 16:29:34 UTC] Variations trouvées: Array
(
)

[17-Sep-2024 16:29:34 UTC] Création de la variation pour le produit ID: 1166
[17-Sep-2024 16:29:34 UTC] Création variation pour produit 1166 avec SKU KC6230-25
[17-Sep-2024 16:29:34 UTC] Attributs: Array
(
    [pa_color] => rouge-transparent
    [pa_size] => 
)

[17-Sep-2024 16:29:34 UTC] Stock: 33383
[17-Sep-2024 16:29:34 UTC] Prix: 0,44
[17-Sep-2024 16:29:34 UTC] Variation créée avec succès pour produit 1166
[17-Sep-2024 16:29:34 UTC] Couleur attribuée: Jaune Transparent
[17-Sep-2024 16:29:34 UTC] Taille attribuée: 
[17-Sep-2024 16:29:34 UTC] Term color trouvé: oui
[17-Sep-2024 16:29:34 UTC] Term size trouvé: non
[17-Sep-2024 16:29:34 UTC] SKU: KC6230-28
[17-Sep-2024 16:29:34 UTC] Requête SQL: 
            SELECT p.ID FROM wpgsm_posts p
            WHERE p.post_parent = %d 
            AND p.post_type = 'product_variation'
            AND p.post_status IN ('publish', 'private')
         AND EXISTS (
                SELECT 1 FROM wpgsm_woocommerce_order_itemmeta oim
                WHERE oim.meta_key = %s
                AND oim.meta_value = %s
                AND oim.order_item_id = p.ID
            ) AND EXISTS (
                SELECT 1 FROM wpgsm_woocommerce_order_itemmeta oim
                WHERE oim.meta_key = %s
                AND oim.meta_value = %s
                AND oim.order_item_id = p.ID
            )
[17-Sep-2024 16:29:34 UTC] Params: Array
(
    [0] => 1166
    [1] => attribute_pa_color
    [2] => jaune-transparent
    [3] => attribute_pa_size
    [4] => 
)

[17-Sep-2024 16:29:34 UTC] Variations trouvées: Array
(
)

[17-Sep-2024 16:29:34 UTC] Création de la variation pour le produit ID: 1166
[17-Sep-2024 16:29:34 UTC] Création variation pour produit 1166 avec SKU KC6230-28
[17-Sep-2024 16:29:34 UTC] Attributs: Array
(
    [pa_color] => jaune-transparent
    [pa_size] => 
)

[17-Sep-2024 16:29:34 UTC] Stock: 4623
[17-Sep-2024 16:29:34 UTC] Prix: 0,44
[17-Sep-2024 16:29:34 UTC] Variation créée avec succès pour produit 1166
[17-Sep-2024 16:29:34 UTC] Couleur attribuée: Argent
[17-Sep-2024 16:29:34 UTC] Taille attribuée: 
[17-Sep-2024 16:29:34 UTC] Term color trouvé: oui
[17-Sep-2024 16:29:34 UTC] Term size trouvé: non
[17-Sep-2024 16:29:34 UTC] SKU: KC6297-14
[17-Sep-2024 16:29:34 UTC] Requête SQL: 
            SELECT p.ID FROM wpgsm_posts p
            WHERE p.post_parent = %d 
            AND p.post_type = 'product_variation'
            AND p.post_status IN ('publish', 'private')
         AND EXISTS (
                SELECT 1 FROM wpgsm_woocommerce_order_itemmeta oim
                WHERE oim.meta_key = %s
                AND oim.meta_value = %s
                AND oim.order_item_id = p.ID
            ) AND EXISTS (
                SELECT 1 FROM wpgsm_woocommerce_order_itemmeta oim
                WHERE oim.meta_key = %s
                AND oim.meta_value = %s
                AND oim.order_item_id = p.ID
            )
[17-Sep-2024 16:29:34 UTC] Params: Array
(
    [0] => 1167
    [1] => attribute_pa_color
    [2] => argent
    [3] => attribute_pa_size
    [4] => 
)

[17-Sep-2024 16:29:34 UTC] Variations trouvées: Array
(
)

[17-Sep-2024 16:29:34 UTC] Création de la variation pour le produit ID: 1167
[17-Sep-2024 16:29:34 UTC] Création variation pour produit 1167 avec SKU KC6297-14
[17-Sep-2024 16:29:34 UTC] Attributs: Array
(
    [pa_color] => argent
    [pa_size] => 
)

[17-Sep-2024 16:29:34 UTC] Stock: 4180
[17-Sep-2024 16:29:34 UTC] Prix: 1,21
[17-Sep-2024 16:29:34 UTC] Variation créée avec succès pour produit 1167
[17-Sep-2024 16:29:34 UTC] Couleur attribuée: Argent
[17-Sep-2024 16:29:34 UTC] Taille attribuée: 
[17-Sep-2024 16:29:34 UTC] Term color trouvé: oui
[17-Sep-2024 16:29:34 UTC] Term size trouvé: non
[17-Sep-2024 16:29:34 UTC] SKU: KC6300-14
[17-Sep-2024 16:29:34 UTC] Requête SQL: 
            SELECT p.ID FROM wpgsm_posts p
            WHERE p.post_parent = %d 
            AND p.post_type = 'product_variation'
            AND p.post_status IN ('publish', 'private')
         AND EXISTS (
                SELECT 1 FROM wpgsm_woocommerce_order_itemmeta oim
                WHERE oim.meta_key = %s
                AND oim.meta_value = %s
                AND oim.order_item_id = p.ID
            ) AND EXISTS (
                SELECT 1 FROM wpgsm_woocommerce_order_itemmeta oim
                WHERE oim.meta_key = %s
                AND oim.meta_value = %s
                AND oim.order_item_id = p.ID
            )
[17-Sep-2024 16:29:34 UTC] Params: Array
(
    [0] => 1168
    [1] => attribute_pa_color
    [2] => argent
    [3] => attribute_pa_size
    [4] => 
)

[17-Sep-2024 16:29:34 UTC] Variations trouvées: Array
(
)

[17-Sep-2024 16:29:34 UTC] Création de la variation pour le produit ID: 1168
[17-Sep-2024 16:29:34 UTC] Création variation pour produit 1168 avec SKU KC6300-14
[17-Sep-2024 16:29:34 UTC] Attributs: Array
(
    [pa_color] => argent
    [pa_size] => 
)

[17-Sep-2024 16:29:34 UTC] Stock: 11682
[17-Sep-2024 16:29:34 UTC] Prix: 1,26
[17-Sep-2024 16:29:34 UTC] Variation créée avec succès pour produit 1168
[17-Sep-2024 16:29:34 UTC] Couleur attribuée: Bleu
[17-Sep-2024 16:29:34 UTC] Taille attribuée: 
[17-Sep-2024 16:29:34 UTC] Term color trouvé: oui
[17-Sep-2024 16:29:34 UTC] Term size trouvé: non
[17-Sep-2024 16:29:34 UTC] SKU: KC6333-04
[17-Sep-2024 16:29:34 UTC] Requête SQL: 
            SELECT p.ID FROM wpgsm_posts p
            WHERE p.post_parent = %d 
            AND p.post_type = 'product_variation'
            AND p.post_status IN ('publish', 'private')
         AND EXISTS (
                SELECT 1 FROM wpgsm_woocommerce_order_itemmeta oim
                WHERE oim.meta_key = %s
                AND oim.meta_value = %s
                AND oim.order_item_id = p.ID
            ) AND EXISTS (
                SELECT 1 FROM wpgsm_woocommerce_order_itemmeta oim
                WHERE oim.meta_key = %s
                AND oim.meta_value = %s
                AND oim.order_item_id = p.ID
            )
[17-Sep-2024 16:29:34 UTC] Params: Array
(
    [0] => 1169
    [1] => attribute_pa_color
    [2] => bleu
    [3] => attribute_pa_size
    [4] => 
)

[17-Sep-2024 16:29:34 UTC] Variations trouvées: Array
(
)

[17-Sep-2024 16:29:34 UTC] Création de la variation pour le produit ID: 1169
[17-Sep-2024 16:29:34 UTC] Création variation pour produit 1169 avec SKU KC6333-04
[17-Sep-2024 16:29:34 UTC] Attributs: Array
(
    [pa_color] => bleu
    [pa_size] => 
)

[17-Sep-2024 16:29:34 UTC] Stock: 911
[17-Sep-2024 16:29:34 UTC] Prix: 2,27
[17-Sep-2024 16:29:34 UTC] Variation créée avec succès pour produit 1169
[17-Sep-2024 16:29:34 UTC] Couleur attribuée: Vert
[17-Sep-2024 16:29:34 UTC] Taille attribuée: 
[17-Sep-2024 16:29:34 UTC] Term color trouvé: oui
[17-Sep-2024 16:29:34 UTC] Term size trouvé: non
[17-Sep-2024 16:29:34 UTC] SKU: KC6333-09
[17-Sep-2024 16:29:34 UTC] Requête SQL: 
            SELECT p.ID FROM wpgsm_posts p
            WHERE p.post_parent = %d 
            AND p.post_type = 'product_variation'
            AND p.post_status IN ('publish', 'private')
         AND EXISTS (
                SELECT 1 FROM wpgsm_woocommerce_order_itemmeta oim
                WHERE oim.meta_key = %s
                AND oim.meta_value = %s
                AND oim.order_item_id = p.ID
            ) AND EXISTS (
                SELECT 1 FROM wpgsm_woocommerce_order_itemmeta oim
                WHERE oim.meta_key = %s
                AND oim.meta_value = %s
                AND oim.order_item_id = p.ID
            )
[17-Sep-2024 16:29:34 UTC] Params: Array
(
    [0] => 1169
    [1] => attribute_pa_color
    [2] => vert
    [3] => attribute_pa_size
    [4] => 
)

[17-Sep-2024 16:29:34 UTC] Variations trouvées: Array
(
)

[17-Sep-2024 16:29:34 UTC] Création de la variation pour le produit ID: 1169
[17-Sep-2024 16:29:34 UTC] Création variation pour produit 1169 avec SKU KC6333-09
[17-Sep-2024 16:29:34 UTC] Attributs: Array
(
    [pa_color] => vert
    [pa_size] => 
)

[17-Sep-2024 16:29:34 UTC] Stock: 3039
[17-Sep-2024 16:29:34 UTC] Prix: 2,27
[17-Sep-2024 16:29:34 UTC] Variation créée avec succès pour produit 1169
[17-Sep-2024 16:29:34 UTC] Couleur attribuée: Noir
[17-Sep-2024 16:29:34 UTC] Taille attribuée: 
[17-Sep-2024 16:29:34 UTC] Term color trouvé: oui
[17-Sep-2024 16:29:34 UTC] Term size trouvé: non
[17-Sep-2024 16:29:34 UTC] SKU: KC6351-03
[17-Sep-2024 16:29:34 UTC] Requête SQL: 
            SELECT p.ID FROM wpgsm_posts p
            WHERE p.post_parent = %d 
            AND p.post_type = 'product_variation'
            AND p.post_status IN ('publish', 'private')
         AND EXISTS (
                SELECT 1 FROM wpgsm_woocommerce_order_itemmeta oim
                WHERE oim.meta_key = %s
                AND oim.meta_value = %s
                AND oim.order_item_id = p.ID
            ) AND EXISTS (
                SELECT 1 FROM wpgsm_woocommerce_order_itemmeta oim
                WHERE oim.meta_key = %s
                AND oim.meta_value = %s
                AND oim.order_item_id = p.ID
            )
[17-Sep-2024 16:29:34 UTC] Params: Array
(
    [0] => 1170
    [1] => attribute_pa_color
    [2] => noir
    [3] => attribute_pa_size
    [4] => 
)

[17-Sep-2024 16:29:34 UTC] Variations trouvées: Array
(
)

[17-Sep-2024 16:29:34 UTC] Création de la variation pour le produit ID: 1170
[17-Sep-2024 16:29:34 UTC] Création variation pour produit 1170 avec SKU KC6351-03
[17-Sep-2024 16:29:34 UTC] Attributs: Array
(
    [pa_color] => noir
    [pa_size] => 
)

[17-Sep-2024 16:29:34 UTC] Stock: 7461
[17-Sep-2024 16:29:34 UTC] Prix: 8,50
[17-Sep-2024 16:29:34 UTC] Variation créée avec succès pour produit 1170
[17-Sep-2024 16:29:34 UTC] Couleur attribuée: Multicolore
[17-Sep-2024 16:29:34 UTC] Taille attribuée: 
[17-Sep-2024 16:29:34 UTC] Term color trouvé: oui
[17-Sep-2024 16:29:34 UTC] Term size trouvé: non
[17-Sep-2024 16:29:34 UTC] SKU: KC6373-99
[17-Sep-2024 16:29:34 UTC] Requête SQL: 
            SELECT p.ID FROM wpgsm_posts p
            WHERE p.post_parent = %d 
            AND p.post_type = 'product_variation'
            AND p.post_status IN ('publish', 'private')
         AND EXISTS (
                SELECT 1 FROM wpgsm_woocommerce_order_itemmeta oim
                WHERE oim.meta_key = %s
                AND oim.meta_value = %s
                AND oim.order_item_id = p.ID
            ) AND EXISTS (
                SELECT 1 FROM wpgsm_woocommerce_order_itemmeta oim
                WHERE oim.meta_key = %s
                AND oim.meta_value = %s
                AND oim.order_item_id = p.ID
            )
[17-Sep-2024 16:29:34 UTC] Params: Array
(
    [0] => 1171
    [1] => attribute_pa_color
    [2] => multicolore
    [3] => attribute_pa_size
    [4] => 
)

[17-Sep-2024 16:29:34 UTC] Variations trouvées: Array
(
)

[17-Sep-2024 16:29:34 UTC] Création de la variation pour le produit ID: 1171
[17-Sep-2024 16:29:34 UTC] Création variation pour produit 1171 avec SKU KC6373-99
[17-Sep-2024 16:29:34 UTC] Attributs: Array
(
    [pa_color] => multicolore
    [pa_size] => 
)

[17-Sep-2024 16:29:34 UTC] Stock: 1533
[17-Sep-2024 16:29:34 UTC] Prix: 4,71
[17-Sep-2024 16:29:35 UTC] Variation créée avec succès pour produit 1171
[17-Sep-2024 16:29:35 UTC] Couleur attribuée: Bleu Bébé
[17-Sep-2024 16:29:35 UTC] Taille attribuée: 
[17-Sep-2024 16:29:35 UTC] Term color trouvé: oui
[17-Sep-2024 16:29:35 UTC] Term size trouvé: non
[17-Sep-2024 16:29:35 UTC] SKU: KC6375-66
[17-Sep-2024 16:29:35 UTC] Requête SQL: 
            SELECT p.ID FROM wpgsm_posts p
            WHERE p.post_parent = %d 
            AND p.post_type = 'product_variation'
            AND p.post_status IN ('publish', 'private')
         AND EXISTS (
                SELECT 1 FROM wpgsm_woocommerce_order_itemmeta oim
                WHERE oim.meta_key = %s
                AND oim.meta_value = %s
                AND oim.order_item_id = p.ID
            ) AND EXISTS (
                SELECT 1 FROM wpgsm_woocommerce_order_itemmeta oim
                WHERE oim.meta_key = %s
                AND oim.meta_value = %s
                AND oim.order_item_id = p.ID
            )
[17-Sep-2024 16:29:35 UTC] Params: Array
(
    [0] => 1172
    [1] => attribute_pa_color
    [2] => bleu-bebe
    [3] => attribute_pa_size
    [4] => 
)

[17-Sep-2024 16:29:35 UTC] Variations trouvées: Array
(
)

[17-Sep-2024 16:29:35 UTC] Création de la variation pour le produit ID: 1172
[17-Sep-2024 16:29:35 UTC] Création variation pour produit 1172 avec SKU KC6375-66
[17-Sep-2024 16:29:35 UTC] Attributs: Array
(
    [pa_color] => bleu-bebe
    [pa_size] => 
)

[17-Sep-2024 16:29:35 UTC] Stock: 14493
[17-Sep-2024 16:29:35 UTC] Prix: 1,02
[17-Sep-2024 16:29:35 UTC] Variation créée avec succès pour produit 1172
[17-Sep-2024 16:29:35 UTC] Couleur attribuée: Rouge
[17-Sep-2024 16:29:35 UTC] Taille attribuée: 
[17-Sep-2024 16:29:35 UTC] Term color trouvé: oui
[17-Sep-2024 16:29:35 UTC] Term size trouvé: non
[17-Sep-2024 16:29:35 UTC] SKU: KC6375-05
[17-Sep-2024 16:29:35 UTC] Requête SQL: 
            SELECT p.ID FROM wpgsm_posts p
            WHERE p.post_parent = %d 
            AND p.post_type = 'product_variation'
            AND p.post_status IN ('publish', 'private')
         AND EXISTS (
                SELECT 1 FROM wpgsm_woocommerce_order_itemmeta oim
                WHERE oim.meta_key = %s
                AND oim.meta_value = %s
                AND oim.order_item_id = p.ID
            ) AND EXISTS (
                SELECT 1 FROM wpgsm_woocommerce_order_itemmeta oim
                WHERE oim.meta_key = %s
                AND oim.meta_value = %s
                AND oim.order_item_id = p.ID
            )
[17-Sep-2024 16:29:35 UTC] Params: Array
(
    [0] => 1172
    [1] => attribute_pa_color
    [2] => rouge
    [3] => attribute_pa_size
    [4] => 
)

[17-Sep-2024 16:29:35 UTC] Variations trouvées: Array
(
)

[17-Sep-2024 16:29:35 UTC] Création de la variation pour le produit ID: 1172
[17-Sep-2024 16:29:35 UTC] Création variation pour produit 1172 avec SKU KC6375-05
[17-Sep-2024 16:29:35 UTC] Attributs: Array
(
    [pa_color] => rouge
    [pa_size] => 
)

[17-Sep-2024 16:29:35 UTC] Stock: 4449
[17-Sep-2024 16:29:35 UTC] Prix: 1,02
[17-Sep-2024 16:29:35 UTC] Variation créée avec succès pour produit 1172
[17-Sep-2024 16:29:35 UTC] Couleur attribuée: Noir
[17-Sep-2024 16:29:35 UTC] Taille attribuée: 
[17-Sep-2024 16:29:35 UTC] Term color trouvé: oui
[17-Sep-2024 16:29:35 UTC] Term size trouvé: non
[17-Sep-2024 16:29:35 UTC] SKU: KC6375-03
[17-Sep-2024 16:29:35 UTC] Requête SQL: 
            SELECT p.ID FROM wpgsm_posts p
            WHERE p.post_parent = %d 
            AND p.post_type = 'product_variation'
            AND p.post_status IN ('publish', 'private')
         AND EXISTS (
                SELECT 1 FROM wpgsm_woocommerce_order_itemmeta oim
                WHERE oim.meta_key = %s
                AND oim.meta_value = %s
                AND oim.order_item_id = p.ID
            ) AND EXISTS (
                SELECT 1 FROM wpgsm_woocommerce_order_itemmeta oim
                WHERE oim.meta_key = %s
                AND oim.meta_value = %s
                AND oim.order_item_id = p.ID
            )
[17-Sep-2024 16:29:35 UTC] Params: Array
(
    [0] => 1172
    [1] => attribute_pa_color
    [2] => noir
    [3] => attribute_pa_size
    [4] => 
)

[17-Sep-2024 16:29:35 UTC] Variations trouvées: Array
(
)

[17-Sep-2024 16:29:35 UTC] Création de la variation pour le produit ID: 1172
[17-Sep-2024 16:29:35 UTC] Création variation pour produit 1172 avec SKU KC6375-03
[17-Sep-2024 16:29:35 UTC] Attributs: Array
(
    [pa_color] => noir
    [pa_size] => 
)

[17-Sep-2024 16:29:35 UTC] Stock: 2670
[17-Sep-2024 16:29:35 UTC] Prix: 1,02
[17-Sep-2024 16:29:35 UTC] Variation créée avec succès pour produit 1172
[17-Sep-2024 16:29:35 UTC] Couleur attribuée: Bleu
[17-Sep-2024 16:29:35 UTC] Taille attribuée: 
[17-Sep-2024 16:29:35 UTC] Term color trouvé: oui
[17-Sep-2024 16:29:35 UTC] Term size trouvé: non
[17-Sep-2024 16:29:35 UTC] SKU: KC6382-04
[17-Sep-2024 16:29:35 UTC] Requête SQL: 
            SELECT p.ID FROM wpgsm_posts p
            WHERE p.post_parent = %d 
            AND p.post_type = 'product_variation'
            AND p.post_status IN ('publish', 'private')
         AND EXISTS (
                SELECT 1 FROM wpgsm_woocommerce_order_itemmeta oim
                WHERE oim.meta_key = %s
                AND oim.meta_value = %s
                AND oim.order_item_id = p.ID
            ) AND EXISTS (
                SELECT 1 FROM wpgsm_woocommerce_order_itemmeta oim
                WHERE oim.meta_key = %s
                AND oim.meta_value = %s
                AND oim.order_item_id = p.ID
            )
[17-Sep-2024 16:29:35 UTC] Params: Array
(
    [0] => 1173
    [1] => attribute_pa_color
    [2] => bleu
    [3] => attribute_pa_size
    [4] => 
)

[17-Sep-2024 16:29:35 UTC] Variations trouvées: Array
(
)

[17-Sep-2024 16:29:35 UTC] Création de la variation pour le produit ID: 1173
[17-Sep-2024 16:29:35 UTC] Création variation pour produit 1173 avec SKU KC6382-04
[17-Sep-2024 16:29:35 UTC] Attributs: Array
(
    [pa_color] => bleu
    [pa_size] => 
)

[17-Sep-2024 16:29:35 UTC] Stock: 5591
[17-Sep-2024 16:29:35 UTC] Prix: 11,92
[17-Sep-2024 16:29:35 UTC] Variation créée avec succès pour produit 1173
[17-Sep-2024 16:29:35 UTC] Couleur attribuée: Noir
[17-Sep-2024 16:29:35 UTC] Taille attribuée: 
[17-Sep-2024 16:29:35 UTC] Term color trouvé: oui
[17-Sep-2024 16:29:35 UTC] Term size trouvé: non
[17-Sep-2024 16:29:35 UTC] SKU: KC6382-03
[17-Sep-2024 16:29:35 UTC] Requête SQL: 
            SELECT p.ID FROM wpgsm_posts p
            WHERE p.post_parent = %d 
            AND p.post_type = 'product_variation'
            AND p.post_status IN ('publish', 'private')
         AND EXISTS (
                SELECT 1 FROM wpgsm_woocommerce_order_itemmeta oim
                WHERE oim.meta_key = %s
                AND oim.meta_value = %s
                AND oim.order_item_id = p.ID
            ) AND EXISTS (
                SELECT 1 FROM wpgsm_woocommerce_order_itemmeta oim
                WHERE oim.meta_key = %s
                AND oim.meta_value = %s
                AND oim.order_item_id = p.ID
            )
[17-Sep-2024 16:29:35 UTC] Params: Array
(
    [0] => 1173
    [1] => attribute_pa_color
    [2] => noir
    [3] => attribute_pa_size
    [4] => 
)

[17-Sep-2024 16:29:35 UTC] Variations trouvées: Array
(
)

[17-Sep-2024 16:29:35 UTC] Création de la variation pour le produit ID: 1173
[17-Sep-2024 16:29:35 UTC] Création variation pour produit 1173 avec SKU KC6382-03
[17-Sep-2024 16:29:35 UTC] Attributs: Array
(
    [pa_color] => noir
    [pa_size] => 
)

[17-Sep-2024 16:29:35 UTC] Stock: 4422
[17-Sep-2024 16:29:35 UTC] Prix: 11,92
[17-Sep-2024 16:29:35 UTC] Variation créée avec succès pour produit 1173
[17-Sep-2024 16:29:35 UTC] Couleur attribuée: Noir
[17-Sep-2024 16:29:35 UTC] Taille attribuée: 
[17-Sep-2024 16:29:35 UTC] Term color trouvé: oui
[17-Sep-2024 16:29:35 UTC] Term size trouvé: non
[17-Sep-2024 16:29:35 UTC] SKU: KC6387-03
[17-Sep-2024 16:29:35 UTC] Requête SQL: 
            SELECT p.ID FROM wpgsm_posts p
            WHERE p.post_parent = %d 
            AND p.post_type = 'product_variation'
            AND p.post_status IN ('publish', 'private')
         AND EXISTS (
                SELECT 1 FROM wpgsm_woocommerce_order_itemmeta oim
                WHERE oim.meta_key = %s
                AND oim.meta_value = %s
                AND oim.order_item_id = p.ID
            ) AND EXISTS (
                SELECT 1 FROM wpgsm_woocommerce_order_itemmeta oim
                WHERE oim.meta_key = %s
                AND oim.meta_value = %s
                AND oim.order_item_id = p.ID
            )
[17-Sep-2024 16:29:35 UTC] Params: Array
(
    [0] => 1174
    [1] => attribute_pa_color
    [2] => noir
    [3] => attribute_pa_size
    [4] => 
)

[17-Sep-2024 16:29:35 UTC] Variations trouvées: Array
(
)

[17-Sep-2024 16:29:35 UTC] Création de la variation pour le produit ID: 1174
[17-Sep-2024 16:29:35 UTC] Création variation pour produit 1174 avec SKU KC6387-03
[17-Sep-2024 16:29:35 UTC] Attributs: Array
(
    [pa_color] => noir
    [pa_size] => 
)

[17-Sep-2024 16:29:35 UTC] Stock: 387
[17-Sep-2024 16:29:35 UTC] Prix: 17,91
[17-Sep-2024 16:29:35 UTC] Variation créée avec succès pour produit 1174
[17-Sep-2024 16:29:35 UTC] Couleur attribuée: Noir
[17-Sep-2024 16:29:35 UTC] Taille attribuée: 
[17-Sep-2024 16:29:35 UTC] Term color trouvé: oui
[17-Sep-2024 16:29:35 UTC] Term size trouvé: non
[17-Sep-2024 16:29:35 UTC] SKU: KC6388-03
[17-Sep-2024 16:29:35 UTC] Requête SQL: 
            SELECT p.ID FROM wpgsm_posts p
            WHERE p.post_parent = %d 
            AND p.post_type = 'product_variation'
            AND p.post_status IN ('publish', 'private')
         AND EXISTS (
                SELECT 1 FROM wpgsm_woocommerce_order_itemmeta oim
                WHERE oim.meta_key = %s
                AND oim.meta_value = %s
                AND oim.order_item_id = p.ID
            ) AND EXISTS (
                SELECT 1 FROM wpgsm_woocommerce_order_itemmeta oim
                WHERE oim.meta_key = %s
                AND oim.meta_value = %s
                AND oim.order_item_id = p.ID
            )
[17-Sep-2024 16:29:35 UTC] Params: Array
(
    [0] => 1175
    [1] => attribute_pa_color
    [2] => noir
    [3] => attribute_pa_size
    [4] => 
)

[17-Sep-2024 16:29:35 UTC] Variations trouvées: Array
(
)

[17-Sep-2024 16:29:35 UTC] Création de la variation pour le produit ID: 1175
[17-Sep-2024 16:29:35 UTC] Création variation pour produit 1175 avec SKU KC6388-03
[17-Sep-2024 16:29:35 UTC] Attributs: Array
(
    [pa_color] => noir
    [pa_size] => 
)

[17-Sep-2024 16:29:35 UTC] Stock: 1879
[17-Sep-2024 16:29:35 UTC] Prix: 8,13
[17-Sep-2024 16:29:35 UTC] Variation créée avec succès pour produit 1175
[17-Sep-2024 16:29:35 UTC] Couleur attribuée: Rouge
[17-Sep-2024 16:29:35 UTC] Taille attribuée: 
[17-Sep-2024 16:29:35 UTC] Term color trouvé: oui
[17-Sep-2024 16:29:35 UTC] Term size trouvé: non
[17-Sep-2024 16:29:35 UTC] SKU: KC6423-05
[17-Sep-2024 16:29:35 UTC] Requête SQL: 
            SELECT p.ID FROM wpgsm_posts p
            WHERE p.post_parent = %d 
            AND p.post_type = 'product_variation'
            AND p.post_status IN ('publish', 'private')
         AND EXISTS (
                SELECT 1 FROM wpgsm_woocommerce_order_itemmeta oim
                WHERE oim.meta_key = %s
                AND oim.meta_value = %s
                AND oim.order_item_id = p.ID
            ) AND EXISTS (
                SELECT 1 FROM wpgsm_woocommerce_order_itemmeta oim
                WHERE oim.meta_key = %s
                AND oim.meta_value = %s
                AND oim.order_item_id = p.ID
            )
[17-Sep-2024 16:29:35 UTC] Params: Array
(
    [0] => 1177
    [1] => attribute_pa_color
    [2] => rouge
    [3] => attribute_pa_size
    [4] => 
)

[17-Sep-2024 16:29:35 UTC] Variations trouvées: Array
(
)

[17-Sep-2024 16:29:35 UTC] Création de la variation pour le produit ID: 1177
[17-Sep-2024 16:29:35 UTC] Création variation pour produit 1177 avec SKU KC6423-05
[17-Sep-2024 16:29:35 UTC] Attributs: Array
(
    [pa_color] => rouge
    [pa_size] => 
)

[17-Sep-2024 16:29:35 UTC] Stock: 6270
[17-Sep-2024 16:29:35 UTC] Prix: 3,04
[17-Sep-2024 16:29:35 UTC] Variation créée avec succès pour produit 1177
[17-Sep-2024 16:29:35 UTC] Couleur attribuée: Argent
[17-Sep-2024 16:29:35 UTC] Taille attribuée: 
[17-Sep-2024 16:29:35 UTC] Term color trouvé: oui
[17-Sep-2024 16:29:35 UTC] Term size trouvé: non
[17-Sep-2024 16:29:35 UTC] SKU: KC6460-14
[17-Sep-2024 16:29:35 UTC] Requête SQL: 
            SELECT p.ID FROM wpgsm_posts p
            WHERE p.post_parent = %d 
            AND p.post_type = 'product_variation'
            AND p.post_status IN ('publish', 'private')
         AND EXISTS (
                SELECT 1 FROM wpgsm_woocommerce_order_itemmeta oim
                WHERE oim.meta_key = %s
                AND oim.meta_value = %s
                AND oim.order_item_id = p.ID
            ) AND EXISTS (
                SELECT 1 FROM wpgsm_woocommerce_order_itemmeta oim
                WHERE oim.meta_key = %s
                AND oim.meta_value = %s
                AND oim.order_item_id = p.ID
            )
[17-Sep-2024 16:29:35 UTC] Params: Array
(
    [0] => 1178
    [1] => attribute_pa_color
    [2] => argent
    [3] => attribute_pa_size
    [4] => 
)

[17-Sep-2024 16:29:35 UTC] Variations trouvées: Array
(
)

[17-Sep-2024 16:29:35 UTC] Création de la variation pour le produit ID: 1178
[17-Sep-2024 16:29:35 UTC] Création variation pour produit 1178 avec SKU KC6460-14
[17-Sep-2024 16:29:35 UTC] Attributs: Array
(
    [pa_color] => argent
    [pa_size] => 
)

[17-Sep-2024 16:29:35 UTC] Stock: 7929
[17-Sep-2024 16:29:35 UTC] Prix: 4,25
[17-Sep-2024 16:29:35 UTC] Variation créée avec succès pour produit 1178
[17-Sep-2024 16:29:35 UTC] Couleur attribuée: Argent Brillant
[17-Sep-2024 16:29:35 UTC] Taille attribuée: 
[17-Sep-2024 16:29:35 UTC] Term color trouvé: oui
[17-Sep-2024 16:29:35 UTC] Term size trouvé: non
[17-Sep-2024 16:29:35 UTC] SKU: KC6486-17
[17-Sep-2024 16:29:35 UTC] Requête SQL: 
            SELECT p.ID FROM wpgsm_posts p
            WHERE p.post_parent = %d 
            AND p.post_type = 'product_variation'
            AND p.post_status IN ('publish', 'private')
         AND EXISTS (
                SELECT 1 FROM wpgsm_woocommerce_order_itemmeta oim
                WHERE oim.meta_key = %s
                AND oim.meta_value = %s
                AND oim.order_item_id = p.ID
            ) AND EXISTS (
                SELECT 1 FROM wpgsm_woocommerce_order_itemmeta oim
                WHERE oim.meta_key = %s
                AND oim.meta_value = %s
                AND oim.order_item_id = p.ID
            )
[17-Sep-2024 16:29:35 UTC] Params: Array
(
    [0] => 1179
    [1] => attribute_pa_color
    [2] => argent-brillant
    [3] => attribute_pa_size
    [4] => 
)

[17-Sep-2024 16:29:35 UTC] Variations trouvées: Array
(
)

[17-Sep-2024 16:29:35 UTC] Création de la variation pour le produit ID: 1179
[17-Sep-2024 16:29:35 UTC] Création variation pour produit 1179 avec SKU KC6486-17
[17-Sep-2024 16:29:35 UTC] Attributs: Array
(
    [pa_color] => argent-brillant
    [pa_size] => 
)

[17-Sep-2024 16:29:35 UTC] Stock: 10761
[17-Sep-2024 16:29:35 UTC] Prix: 0,98
[17-Sep-2024 16:29:36 UTC] Variation créée avec succès pour produit 1179
[17-Sep-2024 16:29:36 UTC] Couleur attribuée: Bleu
[17-Sep-2024 16:29:36 UTC] Taille attribuée: 
[17-Sep-2024 16:29:36 UTC] Term color trouvé: oui
[17-Sep-2024 16:29:36 UTC] Term size trouvé: non
[17-Sep-2024 16:29:36 UTC] SKU: KC6540-04
[17-Sep-2024 16:29:36 UTC] Requête SQL: 
            SELECT p.ID FROM wpgsm_posts p
            WHERE p.post_parent = %d 
            AND p.post_type = 'product_variation'
            AND p.post_status IN ('publish', 'private')
         AND EXISTS (
                SELECT 1 FROM wpgsm_woocommerce_order_itemmeta oim
                WHERE oim.meta_key = %s
                AND oim.meta_value = %s
                AND oim.order_item_id = p.ID
            ) AND EXISTS (
                SELECT 1 FROM wpgsm_woocommerce_order_itemmeta oim
                WHERE oim.meta_key = %s
                AND oim.meta_value = %s
                AND oim.order_item_id = p.ID
            )
[17-Sep-2024 16:29:36 UTC] Params: Array
(
    [0] => 1180
    [1] => attribute_pa_color
    [2] => bleu
    [3] => attribute_pa_size
    [4] => 
)

[17-Sep-2024 16:29:36 UTC] Variations trouvées: Array
(
)

[17-Sep-2024 16:29:36 UTC] Création de la variation pour le produit ID: 1180
[17-Sep-2024 16:29:36 UTC] Création variation pour produit 1180 avec SKU KC6540-04
[17-Sep-2024 16:29:36 UTC] Attributs: Array
(
    [pa_color] => bleu
    [pa_size] => 
)

[17-Sep-2024 16:29:36 UTC] Stock: 29871
[17-Sep-2024 16:29:36 UTC] Prix: 0,72
[17-Sep-2024 16:29:36 UTC] Variation créée avec succès pour produit 1180
[17-Sep-2024 16:29:36 UTC] Couleur attribuée: Argent Mat
[17-Sep-2024 16:29:36 UTC] Taille attribuée: 
[17-Sep-2024 16:29:36 UTC] Term color trouvé: oui
[17-Sep-2024 16:29:36 UTC] Term size trouvé: non
[17-Sep-2024 16:29:36 UTC] SKU: KC6589-16
[17-Sep-2024 16:29:36 UTC] Requête SQL: 
            SELECT p.ID FROM wpgsm_posts p
            WHERE p.post_parent = %d 
            AND p.post_type = 'product_variation'
            AND p.post_status IN ('publish', 'private')
         AND EXISTS (
                SELECT 1 FROM wpgsm_woocommerce_order_itemmeta oim
                WHERE oim.meta_key = %s
                AND oim.meta_value = %s
                AND oim.order_item_id = p.ID
            ) AND EXISTS (
                SELECT 1 FROM wpgsm_woocommerce_order_itemmeta oim
                WHERE oim.meta_key = %s
                AND oim.meta_value = %s
                AND oim.order_item_id = p.ID
            )
[17-Sep-2024 16:29:36 UTC] Params: Array
(
    [0] => 1181
    [1] => attribute_pa_color
    [2] => argent-mat
    [3] => attribute_pa_size
    [4] => 
)

[17-Sep-2024 16:29:36 UTC] Variations trouvées: Array
(
)

[17-Sep-2024 16:29:36 UTC] Création de la variation pour le produit ID: 1181
[17-Sep-2024 16:29:36 UTC] Création variation pour produit 1181 avec SKU KC6589-16
[17-Sep-2024 16:29:36 UTC] Attributs: Array
(
    [pa_color] => argent-mat
    [pa_size] => 
)

[17-Sep-2024 16:29:36 UTC] Stock: 31496
[17-Sep-2024 16:29:36 UTC] Prix: 0,46
[17-Sep-2024 16:29:36 UTC] Variation créée avec succès pour produit 1181
[17-Sep-2024 16:29:36 UTC] Couleur attribuée: Blanc
[17-Sep-2024 16:29:36 UTC] Taille attribuée: 
[17-Sep-2024 16:29:36 UTC] Term color trouvé: oui
[17-Sep-2024 16:29:36 UTC] Term size trouvé: non
[17-Sep-2024 16:29:36 UTC] SKU: KC6636-06
[17-Sep-2024 16:29:36 UTC] Requête SQL: 
            SELECT p.ID FROM wpgsm_posts p
            WHERE p.post_parent = %d 
            AND p.post_type = 'product_variation'
            AND p.post_status IN ('publish', 'private')
         AND EXISTS (
                SELECT 1 FROM wpgsm_woocommerce_order_itemmeta oim
                WHERE oim.meta_key = %s
                AND oim.meta_value = %s
                AND oim.order_item_id = p.ID
            ) AND EXISTS (
                SELECT 1 FROM wpgsm_woocommerce_order_itemmeta oim
                WHERE oim.meta_key = %s
                AND oim.meta_value = %s
                AND oim.order_item_id = p.ID
            )
[17-Sep-2024 16:29:36 UTC] Params: Array
(
    [0] => 1182
    [1] => attribute_pa_color
    [2] => blanc
    [3] => attribute_pa_size
    [4] => 
)

[17-Sep-2024 16:29:36 UTC] Variations trouvées: Array
(
)

[17-Sep-2024 16:29:36 UTC] Création de la variation pour le produit ID: 1182
[17-Sep-2024 16:29:36 UTC] Création variation pour produit 1182 avec SKU KC6636-06
[17-Sep-2024 16:29:36 UTC] Attributs: Array
(
    [pa_color] => blanc
    [pa_size] => 
)

[17-Sep-2024 16:29:36 UTC] Stock: 8118
[17-Sep-2024 16:29:36 UTC] Prix: 0,40
[17-Sep-2024 16:29:36 UTC] Variation créée avec succès pour produit 1182
[17-Sep-2024 16:29:36 UTC] Couleur attribuée: Blanc
[17-Sep-2024 16:29:36 UTC] Taille attribuée: 
[17-Sep-2024 16:29:36 UTC] Term color trouvé: oui
[17-Sep-2024 16:29:36 UTC] Term size trouvé: non
[17-Sep-2024 16:29:36 UTC] SKU: KC6637-06
[17-Sep-2024 16:29:36 UTC] Requête SQL: 
            SELECT p.ID FROM wpgsm_posts p
            WHERE p.post_parent = %d 
            AND p.post_type = 'product_variation'
            AND p.post_status IN ('publish', 'private')
         AND EXISTS (
                SELECT 1 FROM wpgsm_woocommerce_order_itemmeta oim
                WHERE oim.meta_key = %s
                AND oim.meta_value = %s
                AND oim.order_item_id = p.ID
            ) AND EXISTS (
                SELECT 1 FROM wpgsm_woocommerce_order_itemmeta oim
                WHERE oim.meta_key = %s
                AND oim.meta_value = %s
                AND oim.order_item_id = p.ID
            )
[17-Sep-2024 16:29:36 UTC] Params: Array
(
    [0] => 1183
    [1] => attribute_pa_color
    [2] => blanc
    [3] => attribute_pa_size
    [4] => 
)

[17-Sep-2024 16:29:36 UTC] Variations trouvées: Array
(
)

[17-Sep-2024 16:29:36 UTC] Création de la variation pour le produit ID: 1183
[17-Sep-2024 16:29:36 UTC] Création variation pour produit 1183 avec SKU KC6637-06
[17-Sep-2024 16:29:36 UTC] Attributs: Array
(
    [pa_color] => blanc
    [pa_size] => 
)

[17-Sep-2024 16:29:36 UTC] Stock: 62950
[17-Sep-2024 16:29:36 UTC] Prix: 0,38
[17-Sep-2024 16:29:36 UTC] Variation créée avec succès pour produit 1183
[17-Sep-2024 16:29:36 UTC] Couleur attribuée: Transparent
[17-Sep-2024 16:29:36 UTC] Taille attribuée: 
[17-Sep-2024 16:29:36 UTC] Term color trouvé: oui
[17-Sep-2024 16:29:36 UTC] Term size trouvé: non
[17-Sep-2024 16:29:36 UTC] SKU: KC6637-22
[17-Sep-2024 16:29:36 UTC] Requête SQL: 
            SELECT p.ID FROM wpgsm_posts p
            WHERE p.post_parent = %d 
            AND p.post_type = 'product_variation'
            AND p.post_status IN ('publish', 'private')
         AND EXISTS (
                SELECT 1 FROM wpgsm_woocommerce_order_itemmeta oim
                WHERE oim.meta_key = %s
                AND oim.meta_value = %s
                AND oim.order_item_id = p.ID
            ) AND EXISTS (
                SELECT 1 FROM wpgsm_woocommerce_order_itemmeta oim
                WHERE oim.meta_key = %s
                AND oim.meta_value = %s
                AND oim.order_item_id = p.ID
            )
[17-Sep-2024 16:29:36 UTC] Params: Array
(
    [0] => 1183
    [1] => attribute_pa_color
    [2] => transparent
    [3] => attribute_pa_size
    [4] => 
)

[17-Sep-2024 16:29:36 UTC] Variations trouvées: Array
(
)

[17-Sep-2024 16:29:36 UTC] Création de la variation pour le produit ID: 1183
[17-Sep-2024 16:29:36 UTC] Création variation pour produit 1183 avec SKU KC6637-22
[17-Sep-2024 16:29:36 UTC] Attributs: Array
(
    [pa_color] => transparent
    [pa_size] => 
)

[17-Sep-2024 16:29:36 UTC] Stock: 19410
[17-Sep-2024 16:29:36 UTC] Prix: 0,38
[17-Sep-2024 16:29:36 UTC] Variation créée avec succès pour produit 1183
[17-Sep-2024 16:29:36 UTC] Couleur attribuée: Multicolore
[17-Sep-2024 16:29:36 UTC] Taille attribuée: 
[17-Sep-2024 16:29:36 UTC] Term color trouvé: oui
[17-Sep-2024 16:29:36 UTC] Term size trouvé: non
[17-Sep-2024 16:29:36 UTC] SKU: KC6640-99
[17-Sep-2024 16:29:36 UTC] Requête SQL: 
            SELECT p.ID FROM wpgsm_posts p
            WHERE p.post_parent = %d 
            AND p.post_type = 'product_variation'
            AND p.post_status IN ('publish', 'private')
         AND EXISTS (
                SELECT 1 FROM wpgsm_woocommerce_order_itemmeta oim
                WHERE oim.meta_key = %s
                AND oim.meta_value = %s
                AND oim.order_item_id = p.ID
            ) AND EXISTS (
                SELECT 1 FROM wpgsm_woocommerce_order_itemmeta oim
                WHERE oim.meta_key = %s
                AND oim.meta_value = %s
                AND oim.order_item_id = p.ID
            )
[17-Sep-2024 16:29:36 UTC] Params: Array
(
    [0] => 1184
    [1] => attribute_pa_color
    [2] => multicolore
    [3] => attribute_pa_size
    [4] => 
)

[17-Sep-2024 16:29:36 UTC] Variations trouvées: Array
(
)

[17-Sep-2024 16:29:36 UTC] Création de la variation pour le produit ID: 1184
[17-Sep-2024 16:29:36 UTC] Création variation pour produit 1184 avec SKU KC6640-99
[17-Sep-2024 16:29:36 UTC] Attributs: Array
(
    [pa_color] => multicolore
    [pa_size] => 
)

[17-Sep-2024 16:29:36 UTC] Stock: 5762
[17-Sep-2024 16:29:36 UTC] Prix: 1,24
[17-Sep-2024 16:29:36 UTC] Variation créée avec succès pour produit 1184
[17-Sep-2024 16:29:36 UTC] Couleur attribuée: Blanc
[17-Sep-2024 16:29:36 UTC] Taille attribuée: 
[17-Sep-2024 16:29:36 UTC] Term color trouvé: oui
[17-Sep-2024 16:29:36 UTC] Term size trouvé: non
[17-Sep-2024 16:29:36 UTC] SKU: KC6642-06
[17-Sep-2024 16:29:36 UTC] Requête SQL: 
            SELECT p.ID FROM wpgsm_posts p
            WHERE p.post_parent = %d 
            AND p.post_type = 'product_variation'
            AND p.post_status IN ('publish', 'private')
         AND EXISTS (
                SELECT 1 FROM wpgsm_woocommerce_order_itemmeta oim
                WHERE oim.meta_key = %s
                AND oim.meta_value = %s
                AND oim.order_item_id = p.ID
            ) AND EXISTS (
                SELECT 1 FROM wpgsm_woocommerce_order_itemmeta oim
                WHERE oim.meta_key = %s
                AND oim.meta_value = %s
                AND oim.order_item_id = p.ID
            )
[17-Sep-2024 16:29:36 UTC] Params: Array
(
    [0] => 1185
    [1] => attribute_pa_color
    [2] => blanc
    [3] => attribute_pa_size
    [4] => 
)

[17-Sep-2024 16:29:36 UTC] Variations trouvées: Array
(
)

[17-Sep-2024 16:29:36 UTC] Création de la variation pour le produit ID: 1185
[17-Sep-2024 16:29:36 UTC] Création variation pour produit 1185 avec SKU KC6642-06
[17-Sep-2024 16:29:36 UTC] Attributs: Array
(
    [pa_color] => blanc
    [pa_size] => 
)

[17-Sep-2024 16:29:36 UTC] Stock: 49712
[17-Sep-2024 16:29:36 UTC] Prix: 0,78
[17-Sep-2024 16:29:36 UTC] Variation créée avec succès pour produit 1185
[17-Sep-2024 16:29:36 UTC] Couleur attribuée: Argent Mat
[17-Sep-2024 16:29:36 UTC] Taille attribuée: 
[17-Sep-2024 16:29:36 UTC] Term color trouvé: oui
[17-Sep-2024 16:29:36 UTC] Term size trouvé: non
[17-Sep-2024 16:29:36 UTC] SKU: KC6642-16
[17-Sep-2024 16:29:36 UTC] Requête SQL: 
            SELECT p.ID FROM wpgsm_posts p
            WHERE p.post_parent = %d 
            AND p.post_type = 'product_variation'
            AND p.post_status IN ('publish', 'private')
         AND EXISTS (
                SELECT 1 FROM wpgsm_woocommerce_order_itemmeta oim
                WHERE oim.meta_key = %s
                AND oim.meta_value = %s
                AND oim.order_item_id = p.ID
            ) AND EXISTS (
                SELECT 1 FROM wpgsm_woocommerce_order_itemmeta oim
                WHERE oim.meta_key = %s
                AND oim.meta_value = %s
                AND oim.order_item_id = p.ID
            )
[17-Sep-2024 16:29:36 UTC] Params: Array
(
    [0] => 1185
    [1] => attribute_pa_color
    [2] => argent-mat
    [3] => attribute_pa_size
    [4] => 
)

[17-Sep-2024 16:29:36 UTC] Variations trouvées: Array
(
)

[17-Sep-2024 16:29:36 UTC] Création de la variation pour le produit ID: 1185
[17-Sep-2024 16:29:36 UTC] Création variation pour produit 1185 avec SKU KC6642-16
[17-Sep-2024 16:29:36 UTC] Attributs: Array
(
    [pa_color] => argent-mat
    [pa_size] => 
)

[17-Sep-2024 16:29:36 UTC] Stock: 19440
[17-Sep-2024 16:29:36 UTC] Prix: 0,78
[17-Sep-2024 16:29:36 UTC] Variation créée avec succès pour produit 1185
[17-Sep-2024 16:29:36 UTC] Couleur attribuée: Noir
[17-Sep-2024 16:29:36 UTC] Taille attribuée: 
[17-Sep-2024 16:29:36 UTC] Term color trouvé: oui
[17-Sep-2024 16:29:36 UTC] Term size trouvé: non
[17-Sep-2024 16:29:36 UTC] SKU: KC6642-03
[17-Sep-2024 16:29:36 UTC] Requête SQL: 
            SELECT p.ID FROM wpgsm_posts p
            WHERE p.post_parent = %d 
            AND p.post_type = 'product_variation'
            AND p.post_status IN ('publish', 'private')
         AND EXISTS (
                SELECT 1 FROM wpgsm_woocommerce_order_itemmeta oim
                WHERE oim.meta_key = %s
                AND oim.meta_value = %s
                AND oim.order_item_id = p.ID
            ) AND EXISTS (
                SELECT 1 FROM wpgsm_woocommerce_order_itemmeta oim
                WHERE oim.meta_key = %s
                AND oim.meta_value = %s
                AND oim.order_item_id = p.ID
            )
[17-Sep-2024 16:29:36 UTC] Params: Array
(
    [0] => 1185
    [1] => attribute_pa_color
    [2] => noir
    [3] => attribute_pa_size
    [4] => 
)

[17-Sep-2024 16:29:36 UTC] Variations trouvées: Array
(
)

[17-Sep-2024 16:29:36 UTC] Création de la variation pour le produit ID: 1185
[17-Sep-2024 16:29:36 UTC] Création variation pour produit 1185 avec SKU KC6642-03
[17-Sep-2024 16:29:36 UTC] Attributs: Array
(
    [pa_color] => noir
    [pa_size] => 
)

[17-Sep-2024 16:29:36 UTC] Stock: 18821
[17-Sep-2024 16:29:36 UTC] Prix: 0,78
[17-Sep-2024 16:29:36 UTC] Variation créée avec succès pour produit 1185
[17-Sep-2024 16:29:36 UTC] Couleur attribuée: Bleu
[17-Sep-2024 16:29:36 UTC] Taille attribuée: 
[17-Sep-2024 16:29:36 UTC] Term color trouvé: oui
[17-Sep-2024 16:29:36 UTC] Term size trouvé: non
[17-Sep-2024 16:29:36 UTC] SKU: KC6642-04
[17-Sep-2024 16:29:36 UTC] Requête SQL: 
            SELECT p.ID FROM wpgsm_posts p
            WHERE p.post_parent = %d 
            AND p.post_type = 'product_variation'
            AND p.post_status IN ('publish', 'private')
         AND EXISTS (
                SELECT 1 FROM wpgsm_woocommerce_order_itemmeta oim
                WHERE oim.meta_key = %s
                AND oim.meta_value = %s
                AND oim.order_item_id = p.ID
            ) AND EXISTS (
                SELECT 1 FROM wpgsm_woocommerce_order_itemmeta oim
                WHERE oim.meta_key = %s
                AND oim.meta_value = %s
                AND oim.order_item_id = p.ID
            )
[17-Sep-2024 16:29:36 UTC] Params: Array
(
    [0] => 1185
    [1] => attribute_pa_color
    [2] => bleu
    [3] => attribute_pa_size
    [4] => 
)

[17-Sep-2024 16:29:36 UTC] Variations trouvées: Array
(
)

[17-Sep-2024 16:29:36 UTC] Création de la variation pour le produit ID: 1185
[17-Sep-2024 16:29:36 UTC] Création variation pour produit 1185 avec SKU KC6642-04
[17-Sep-2024 16:29:36 UTC] Attributs: Array
(
    [pa_color] => bleu
    [pa_size] => 
)

[17-Sep-2024 16:29:36 UTC] Stock: 8366
[17-Sep-2024 16:29:36 UTC] Prix: 0,78
[17-Sep-2024 16:29:36 UTC] Variation créée avec succès pour produit 1185
[17-Sep-2024 16:29:36 UTC] Couleur attribuée: Rouge
[17-Sep-2024 16:29:36 UTC] Taille attribuée: 
[17-Sep-2024 16:29:36 UTC] Term color trouvé: oui
[17-Sep-2024 16:29:36 UTC] Term size trouvé: non
[17-Sep-2024 16:29:36 UTC] SKU: KC6642-05
[17-Sep-2024 16:29:36 UTC] Requête SQL: 
            SELECT p.ID FROM wpgsm_posts p
            WHERE p.post_parent = %d 
            AND p.post_type = 'product_variation'
            AND p.post_status IN ('publish', 'private')
         AND EXISTS (
                SELECT 1 FROM wpgsm_woocommerce_order_itemmeta oim
                WHERE oim.meta_key = %s
                AND oim.meta_value = %s
                AND oim.order_item_id = p.ID
            ) AND EXISTS (
                SELECT 1 FROM wpgsm_woocommerce_order_itemmeta oim
                WHERE oim.meta_key = %s
                AND oim.meta_value = %s
                AND oim.order_item_id = p.ID
            )
[17-Sep-2024 16:29:36 UTC] Params: Array
(
    [0] => 1185
    [1] => attribute_pa_color
    [2] => rouge
    [3] => attribute_pa_size
    [4] => 
)

[17-Sep-2024 16:29:36 UTC] Variations trouvées: Array
(
)

[17-Sep-2024 16:29:36 UTC] Création de la variation pour le produit ID: 1185
[17-Sep-2024 16:29:36 UTC] Création variation pour produit 1185 avec SKU KC6642-05
[17-Sep-2024 16:29:36 UTC] Attributs: Array
(
    [pa_color] => rouge
    [pa_size] => 
)

[17-Sep-2024 16:29:36 UTC] Stock: 2506
[17-Sep-2024 16:29:36 UTC] Prix: 0,78
[17-Sep-2024 16:29:37 UTC] Variation créée avec succès pour produit 1185
[17-Sep-2024 16:29:37 UTC] Couleur attribuée: Noir
[17-Sep-2024 16:29:37 UTC] Taille attribuée: 
[17-Sep-2024 16:29:37 UTC] Term color trouvé: oui
[17-Sep-2024 16:29:37 UTC] Term size trouvé: non
[17-Sep-2024 16:29:37 UTC] SKU: KC6652-03
[17-Sep-2024 16:29:37 UTC] Requête SQL: 
            SELECT p.ID FROM wpgsm_posts p
            WHERE p.post_parent = %d 
            AND p.post_type = 'product_variation'
            AND p.post_status IN ('publish', 'private')
         AND EXISTS (
                SELECT 1 FROM wpgsm_woocommerce_order_itemmeta oim
                WHERE oim.meta_key = %s
                AND oim.meta_value = %s
                AND oim.order_item_id = p.ID
            ) AND EXISTS (
                SELECT 1 FROM wpgsm_woocommerce_order_itemmeta oim
                WHERE oim.meta_key = %s
                AND oim.meta_value = %s
                AND oim.order_item_id = p.ID
            )
[17-Sep-2024 16:29:37 UTC] Params: Array
(
    [0] => 1186
    [1] => attribute_pa_color
    [2] => noir
    [3] => attribute_pa_size
    [4] => 
)

[17-Sep-2024 16:29:37 UTC] Variations trouvées: Array
(
)

[17-Sep-2024 16:29:37 UTC] Création de la variation pour le produit ID: 1186
[17-Sep-2024 16:29:37 UTC] Création variation pour produit 1186 avec SKU KC6652-03
[17-Sep-2024 16:29:37 UTC] Attributs: Array
(
    [pa_color] => noir
    [pa_size] => 
)

[17-Sep-2024 16:29:37 UTC] Stock: 9527
[17-Sep-2024 16:29:37 UTC] Prix: 3,35
[17-Sep-2024 16:29:37 UTC] Variation créée avec succès pour produit 1186
[17-Sep-2024 16:29:37 UTC] Couleur attribuée: Bois
[17-Sep-2024 16:29:37 UTC] Taille attribuée: 
[17-Sep-2024 16:29:37 UTC] Term color trouvé: oui
[17-Sep-2024 16:29:37 UTC] Term size trouvé: non
[17-Sep-2024 16:29:37 UTC] SKU: KC6725-40
[17-Sep-2024 16:29:37 UTC] Requête SQL: 
            SELECT p.ID FROM wpgsm_posts p
            WHERE p.post_parent = %d 
            AND p.post_type = 'product_variation'
            AND p.post_status IN ('publish', 'private')
         AND EXISTS (
                SELECT 1 FROM wpgsm_woocommerce_order_itemmeta oim
                WHERE oim.meta_key = %s
                AND oim.meta_value = %s
                AND oim.order_item_id = p.ID
            ) AND EXISTS (
                SELECT 1 FROM wpgsm_woocommerce_order_itemmeta oim
                WHERE oim.meta_key = %s
                AND oim.meta_value = %s
                AND oim.order_item_id = p.ID
            )
[17-Sep-2024 16:29:37 UTC] Params: Array
(
    [0] => 1187
    [1] => attribute_pa_color
    [2] => bois
    [3] => attribute_pa_size
    [4] => 
)

[17-Sep-2024 16:29:37 UTC] Variations trouvées: Array
(
)

[17-Sep-2024 16:29:37 UTC] Création de la variation pour le produit ID: 1187
[17-Sep-2024 16:29:37 UTC] Création variation pour produit 1187 avec SKU KC6725-40
[17-Sep-2024 16:29:37 UTC] Attributs: Array
(
    [pa_color] => bois
    [pa_size] => 
)

[17-Sep-2024 16:29:37 UTC] Stock: 119960
[17-Sep-2024 16:29:37 UTC] Prix: 0,21
[17-Sep-2024 16:29:37 UTC] Variation créée avec succès pour produit 1187
[17-Sep-2024 16:29:37 UTC] Couleur attribuée: Bois
[17-Sep-2024 16:29:37 UTC] Taille attribuée: 
[17-Sep-2024 16:29:37 UTC] Term color trouvé: oui
[17-Sep-2024 16:29:37 UTC] Term size trouvé: non
[17-Sep-2024 16:29:37 UTC] SKU: KC6726-40
[17-Sep-2024 16:29:37 UTC] Requête SQL: 
            SELECT p.ID FROM wpgsm_posts p
            WHERE p.post_parent = %d 
            AND p.post_type = 'product_variation'
            AND p.post_status IN ('publish', 'private')
         AND EXISTS (
                SELECT 1 FROM wpgsm_woocommerce_order_itemmeta oim
                WHERE oim.meta_key = %s
                AND oim.meta_value = %s
                AND oim.order_item_id = p.ID
            ) AND EXISTS (
                SELECT 1 FROM wpgsm_woocommerce_order_itemmeta oim
                WHERE oim.meta_key = %s
                AND oim.meta_value = %s
                AND oim.order_item_id = p.ID
            )
[17-Sep-2024 16:29:37 UTC] Params: Array
(
    [0] => 1188
    [1] => attribute_pa_color
    [2] => bois
    [3] => attribute_pa_size
    [4] => 
)

[17-Sep-2024 16:29:37 UTC] Variations trouvées: Array
(
)

[17-Sep-2024 16:29:37 UTC] Création de la variation pour le produit ID: 1188
[17-Sep-2024 16:29:37 UTC] Création variation pour produit 1188 avec SKU KC6726-40
[17-Sep-2024 16:29:37 UTC] Attributs: Array
(
    [pa_color] => bois
    [pa_size] => 
)

[17-Sep-2024 16:29:37 UTC] Stock: 43180
[17-Sep-2024 16:29:37 UTC] Prix: 0,25
[17-Sep-2024 16:29:37 UTC] Variation créée avec succès pour produit 1188
[17-Sep-2024 16:29:37 UTC] Couleur attribuée: Noir
[17-Sep-2024 16:29:37 UTC] Taille attribuée: 
[17-Sep-2024 16:29:37 UTC] Term color trouvé: oui
[17-Sep-2024 16:29:37 UTC] Term size trouvé: non
[17-Sep-2024 16:29:37 UTC] SKU: KC6733-03
[17-Sep-2024 16:29:37 UTC] Requête SQL: 
            SELECT p.ID FROM wpgsm_posts p
            WHERE p.post_parent = %d 
            AND p.post_type = 'product_variation'
            AND p.post_status IN ('publish', 'private')
         AND EXISTS (
                SELECT 1 FROM wpgsm_woocommerce_order_itemmeta oim
                WHERE oim.meta_key = %s
                AND oim.meta_value = %s
                AND oim.order_item_id = p.ID
            ) AND EXISTS (
                SELECT 1 FROM wpgsm_woocommerce_order_itemmeta oim
                WHERE oim.meta_key = %s
                AND oim.meta_value = %s
                AND oim.order_item_id = p.ID
            )
[17-Sep-2024 16:29:37 UTC] Params: Array
(
    [0] => 1189
    [1] => attribute_pa_color
    [2] => noir
    [3] => attribute_pa_size
    [4] => 
)

[17-Sep-2024 16:29:37 UTC] Variations trouvées: Array
(
)

[17-Sep-2024 16:29:37 UTC] Création de la variation pour le produit ID: 1189
[17-Sep-2024 16:29:37 UTC] Création variation pour produit 1189 avec SKU KC6733-03
[17-Sep-2024 16:29:37 UTC] Attributs: Array
(
    [pa_color] => noir
    [pa_size] => 
)

[17-Sep-2024 16:29:37 UTC] Stock: 449
[17-Sep-2024 16:29:37 UTC] Prix: 0,56
[17-Sep-2024 16:29:37 UTC] Variation créée avec succès pour produit 1189
[17-Sep-2024 16:29:37 UTC] Couleur attribuée: Bleu
[17-Sep-2024 16:29:37 UTC] Taille attribuée: 
[17-Sep-2024 16:29:37 UTC] Term color trouvé: oui
[17-Sep-2024 16:29:37 UTC] Term size trouvé: non
[17-Sep-2024 16:29:37 UTC] SKU: KC6733-04
[17-Sep-2024 16:29:37 UTC] Requête SQL: 
            SELECT p.ID FROM wpgsm_posts p
            WHERE p.post_parent = %d 
            AND p.post_type = 'product_variation'
            AND p.post_status IN ('publish', 'private')
         AND EXISTS (
                SELECT 1 FROM wpgsm_woocommerce_order_itemmeta oim
                WHERE oim.meta_key = %s
                AND oim.meta_value = %s
                AND oim.order_item_id = p.ID
            ) AND EXISTS (
                SELECT 1 FROM wpgsm_woocommerce_order_itemmeta oim
                WHERE oim.meta_key = %s
                AND oim.meta_value = %s
                AND oim.order_item_id = p.ID
            )
[17-Sep-2024 16:29:37 UTC] Params: Array
(
    [0] => 1189
    [1] => attribute_pa_color
    [2] => bleu
    [3] => attribute_pa_size
    [4] => 
)

[17-Sep-2024 16:29:37 UTC] Variations trouvées: Array
(
)

[17-Sep-2024 16:29:37 UTC] Création de la variation pour le produit ID: 1189
[17-Sep-2024 16:29:37 UTC] Création variation pour produit 1189 avec SKU KC6733-04
[17-Sep-2024 16:29:37 UTC] Attributs: Array
(
    [pa_color] => bleu
    [pa_size] => 
)

[17-Sep-2024 16:29:37 UTC] Stock: 42381
[17-Sep-2024 16:29:37 UTC] Prix: 0,56
[17-Sep-2024 16:29:37 UTC] Variation créée avec succès pour produit 1189
[17-Sep-2024 16:29:37 UTC] Couleur attribuée: Rouge
[17-Sep-2024 16:29:37 UTC] Taille attribuée: 
[17-Sep-2024 16:29:37 UTC] Term color trouvé: oui
[17-Sep-2024 16:29:37 UTC] Term size trouvé: non
[17-Sep-2024 16:29:37 UTC] SKU: KC6733-05
[17-Sep-2024 16:29:37 UTC] Requête SQL: 
            SELECT p.ID FROM wpgsm_posts p
            WHERE p.post_parent = %d 
            AND p.post_type = 'product_variation'
            AND p.post_status IN ('publish', 'private')
         AND EXISTS (
                SELECT 1 FROM wpgsm_woocommerce_order_itemmeta oim
                WHERE oim.meta_key = %s
                AND oim.meta_value = %s
                AND oim.order_item_id = p.ID
            ) AND EXISTS (
                SELECT 1 FROM wpgsm_woocommerce_order_itemmeta oim
                WHERE oim.meta_key = %s
                AND oim.meta_value = %s
                AND oim.order_item_id = p.ID
            )
[17-Sep-2024 16:29:37 UTC] Params: Array
(
    [0] => 1189
    [1] => attribute_pa_color
    [2] => rouge
    [3] => attribute_pa_size
    [4] => 
)

[17-Sep-2024 16:29:37 UTC] Variations trouvées: Array
(
)

[17-Sep-2024 16:29:37 UTC] Création de la variation pour le produit ID: 1189
[17-Sep-2024 16:29:37 UTC] Création variation pour produit 1189 avec SKU KC6733-05
[17-Sep-2024 16:29:37 UTC] Attributs: Array
(
    [pa_color] => rouge
    [pa_size] => 
)

[17-Sep-2024 16:29:37 UTC] Stock: 25926
[17-Sep-2024 16:29:37 UTC] Prix: 0,56
[17-Sep-2024 16:29:37 UTC] Variation créée avec succès pour produit 1189
[17-Sep-2024 16:29:37 UTC] Couleur attribuée: Blanc
[17-Sep-2024 16:29:37 UTC] Taille attribuée: 
[17-Sep-2024 16:29:37 UTC] Term color trouvé: oui
[17-Sep-2024 16:29:37 UTC] Term size trouvé: non
[17-Sep-2024 16:29:37 UTC] SKU: KC6733-06
[17-Sep-2024 16:29:37 UTC] Requête SQL: 
            SELECT p.ID FROM wpgsm_posts p
            WHERE p.post_parent = %d 
            AND p.post_type = 'product_variation'
            AND p.post_status IN ('publish', 'private')
         AND EXISTS (
                SELECT 1 FROM wpgsm_woocommerce_order_itemmeta oim
                WHERE oim.meta_key = %s
                AND oim.meta_value = %s
                AND oim.order_item_id = p.ID
            ) AND EXISTS (
                SELECT 1 FROM wpgsm_woocommerce_order_itemmeta oim
                WHERE oim.meta_key = %s
                AND oim.meta_value = %s
                AND oim.order_item_id = p.ID
            )
[17-Sep-2024 16:29:37 UTC] Params: Array
(
    [0] => 1189
    [1] => attribute_pa_color
    [2] => blanc
    [3] => attribute_pa_size
    [4] => 
)

[17-Sep-2024 16:29:37 UTC] Variations trouvées: Array
(
)

[17-Sep-2024 16:29:37 UTC] Création de la variation pour le produit ID: 1189
[17-Sep-2024 16:29:37 UTC] Création variation pour produit 1189 avec SKU KC6733-06
[17-Sep-2024 16:29:37 UTC] Attributs: Array
(
    [pa_color] => blanc
    [pa_size] => 
)

[17-Sep-2024 16:29:37 UTC] Stock: 20249
[17-Sep-2024 16:29:37 UTC] Prix: 0,56
[17-Sep-2024 16:29:37 UTC] Variation créée avec succès pour produit 1189
[17-Sep-2024 16:29:37 UTC] Couleur attribuée: Orange
[17-Sep-2024 16:29:37 UTC] Taille attribuée: 
[17-Sep-2024 16:29:37 UTC] Term color trouvé: oui
[17-Sep-2024 16:29:37 UTC] Term size trouvé: non
[17-Sep-2024 16:29:37 UTC] SKU: KC6733-10
[17-Sep-2024 16:29:37 UTC] Requête SQL: 
            SELECT p.ID FROM wpgsm_posts p
            WHERE p.post_parent = %d 
            AND p.post_type = 'product_variation'
            AND p.post_status IN ('publish', 'private')
         AND EXISTS (
                SELECT 1 FROM wpgsm_woocommerce_order_itemmeta oim
                WHERE oim.meta_key = %s
                AND oim.meta_value = %s
                AND oim.order_item_id = p.ID
            ) AND EXISTS (
                SELECT 1 FROM wpgsm_woocommerce_order_itemmeta oim
                WHERE oim.meta_key = %s
                AND oim.meta_value = %s
                AND oim.order_item_id = p.ID
            )
[17-Sep-2024 16:29:37 UTC] Params: Array
(
    [0] => 1189
    [1] => attribute_pa_color
    [2] => orange
    [3] => attribute_pa_size
    [4] => 
)

[17-Sep-2024 16:29:37 UTC] Variations trouvées: Array
(
)

[17-Sep-2024 16:29:37 UTC] Création de la variation pour le produit ID: 1189
[17-Sep-2024 16:29:37 UTC] Création variation pour produit 1189 avec SKU KC6733-10
[17-Sep-2024 16:29:37 UTC] Attributs: Array
(
    [pa_color] => orange
    [pa_size] => 
)

[17-Sep-2024 16:29:37 UTC] Stock: 14862
[17-Sep-2024 16:29:37 UTC] Prix: 0,56
[17-Sep-2024 16:29:37 UTC] Variation créée avec succès pour produit 1189
[17-Sep-2024 16:29:37 UTC] Couleur attribuée: Fuchsia
[17-Sep-2024 16:29:37 UTC] Taille attribuée: 
[17-Sep-2024 16:29:37 UTC] Term color trouvé: oui
[17-Sep-2024 16:29:37 UTC] Term size trouvé: non
[17-Sep-2024 16:29:37 UTC] SKU: KC6733-38
[17-Sep-2024 16:29:37 UTC] Requête SQL: 
            SELECT p.ID FROM wpgsm_posts p
            WHERE p.post_parent = %d 
            AND p.post_type = 'product_variation'
            AND p.post_status IN ('publish', 'private')
         AND EXISTS (
                SELECT 1 FROM wpgsm_woocommerce_order_itemmeta oim
                WHERE oim.meta_key = %s
                AND oim.meta_value = %s
                AND oim.order_item_id = p.ID
            ) AND EXISTS (
                SELECT 1 FROM wpgsm_woocommerce_order_itemmeta oim
                WHERE oim.meta_key = %s
                AND oim.meta_value = %s
                AND oim.order_item_id = p.ID
            )
[17-Sep-2024 16:29:37 UTC] Params: Array
(
    [0] => 1189
    [1] => attribute_pa_color
    [2] => fuchsia
    [3] => attribute_pa_size
    [4] => 
)

[17-Sep-2024 16:29:37 UTC] Variations trouvées: Array
(
)

[17-Sep-2024 16:29:37 UTC] Création de la variation pour le produit ID: 1189
[17-Sep-2024 16:29:37 UTC] Création variation pour produit 1189 avec SKU KC6733-38
[17-Sep-2024 16:29:37 UTC] Attributs: Array
(
    [pa_color] => fuchsia
    [pa_size] => 
)

[17-Sep-2024 16:29:37 UTC] Stock: 21806
[17-Sep-2024 16:29:37 UTC] Prix: 0,56
[17-Sep-2024 16:29:37 UTC] Variation créée avec succès pour produit 1189
[17-Sep-2024 16:29:37 UTC] Couleur attribuée: Lime
[17-Sep-2024 16:29:37 UTC] Taille attribuée: 
[17-Sep-2024 16:29:37 UTC] Term color trouvé: oui
[17-Sep-2024 16:29:37 UTC] Term size trouvé: non
[17-Sep-2024 16:29:37 UTC] SKU: KC6733-48
[17-Sep-2024 16:29:37 UTC] Requête SQL: 
            SELECT p.ID FROM wpgsm_posts p
            WHERE p.post_parent = %d 
            AND p.post_type = 'product_variation'
            AND p.post_status IN ('publish', 'private')
         AND EXISTS (
                SELECT 1 FROM wpgsm_woocommerce_order_itemmeta oim
                WHERE oim.meta_key = %s
                AND oim.meta_value = %s
                AND oim.order_item_id = p.ID
            ) AND EXISTS (
                SELECT 1 FROM wpgsm_woocommerce_order_itemmeta oim
                WHERE oim.meta_key = %s
                AND oim.meta_value = %s
                AND oim.order_item_id = p.ID
            )
[17-Sep-2024 16:29:37 UTC] Params: Array
(
    [0] => 1189
    [1] => attribute_pa_color
    [2] => lime
    [3] => attribute_pa_size
    [4] => 
)

[17-Sep-2024 16:29:37 UTC] Variations trouvées: Array
(
)

[17-Sep-2024 16:29:37 UTC] Création de la variation pour le produit ID: 1189
[17-Sep-2024 16:29:37 UTC] Création variation pour produit 1189 avec SKU KC6733-48
[17-Sep-2024 16:29:37 UTC] Attributs: Array
(
    [pa_color] => lime
    [pa_size] => 
)

[17-Sep-2024 16:29:37 UTC] Stock: 5847
[17-Sep-2024 16:29:37 UTC] Prix: 0,56
[17-Sep-2024 16:29:37 UTC] Variation créée avec succès pour produit 1189
[17-Sep-2024 16:29:37 UTC] Couleur attribuée: Bleu Transparent
[17-Sep-2024 16:29:37 UTC] Taille attribuée: 
[17-Sep-2024 16:29:37 UTC] Term color trouvé: oui
[17-Sep-2024 16:29:37 UTC] Term size trouvé: non
[17-Sep-2024 16:29:37 UTC] SKU: KC6751-23
[17-Sep-2024 16:29:37 UTC] Requête SQL: 
            SELECT p.ID FROM wpgsm_posts p
            WHERE p.post_parent = %d 
            AND p.post_type = 'product_variation'
            AND p.post_status IN ('publish', 'private')
         AND EXISTS (
                SELECT 1 FROM wpgsm_woocommerce_order_itemmeta oim
                WHERE oim.meta_key = %s
                AND oim.meta_value = %s
                AND oim.order_item_id = p.ID
            ) AND EXISTS (
                SELECT 1 FROM wpgsm_woocommerce_order_itemmeta oim
                WHERE oim.meta_key = %s
                AND oim.meta_value = %s
                AND oim.order_item_id = p.ID
            )
[17-Sep-2024 16:29:37 UTC] Params: Array
(
    [0] => 1190
    [1] => attribute_pa_color
    [2] => bleu-transparent
    [3] => attribute_pa_size
    [4] => 
)

[17-Sep-2024 16:29:37 UTC] Variations trouvées: Array
(
)

[17-Sep-2024 16:29:37 UTC] Création de la variation pour le produit ID: 1190
[17-Sep-2024 16:29:37 UTC] Création variation pour produit 1190 avec SKU KC6751-23
[17-Sep-2024 16:29:37 UTC] Attributs: Array
(
    [pa_color] => bleu-transparent
    [pa_size] => 
)

[17-Sep-2024 16:29:37 UTC] Stock: 5806
[17-Sep-2024 16:29:37 UTC] Prix: 0,76
[17-Sep-2024 16:29:38 UTC] Variation créée avec succès pour produit 1190
[17-Sep-2024 16:29:38 UTC] Couleur attribuée: Noir
[17-Sep-2024 16:29:38 UTC] Taille attribuée: 
[17-Sep-2024 16:29:38 UTC] Term color trouvé: oui
[17-Sep-2024 16:29:38 UTC] Term size trouvé: non
[17-Sep-2024 16:29:38 UTC] SKU: KC6788-03
[17-Sep-2024 16:29:38 UTC] Requête SQL: 
            SELECT p.ID FROM wpgsm_posts p
            WHERE p.post_parent = %d 
            AND p.post_type = 'product_variation'
            AND p.post_status IN ('publish', 'private')
         AND EXISTS (
                SELECT 1 FROM wpgsm_woocommerce_order_itemmeta oim
                WHERE oim.meta_key = %s
                AND oim.meta_value = %s
                AND oim.order_item_id = p.ID
            ) AND EXISTS (
                SELECT 1 FROM wpgsm_woocommerce_order_itemmeta oim
                WHERE oim.meta_key = %s
                AND oim.meta_value = %s
                AND oim.order_item_id = p.ID
            )
[17-Sep-2024 16:29:38 UTC] Params: Array
(
    [0] => 1191
    [1] => attribute_pa_color
    [2] => noir
    [3] => attribute_pa_size
    [4] => 
)

[17-Sep-2024 16:29:38 UTC] Variations trouvées: Array
(
)

[17-Sep-2024 16:29:38 UTC] Création de la variation pour le produit ID: 1191
[17-Sep-2024 16:29:38 UTC] Création variation pour produit 1191 avec SKU KC6788-03
[17-Sep-2024 16:29:38 UTC] Attributs: Array
(
    [pa_color] => noir
    [pa_size] => 
)

[17-Sep-2024 16:29:38 UTC] Stock: 11114
[17-Sep-2024 16:29:38 UTC] Prix: 1,18
[17-Sep-2024 16:29:38 UTC] Variation créée avec succès pour produit 1191
[17-Sep-2024 16:29:38 UTC] Couleur attribuée: Multicolore
[17-Sep-2024 16:29:38 UTC] Taille attribuée: 
[17-Sep-2024 16:29:38 UTC] Term color trouvé: oui
[17-Sep-2024 16:29:38 UTC] Term size trouvé: non
[17-Sep-2024 16:29:38 UTC] SKU: KC6841-99
[17-Sep-2024 16:29:38 UTC] Requête SQL: 
            SELECT p.ID FROM wpgsm_posts p
            WHERE p.post_parent = %d 
            AND p.post_type = 'product_variation'
            AND p.post_status IN ('publish', 'private')
         AND EXISTS (
                SELECT 1 FROM wpgsm_woocommerce_order_itemmeta oim
                WHERE oim.meta_key = %s
                AND oim.meta_value = %s
                AND oim.order_item_id = p.ID
            ) AND EXISTS (
                SELECT 1 FROM wpgsm_woocommerce_order_itemmeta oim
                WHERE oim.meta_key = %s
                AND oim.meta_value = %s
                AND oim.order_item_id = p.ID
            )
[17-Sep-2024 16:29:38 UTC] Params: Array
(
    [0] => 1192
    [1] => attribute_pa_color
    [2] => multicolore
    [3] => attribute_pa_size
    [4] => 
)

[17-Sep-2024 16:29:38 UTC] Variations trouvées: Array
(
)

[17-Sep-2024 16:29:38 UTC] Création de la variation pour le produit ID: 1192
[17-Sep-2024 16:29:38 UTC] Création variation pour produit 1192 avec SKU KC6841-99
[17-Sep-2024 16:29:38 UTC] Attributs: Array
(
    [pa_color] => multicolore
    [pa_size] => 
)

[17-Sep-2024 16:29:38 UTC] Stock: 1576
[17-Sep-2024 16:29:38 UTC] Prix: 6,67
[17-Sep-2024 16:29:38 UTC] Variation créée avec succès pour produit 1192
[17-Sep-2024 16:29:38 UTC] Couleur attribuée: Noir
[17-Sep-2024 16:29:38 UTC] Taille attribuée: 
[17-Sep-2024 16:29:38 UTC] Term color trouvé: oui
[17-Sep-2024 16:29:38 UTC] Term size trouvé: non
[17-Sep-2024 16:29:38 UTC] SKU: KC6856-03
[17-Sep-2024 16:29:38 UTC] Requête SQL: 
            SELECT p.ID FROM wpgsm_posts p
            WHERE p.post_parent = %d 
            AND p.post_type = 'product_variation'
            AND p.post_status IN ('publish', 'private')
         AND EXISTS (
                SELECT 1 FROM wpgsm_woocommerce_order_itemmeta oim
                WHERE oim.meta_key = %s
                AND oim.meta_value = %s
                AND oim.order_item_id = p.ID
            ) AND EXISTS (
                SELECT 1 FROM wpgsm_woocommerce_order_itemmeta oim
                WHERE oim.meta_key = %s
                AND oim.meta_value = %s
                AND oim.order_item_id = p.ID
            )
[17-Sep-2024 16:29:38 UTC] Params: Array
(
    [0] => 1193
    [1] => attribute_pa_color
    [2] => noir
    [3] => attribute_pa_size
    [4] => 
)

[17-Sep-2024 16:29:38 UTC] Variations trouvées: Array
(
)

[17-Sep-2024 16:29:38 UTC] Création de la variation pour le produit ID: 1193
[17-Sep-2024 16:29:38 UTC] Création variation pour produit 1193 avec SKU KC6856-03
[17-Sep-2024 16:29:38 UTC] Attributs: Array
(
    [pa_color] => noir
    [pa_size] => 
)

[17-Sep-2024 16:29:38 UTC] Stock: 2695
[17-Sep-2024 16:29:38 UTC] Prix: 7,76
[17-Sep-2024 16:29:38 UTC] Variation créée avec succès pour produit 1193
[17-Sep-2024 16:29:38 UTC] Couleur attribuée: Noir
[17-Sep-2024 16:29:38 UTC] Taille attribuée: 
[17-Sep-2024 16:29:38 UTC] Term color trouvé: oui
[17-Sep-2024 16:29:38 UTC] Term size trouvé: non
[17-Sep-2024 16:29:38 UTC] SKU: KC6860-03
[17-Sep-2024 16:29:38 UTC] Requête SQL: 
            SELECT p.ID FROM wpgsm_posts p
            WHERE p.post_parent = %d 
            AND p.post_type = 'product_variation'
            AND p.post_status IN ('publish', 'private')
         AND EXISTS (
                SELECT 1 FROM wpgsm_woocommerce_order_itemmeta oim
                WHERE oim.meta_key = %s
                AND oim.meta_value = %s
                AND oim.order_item_id = p.ID
            ) AND EXISTS (
                SELECT 1 FROM wpgsm_woocommerce_order_itemmeta oim
                WHERE oim.meta_key = %s
                AND oim.meta_value = %s
                AND oim.order_item_id = p.ID
            )
[17-Sep-2024 16:29:38 UTC] Params: Array
(
    [0] => 1194
    [1] => attribute_pa_color
    [2] => noir
    [3] => attribute_pa_size
    [4] => 
)

[17-Sep-2024 16:29:38 UTC] Variations trouvées: Array
(
)

[17-Sep-2024 16:29:38 UTC] Création de la variation pour le produit ID: 1194
[17-Sep-2024 16:29:38 UTC] Création variation pour produit 1194 avec SKU KC6860-03
[17-Sep-2024 16:29:38 UTC] Attributs: Array
(
    [pa_color] => noir
    [pa_size] => 
)

[17-Sep-2024 16:29:38 UTC] Stock: 6872
[17-Sep-2024 16:29:38 UTC] Prix: 3,50
[17-Sep-2024 16:29:38 UTC] Variation créée avec succès pour produit 1194
[17-Sep-2024 16:29:38 UTC] Couleur attribuée: Transparent
[17-Sep-2024 16:29:38 UTC] Taille attribuée: 
[17-Sep-2024 16:29:38 UTC] Term color trouvé: oui
[17-Sep-2024 16:29:38 UTC] Term size trouvé: non
[17-Sep-2024 16:29:38 UTC] SKU: KC6949-22
[17-Sep-2024 16:29:38 UTC] Requête SQL: 
            SELECT p.ID FROM wpgsm_posts p
            WHERE p.post_parent = %d 
            AND p.post_type = 'product_variation'
            AND p.post_status IN ('publish', 'private')
         AND EXISTS (
                SELECT 1 FROM wpgsm_woocommerce_order_itemmeta oim
                WHERE oim.meta_key = %s
                AND oim.meta_value = %s
                AND oim.order_item_id = p.ID
            ) AND EXISTS (
                SELECT 1 FROM wpgsm_woocommerce_order_itemmeta oim
                WHERE oim.meta_key = %s
                AND oim.meta_value = %s
                AND oim.order_item_id = p.ID
            )
[17-Sep-2024 16:29:38 UTC] Params: Array
(
    [0] => 1195
    [1] => attribute_pa_color
    [2] => transparent
    [3] => attribute_pa_size
    [4] => 
)

[17-Sep-2024 16:29:38 UTC] Variations trouvées: Array
(
)

[17-Sep-2024 16:29:38 UTC] Création de la variation pour le produit ID: 1195
[17-Sep-2024 16:29:38 UTC] Création variation pour produit 1195 avec SKU KC6949-22
[17-Sep-2024 16:29:38 UTC] Attributs: Array
(
    [pa_color] => transparent
    [pa_size] => 
)

[17-Sep-2024 16:29:38 UTC] Stock: 26671
[17-Sep-2024 16:29:38 UTC] Prix: 0,23
[17-Sep-2024 16:29:38 UTC] Variation créée avec succès pour produit 1195
[17-Sep-2024 16:29:38 UTC] Couleur attribuée: Bleu Transparent
[17-Sep-2024 16:29:38 UTC] Taille attribuée: 
[17-Sep-2024 16:29:38 UTC] Term color trouvé: oui
[17-Sep-2024 16:29:38 UTC] Term size trouvé: non
[17-Sep-2024 16:29:38 UTC] SKU: KC6949-23
[17-Sep-2024 16:29:38 UTC] Requête SQL: 
            SELECT p.ID FROM wpgsm_posts p
            WHERE p.post_parent = %d 
            AND p.post_type = 'product_variation'
            AND p.post_status IN ('publish', 'private')
         AND EXISTS (
                SELECT 1 FROM wpgsm_woocommerce_order_itemmeta oim
                WHERE oim.meta_key = %s
                AND oim.meta_value = %s
                AND oim.order_item_id = p.ID
            ) AND EXISTS (
                SELECT 1 FROM wpgsm_woocommerce_order_itemmeta oim
                WHERE oim.meta_key = %s
                AND oim.meta_value = %s
                AND oim.order_item_id = p.ID
            )
[17-Sep-2024 16:29:38 UTC] Params: Array
(
    [0] => 1195
    [1] => attribute_pa_color
    [2] => bleu-transparent
    [3] => attribute_pa_size
    [4] => 
)

[17-Sep-2024 16:29:38 UTC] Variations trouvées: Array
(
)

[17-Sep-2024 16:29:38 UTC] Création de la variation pour le produit ID: 1195
[17-Sep-2024 16:29:38 UTC] Création variation pour produit 1195 avec SKU KC6949-23
[17-Sep-2024 16:29:38 UTC] Attributs: Array
(
    [pa_color] => bleu-transparent
    [pa_size] => 
)

[17-Sep-2024 16:29:38 UTC] Stock: 8563
[17-Sep-2024 16:29:38 UTC] Prix: 0,23
[17-Sep-2024 16:29:38 UTC] Variation créée avec succès pour produit 1195
[17-Sep-2024 16:29:38 UTC] Couleur attribuée: Noir
[17-Sep-2024 16:29:38 UTC] Taille attribuée: 
[17-Sep-2024 16:29:38 UTC] Term color trouvé: oui
[17-Sep-2024 16:29:38 UTC] Term size trouvé: non
[17-Sep-2024 16:29:38 UTC] SKU: KC6998-03
[17-Sep-2024 16:29:38 UTC] Requête SQL: 
            SELECT p.ID FROM wpgsm_posts p
            WHERE p.post_parent = %d 
            AND p.post_type = 'product_variation'
            AND p.post_status IN ('publish', 'private')
         AND EXISTS (
                SELECT 1 FROM wpgsm_woocommerce_order_itemmeta oim
                WHERE oim.meta_key = %s
                AND oim.meta_value = %s
                AND oim.order_item_id = p.ID
            ) AND EXISTS (
                SELECT 1 FROM wpgsm_woocommerce_order_itemmeta oim
                WHERE oim.meta_key = %s
                AND oim.meta_value = %s
                AND oim.order_item_id = p.ID
            )
[17-Sep-2024 16:29:38 UTC] Params: Array
(
    [0] => 1196
    [1] => attribute_pa_color
    [2] => noir
    [3] => attribute_pa_size
    [4] => 
)

[17-Sep-2024 16:29:38 UTC] Variations trouvées: Array
(
)

[17-Sep-2024 16:29:38 UTC] Création de la variation pour le produit ID: 1196
[17-Sep-2024 16:29:38 UTC] Création variation pour produit 1196 avec SKU KC6998-03
[17-Sep-2024 16:29:38 UTC] Attributs: Array
(
    [pa_color] => noir
    [pa_size] => 
)

[17-Sep-2024 16:29:38 UTC] Stock: 2529
[17-Sep-2024 16:29:38 UTC] Prix: 2,57
[17-Sep-2024 16:29:38 UTC] Variation créée avec succès pour produit 1196
[17-Sep-2024 16:29:38 UTC] Couleur attribuée: Noir
[17-Sep-2024 16:29:38 UTC] Taille attribuée: 
[17-Sep-2024 16:29:38 UTC] Term color trouvé: oui
[17-Sep-2024 16:29:38 UTC] Term size trouvé: non
[17-Sep-2024 16:29:38 UTC] SKU: KC7012-03
[17-Sep-2024 16:29:38 UTC] Requête SQL: 
            SELECT p.ID FROM wpgsm_posts p
            WHERE p.post_parent = %d 
            AND p.post_type = 'product_variation'
            AND p.post_status IN ('publish', 'private')
         AND EXISTS (
                SELECT 1 FROM wpgsm_woocommerce_order_itemmeta oim
                WHERE oim.meta_key = %s
                AND oim.meta_value = %s
                AND oim.order_item_id = p.ID
            ) AND EXISTS (
                SELECT 1 FROM wpgsm_woocommerce_order_itemmeta oim
                WHERE oim.meta_key = %s
                AND oim.meta_value = %s
                AND oim.order_item_id = p.ID
            )
[17-Sep-2024 16:29:38 UTC] Params: Array
(
    [0] => 1197
    [1] => attribute_pa_color
    [2] => noir
    [3] => attribute_pa_size
    [4] => 
)

[17-Sep-2024 16:29:38 UTC] Variations trouvées: Array
(
)

[17-Sep-2024 16:29:38 UTC] Création de la variation pour le produit ID: 1197
[17-Sep-2024 16:29:38 UTC] Création variation pour produit 1197 avec SKU KC7012-03
[17-Sep-2024 16:29:38 UTC] Attributs: Array
(
    [pa_color] => noir
    [pa_size] => 
)

[17-Sep-2024 16:29:38 UTC] Stock: 15545
[17-Sep-2024 16:29:38 UTC] Prix: 1,01
[17-Sep-2024 16:29:38 UTC] Variation créée avec succès pour produit 1197
[17-Sep-2024 16:29:38 UTC] Couleur attribuée: Beige
[17-Sep-2024 16:29:38 UTC] Taille attribuée: 
[17-Sep-2024 16:29:38 UTC] Term color trouvé: oui
[17-Sep-2024 16:29:38 UTC] Term size trouvé: non
[17-Sep-2024 16:29:38 UTC] SKU: KC7012-13
[17-Sep-2024 16:29:38 UTC] Requête SQL: 
            SELECT p.ID FROM wpgsm_posts p
            WHERE p.post_parent = %d 
            AND p.post_type = 'product_variation'
            AND p.post_status IN ('publish', 'private')
         AND EXISTS (
                SELECT 1 FROM wpgsm_woocommerce_order_itemmeta oim
                WHERE oim.meta_key = %s
                AND oim.meta_value = %s
                AND oim.order_item_id = p.ID
            ) AND EXISTS (
                SELECT 1 FROM wpgsm_woocommerce_order_itemmeta oim
                WHERE oim.meta_key = %s
                AND oim.meta_value = %s
                AND oim.order_item_id = p.ID
            )
[17-Sep-2024 16:29:38 UTC] Params: Array
(
    [0] => 1197
    [1] => attribute_pa_color
    [2] => beige
    [3] => attribute_pa_size
    [4] => 
)

[17-Sep-2024 16:29:38 UTC] Variations trouvées: Array
(
)

[17-Sep-2024 16:29:38 UTC] Création de la variation pour le produit ID: 1197
[17-Sep-2024 16:29:38 UTC] Création variation pour produit 1197 avec SKU KC7012-13
[17-Sep-2024 16:29:38 UTC] Attributs: Array
(
    [pa_color] => beige
    [pa_size] => 
)

[17-Sep-2024 16:29:38 UTC] Stock: 25534
[17-Sep-2024 16:29:38 UTC] Prix: 1,01
[17-Sep-2024 16:29:38 UTC] Variation créée avec succès pour produit 1197
[17-Sep-2024 16:29:38 UTC] Couleur attribuée: Noir
[17-Sep-2024 16:29:38 UTC] Taille attribuée: 
[17-Sep-2024 16:29:38 UTC] Term color trouvé: oui
[17-Sep-2024 16:29:38 UTC] Term size trouvé: non
[17-Sep-2024 16:29:38 UTC] SKU: KC7013-03
[17-Sep-2024 16:29:38 UTC] Requête SQL: 
            SELECT p.ID FROM wpgsm_posts p
            WHERE p.post_parent = %d 
            AND p.post_type = 'product_variation'
            AND p.post_status IN ('publish', 'private')
         AND EXISTS (
                SELECT 1 FROM wpgsm_woocommerce_order_itemmeta oim
                WHERE oim.meta_key = %s
                AND oim.meta_value = %s
                AND oim.order_item_id = p.ID
            ) AND EXISTS (
                SELECT 1 FROM wpgsm_woocommerce_order_itemmeta oim
                WHERE oim.meta_key = %s
                AND oim.meta_value = %s
                AND oim.order_item_id = p.ID
            )
[17-Sep-2024 16:29:38 UTC] Params: Array
(
    [0] => 1198
    [1] => attribute_pa_color
    [2] => noir
    [3] => attribute_pa_size
    [4] => 
)

[17-Sep-2024 16:29:38 UTC] Variations trouvées: Array
(
)

[17-Sep-2024 16:29:38 UTC] Création de la variation pour le produit ID: 1198
[17-Sep-2024 16:29:38 UTC] Création variation pour produit 1198 avec SKU KC7013-03
[17-Sep-2024 16:29:38 UTC] Attributs: Array
(
    [pa_color] => noir
    [pa_size] => 
)

[17-Sep-2024 16:29:38 UTC] Stock: 2813
[17-Sep-2024 16:29:38 UTC] Prix: 1,81
[17-Sep-2024 16:29:38 UTC] Variation créée avec succès pour produit 1198
[17-Sep-2024 16:29:39 UTC] Couleur attribuée: Beige
[17-Sep-2024 16:29:39 UTC] Taille attribuée: 
[17-Sep-2024 16:29:39 UTC] Term color trouvé: oui
[17-Sep-2024 16:29:39 UTC] Term size trouvé: non
[17-Sep-2024 16:29:39 UTC] SKU: KC7013-13
[17-Sep-2024 16:29:39 UTC] Requête SQL: 
            SELECT p.ID FROM wpgsm_posts p
            WHERE p.post_parent = %d 
            AND p.post_type = 'product_variation'
            AND p.post_status IN ('publish', 'private')
         AND EXISTS (
                SELECT 1 FROM wpgsm_woocommerce_order_itemmeta oim
                WHERE oim.meta_key = %s
                AND oim.meta_value = %s
                AND oim.order_item_id = p.ID
            ) AND EXISTS (
                SELECT 1 FROM wpgsm_woocommerce_order_itemmeta oim
                WHERE oim.meta_key = %s
                AND oim.meta_value = %s
                AND oim.order_item_id = p.ID
            )
[17-Sep-2024 16:29:39 UTC] Params: Array
(
    [0] => 1198
    [1] => attribute_pa_color
    [2] => beige
    [3] => attribute_pa_size
    [4] => 
)

[17-Sep-2024 16:29:39 UTC] Variations trouvées: Array
(
)

[17-Sep-2024 16:29:39 UTC] Création de la variation pour le produit ID: 1198
[17-Sep-2024 16:29:39 UTC] Création variation pour produit 1198 avec SKU KC7013-13
[17-Sep-2024 16:29:39 UTC] Attributs: Array
(
    [pa_color] => beige
    [pa_size] => 
)

[17-Sep-2024 16:29:39 UTC] Stock: 6509
[17-Sep-2024 16:29:39 UTC] Prix: 1,81
[17-Sep-2024 16:29:39 UTC] Variation créée avec succès pour produit 1198
[17-Sep-2024 16:29:39 UTC] Couleur attribuée: Argent Mat
[17-Sep-2024 16:29:39 UTC] Taille attribuée: 
[17-Sep-2024 16:29:39 UTC] Term color trouvé: oui
[17-Sep-2024 16:29:39 UTC] Term size trouvé: non
[17-Sep-2024 16:29:39 UTC] SKU: KC7014-16
[17-Sep-2024 16:29:39 UTC] Requête SQL: 
            SELECT p.ID FROM wpgsm_posts p
            WHERE p.post_parent = %d 
            AND p.post_type = 'product_variation'
            AND p.post_status IN ('publish', 'private')
         AND EXISTS (
                SELECT 1 FROM wpgsm_woocommerce_order_itemmeta oim
                WHERE oim.meta_key = %s
                AND oim.meta_value = %s
                AND oim.order_item_id = p.ID
            ) AND EXISTS (
                SELECT 1 FROM wpgsm_woocommerce_order_itemmeta oim
                WHERE oim.meta_key = %s
                AND oim.meta_value = %s
                AND oim.order_item_id = p.ID
            )
[17-Sep-2024 16:29:39 UTC] Params: Array
(
    [0] => 1199
    [1] => attribute_pa_color
    [2] => argent-mat
    [3] => attribute_pa_size
    [4] => 
)

[17-Sep-2024 16:29:39 UTC] Variations trouvées: Array
(
)

[17-Sep-2024 16:29:39 UTC] Création de la variation pour le produit ID: 1199
[17-Sep-2024 16:29:39 UTC] Création variation pour produit 1199 avec SKU KC7014-16
[17-Sep-2024 16:29:39 UTC] Attributs: Array
(
    [pa_color] => argent-mat
    [pa_size] => 
)

[17-Sep-2024 16:29:39 UTC] Stock: 6294
[17-Sep-2024 16:29:39 UTC] Prix: 2,42
[17-Sep-2024 16:29:39 UTC] Variation créée avec succès pour produit 1199
[17-Sep-2024 16:29:39 UTC] Couleur attribuée: Transparent
[17-Sep-2024 16:29:39 UTC] Taille attribuée: 
[17-Sep-2024 16:29:39 UTC] Term color trouvé: oui
[17-Sep-2024 16:29:39 UTC] Term size trouvé: non
[17-Sep-2024 16:29:39 UTC] SKU: KC7052-22
[17-Sep-2024 16:29:39 UTC] Requête SQL: 
            SELECT p.ID FROM wpgsm_posts p
            WHERE p.post_parent = %d 
            AND p.post_type = 'product_variation'
            AND p.post_status IN ('publish', 'private')
         AND EXISTS (
                SELECT 1 FROM wpgsm_woocommerce_order_itemmeta oim
                WHERE oim.meta_key = %s
                AND oim.meta_value = %s
                AND oim.order_item_id = p.ID
            ) AND EXISTS (
                SELECT 1 FROM wpgsm_woocommerce_order_itemmeta oim
                WHERE oim.meta_key = %s
                AND oim.meta_value = %s
                AND oim.order_item_id = p.ID
            )
[17-Sep-2024 16:29:39 UTC] Params: Array
(
    [0] => 1200
    [1] => attribute_pa_color
    [2] => transparent
    [3] => attribute_pa_size
    [4] => 
)

[17-Sep-2024 16:29:39 UTC] Variations trouvées: Array
(
)

[17-Sep-2024 16:29:39 UTC] Création de la variation pour le produit ID: 1200
[17-Sep-2024 16:29:39 UTC] Création variation pour produit 1200 avec SKU KC7052-22
[17-Sep-2024 16:29:39 UTC] Attributs: Array
(
    [pa_color] => transparent
    [pa_size] => 
)

[17-Sep-2024 16:29:39 UTC] Stock: 8550
[17-Sep-2024 16:29:39 UTC] Prix: 1,15
[17-Sep-2024 16:29:39 UTC] Variation créée avec succès pour produit 1200
[17-Sep-2024 16:29:39 UTC] Couleur attribuée: Blanc
[17-Sep-2024 16:29:39 UTC] Taille attribuée: 
[17-Sep-2024 16:29:39 UTC] Term color trouvé: oui
[17-Sep-2024 16:29:39 UTC] Term size trouvé: non
[17-Sep-2024 16:29:39 UTC] SKU: KC7062-06
[17-Sep-2024 16:29:39 UTC] Requête SQL: 
            SELECT p.ID FROM wpgsm_posts p
            WHERE p.post_parent = %d 
            AND p.post_type = 'product_variation'
            AND p.post_status IN ('publish', 'private')
         AND EXISTS (
                SELECT 1 FROM wpgsm_woocommerce_order_itemmeta oim
                WHERE oim.meta_key = %s
                AND oim.meta_value = %s
                AND oim.order_item_id = p.ID
            ) AND EXISTS (
                SELECT 1 FROM wpgsm_woocommerce_order_itemmeta oim
                WHERE oim.meta_key = %s
                AND oim.meta_value = %s
                AND oim.order_item_id = p.ID
            )
[17-Sep-2024 16:29:39 UTC] Params: Array
(
    [0] => 1201
    [1] => attribute_pa_color
    [2] => blanc
    [3] => attribute_pa_size
    [4] => 
)

[17-Sep-2024 16:29:39 UTC] Variations trouvées: Array
(
)

[17-Sep-2024 16:29:39 UTC] Création de la variation pour le produit ID: 1201
[17-Sep-2024 16:29:39 UTC] Création variation pour produit 1201 avec SKU KC7062-06
[17-Sep-2024 16:29:39 UTC] Attributs: Array
(
    [pa_color] => blanc
    [pa_size] => 
)

[17-Sep-2024 16:29:39 UTC] Stock: 43714
[17-Sep-2024 16:29:39 UTC] Prix: 1,18
[17-Sep-2024 16:29:39 UTC] Variation créée avec succès pour produit 1201
[17-Sep-2024 16:29:39 UTC] Couleur attribuée: Blanc
[17-Sep-2024 16:29:39 UTC] Taille attribuée: 
[17-Sep-2024 16:29:39 UTC] Term color trouvé: oui
[17-Sep-2024 16:29:39 UTC] Term size trouvé: non
[17-Sep-2024 16:29:39 UTC] SKU: KC7063-06
[17-Sep-2024 16:29:39 UTC] Requête SQL: 
            SELECT p.ID FROM wpgsm_posts p
            WHERE p.post_parent = %d 
            AND p.post_type = 'product_variation'
            AND p.post_status IN ('publish', 'private')
         AND EXISTS (
                SELECT 1 FROM wpgsm_woocommerce_order_itemmeta oim
                WHERE oim.meta_key = %s
                AND oim.meta_value = %s
                AND oim.order_item_id = p.ID
            ) AND EXISTS (
                SELECT 1 FROM wpgsm_woocommerce_order_itemmeta oim
                WHERE oim.meta_key = %s
                AND oim.meta_value = %s
                AND oim.order_item_id = p.ID
            )
[17-Sep-2024 16:29:39 UTC] Params: Array
(
    [0] => 1202
    [1] => attribute_pa_color
    [2] => blanc
    [3] => attribute_pa_size
    [4] => 
)

[17-Sep-2024 16:29:39 UTC] Variations trouvées: Array
(
)

[17-Sep-2024 16:29:39 UTC] Création de la variation pour le produit ID: 1202
[17-Sep-2024 16:29:39 UTC] Création variation pour produit 1202 avec SKU KC7063-06
[17-Sep-2024 16:29:39 UTC] Attributs: Array
(
    [pa_color] => blanc
    [pa_size] => 
)

[17-Sep-2024 16:29:39 UTC] Stock: 10721
[17-Sep-2024 16:29:39 UTC] Prix: 1,37
[17-Sep-2024 16:29:39 UTC] Variation créée avec succès pour produit 1202
[17-Sep-2024 16:29:39 UTC] Couleur attribuée: Noir
[17-Sep-2024 16:29:39 UTC] Taille attribuée: 
[17-Sep-2024 16:29:39 UTC] Term color trouvé: oui
[17-Sep-2024 16:29:39 UTC] Term size trouvé: non
[17-Sep-2024 16:29:39 UTC] SKU: KC7083-03
[17-Sep-2024 16:29:39 UTC] Requête SQL: 
            SELECT p.ID FROM wpgsm_posts p
            WHERE p.post_parent = %d 
            AND p.post_type = 'product_variation'
            AND p.post_status IN ('publish', 'private')
         AND EXISTS (
                SELECT 1 FROM wpgsm_woocommerce_order_itemmeta oim
                WHERE oim.meta_key = %s
                AND oim.meta_value = %s
                AND oim.order_item_id = p.ID
            ) AND EXISTS (
                SELECT 1 FROM wpgsm_woocommerce_order_itemmeta oim
                WHERE oim.meta_key = %s
                AND oim.meta_value = %s
                AND oim.order_item_id = p.ID
            )
[17-Sep-2024 16:29:39 UTC] Params: Array
(
    [0] => 1203
    [1] => attribute_pa_color
    [2] => noir
    [3] => attribute_pa_size
    [4] => 
)

[17-Sep-2024 16:29:39 UTC] Variations trouvées: Array
(
)

[17-Sep-2024 16:29:39 UTC] Création de la variation pour le produit ID: 1203
[17-Sep-2024 16:29:39 UTC] Création variation pour produit 1203 avec SKU KC7083-03
[17-Sep-2024 16:29:39 UTC] Attributs: Array
(
    [pa_color] => noir
    [pa_size] => 
)

[17-Sep-2024 16:29:39 UTC] Stock: 8913
[17-Sep-2024 16:29:39 UTC] Prix: 0,76
[17-Sep-2024 16:29:39 UTC] Variation créée avec succès pour produit 1203
[17-Sep-2024 16:29:39 UTC] Couleur attribuée: Bleu
[17-Sep-2024 16:29:39 UTC] Taille attribuée: 
[17-Sep-2024 16:29:39 UTC] Term color trouvé: oui
[17-Sep-2024 16:29:39 UTC] Term size trouvé: non
[17-Sep-2024 16:29:39 UTC] SKU: KC7102-04
[17-Sep-2024 16:29:39 UTC] Requête SQL: 
            SELECT p.ID FROM wpgsm_posts p
            WHERE p.post_parent = %d 
            AND p.post_type = 'product_variation'
            AND p.post_status IN ('publish', 'private')
         AND EXISTS (
                SELECT 1 FROM wpgsm_woocommerce_order_itemmeta oim
                WHERE oim.meta_key = %s
                AND oim.meta_value = %s
                AND oim.order_item_id = p.ID
            ) AND EXISTS (
                SELECT 1 FROM wpgsm_woocommerce_order_itemmeta oim
                WHERE oim.meta_key = %s
                AND oim.meta_value = %s
                AND oim.order_item_id = p.ID
            )
[17-Sep-2024 16:29:39 UTC] Params: Array
(
    [0] => 1204
    [1] => attribute_pa_color
    [2] => bleu
    [3] => attribute_pa_size
    [4] => 
)

[17-Sep-2024 16:29:39 UTC] Variations trouvées: Array
(
)

[17-Sep-2024 16:29:39 UTC] Création de la variation pour le produit ID: 1204
[17-Sep-2024 16:29:39 UTC] Création variation pour produit 1204 avec SKU KC7102-04
[17-Sep-2024 16:29:39 UTC] Attributs: Array
(
    [pa_color] => bleu
    [pa_size] => 
)

[17-Sep-2024 16:29:39 UTC] Stock: 5786
[17-Sep-2024 16:29:39 UTC] Prix: 2,93
[17-Sep-2024 16:29:39 UTC] Variation créée avec succès pour produit 1204
[17-Sep-2024 16:29:39 UTC] Couleur attribuée: Multicolore
[17-Sep-2024 16:29:39 UTC] Taille attribuée: 
[17-Sep-2024 16:29:39 UTC] Term color trouvé: oui
[17-Sep-2024 16:29:39 UTC] Term size trouvé: non
[17-Sep-2024 16:29:39 UTC] SKU: KC7103-99
[17-Sep-2024 16:29:39 UTC] Requête SQL: 
            SELECT p.ID FROM wpgsm_posts p
            WHERE p.post_parent = %d 
            AND p.post_type = 'product_variation'
            AND p.post_status IN ('publish', 'private')
         AND EXISTS (
                SELECT 1 FROM wpgsm_woocommerce_order_itemmeta oim
                WHERE oim.meta_key = %s
                AND oim.meta_value = %s
                AND oim.order_item_id = p.ID
            ) AND EXISTS (
                SELECT 1 FROM wpgsm_woocommerce_order_itemmeta oim
                WHERE oim.meta_key = %s
                AND oim.meta_value = %s
                AND oim.order_item_id = p.ID
            )
[17-Sep-2024 16:29:39 UTC] Params: Array
(
    [0] => 1205
    [1] => attribute_pa_color
    [2] => multicolore
    [3] => attribute_pa_size
    [4] => 
)

[17-Sep-2024 16:29:39 UTC] Variations trouvées: Array
(
)

[17-Sep-2024 16:29:39 UTC] Création de la variation pour le produit ID: 1205
[17-Sep-2024 16:29:39 UTC] Création variation pour produit 1205 avec SKU KC7103-99
[17-Sep-2024 16:29:39 UTC] Attributs: Array
(
    [pa_color] => multicolore
    [pa_size] => 
)

[17-Sep-2024 16:29:39 UTC] Stock: 2923
[17-Sep-2024 16:29:39 UTC] Prix: 1,17
[17-Sep-2024 16:29:39 UTC] Variation créée avec succès pour produit 1205
[17-Sep-2024 16:29:39 UTC] Couleur attribuée: Noir
[17-Sep-2024 16:29:39 UTC] Taille attribuée: 
[17-Sep-2024 16:29:39 UTC] Term color trouvé: oui
[17-Sep-2024 16:29:39 UTC] Term size trouvé: non
[17-Sep-2024 16:29:39 UTC] SKU: KC7109-03
[17-Sep-2024 16:29:39 UTC] Requête SQL: 
            SELECT p.ID FROM wpgsm_posts p
            WHERE p.post_parent = %d 
            AND p.post_type = 'product_variation'
            AND p.post_status IN ('publish', 'private')
         AND EXISTS (
                SELECT 1 FROM wpgsm_woocommerce_order_itemmeta oim
                WHERE oim.meta_key = %s
                AND oim.meta_value = %s
                AND oim.order_item_id = p.ID
            ) AND EXISTS (
                SELECT 1 FROM wpgsm_woocommerce_order_itemmeta oim
                WHERE oim.meta_key = %s
                AND oim.meta_value = %s
                AND oim.order_item_id = p.ID
            )
[17-Sep-2024 16:29:39 UTC] Params: Array
(
    [0] => 1206
    [1] => attribute_pa_color
    [2] => noir
    [3] => attribute_pa_size
    [4] => 
)

[17-Sep-2024 16:29:39 UTC] Variations trouvées: Array
(
)

[17-Sep-2024 16:29:39 UTC] Création de la variation pour le produit ID: 1206
[17-Sep-2024 16:29:39 UTC] Création variation pour produit 1206 avec SKU KC7109-03
[17-Sep-2024 16:29:39 UTC] Attributs: Array
(
    [pa_color] => noir
    [pa_size] => 
)

[17-Sep-2024 16:29:39 UTC] Stock: 2146
[17-Sep-2024 16:29:39 UTC] Prix: 10,75
[17-Sep-2024 16:29:39 UTC] Variation créée avec succès pour produit 1206
[17-Sep-2024 16:29:40 UTC] Couleur attribuée: Argent Mat
[17-Sep-2024 16:29:40 UTC] Taille attribuée: 
[17-Sep-2024 16:29:40 UTC] Term color trouvé: oui
[17-Sep-2024 16:29:40 UTC] Term size trouvé: non
[17-Sep-2024 16:29:40 UTC] SKU: KC7130-16
[17-Sep-2024 16:29:40 UTC] Requête SQL: 
            SELECT p.ID FROM wpgsm_posts p
            WHERE p.post_parent = %d 
            AND p.post_type = 'product_variation'
            AND p.post_status IN ('publish', 'private')
         AND EXISTS (
                SELECT 1 FROM wpgsm_woocommerce_order_itemmeta oim
                WHERE oim.meta_key = %s
                AND oim.meta_value = %s
                AND oim.order_item_id = p.ID
            ) AND EXISTS (
                SELECT 1 FROM wpgsm_woocommerce_order_itemmeta oim
                WHERE oim.meta_key = %s
                AND oim.meta_value = %s
                AND oim.order_item_id = p.ID
            )
[17-Sep-2024 16:29:40 UTC] Params: Array
(
    [0] => 1207
    [1] => attribute_pa_color
    [2] => argent-mat
    [3] => attribute_pa_size
    [4] => 
)

[17-Sep-2024 16:29:40 UTC] Variations trouvées: Array
(
)

[17-Sep-2024 16:29:40 UTC] Création de la variation pour le produit ID: 1207
[17-Sep-2024 16:29:40 UTC] Création variation pour produit 1207 avec SKU KC7130-16
[17-Sep-2024 16:29:40 UTC] Attributs: Array
(
    [pa_color] => argent-mat
    [pa_size] => 
)

[17-Sep-2024 16:29:40 UTC] Stock: 19168
[17-Sep-2024 16:29:40 UTC] Prix: 3,78
[17-Sep-2024 16:29:40 UTC] Variation créée avec succès pour produit 1207
[17-Sep-2024 16:29:40 UTC] Couleur attribuée: Noir
[17-Sep-2024 16:29:40 UTC] Taille attribuée: 
[17-Sep-2024 16:29:40 UTC] Term color trouvé: oui
[17-Sep-2024 16:29:40 UTC] Term size trouvé: non
[17-Sep-2024 16:29:40 UTC] SKU: KC8063-03
[17-Sep-2024 16:29:40 UTC] Requête SQL: 
            SELECT p.ID FROM wpgsm_posts p
            WHERE p.post_parent = %d 
            AND p.post_type = 'product_variation'
            AND p.post_status IN ('publish', 'private')
         AND EXISTS (
                SELECT 1 FROM wpgsm_woocommerce_order_itemmeta oim
                WHERE oim.meta_key = %s
                AND oim.meta_value = %s
                AND oim.order_item_id = p.ID
            ) AND EXISTS (
                SELECT 1 FROM wpgsm_woocommerce_order_itemmeta oim
                WHERE oim.meta_key = %s
                AND oim.meta_value = %s
                AND oim.order_item_id = p.ID
            )
[17-Sep-2024 16:29:40 UTC] Params: Array
(
    [0] => 1208
    [1] => attribute_pa_color
    [2] => noir
    [3] => attribute_pa_size
    [4] => 
)

[17-Sep-2024 16:29:40 UTC] Variations trouvées: Array
(
)

[17-Sep-2024 16:29:40 UTC] Création de la variation pour le produit ID: 1208
[17-Sep-2024 16:29:40 UTC] Création variation pour produit 1208 avec SKU KC8063-03
[17-Sep-2024 16:29:40 UTC] Attributs: Array
(
    [pa_color] => noir
    [pa_size] => 
)

[17-Sep-2024 16:29:40 UTC] Stock: 2965
[17-Sep-2024 16:29:40 UTC] Prix: 7,88
[17-Sep-2024 16:29:40 UTC] Variation créée avec succès pour produit 1208
[17-Sep-2024 16:29:40 UTC] Couleur attribuée: Jaune
[17-Sep-2024 16:29:40 UTC] Taille attribuée: 
[17-Sep-2024 16:29:40 UTC] Term color trouvé: oui
[17-Sep-2024 16:29:40 UTC] Term size trouvé: non
[17-Sep-2024 16:29:40 UTC] SKU: KC8282-08
[17-Sep-2024 16:29:40 UTC] Requête SQL: 
            SELECT p.ID FROM wpgsm_posts p
            WHERE p.post_parent = %d 
            AND p.post_type = 'product_variation'
            AND p.post_status IN ('publish', 'private')
         AND EXISTS (
                SELECT 1 FROM wpgsm_woocommerce_order_itemmeta oim
                WHERE oim.meta_key = %s
                AND oim.meta_value = %s
                AND oim.order_item_id = p.ID
            ) AND EXISTS (
                SELECT 1 FROM wpgsm_woocommerce_order_itemmeta oim
                WHERE oim.meta_key = %s
                AND oim.meta_value = %s
                AND oim.order_item_id = p.ID
            )
[17-Sep-2024 16:29:40 UTC] Params: Array
(
    [0] => 1209
    [1] => attribute_pa_color
    [2] => jaune
    [3] => attribute_pa_size
    [4] => 
)

[17-Sep-2024 16:29:40 UTC] Variations trouvées: Array
(
)

[17-Sep-2024 16:29:40 UTC] Création de la variation pour le produit ID: 1209
[17-Sep-2024 16:29:40 UTC] Création variation pour produit 1209 avec SKU KC8282-08
[17-Sep-2024 16:29:40 UTC] Attributs: Array
(
    [pa_color] => jaune
    [pa_size] => 
)

[17-Sep-2024 16:29:40 UTC] Stock: 7978
[17-Sep-2024 16:29:40 UTC] Prix: 0,58
[17-Sep-2024 16:29:40 UTC] Variation créée avec succès pour produit 1209
[17-Sep-2024 16:29:40 UTC] Couleur attribuée: Argent
[17-Sep-2024 16:29:40 UTC] Taille attribuée: 
[17-Sep-2024 16:29:40 UTC] Term color trouvé: oui
[17-Sep-2024 16:29:40 UTC] Term size trouvé: non
[17-Sep-2024 16:29:40 UTC] SKU: KC8282-14
[17-Sep-2024 16:29:40 UTC] Requête SQL: 
            SELECT p.ID FROM wpgsm_posts p
            WHERE p.post_parent = %d 
            AND p.post_type = 'product_variation'
            AND p.post_status IN ('publish', 'private')
         AND EXISTS (
                SELECT 1 FROM wpgsm_woocommerce_order_itemmeta oim
                WHERE oim.meta_key = %s
                AND oim.meta_value = %s
                AND oim.order_item_id = p.ID
            ) AND EXISTS (
                SELECT 1 FROM wpgsm_woocommerce_order_itemmeta oim
                WHERE oim.meta_key = %s
                AND oim.meta_value = %s
                AND oim.order_item_id = p.ID
            )
[17-Sep-2024 16:29:40 UTC] Params: Array
(
    [0] => 1209
    [1] => attribute_pa_color
    [2] => argent
    [3] => attribute_pa_size
    [4] => 
)

[17-Sep-2024 16:29:40 UTC] Variations trouvées: Array
(
)

[17-Sep-2024 16:29:40 UTC] Création de la variation pour le produit ID: 1209
[17-Sep-2024 16:29:40 UTC] Création variation pour produit 1209 avec SKU KC8282-14
[17-Sep-2024 16:29:40 UTC] Attributs: Array
(
    [pa_color] => argent
    [pa_size] => 
)

[17-Sep-2024 16:29:40 UTC] Stock: 11363
[17-Sep-2024 16:29:40 UTC] Prix: 0,58
[17-Sep-2024 16:29:40 UTC] Variation créée avec succès pour produit 1209
[17-Sep-2024 16:29:40 UTC] Couleur attribuée: Noir
[17-Sep-2024 16:29:40 UTC] Taille attribuée: 
[17-Sep-2024 16:29:40 UTC] Term color trouvé: oui
[17-Sep-2024 16:29:40 UTC] Term size trouvé: non
[17-Sep-2024 16:29:40 UTC] SKU: KC8893-03
[17-Sep-2024 16:29:40 UTC] Requête SQL: 
            SELECT p.ID FROM wpgsm_posts p
            WHERE p.post_parent = %d 
            AND p.post_type = 'product_variation'
            AND p.post_status IN ('publish', 'private')
         AND EXISTS (
                SELECT 1 FROM wpgsm_woocommerce_order_itemmeta oim
                WHERE oim.meta_key = %s
                AND oim.meta_value = %s
                AND oim.order_item_id = p.ID
            ) AND EXISTS (
                SELECT 1 FROM wpgsm_woocommerce_order_itemmeta oim
                WHERE oim.meta_key = %s
                AND oim.meta_value = %s
                AND oim.order_item_id = p.ID
            )
[17-Sep-2024 16:29:40 UTC] Params: Array
(
    [0] => 1210
    [1] => attribute_pa_color
    [2] => noir
    [3] => attribute_pa_size
    [4] => 
)

[17-Sep-2024 16:29:40 UTC] Variations trouvées: Array
(
)

[17-Sep-2024 16:29:40 UTC] Création de la variation pour le produit ID: 1210
[17-Sep-2024 16:29:40 UTC] Création variation pour produit 1210 avec SKU KC8893-03
[17-Sep-2024 16:29:40 UTC] Attributs: Array
(
    [pa_color] => noir
    [pa_size] => 
)

[17-Sep-2024 16:29:40 UTC] Stock: 53956
[17-Sep-2024 16:29:40 UTC] Prix: 0,21
[17-Sep-2024 16:29:40 UTC] Variation créée avec succès pour produit 1210
[17-Sep-2024 16:29:40 UTC] Couleur attribuée: Rouge
[17-Sep-2024 16:29:40 UTC] Taille attribuée: 
[17-Sep-2024 16:29:40 UTC] Term color trouvé: oui
[17-Sep-2024 16:29:40 UTC] Term size trouvé: non
[17-Sep-2024 16:29:40 UTC] SKU: KC8893-05
[17-Sep-2024 16:29:40 UTC] Requête SQL: 
            SELECT p.ID FROM wpgsm_posts p
            WHERE p.post_parent = %d 
            AND p.post_type = 'product_variation'
            AND p.post_status IN ('publish', 'private')
         AND EXISTS (
                SELECT 1 FROM wpgsm_woocommerce_order_itemmeta oim
                WHERE oim.meta_key = %s
                AND oim.meta_value = %s
                AND oim.order_item_id = p.ID
            ) AND EXISTS (
                SELECT 1 FROM wpgsm_woocommerce_order_itemmeta oim
                WHERE oim.meta_key = %s
                AND oim.meta_value = %s
                AND oim.order_item_id = p.ID
            )
[17-Sep-2024 16:29:40 UTC] Params: Array
(
    [0] => 1210
    [1] => attribute_pa_color
    [2] => rouge
    [3] => attribute_pa_size
    [4] => 
)

[17-Sep-2024 16:29:40 UTC] Variations trouvées: Array
(
)

[17-Sep-2024 16:29:40 UTC] Création de la variation pour le produit ID: 1210
[17-Sep-2024 16:29:40 UTC] Création variation pour produit 1210 avec SKU KC8893-05
[17-Sep-2024 16:29:40 UTC] Attributs: Array
(
    [pa_color] => rouge
    [pa_size] => 
)

[17-Sep-2024 16:29:40 UTC] Stock: 15957
[17-Sep-2024 16:29:40 UTC] Prix: 0,21
[17-Sep-2024 16:29:40 UTC] Variation créée avec succès pour produit 1210
[17-Sep-2024 16:29:40 UTC] Couleur attribuée: Blanc
[17-Sep-2024 16:29:40 UTC] Taille attribuée: 
[17-Sep-2024 16:29:40 UTC] Term color trouvé: oui
[17-Sep-2024 16:29:40 UTC] Term size trouvé: non
[17-Sep-2024 16:29:40 UTC] SKU: KC8893-06
[17-Sep-2024 16:29:40 UTC] Requête SQL: 
            SELECT p.ID FROM wpgsm_posts p
            WHERE p.post_parent = %d 
            AND p.post_type = 'product_variation'
            AND p.post_status IN ('publish', 'private')
         AND EXISTS (
                SELECT 1 FROM wpgsm_woocommerce_order_itemmeta oim
                WHERE oim.meta_key = %s
                AND oim.meta_value = %s
                AND oim.order_item_id = p.ID
            ) AND EXISTS (
                SELECT 1 FROM wpgsm_woocommerce_order_itemmeta oim
                WHERE oim.meta_key = %s
                AND oim.meta_value = %s
                AND oim.order_item_id = p.ID
            )
[17-Sep-2024 16:29:40 UTC] Params: Array
(
    [0] => 1210
    [1] => attribute_pa_color
    [2] => blanc
    [3] => attribute_pa_size
    [4] => 
)

[17-Sep-2024 16:29:40 UTC] Variations trouvées: Array
(
)

[17-Sep-2024 16:29:40 UTC] Création de la variation pour le produit ID: 1210
[17-Sep-2024 16:29:40 UTC] Création variation pour produit 1210 avec SKU KC8893-06
[17-Sep-2024 16:29:40 UTC] Attributs: Array
(
    [pa_color] => blanc
    [pa_size] => 
)

[17-Sep-2024 16:29:40 UTC] Stock: 37300
[17-Sep-2024 16:29:40 UTC] Prix: 0,21
[17-Sep-2024 16:29:40 UTC] Variation créée avec succès pour produit 1210
[17-Sep-2024 16:29:40 UTC] Couleur attribuée: Vert
[17-Sep-2024 16:29:40 UTC] Taille attribuée: 
[17-Sep-2024 16:29:40 UTC] Term color trouvé: oui
[17-Sep-2024 16:29:40 UTC] Term size trouvé: non
[17-Sep-2024 16:29:40 UTC] SKU: KC8893-09
[17-Sep-2024 16:29:40 UTC] Requête SQL: 
            SELECT p.ID FROM wpgsm_posts p
            WHERE p.post_parent = %d 
            AND p.post_type = 'product_variation'
            AND p.post_status IN ('publish', 'private')
         AND EXISTS (
                SELECT 1 FROM wpgsm_woocommerce_order_itemmeta oim
                WHERE oim.meta_key = %s
                AND oim.meta_value = %s
                AND oim.order_item_id = p.ID
            ) AND EXISTS (
                SELECT 1 FROM wpgsm_woocommerce_order_itemmeta oim
                WHERE oim.meta_key = %s
                AND oim.meta_value = %s
                AND oim.order_item_id = p.ID
            )
[17-Sep-2024 16:29:40 UTC] Params: Array
(
    [0] => 1210
    [1] => attribute_pa_color
    [2] => vert
    [3] => attribute_pa_size
    [4] => 
)

[17-Sep-2024 16:29:40 UTC] Variations trouvées: Array
(
)

[17-Sep-2024 16:29:40 UTC] Création de la variation pour le produit ID: 1210
[17-Sep-2024 16:29:40 UTC] Création variation pour produit 1210 avec SKU KC8893-09
[17-Sep-2024 16:29:40 UTC] Attributs: Array
(
    [pa_color] => vert
    [pa_size] => 
)

[17-Sep-2024 16:29:40 UTC] Stock: 10271
[17-Sep-2024 16:29:40 UTC] Prix: 0,21
[17-Sep-2024 16:29:40 UTC] Variation créée avec succès pour produit 1210
[17-Sep-2024 16:29:40 UTC] Couleur attribuée: Turquoise
[17-Sep-2024 16:29:40 UTC] Taille attribuée: 
[17-Sep-2024 16:29:40 UTC] Term color trouvé: oui
[17-Sep-2024 16:29:40 UTC] Term size trouvé: non
[17-Sep-2024 16:29:40 UTC] SKU: KC8893-12
[17-Sep-2024 16:29:40 UTC] Requête SQL: 
            SELECT p.ID FROM wpgsm_posts p
            WHERE p.post_parent = %d 
            AND p.post_type = 'product_variation'
            AND p.post_status IN ('publish', 'private')
         AND EXISTS (
                SELECT 1 FROM wpgsm_woocommerce_order_itemmeta oim
                WHERE oim.meta_key = %s
                AND oim.meta_value = %s
                AND oim.order_item_id = p.ID
            ) AND EXISTS (
                SELECT 1 FROM wpgsm_woocommerce_order_itemmeta oim
                WHERE oim.meta_key = %s
                AND oim.meta_value = %s
                AND oim.order_item_id = p.ID
            )
[17-Sep-2024 16:29:40 UTC] Params: Array
(
    [0] => 1210
    [1] => attribute_pa_color
    [2] => turquoise
    [3] => attribute_pa_size
    [4] => 
)

[17-Sep-2024 16:29:40 UTC] Variations trouvées: Array
(
)

[17-Sep-2024 16:29:40 UTC] Création de la variation pour le produit ID: 1210
[17-Sep-2024 16:29:40 UTC] Création variation pour produit 1210 avec SKU KC8893-12
[17-Sep-2024 16:29:40 UTC] Attributs: Array
(
    [pa_color] => turquoise
    [pa_size] => 
)

[17-Sep-2024 16:29:40 UTC] Stock: 5221
[17-Sep-2024 16:29:40 UTC] Prix: 0,21
[17-Sep-2024 16:29:40 UTC] Variation créée avec succès pour produit 1210
[17-Sep-2024 16:29:40 UTC] Couleur attribuée: Argent
[17-Sep-2024 16:29:40 UTC] Taille attribuée: 
[17-Sep-2024 16:29:40 UTC] Term color trouvé: oui
[17-Sep-2024 16:29:40 UTC] Term size trouvé: non
[17-Sep-2024 16:29:40 UTC] SKU: KC8893-14
[17-Sep-2024 16:29:40 UTC] Requête SQL: 
            SELECT p.ID FROM wpgsm_posts p
            WHERE p.post_parent = %d 
            AND p.post_type = 'product_variation'
            AND p.post_status IN ('publish', 'private')
         AND EXISTS (
                SELECT 1 FROM wpgsm_woocommerce_order_itemmeta oim
                WHERE oim.meta_key = %s
                AND oim.meta_value = %s
                AND oim.order_item_id = p.ID
            ) AND EXISTS (
                SELECT 1 FROM wpgsm_woocommerce_order_itemmeta oim
                WHERE oim.meta_key = %s
                AND oim.meta_value = %s
                AND oim.order_item_id = p.ID
            )
[17-Sep-2024 16:29:40 UTC] Params: Array
(
    [0] => 1210
    [1] => attribute_pa_color
    [2] => argent
    [3] => attribute_pa_size
    [4] => 
)

[17-Sep-2024 16:29:40 UTC] Variations trouvées: Array
(
)

[17-Sep-2024 16:29:40 UTC] Création de la variation pour le produit ID: 1210
[17-Sep-2024 16:29:40 UTC] Création variation pour produit 1210 avec SKU KC8893-14
[17-Sep-2024 16:29:40 UTC] Attributs: Array
(
    [pa_color] => argent
    [pa_size] => 
)

[17-Sep-2024 16:29:40 UTC] Stock: 16843
[17-Sep-2024 16:29:40 UTC] Prix: 0,21
[17-Sep-2024 16:29:40 UTC] Variation créée avec succès pour produit 1210
[17-Sep-2024 16:29:40 UTC] Couleur attribuée: Titanium
[17-Sep-2024 16:29:40 UTC] Taille attribuée: 
[17-Sep-2024 16:29:40 UTC] Term color trouvé: oui
[17-Sep-2024 16:29:40 UTC] Term size trouvé: non
[17-Sep-2024 16:29:40 UTC] SKU: KC8893-18
[17-Sep-2024 16:29:40 UTC] Requête SQL: 
            SELECT p.ID FROM wpgsm_posts p
            WHERE p.post_parent = %d 
            AND p.post_type = 'product_variation'
            AND p.post_status IN ('publish', 'private')
         AND EXISTS (
                SELECT 1 FROM wpgsm_woocommerce_order_itemmeta oim
                WHERE oim.meta_key = %s
                AND oim.meta_value = %s
                AND oim.order_item_id = p.ID
            ) AND EXISTS (
                SELECT 1 FROM wpgsm_woocommerce_order_itemmeta oim
                WHERE oim.meta_key = %s
                AND oim.meta_value = %s
                AND oim.order_item_id = p.ID
            )
[17-Sep-2024 16:29:40 UTC] Params: Array
(
    [0] => 1210
    [1] => attribute_pa_color
    [2] => titanium
    [3] => attribute_pa_size
    [4] => 
)

[17-Sep-2024 16:29:40 UTC] Variations trouvées: Array
(
)

[17-Sep-2024 16:29:40 UTC] Création de la variation pour le produit ID: 1210
[17-Sep-2024 16:29:40 UTC] Création variation pour produit 1210 avec SKU KC8893-18
[17-Sep-2024 16:29:40 UTC] Attributs: Array
(
    [pa_color] => titanium
    [pa_size] => 
)

[17-Sep-2024 16:29:40 UTC] Stock: 21515
[17-Sep-2024 16:29:40 UTC] Prix: 0,21
[17-Sep-2024 16:29:40 UTC] Variation créée avec succès pour produit 1210
[17-Sep-2024 16:29:40 UTC] Couleur attribuée: Bleu Royal
[17-Sep-2024 16:29:40 UTC] Taille attribuée: 
[17-Sep-2024 16:29:40 UTC] Term color trouvé: oui
[17-Sep-2024 16:29:40 UTC] Term size trouvé: non
[17-Sep-2024 16:29:40 UTC] SKU: KC8893-37
[17-Sep-2024 16:29:40 UTC] Requête SQL: 
            SELECT p.ID FROM wpgsm_posts p
            WHERE p.post_parent = %d 
            AND p.post_type = 'product_variation'
            AND p.post_status IN ('publish', 'private')
         AND EXISTS (
                SELECT 1 FROM wpgsm_woocommerce_order_itemmeta oim
                WHERE oim.meta_key = %s
                AND oim.meta_value = %s
                AND oim.order_item_id = p.ID
            ) AND EXISTS (
                SELECT 1 FROM wpgsm_woocommerce_order_itemmeta oim
                WHERE oim.meta_key = %s
                AND oim.meta_value = %s
                AND oim.order_item_id = p.ID
            )
[17-Sep-2024 16:29:40 UTC] Params: Array
(
    [0] => 1210
    [1] => attribute_pa_color
    [2] => bleu-royal
    [3] => attribute_pa_size
    [4] => 
)

[17-Sep-2024 16:29:40 UTC] Variations trouvées: Array
(
)

[17-Sep-2024 16:29:40 UTC] Création de la variation pour le produit ID: 1210
[17-Sep-2024 16:29:40 UTC] Création variation pour produit 1210 avec SKU KC8893-37
[17-Sep-2024 16:29:40 UTC] Attributs: Array
(
    [pa_color] => bleu-royal
    [pa_size] => 
)

[17-Sep-2024 16:29:40 UTC] Stock: 37137
[17-Sep-2024 16:29:40 UTC] Prix: 0,21
[17-Sep-2024 16:29:40 UTC] Variation créée avec succès pour produit 1210
[17-Sep-2024 16:29:40 UTC] Couleur attribuée: Or
[17-Sep-2024 16:29:40 UTC] Taille attribuée: 
[17-Sep-2024 16:29:40 UTC] Term color trouvé: oui
[17-Sep-2024 16:29:40 UTC] Term size trouvé: non
[17-Sep-2024 16:29:40 UTC] SKU: KC8893-98
[17-Sep-2024 16:29:40 UTC] Requête SQL: 
            SELECT p.ID FROM wpgsm_posts p
            WHERE p.post_parent = %d 
            AND p.post_type = 'product_variation'
            AND p.post_status IN ('publish', 'private')
         AND EXISTS (
                SELECT 1 FROM wpgsm_woocommerce_order_itemmeta oim
                WHERE oim.meta_key = %s
                AND oim.meta_value = %s
                AND oim.order_item_id = p.ID
            ) AND EXISTS (
                SELECT 1 FROM wpgsm_woocommerce_order_itemmeta oim
                WHERE oim.meta_key = %s
                AND oim.meta_value = %s
                AND oim.order_item_id = p.ID
            )
[17-Sep-2024 16:29:40 UTC] Params: Array
(
    [0] => 1210
    [1] => attribute_pa_color
    [2] => or
    [3] => attribute_pa_size
    [4] => 
)

[17-Sep-2024 16:29:40 UTC] Variations trouvées: Array
(
)

[17-Sep-2024 16:29:40 UTC] Création de la variation pour le produit ID: 1210
[17-Sep-2024 16:29:40 UTC] Création variation pour produit 1210 avec SKU KC8893-98
[17-Sep-2024 16:29:40 UTC] Attributs: Array
(
    [pa_color] => or
    [pa_size] => 
)

[17-Sep-2024 16:29:40 UTC] Stock: 1380
[17-Sep-2024 16:29:40 UTC] Prix: 0,21
[17-Sep-2024 16:29:41 UTC] Variation créée avec succès pour produit 1210
[17-Sep-2024 16:29:41 UTC] Couleur attribuée: Noir
[17-Sep-2024 16:29:41 UTC] Taille attribuée: 
[17-Sep-2024 16:29:41 UTC] Term color trouvé: oui
[17-Sep-2024 16:29:41 UTC] Term size trouvé: non
[17-Sep-2024 16:29:41 UTC] SKU: MO1001a-03-4GB
[17-Sep-2024 16:29:41 UTC] Requête SQL: 
            SELECT p.ID FROM wpgsm_posts p
            WHERE p.post_parent = %d 
            AND p.post_type = 'product_variation'
            AND p.post_status IN ('publish', 'private')
         AND EXISTS (
                SELECT 1 FROM wpgsm_woocommerce_order_itemmeta oim
                WHERE oim.meta_key = %s
                AND oim.meta_value = %s
                AND oim.order_item_id = p.ID
            ) AND EXISTS (
                SELECT 1 FROM wpgsm_woocommerce_order_itemmeta oim
                WHERE oim.meta_key = %s
                AND oim.meta_value = %s
                AND oim.order_item_id = p.ID
            )
[17-Sep-2024 16:29:41 UTC] Params: Array
(
    [0] => 1211
    [1] => attribute_pa_color
    [2] => noir
    [3] => attribute_pa_size
    [4] => 
)

[17-Sep-2024 16:29:41 UTC] Variations trouvées: Array
(
)

[17-Sep-2024 16:29:41 UTC] Création de la variation pour le produit ID: 1211
[17-Sep-2024 16:29:41 UTC] Création variation pour produit 1211 avec SKU MO1001a-03-4GB
[17-Sep-2024 16:29:41 UTC] Attributs: Array
(
    [pa_color] => noir
    [pa_size] => 
)

[17-Sep-2024 16:29:41 UTC] Stock: 
[17-Sep-2024 16:29:41 UTC] Prix: 
[17-Sep-2024 16:29:41 UTC] Variation créée avec succès pour produit 1211
[17-Sep-2024 16:29:41 UTC] Couleur attribuée: Bleu
[17-Sep-2024 16:29:41 UTC] Taille attribuée: 
[17-Sep-2024 16:29:41 UTC] Term color trouvé: oui
[17-Sep-2024 16:29:41 UTC] Term size trouvé: non
[17-Sep-2024 16:29:41 UTC] SKU: MO1001a-04-4GB
[17-Sep-2024 16:29:41 UTC] Requête SQL: 
            SELECT p.ID FROM wpgsm_posts p
            WHERE p.post_parent = %d 
            AND p.post_type = 'product_variation'
            AND p.post_status IN ('publish', 'private')
         AND EXISTS (
                SELECT 1 FROM wpgsm_woocommerce_order_itemmeta oim
                WHERE oim.meta_key = %s
                AND oim.meta_value = %s
                AND oim.order_item_id = p.ID
            ) AND EXISTS (
                SELECT 1 FROM wpgsm_woocommerce_order_itemmeta oim
                WHERE oim.meta_key = %s
                AND oim.meta_value = %s
                AND oim.order_item_id = p.ID
            )
[17-Sep-2024 16:29:41 UTC] Params: Array
(
    [0] => 1211
    [1] => attribute_pa_color
    [2] => bleu
    [3] => attribute_pa_size
    [4] => 
)

[17-Sep-2024 16:29:41 UTC] Variations trouvées: Array
(
)

[17-Sep-2024 16:29:41 UTC] Création de la variation pour le produit ID: 1211
[17-Sep-2024 16:29:41 UTC] Création variation pour produit 1211 avec SKU MO1001a-04-4GB
[17-Sep-2024 16:29:41 UTC] Attributs: Array
(
    [pa_color] => bleu
    [pa_size] => 
)

[17-Sep-2024 16:29:41 UTC] Stock: 
[17-Sep-2024 16:29:41 UTC] Prix: 
[17-Sep-2024 16:29:42 UTC] Variation créée avec succès pour produit 1211
[17-Sep-2024 16:29:42 UTC] Couleur attribuée: Rouge
[17-Sep-2024 16:29:42 UTC] Taille attribuée: 
[17-Sep-2024 16:29:42 UTC] Term color trouvé: oui
[17-Sep-2024 16:29:42 UTC] Term size trouvé: non
[17-Sep-2024 16:29:42 UTC] SKU: MO1001a-05-4GB
[17-Sep-2024 16:29:42 UTC] Requête SQL: 
            SELECT p.ID FROM wpgsm_posts p
            WHERE p.post_parent = %d 
            AND p.post_type = 'product_variation'
            AND p.post_status IN ('publish', 'private')
         AND EXISTS (
                SELECT 1 FROM wpgsm_woocommerce_order_itemmeta oim
                WHERE oim.meta_key = %s
                AND oim.meta_value = %s
                AND oim.order_item_id = p.ID
            ) AND EXISTS (
                SELECT 1 FROM wpgsm_woocommerce_order_itemmeta oim
                WHERE oim.meta_key = %s
                AND oim.meta_value = %s
                AND oim.order_item_id = p.ID
            )
[17-Sep-2024 16:29:42 UTC] Params: Array
(
    [0] => 1211
    [1] => attribute_pa_color
    [2] => rouge
    [3] => attribute_pa_size
    [4] => 
)

[17-Sep-2024 16:29:42 UTC] Variations trouvées: Array
(
)

[17-Sep-2024 16:29:42 UTC] Création de la variation pour le produit ID: 1211
[17-Sep-2024 16:29:42 UTC] Création variation pour produit 1211 avec SKU MO1001a-05-4GB
[17-Sep-2024 16:29:42 UTC] Attributs: Array
(
    [pa_color] => rouge
    [pa_size] => 
)

[17-Sep-2024 16:29:42 UTC] Stock: 
[17-Sep-2024 16:29:42 UTC] Prix: 
[17-Sep-2024 16:29:42 UTC] Variation créée avec succès pour produit 1211
[17-Sep-2024 16:29:42 UTC] Couleur attribuée: Lime
[17-Sep-2024 16:29:42 UTC] Taille attribuée: 
[17-Sep-2024 16:29:42 UTC] Term color trouvé: oui
[17-Sep-2024 16:29:42 UTC] Term size trouvé: non
[17-Sep-2024 16:29:42 UTC] SKU: MO1001a-48-4GB
[17-Sep-2024 16:29:42 UTC] Requête SQL: 
            SELECT p.ID FROM wpgsm_posts p
            WHERE p.post_parent = %d 
            AND p.post_type = 'product_variation'
            AND p.post_status IN ('publish', 'private')
         AND EXISTS (
                SELECT 1 FROM wpgsm_woocommerce_order_itemmeta oim
                WHERE oim.meta_key = %s
                AND oim.meta_value = %s
                AND oim.order_item_id = p.ID
            ) AND EXISTS (
                SELECT 1 FROM wpgsm_woocommerce_order_itemmeta oim
                WHERE oim.meta_key = %s
                AND oim.meta_value = %s
                AND oim.order_item_id = p.ID
            )
[17-Sep-2024 16:29:42 UTC] Params: Array
(
    [0] => 1211
    [1] => attribute_pa_color
    [2] => lime
    [3] => attribute_pa_size
    [4] => 
)

[17-Sep-2024 16:29:42 UTC] Variations trouvées: Array
(
)

[17-Sep-2024 16:29:42 UTC] Création de la variation pour le produit ID: 1211
[17-Sep-2024 16:29:42 UTC] Création variation pour produit 1211 avec SKU MO1001a-48-4GB
[17-Sep-2024 16:29:42 UTC] Attributs: Array
(
    [pa_color] => lime
    [pa_size] => 
)

[17-Sep-2024 16:29:42 UTC] Stock: 
[17-Sep-2024 16:29:42 UTC] Prix: 
[17-Sep-2024 16:29:43 UTC] Variation créée avec succès pour produit 1211
[17-Sep-2024 16:29:43 UTC] Couleur attribuée: Blanc
[17-Sep-2024 16:29:43 UTC] Taille attribuée: 
[17-Sep-2024 16:29:43 UTC] Term color trouvé: oui
[17-Sep-2024 16:29:43 UTC] Term size trouvé: non
[17-Sep-2024 16:29:43 UTC] SKU: MO1001a-06-4GB
[17-Sep-2024 16:29:43 UTC] Requête SQL: 
            SELECT p.ID FROM wpgsm_posts p
            WHERE p.post_parent = %d 
            AND p.post_type = 'product_variation'
            AND p.post_status IN ('publish', 'private')
         AND EXISTS (
                SELECT 1 FROM wpgsm_woocommerce_order_itemmeta oim
                WHERE oim.meta_key = %s
                AND oim.meta_value = %s
                AND oim.order_item_id = p.ID
            ) AND EXISTS (
                SELECT 1 FROM wpgsm_woocommerce_order_itemmeta oim
                WHERE oim.meta_key = %s
                AND oim.meta_value = %s
                AND oim.order_item_id = p.ID
            )
[17-Sep-2024 16:29:43 UTC] Params: Array
(
    [0] => 1211
    [1] => attribute_pa_color
    [2] => blanc
    [3] => attribute_pa_size
    [4] => 
)

[17-Sep-2024 16:29:43 UTC] Variations trouvées: Array
(
)

[17-Sep-2024 16:29:43 UTC] Création de la variation pour le produit ID: 1211
[17-Sep-2024 16:29:43 UTC] Création variation pour produit 1211 avec SKU MO1001a-06-4GB
[17-Sep-2024 16:29:43 UTC] Attributs: Array
(
    [pa_color] => blanc
    [pa_size] => 
)

[17-Sep-2024 16:29:43 UTC] Stock: 
[17-Sep-2024 16:29:43 UTC] Prix: 
[17-Sep-2024 16:29:44 UTC] Variation créée avec succès pour produit 1211
[17-Sep-2024 16:29:44 UTC] Couleur attribuée: Gris
[17-Sep-2024 16:29:44 UTC] Taille attribuée: 
[17-Sep-2024 16:29:44 UTC] Term color trouvé: oui
[17-Sep-2024 16:29:44 UTC] Term size trouvé: non
[17-Sep-2024 16:29:44 UTC] SKU: MO1001a-07-4GB
[17-Sep-2024 16:29:44 UTC] Requête SQL: 
            SELECT p.ID FROM wpgsm_posts p
            WHERE p.post_parent = %d 
            AND p.post_type = 'product_variation'
            AND p.post_status IN ('publish', 'private')
         AND EXISTS (
                SELECT 1 FROM wpgsm_woocommerce_order_itemmeta oim
                WHERE oim.meta_key = %s
                AND oim.meta_value = %s
                AND oim.order_item_id = p.ID
            ) AND EXISTS (
                SELECT 1 FROM wpgsm_woocommerce_order_itemmeta oim
                WHERE oim.meta_key = %s
                AND oim.meta_value = %s
                AND oim.order_item_id = p.ID
            )
[17-Sep-2024 16:29:44 UTC] Params: Array
(
    [0] => 1211
    [1] => attribute_pa_color
    [2] => gris
    [3] => attribute_pa_size
    [4] => 
)

[17-Sep-2024 16:29:44 UTC] Variations trouvées: Array
(
)

[17-Sep-2024 16:29:44 UTC] Création de la variation pour le produit ID: 1211
[17-Sep-2024 16:29:44 UTC] Création variation pour produit 1211 avec SKU MO1001a-07-4GB
[17-Sep-2024 16:29:44 UTC] Attributs: Array
(
    [pa_color] => gris
    [pa_size] => 
)

[17-Sep-2024 16:29:44 UTC] Stock: 
[17-Sep-2024 16:29:44 UTC] Prix: 
[17-Sep-2024 16:29:44 UTC] Variation créée avec succès pour produit 1211
[17-Sep-2024 16:29:44 UTC] Couleur attribuée: Jaune
[17-Sep-2024 16:29:44 UTC] Taille attribuée: 
[17-Sep-2024 16:29:44 UTC] Term color trouvé: oui
[17-Sep-2024 16:29:44 UTC] Term size trouvé: non
[17-Sep-2024 16:29:44 UTC] SKU: MO1001a-08-4GB
[17-Sep-2024 16:29:44 UTC] Requête SQL: 
            SELECT p.ID FROM wpgsm_posts p
            WHERE p.post_parent = %d 
            AND p.post_type = 'product_variation'
            AND p.post_status IN ('publish', 'private')
         AND EXISTS (
                SELECT 1 FROM wpgsm_woocommerce_order_itemmeta oim
                WHERE oim.meta_key = %s
                AND oim.meta_value = %s
                AND oim.order_item_id = p.ID
            ) AND EXISTS (
                SELECT 1 FROM wpgsm_woocommerce_order_itemmeta oim
                WHERE oim.meta_key = %s
                AND oim.meta_value = %s
                AND oim.order_item_id = p.ID
            )
[17-Sep-2024 16:29:44 UTC] Params: Array
(
    [0] => 1211
    [1] => attribute_pa_color
    [2] => jaune
    [3] => attribute_pa_size
    [4] => 
)

[17-Sep-2024 16:29:44 UTC] Variations trouvées: Array
(
)

[17-Sep-2024 16:29:44 UTC] Création de la variation pour le produit ID: 1211
[17-Sep-2024 16:29:44 UTC] Création variation pour produit 1211 avec SKU MO1001a-08-4GB
[17-Sep-2024 16:29:44 UTC] Attributs: Array
(
    [pa_color] => jaune
    [pa_size] => 
)

[17-Sep-2024 16:29:44 UTC] Stock: 
[17-Sep-2024 16:29:44 UTC] Prix: 
[17-Sep-2024 16:29:45 UTC] Variation créée avec succès pour produit 1211
[17-Sep-2024 16:29:45 UTC] Couleur attribuée: Orange
[17-Sep-2024 16:29:45 UTC] Taille attribuée: 
[17-Sep-2024 16:29:45 UTC] Term color trouvé: oui
[17-Sep-2024 16:29:45 UTC] Term size trouvé: non
[17-Sep-2024 16:29:45 UTC] SKU: MO1001a-10-4GB
[17-Sep-2024 16:29:45 UTC] Requête SQL: 
            SELECT p.ID FROM wpgsm_posts p
            WHERE p.post_parent = %d 
            AND p.post_type = 'product_variation'
            AND p.post_status IN ('publish', 'private')
         AND EXISTS (
                SELECT 1 FROM wpgsm_woocommerce_order_itemmeta oim
                WHERE oim.meta_key = %s
                AND oim.meta_value = %s
                AND oim.order_item_id = p.ID
            ) AND EXISTS (
                SELECT 1 FROM wpgsm_woocommerce_order_itemmeta oim
                WHERE oim.meta_key = %s
                AND oim.meta_value = %s
                AND oim.order_item_id = p.ID
            )
[17-Sep-2024 16:29:45 UTC] Params: Array
(
    [0] => 1211
    [1] => attribute_pa_color
    [2] => orange
    [3] => attribute_pa_size
    [4] => 
)

[17-Sep-2024 16:29:45 UTC] Variations trouvées: Array
(
)

[17-Sep-2024 16:29:45 UTC] Création de la variation pour le produit ID: 1211
[17-Sep-2024 16:29:45 UTC] Création variation pour produit 1211 avec SKU MO1001a-10-4GB
[17-Sep-2024 16:29:45 UTC] Attributs: Array
(
    [pa_color] => orange
    [pa_size] => 
)

[17-Sep-2024 16:29:45 UTC] Stock: 
[17-Sep-2024 16:29:45 UTC] Prix: 
[17-Sep-2024 16:29:46 UTC] Variation créée avec succès pour produit 1211
[17-Sep-2024 16:29:46 UTC] Couleur attribuée: Turquoise
[17-Sep-2024 16:29:46 UTC] Taille attribuée: 
[17-Sep-2024 16:29:46 UTC] Term color trouvé: oui
[17-Sep-2024 16:29:46 UTC] Term size trouvé: non
[17-Sep-2024 16:29:46 UTC] SKU: MO1001a-12-4GB
[17-Sep-2024 16:29:46 UTC] Requête SQL: 
            SELECT p.ID FROM wpgsm_posts p
            WHERE p.post_parent = %d 
            AND p.post_type = 'product_variation'
            AND p.post_status IN ('publish', 'private')
         AND EXISTS (
                SELECT 1 FROM wpgsm_woocommerce_order_itemmeta oim
                WHERE oim.meta_key = %s
                AND oim.meta_value = %s
                AND oim.order_item_id = p.ID
            ) AND EXISTS (
                SELECT 1 FROM wpgsm_woocommerce_order_itemmeta oim
                WHERE oim.meta_key = %s
                AND oim.meta_value = %s
                AND oim.order_item_id = p.ID
            )
[17-Sep-2024 16:29:46 UTC] Params: Array
(
    [0] => 1211
    [1] => attribute_pa_color
    [2] => turquoise
    [3] => attribute_pa_size
    [4] => 
)

[17-Sep-2024 16:29:46 UTC] Variations trouvées: Array
(
)

[17-Sep-2024 16:29:46 UTC] Création de la variation pour le produit ID: 1211
[17-Sep-2024 16:29:46 UTC] Création variation pour produit 1211 avec SKU MO1001a-12-4GB
[17-Sep-2024 16:29:46 UTC] Attributs: Array
(
    [pa_color] => turquoise
    [pa_size] => 
)

[17-Sep-2024 16:29:46 UTC] Stock: 
[17-Sep-2024 16:29:46 UTC] Prix: 
[17-Sep-2024 16:29:46 UTC] Variation créée avec succès pour produit 1211
[17-Sep-2024 16:29:46 UTC] Couleur attribuée: Violet
[17-Sep-2024 16:29:46 UTC] Taille attribuée: 
[17-Sep-2024 16:29:46 UTC] Term color trouvé: oui
[17-Sep-2024 16:29:46 UTC] Term size trouvé: non
[17-Sep-2024 16:29:46 UTC] SKU: MO1001a-21-4GB
[17-Sep-2024 16:29:46 UTC] Requête SQL: 
            SELECT p.ID FROM wpgsm_posts p
            WHERE p.post_parent = %d 
            AND p.post_type = 'product_variation'
            AND p.post_status IN ('publish', 'private')
         AND EXISTS (
                SELECT 1 FROM wpgsm_woocommerce_order_itemmeta oim
                WHERE oim.meta_key = %s
                AND oim.meta_value = %s
                AND oim.order_item_id = p.ID
            ) AND EXISTS (
                SELECT 1 FROM wpgsm_woocommerce_order_itemmeta oim
                WHERE oim.meta_key = %s
                AND oim.meta_value = %s
                AND oim.order_item_id = p.ID
            )
[17-Sep-2024 16:29:46 UTC] Params: Array
(
    [0] => 1211
    [1] => attribute_pa_color
    [2] => violet
    [3] => attribute_pa_size
    [4] => 
)

[17-Sep-2024 16:29:46 UTC] Variations trouvées: Array
(
)

[17-Sep-2024 16:29:46 UTC] Création de la variation pour le produit ID: 1211
[17-Sep-2024 16:29:46 UTC] Création variation pour produit 1211 avec SKU MO1001a-21-4GB
[17-Sep-2024 16:29:46 UTC] Attributs: Array
(
    [pa_color] => violet
    [pa_size] => 
)

[17-Sep-2024 16:29:46 UTC] Stock: 
[17-Sep-2024 16:29:46 UTC] Prix: 
[17-Sep-2024 16:29:47 UTC] Variation créée avec succès pour produit 1211
[17-Sep-2024 16:29:47 UTC] Couleur attribuée: Fuchsia
[17-Sep-2024 16:29:47 UTC] Taille attribuée: 
[17-Sep-2024 16:29:47 UTC] Term color trouvé: oui
[17-Sep-2024 16:29:47 UTC] Term size trouvé: non
[17-Sep-2024 16:29:47 UTC] SKU: MO1001a-38-4GB
[17-Sep-2024 16:29:47 UTC] Requête SQL: 
            SELECT p.ID FROM wpgsm_posts p
            WHERE p.post_parent = %d 
            AND p.post_type = 'product_variation'
            AND p.post_status IN ('publish', 'private')
         AND EXISTS (
                SELECT 1 FROM wpgsm_woocommerce_order_itemmeta oim
                WHERE oim.meta_key = %s
                AND oim.meta_value = %s
                AND oim.order_item_id = p.ID
            ) AND EXISTS (
                SELECT 1 FROM wpgsm_woocommerce_order_itemmeta oim
                WHERE oim.meta_key = %s
                AND oim.meta_value = %s
                AND oim.order_item_id = p.ID
            )
[17-Sep-2024 16:29:47 UTC] Params: Array
(
    [0] => 1211
    [1] => attribute_pa_color
    [2] => fuchsia
    [3] => attribute_pa_size
    [4] => 
)

[17-Sep-2024 16:29:47 UTC] Variations trouvées: Array
(
)

[17-Sep-2024 16:29:47 UTC] Création de la variation pour le produit ID: 1211
[17-Sep-2024 16:29:47 UTC] Création variation pour produit 1211 avec SKU MO1001a-38-4GB
[17-Sep-2024 16:29:47 UTC] Attributs: Array
(
    [pa_color] => fuchsia
    [pa_size] => 
)

[17-Sep-2024 16:29:47 UTC] Stock: 
[17-Sep-2024 16:29:47 UTC] Prix: 
[17-Sep-2024 16:29:47 UTC] Variation créée avec succès pour produit 1211
[17-Sep-2024 16:29:47 UTC] Couleur attribuée: Bleu Royal
[17-Sep-2024 16:29:47 UTC] Taille attribuée: 
[17-Sep-2024 16:29:47 UTC] Term color trouvé: oui
[17-Sep-2024 16:29:47 UTC] Term size trouvé: non
[17-Sep-2024 16:29:47 UTC] SKU: MO1001a-37-4GB
[17-Sep-2024 16:29:47 UTC] Requête SQL: 
            SELECT p.ID FROM wpgsm_posts p
            WHERE p.post_parent = %d 
            AND p.post_type = 'product_variation'
            AND p.post_status IN ('publish', 'private')
         AND EXISTS (
                SELECT 1 FROM wpgsm_woocommerce_order_itemmeta oim
                WHERE oim.meta_key = %s
                AND oim.meta_value = %s
                AND oim.order_item_id = p.ID
            ) AND EXISTS (
                SELECT 1 FROM wpgsm_woocommerce_order_itemmeta oim
                WHERE oim.meta_key = %s
                AND oim.meta_value = %s
                AND oim.order_item_id = p.ID
            )
[17-Sep-2024 16:29:47 UTC] Params: Array
(
    [0] => 1211
    [1] => attribute_pa_color
    [2] => bleu-royal
    [3] => attribute_pa_size
    [4] => 
)

[17-Sep-2024 16:29:47 UTC] Variations trouvées: Array
(
)

[17-Sep-2024 16:29:47 UTC] Création de la variation pour le produit ID: 1211
[17-Sep-2024 16:29:47 UTC] Création variation pour produit 1211 avec SKU MO1001a-37-4GB
[17-Sep-2024 16:29:47 UTC] Attributs: Array
(
    [pa_color] => bleu-royal
    [pa_size] => 
)

[17-Sep-2024 16:29:47 UTC] Stock: 
[17-Sep-2024 16:29:47 UTC] Prix: 
[17-Sep-2024 16:29:48 UTC] Variation créée avec succès pour produit 1211
[17-Sep-2024 16:29:48 UTC] Couleur attribuée: Noir
[17-Sep-2024 16:29:48 UTC] Taille attribuée: 
[17-Sep-2024 16:29:48 UTC] Term color trouvé: oui
[17-Sep-2024 16:29:48 UTC] Term size trouvé: non
[17-Sep-2024 16:29:48 UTC] SKU: MO1001b-03-8G
[17-Sep-2024 16:29:48 UTC] Requête SQL: 
            SELECT p.ID FROM wpgsm_posts p
            WHERE p.post_parent = %d 
            AND p.post_type = 'product_variation'
            AND p.post_status IN ('publish', 'private')
         AND EXISTS (
                SELECT 1 FROM wpgsm_woocommerce_order_itemmeta oim
                WHERE oim.meta_key = %s
                AND oim.meta_value = %s
                AND oim.order_item_id = p.ID
            ) AND EXISTS (
                SELECT 1 FROM wpgsm_woocommerce_order_itemmeta oim
                WHERE oim.meta_key = %s
                AND oim.meta_value = %s
                AND oim.order_item_id = p.ID
            )
[17-Sep-2024 16:29:48 UTC] Params: Array
(
    [0] => 1212
    [1] => attribute_pa_color
    [2] => noir
    [3] => attribute_pa_size
    [4] => 
)

[17-Sep-2024 16:29:48 UTC] Variations trouvées: Array
(
)

[17-Sep-2024 16:29:48 UTC] Création de la variation pour le produit ID: 1212
[17-Sep-2024 16:29:48 UTC] Création variation pour produit 1212 avec SKU MO1001b-03-8G
[17-Sep-2024 16:29:48 UTC] Attributs: Array
(
    [pa_color] => noir
    [pa_size] => 
)

[17-Sep-2024 16:29:48 UTC] Stock: 
[17-Sep-2024 16:29:48 UTC] Prix: 
[17-Sep-2024 16:29:48 UTC] Variation créée avec succès pour produit 1212
[17-Sep-2024 16:29:49 UTC] Couleur attribuée: Bleu
[17-Sep-2024 16:29:49 UTC] Taille attribuée: 
[17-Sep-2024 16:29:49 UTC] Term color trouvé: oui
[17-Sep-2024 16:29:49 UTC] Term size trouvé: non
[17-Sep-2024 16:29:49 UTC] SKU: MO1001b-04-8G
[17-Sep-2024 16:29:49 UTC] Requête SQL: 
            SELECT p.ID FROM wpgsm_posts p
            WHERE p.post_parent = %d 
            AND p.post_type = 'product_variation'
            AND p.post_status IN ('publish', 'private')
         AND EXISTS (
                SELECT 1 FROM wpgsm_woocommerce_order_itemmeta oim
                WHERE oim.meta_key = %s
                AND oim.meta_value = %s
                AND oim.order_item_id = p.ID
            ) AND EXISTS (
                SELECT 1 FROM wpgsm_woocommerce_order_itemmeta oim
                WHERE oim.meta_key = %s
                AND oim.meta_value = %s
                AND oim.order_item_id = p.ID
            )
[17-Sep-2024 16:29:49 UTC] Params: Array
(
    [0] => 1212
    [1] => attribute_pa_color
    [2] => bleu
    [3] => attribute_pa_size
    [4] => 
)

[17-Sep-2024 16:29:49 UTC] Variations trouvées: Array
(
)

[17-Sep-2024 16:29:49 UTC] Création de la variation pour le produit ID: 1212
[17-Sep-2024 16:29:49 UTC] Création variation pour produit 1212 avec SKU MO1001b-04-8G
[17-Sep-2024 16:29:49 UTC] Attributs: Array
(
    [pa_color] => bleu
    [pa_size] => 
)

[17-Sep-2024 16:29:49 UTC] Stock: 
[17-Sep-2024 16:29:49 UTC] Prix: 
[17-Sep-2024 16:29:49 UTC] Variation créée avec succès pour produit 1212
[17-Sep-2024 16:29:49 UTC] Couleur attribuée: Rouge
[17-Sep-2024 16:29:49 UTC] Taille attribuée: 
[17-Sep-2024 16:29:49 UTC] Term color trouvé: oui
[17-Sep-2024 16:29:49 UTC] Term size trouvé: non
[17-Sep-2024 16:29:49 UTC] SKU: MO1001b-05-8G
[17-Sep-2024 16:29:49 UTC] Requête SQL: 
            SELECT p.ID FROM wpgsm_posts p
            WHERE p.post_parent = %d 
            AND p.post_type = 'product_variation'
            AND p.post_status IN ('publish', 'private')
         AND EXISTS (
                SELECT 1 FROM wpgsm_woocommerce_order_itemmeta oim
                WHERE oim.meta_key = %s
                AND oim.meta_value = %s
                AND oim.order_item_id = p.ID
            ) AND EXISTS (
                SELECT 1 FROM wpgsm_woocommerce_order_itemmeta oim
                WHERE oim.meta_key = %s
                AND oim.meta_value = %s
                AND oim.order_item_id = p.ID
            )
[17-Sep-2024 16:29:49 UTC] Params: Array
(
    [0] => 1212
    [1] => attribute_pa_color
    [2] => rouge
    [3] => attribute_pa_size
    [4] => 
)

[17-Sep-2024 16:29:49 UTC] Variations trouvées: Array
(
)

[17-Sep-2024 16:29:49 UTC] Création de la variation pour le produit ID: 1212
[17-Sep-2024 16:29:49 UTC] Création variation pour produit 1212 avec SKU MO1001b-05-8G
[17-Sep-2024 16:29:49 UTC] Attributs: Array
(
    [pa_color] => rouge
    [pa_size] => 
)

[17-Sep-2024 16:29:49 UTC] Stock: 
[17-Sep-2024 16:29:49 UTC] Prix: 
[17-Sep-2024 16:29:50 UTC] Variation créée avec succès pour produit 1212
[17-Sep-2024 16:29:50 UTC] Couleur attribuée: Lime
[17-Sep-2024 16:29:50 UTC] Taille attribuée: 
[17-Sep-2024 16:29:50 UTC] Term color trouvé: oui
[17-Sep-2024 16:29:50 UTC] Term size trouvé: non
[17-Sep-2024 16:29:50 UTC] SKU: MO1001b-48-8G
[17-Sep-2024 16:29:50 UTC] Requête SQL: 
            SELECT p.ID FROM wpgsm_posts p
            WHERE p.post_parent = %d 
            AND p.post_type = 'product_variation'
            AND p.post_status IN ('publish', 'private')
         AND EXISTS (
                SELECT 1 FROM wpgsm_woocommerce_order_itemmeta oim
                WHERE oim.meta_key = %s
                AND oim.meta_value = %s
                AND oim.order_item_id = p.ID
            ) AND EXISTS (
                SELECT 1 FROM wpgsm_woocommerce_order_itemmeta oim
                WHERE oim.meta_key = %s
                AND oim.meta_value = %s
                AND oim.order_item_id = p.ID
            )
[17-Sep-2024 16:29:50 UTC] Params: Array
(
    [0] => 1212
    [1] => attribute_pa_color
    [2] => lime
    [3] => attribute_pa_size
    [4] => 
)

[17-Sep-2024 16:29:50 UTC] Variations trouvées: Array
(
)

[17-Sep-2024 16:29:50 UTC] Création de la variation pour le produit ID: 1212
[17-Sep-2024 16:29:50 UTC] Création variation pour produit 1212 avec SKU MO1001b-48-8G
[17-Sep-2024 16:29:50 UTC] Attributs: Array
(
    [pa_color] => lime
    [pa_size] => 
)

[17-Sep-2024 16:29:50 UTC] Stock: 
[17-Sep-2024 16:29:50 UTC] Prix: 
[17-Sep-2024 16:29:50 UTC] Variation créée avec succès pour produit 1212
[17-Sep-2024 16:29:50 UTC] Couleur attribuée: Blanc
[17-Sep-2024 16:29:50 UTC] Taille attribuée: 
[17-Sep-2024 16:29:50 UTC] Term color trouvé: oui
[17-Sep-2024 16:29:50 UTC] Term size trouvé: non
[17-Sep-2024 16:29:50 UTC] SKU: MO1001b-06-8G
[17-Sep-2024 16:29:50 UTC] Requête SQL: 
            SELECT p.ID FROM wpgsm_posts p
            WHERE p.post_parent = %d 
            AND p.post_type = 'product_variation'
            AND p.post_status IN ('publish', 'private')
         AND EXISTS (
                SELECT 1 FROM wpgsm_woocommerce_order_itemmeta oim
                WHERE oim.meta_key = %s
                AND oim.meta_value = %s
                AND oim.order_item_id = p.ID
            ) AND EXISTS (
                SELECT 1 FROM wpgsm_woocommerce_order_itemmeta oim
                WHERE oim.meta_key = %s
                AND oim.meta_value = %s
                AND oim.order_item_id = p.ID
            )
[17-Sep-2024 16:29:50 UTC] Params: Array
(
    [0] => 1212
    [1] => attribute_pa_color
    [2] => blanc
    [3] => attribute_pa_size
    [4] => 
)

[17-Sep-2024 16:29:50 UTC] Variations trouvées: Array
(
)

[17-Sep-2024 16:29:50 UTC] Création de la variation pour le produit ID: 1212
[17-Sep-2024 16:29:50 UTC] Création variation pour produit 1212 avec SKU MO1001b-06-8G
[17-Sep-2024 16:29:50 UTC] Attributs: Array
(
    [pa_color] => blanc
    [pa_size] => 
)

[17-Sep-2024 16:29:50 UTC] Stock: 
[17-Sep-2024 16:29:50 UTC] Prix: 
[17-Sep-2024 16:29:51 UTC] Variation créée avec succès pour produit 1212
[17-Sep-2024 16:29:51 UTC] Couleur attribuée: Gris
[17-Sep-2024 16:29:51 UTC] Taille attribuée: 
[17-Sep-2024 16:29:51 UTC] Term color trouvé: oui
[17-Sep-2024 16:29:51 UTC] Term size trouvé: non
[17-Sep-2024 16:29:51 UTC] SKU: MO1001b-07-8G
[17-Sep-2024 16:29:51 UTC] Requête SQL: 
            SELECT p.ID FROM wpgsm_posts p
            WHERE p.post_parent = %d 
            AND p.post_type = 'product_variation'
            AND p.post_status IN ('publish', 'private')
         AND EXISTS (
                SELECT 1 FROM wpgsm_woocommerce_order_itemmeta oim
                WHERE oim.meta_key = %s
                AND oim.meta_value = %s
                AND oim.order_item_id = p.ID
            ) AND EXISTS (
                SELECT 1 FROM wpgsm_woocommerce_order_itemmeta oim
                WHERE oim.meta_key = %s
                AND oim.meta_value = %s
                AND oim.order_item_id = p.ID
            )
[17-Sep-2024 16:29:51 UTC] Params: Array
(
    [0] => 1212
    [1] => attribute_pa_color
    [2] => gris
    [3] => attribute_pa_size
    [4] => 
)

[17-Sep-2024 16:29:51 UTC] Variations trouvées: Array
(
)

[17-Sep-2024 16:29:51 UTC] Création de la variation pour le produit ID: 1212
[17-Sep-2024 16:29:51 UTC] Création variation pour produit 1212 avec SKU MO1001b-07-8G
[17-Sep-2024 16:29:51 UTC] Attributs: Array
(
    [pa_color] => gris
    [pa_size] => 
)

[17-Sep-2024 16:29:51 UTC] Stock: 
[17-Sep-2024 16:29:51 UTC] Prix: 
[17-Sep-2024 16:29:51 UTC] Variation créée avec succès pour produit 1212
[17-Sep-2024 16:29:51 UTC] Couleur attribuée: Jaune
[17-Sep-2024 16:29:51 UTC] Taille attribuée: 
[17-Sep-2024 16:29:51 UTC] Term color trouvé: oui
[17-Sep-2024 16:29:51 UTC] Term size trouvé: non
[17-Sep-2024 16:29:51 UTC] SKU: MO1001b-08-8G
[17-Sep-2024 16:29:51 UTC] Requête SQL: 
            SELECT p.ID FROM wpgsm_posts p
            WHERE p.post_parent = %d 
            AND p.post_type = 'product_variation'
            AND p.post_status IN ('publish', 'private')
         AND EXISTS (
                SELECT 1 FROM wpgsm_woocommerce_order_itemmeta oim
                WHERE oim.meta_key = %s
                AND oim.meta_value = %s
                AND oim.order_item_id = p.ID
            ) AND EXISTS (
                SELECT 1 FROM wpgsm_woocommerce_order_itemmeta oim
                WHERE oim.meta_key = %s
                AND oim.meta_value = %s
                AND oim.order_item_id = p.ID
            )
[17-Sep-2024 16:29:51 UTC] Params: Array
(
    [0] => 1212
    [1] => attribute_pa_color
    [2] => jaune
    [3] => attribute_pa_size
    [4] => 
)

[17-Sep-2024 16:29:51 UTC] Variations trouvées: Array
(
)

[17-Sep-2024 16:29:51 UTC] Création de la variation pour le produit ID: 1212
[17-Sep-2024 16:29:51 UTC] Création variation pour produit 1212 avec SKU MO1001b-08-8G
[17-Sep-2024 16:29:51 UTC] Attributs: Array
(
    [pa_color] => jaune
    [pa_size] => 
)

[17-Sep-2024 16:29:51 UTC] Stock: 
[17-Sep-2024 16:29:51 UTC] Prix: 
[17-Sep-2024 16:29:52 UTC] Variation créée avec succès pour produit 1212
[17-Sep-2024 16:29:52 UTC] Couleur attribuée: Orange
[17-Sep-2024 16:29:52 UTC] Taille attribuée: 
[17-Sep-2024 16:29:52 UTC] Term color trouvé: oui
[17-Sep-2024 16:29:52 UTC] Term size trouvé: non
[17-Sep-2024 16:29:52 UTC] SKU: MO1001b-10-8G
[17-Sep-2024 16:29:52 UTC] Requête SQL: 
            SELECT p.ID FROM wpgsm_posts p
            WHERE p.post_parent = %d 
            AND p.post_type = 'product_variation'
            AND p.post_status IN ('publish', 'private')
         AND EXISTS (
                SELECT 1 FROM wpgsm_woocommerce_order_itemmeta oim
                WHERE oim.meta_key = %s
                AND oim.meta_value = %s
                AND oim.order_item_id = p.ID
            ) AND EXISTS (
                SELECT 1 FROM wpgsm_woocommerce_order_itemmeta oim
                WHERE oim.meta_key = %s
                AND oim.meta_value = %s
                AND oim.order_item_id = p.ID
            )
[17-Sep-2024 16:29:52 UTC] Params: Array
(
    [0] => 1212
    [1] => attribute_pa_color
    [2] => orange
    [3] => attribute_pa_size
    [4] => 
)

[17-Sep-2024 16:29:52 UTC] Variations trouvées: Array
(
)

[17-Sep-2024 16:29:52 UTC] Création de la variation pour le produit ID: 1212
[17-Sep-2024 16:29:52 UTC] Création variation pour produit 1212 avec SKU MO1001b-10-8G
[17-Sep-2024 16:29:52 UTC] Attributs: Array
(
    [pa_color] => orange
    [pa_size] => 
)

[17-Sep-2024 16:29:52 UTC] Stock: 
[17-Sep-2024 16:29:52 UTC] Prix: 
[17-Sep-2024 16:29:53 UTC] Variation créée avec succès pour produit 1212
[17-Sep-2024 16:29:53 UTC] Couleur attribuée: Turquoise
[17-Sep-2024 16:29:53 UTC] Taille attribuée: 
[17-Sep-2024 16:29:53 UTC] Term color trouvé: oui
[17-Sep-2024 16:29:53 UTC] Term size trouvé: non
[17-Sep-2024 16:29:53 UTC] SKU: MO1001b-12-8G
[17-Sep-2024 16:29:53 UTC] Requête SQL: 
            SELECT p.ID FROM wpgsm_posts p
            WHERE p.post_parent = %d 
            AND p.post_type = 'product_variation'
            AND p.post_status IN ('publish', 'private')
         AND EXISTS (
                SELECT 1 FROM wpgsm_woocommerce_order_itemmeta oim
                WHERE oim.meta_key = %s
                AND oim.meta_value = %s
                AND oim.order_item_id = p.ID
            ) AND EXISTS (
                SELECT 1 FROM wpgsm_woocommerce_order_itemmeta oim
                WHERE oim.meta_key = %s
                AND oim.meta_value = %s
                AND oim.order_item_id = p.ID
            )
[17-Sep-2024 16:29:53 UTC] Params: Array
(
    [0] => 1212
    [1] => attribute_pa_color
    [2] => turquoise
    [3] => attribute_pa_size
    [4] => 
)

[17-Sep-2024 16:29:53 UTC] Variations trouvées: Array
(
)

[17-Sep-2024 16:29:53 UTC] Création de la variation pour le produit ID: 1212
[17-Sep-2024 16:29:53 UTC] Création variation pour produit 1212 avec SKU MO1001b-12-8G
[17-Sep-2024 16:29:53 UTC] Attributs: Array
(
    [pa_color] => turquoise
    [pa_size] => 
)

[17-Sep-2024 16:29:53 UTC] Stock: 
[17-Sep-2024 16:29:53 UTC] Prix: 
[17-Sep-2024 16:29:53 UTC] Variation créée avec succès pour produit 1212
[17-Sep-2024 16:29:53 UTC] Couleur attribuée: Violet
[17-Sep-2024 16:29:53 UTC] Taille attribuée: 
[17-Sep-2024 16:29:53 UTC] Term color trouvé: oui
[17-Sep-2024 16:29:53 UTC] Term size trouvé: non
[17-Sep-2024 16:29:53 UTC] SKU: MO1001b-21-8G
[17-Sep-2024 16:29:53 UTC] Requête SQL: 
            SELECT p.ID FROM wpgsm_posts p
            WHERE p.post_parent = %d 
            AND p.post_type = 'product_variation'
            AND p.post_status IN ('publish', 'private')
         AND EXISTS (
                SELECT 1 FROM wpgsm_woocommerce_order_itemmeta oim
                WHERE oim.meta_key = %s
                AND oim.meta_value = %s
                AND oim.order_item_id = p.ID
            ) AND EXISTS (
                SELECT 1 FROM wpgsm_woocommerce_order_itemmeta oim
                WHERE oim.meta_key = %s
                AND oim.meta_value = %s
                AND oim.order_item_id = p.ID
            )
[17-Sep-2024 16:29:53 UTC] Params: Array
(
    [0] => 1212
    [1] => attribute_pa_color
    [2] => violet
    [3] => attribute_pa_size
    [4] => 
)

[17-Sep-2024 16:29:53 UTC] Variations trouvées: Array
(
)

[17-Sep-2024 16:29:53 UTC] Création de la variation pour le produit ID: 1212
[17-Sep-2024 16:29:53 UTC] Création variation pour produit 1212 avec SKU MO1001b-21-8G
[17-Sep-2024 16:29:53 UTC] Attributs: Array
(
    [pa_color] => violet
    [pa_size] => 
)

[17-Sep-2024 16:29:53 UTC] Stock: 
[17-Sep-2024 16:29:53 UTC] Prix: 
[17-Sep-2024 16:29:54 UTC] Variation créée avec succès pour produit 1212
[17-Sep-2024 16:29:54 UTC] Couleur attribuée: Fuchsia
[17-Sep-2024 16:29:54 UTC] Taille attribuée: 
[17-Sep-2024 16:29:54 UTC] Term color trouvé: oui
[17-Sep-2024 16:29:54 UTC] Term size trouvé: non
[17-Sep-2024 16:29:54 UTC] SKU: MO1001b-38-8G
[17-Sep-2024 16:29:54 UTC] Requête SQL: 
            SELECT p.ID FROM wpgsm_posts p
            WHERE p.post_parent = %d 
            AND p.post_type = 'product_variation'
            AND p.post_status IN ('publish', 'private')
         AND EXISTS (
                SELECT 1 FROM wpgsm_woocommerce_order_itemmeta oim
                WHERE oim.meta_key = %s
                AND oim.meta_value = %s
                AND oim.order_item_id = p.ID
            ) AND EXISTS (
                SELECT 1 FROM wpgsm_woocommerce_order_itemmeta oim
                WHERE oim.meta_key = %s
                AND oim.meta_value = %s
                AND oim.order_item_id = p.ID
            )
[17-Sep-2024 16:29:54 UTC] Params: Array
(
    [0] => 1212
    [1] => attribute_pa_color
    [2] => fuchsia
    [3] => attribute_pa_size
    [4] => 
)

[17-Sep-2024 16:29:54 UTC] Variations trouvées: Array
(
)

[17-Sep-2024 16:29:54 UTC] Création de la variation pour le produit ID: 1212
[17-Sep-2024 16:29:54 UTC] Création variation pour produit 1212 avec SKU MO1001b-38-8G
[17-Sep-2024 16:29:54 UTC] Attributs: Array
(
    [pa_color] => fuchsia
    [pa_size] => 
)

[17-Sep-2024 16:29:54 UTC] Stock: 
[17-Sep-2024 16:29:54 UTC] Prix: 
[17-Sep-2024 16:29:54 UTC] Couleur attribuée: Argent Mat
[17-Sep-2024 16:29:54 UTC] Taille attribuée: 
[17-Sep-2024 16:29:54 UTC] Term color trouvé: oui
[17-Sep-2024 16:29:54 UTC] Term size trouvé: non
[17-Sep-2024 16:29:54 UTC] SKU: AR1249-16
[17-Sep-2024 16:29:54 UTC] Requête SQL: 
            SELECT p.ID FROM wpgsm_posts p
            WHERE p.post_parent = %d 
            AND p.post_type = 'product_variation'
            AND p.post_status IN ('publish', 'private')
         AND EXISTS (
                    SELECT 1 FROM wpgsm_woocommerce_order_itemmeta oim
                    WHERE oim.meta_key = %s
                    AND oim.meta_value = %s
                    AND oim.order_item_id = p.ID
                )
[17-Sep-2024 16:29:54 UTC] Params: Array
(
    [0] => 334
    [1] => attribute_pa_color
    [2] => argent-mat
)

[17-Sep-2024 16:29:54 UTC] Variations trouvées: Array
(
)

[17-Sep-2024 16:29:54 UTC] Création de la variation pour le produit ID: 334
[17-Sep-2024 16:29:54 UTC] Création variation pour produit 334 avec SKU AR1249-16
[17-Sep-2024 16:29:54 UTC] Attributs: Array
(
    [pa_color] => argent-mat
    [pa_size] => 
)

[17-Sep-2024 16:29:54 UTC] Stock: 2190
[17-Sep-2024 16:29:54 UTC] Prix: 3,85
[17-Sep-2024 16:29:54 UTC] Variation créée avec succès pour produit 334
[17-Sep-2024 16:29:54 UTC] Couleur attribuée: Argent Mat
[17-Sep-2024 16:29:54 UTC] Taille attribuée: 
[17-Sep-2024 16:29:54 UTC] Term color trouvé: oui
[17-Sep-2024 16:29:54 UTC] Term size trouvé: non
[17-Sep-2024 16:29:54 UTC] SKU: AR1253-16
[17-Sep-2024 16:29:54 UTC] Requête SQL: 
            SELECT p.ID FROM wpgsm_posts p
            WHERE p.post_parent = %d 
            AND p.post_type = 'product_variation'
            AND p.post_status IN ('publish', 'private')
         AND EXISTS (
                    SELECT 1 FROM wpgsm_woocommerce_order_itemmeta oim
                    WHERE oim.meta_key = %s
                    AND oim.meta_value = %s
                    AND oim.order_item_id = p.ID
                )
[17-Sep-2024 16:29:54 UTC] Params: Array
(
    [0] => 953
    [1] => attribute_pa_color
    [2] => argent-mat
)

[17-Sep-2024 16:29:54 UTC] Variations trouvées: Array
(
)

[17-Sep-2024 16:29:54 UTC] Création de la variation pour le produit ID: 953
[17-Sep-2024 16:29:54 UTC] Création variation pour produit 953 avec SKU AR1253-16
[17-Sep-2024 16:29:54 UTC] Attributs: Array
(
    [pa_color] => argent-mat
    [pa_size] => 
)

[17-Sep-2024 16:29:54 UTC] Stock: 6103
[17-Sep-2024 16:29:54 UTC] Prix: 3,55
[17-Sep-2024 16:29:55 UTC] Variation créée avec succès pour produit 953
[17-Sep-2024 16:29:55 UTC] Couleur attribuée: Marron
[17-Sep-2024 16:29:55 UTC] Taille attribuée: 
[17-Sep-2024 16:29:55 UTC] Term color trouvé: oui
[17-Sep-2024 16:29:55 UTC] Term size trouvé: non
[17-Sep-2024 16:29:55 UTC] SKU: AR1470-01
[17-Sep-2024 16:29:55 UTC] Requête SQL: 
            SELECT p.ID FROM wpgsm_posts p
            WHERE p.post_parent = %d 
            AND p.post_type = 'product_variation'
            AND p.post_status IN ('publish', 'private')
         AND EXISTS (
                    SELECT 1 FROM wpgsm_woocommerce_order_itemmeta oim
                    WHERE oim.meta_key = %s
                    AND oim.meta_value = %s
                    AND oim.order_item_id = p.ID
                )
[17-Sep-2024 16:29:55 UTC] Params: Array
(
    [0] => 954
    [1] => attribute_pa_color
    [2] => marron
)

[17-Sep-2024 16:29:55 UTC] Variations trouvées: Array
(
)

[17-Sep-2024 16:29:55 UTC] Création de la variation pour le produit ID: 954
[17-Sep-2024 16:29:55 UTC] Création variation pour produit 954 avec SKU AR1470-01
[17-Sep-2024 16:29:55 UTC] Attributs: Array
(
    [pa_color] => marron
    [pa_size] => 
)

[17-Sep-2024 16:29:55 UTC] Stock: 1372
[17-Sep-2024 16:29:55 UTC] Prix: 41,16
[17-Sep-2024 16:29:55 UTC] Variation créée avec succès pour produit 954
[17-Sep-2024 16:29:55 UTC] Couleur attribuée: Noir
[17-Sep-2024 16:29:55 UTC] Taille attribuée: 
[17-Sep-2024 16:29:55 UTC] Term color trouvé: oui
[17-Sep-2024 16:29:55 UTC] Term size trouvé: non
[17-Sep-2024 16:29:55 UTC] SKU: AR1589-03
[17-Sep-2024 16:29:55 UTC] Requête SQL: 
            SELECT p.ID FROM wpgsm_posts p
            WHERE p.post_parent = %d 
            AND p.post_type = 'product_variation'
            AND p.post_status IN ('publish', 'private')
         AND EXISTS (
                    SELECT 1 FROM wpgsm_woocommerce_order_itemmeta oim
                    WHERE oim.meta_key = %s
                    AND oim.meta_value = %s
                    AND oim.order_item_id = p.ID
                )
[17-Sep-2024 16:29:55 UTC] Params: Array
(
    [0] => 955
    [1] => attribute_pa_color
    [2] => noir
)

[17-Sep-2024 16:29:55 UTC] Variations trouvées: Array
(
)

[17-Sep-2024 16:29:55 UTC] Création de la variation pour le produit ID: 955
[17-Sep-2024 16:29:55 UTC] Création variation pour produit 955 avec SKU AR1589-03
[17-Sep-2024 16:29:55 UTC] Attributs: Array
(
    [pa_color] => noir
    [pa_size] => 
)

[17-Sep-2024 16:29:55 UTC] Stock: 10762
[17-Sep-2024 16:29:55 UTC] Prix: 1,41
[17-Sep-2024 16:29:55 UTC] Variation créée avec succès pour produit 955
[17-Sep-2024 16:29:55 UTC] Couleur attribuée: Noir
[17-Sep-2024 16:29:55 UTC] Taille attribuée: 
[17-Sep-2024 16:29:55 UTC] Term color trouvé: oui
[17-Sep-2024 16:29:55 UTC] Term size trouvé: non
[17-Sep-2024 16:29:55 UTC] SKU: AR1804-03
[17-Sep-2024 16:29:55 UTC] Requête SQL: 
            SELECT p.ID FROM wpgsm_posts p
            WHERE p.post_parent = %d 
            AND p.post_type = 'product_variation'
            AND p.post_status IN ('publish', 'private')
         AND EXISTS (
                    SELECT 1 FROM wpgsm_woocommerce_order_itemmeta oim
                    WHERE oim.meta_key = %s
                    AND oim.meta_value = %s
                    AND oim.order_item_id = p.ID
                )
[17-Sep-2024 16:29:55 UTC] Params: Array
(
    [0] => 956
    [1] => attribute_pa_color
    [2] => noir
)

[17-Sep-2024 16:29:55 UTC] Variations trouvées: Array
(
)

[17-Sep-2024 16:29:55 UTC] Création de la variation pour le produit ID: 956
[17-Sep-2024 16:29:55 UTC] Création variation pour produit 956 avec SKU AR1804-03
[17-Sep-2024 16:29:55 UTC] Attributs: Array
(
    [pa_color] => noir
    [pa_size] => 
)

[17-Sep-2024 16:29:55 UTC] Stock: 31882
[17-Sep-2024 16:29:55 UTC] Prix: 1,20
[17-Sep-2024 16:29:55 UTC] Variation créée avec succès pour produit 956
[17-Sep-2024 16:29:55 UTC] Couleur attribuée: Bleu
[17-Sep-2024 16:29:55 UTC] Taille attribuée: 
[17-Sep-2024 16:29:55 UTC] Term color trouvé: oui
[17-Sep-2024 16:29:55 UTC] Term size trouvé: non
[17-Sep-2024 16:29:55 UTC] SKU: AR1804-04
[17-Sep-2024 16:29:55 UTC] Requête SQL: 
            SELECT p.ID FROM wpgsm_posts p
            WHERE p.post_parent = %d 
            AND p.post_type = 'product_variation'
            AND p.post_status IN ('publish', 'private')
         AND EXISTS (
                    SELECT 1 FROM wpgsm_woocommerce_order_itemmeta oim
                    WHERE oim.meta_key = %s
                    AND oim.meta_value = %s
                    AND oim.order_item_id = p.ID
                )
[17-Sep-2024 16:29:55 UTC] Params: Array
(
    [0] => 956
    [1] => attribute_pa_color
    [2] => bleu
)

[17-Sep-2024 16:29:55 UTC] Variations trouvées: Array
(
)

[17-Sep-2024 16:29:55 UTC] Création de la variation pour le produit ID: 956
[17-Sep-2024 16:29:55 UTC] Création variation pour produit 956 avec SKU AR1804-04
[17-Sep-2024 16:29:55 UTC] Attributs: Array
(
    [pa_color] => bleu
    [pa_size] => 
)

[17-Sep-2024 16:29:55 UTC] Stock: 25285
[17-Sep-2024 16:29:55 UTC] Prix: 1,20
[17-Sep-2024 16:29:55 UTC] Variation créée avec succès pour produit 956
[17-Sep-2024 16:29:55 UTC] Couleur attribuée: Rouge
[17-Sep-2024 16:29:55 UTC] Taille attribuée: 
[17-Sep-2024 16:29:55 UTC] Term color trouvé: oui
[17-Sep-2024 16:29:55 UTC] Term size trouvé: non
[17-Sep-2024 16:29:55 UTC] SKU: AR1804-05
[17-Sep-2024 16:29:55 UTC] Requête SQL: 
            SELECT p.ID FROM wpgsm_posts p
            WHERE p.post_parent = %d 
            AND p.post_type = 'product_variation'
            AND p.post_status IN ('publish', 'private')
         AND EXISTS (
                    SELECT 1 FROM wpgsm_woocommerce_order_itemmeta oim
                    WHERE oim.meta_key = %s
                    AND oim.meta_value = %s
                    AND oim.order_item_id = p.ID
                )
[17-Sep-2024 16:29:55 UTC] Params: Array
(
    [0] => 956
    [1] => attribute_pa_color
    [2] => rouge
)

[17-Sep-2024 16:29:55 UTC] Variations trouvées: Array
(
)

[17-Sep-2024 16:29:55 UTC] Création de la variation pour le produit ID: 956
[17-Sep-2024 16:29:55 UTC] Création variation pour produit 956 avec SKU AR1804-05
[17-Sep-2024 16:29:55 UTC] Attributs: Array
(
    [pa_color] => rouge
    [pa_size] => 
)

[17-Sep-2024 16:29:55 UTC] Stock: 8391
[17-Sep-2024 16:29:55 UTC] Prix: 1,20
[17-Sep-2024 16:29:55 UTC] Variation créée avec succès pour produit 956
[17-Sep-2024 16:29:55 UTC] Couleur attribuée: Orange
[17-Sep-2024 16:29:55 UTC] Taille attribuée: 
[17-Sep-2024 16:29:55 UTC] Term color trouvé: oui
[17-Sep-2024 16:29:55 UTC] Term size trouvé: non
[17-Sep-2024 16:29:55 UTC] SKU: AR1804-10
[17-Sep-2024 16:29:55 UTC] Requête SQL: 
            SELECT p.ID FROM wpgsm_posts p
            WHERE p.post_parent = %d 
            AND p.post_type = 'product_variation'
            AND p.post_status IN ('publish', 'private')
         AND EXISTS (
                    SELECT 1 FROM wpgsm_woocommerce_order_itemmeta oim
                    WHERE oim.meta_key = %s
                    AND oim.meta_value = %s
                    AND oim.order_item_id = p.ID
                )
[17-Sep-2024 16:29:55 UTC] Params: Array
(
    [0] => 956
    [1] => attribute_pa_color
    [2] => orange
)

[17-Sep-2024 16:29:55 UTC] Variations trouvées: Array
(
)

[17-Sep-2024 16:29:55 UTC] Création de la variation pour le produit ID: 956
[17-Sep-2024 16:29:55 UTC] Création variation pour produit 956 avec SKU AR1804-10
[17-Sep-2024 16:29:55 UTC] Attributs: Array
(
    [pa_color] => orange
    [pa_size] => 
)

[17-Sep-2024 16:29:55 UTC] Stock: 9126
[17-Sep-2024 16:29:55 UTC] Prix: 1,20
[17-Sep-2024 16:29:55 UTC] Variation créée avec succès pour produit 956
[17-Sep-2024 16:29:55 UTC] Couleur attribuée: Lime
[17-Sep-2024 16:29:55 UTC] Taille attribuée: 
[17-Sep-2024 16:29:55 UTC] Term color trouvé: oui
[17-Sep-2024 16:29:55 UTC] Term size trouvé: non
[17-Sep-2024 16:29:55 UTC] SKU: AR1804-48
[17-Sep-2024 16:29:55 UTC] Requête SQL: 
            SELECT p.ID FROM wpgsm_posts p
            WHERE p.post_parent = %d 
            AND p.post_type = 'product_variation'
            AND p.post_status IN ('publish', 'private')
         AND EXISTS (
                    SELECT 1 FROM wpgsm_woocommerce_order_itemmeta oim
                    WHERE oim.meta_key = %s
                    AND oim.meta_value = %s
                    AND oim.order_item_id = p.ID
                )
[17-Sep-2024 16:29:55 UTC] Params: Array
(
    [0] => 956
    [1] => attribute_pa_color
    [2] => lime
)

[17-Sep-2024 16:29:55 UTC] Variations trouvées: Array
(
)

[17-Sep-2024 16:29:55 UTC] Création de la variation pour le produit ID: 956
[17-Sep-2024 16:29:55 UTC] Création variation pour produit 956 avec SKU AR1804-48
[17-Sep-2024 16:29:55 UTC] Attributs: Array
(
    [pa_color] => lime
    [pa_size] => 
)

[17-Sep-2024 16:29:55 UTC] Stock: 7292
[17-Sep-2024 16:29:55 UTC] Prix: 1,20
[17-Sep-2024 16:29:55 UTC] Variation créée avec succès pour produit 956
[17-Sep-2024 16:29:55 UTC] Couleur attribuée: Blanc
[17-Sep-2024 16:29:55 UTC] Taille attribuée: 
[17-Sep-2024 16:29:55 UTC] Term color trouvé: oui
[17-Sep-2024 16:29:55 UTC] Term size trouvé: non
[17-Sep-2024 16:29:55 UTC] SKU: AR1804-06
[17-Sep-2024 16:29:55 UTC] Requête SQL: 
            SELECT p.ID FROM wpgsm_posts p
            WHERE p.post_parent = %d 
            AND p.post_type = 'product_variation'
            AND p.post_status IN ('publish', 'private')
         AND EXISTS (
                    SELECT 1 FROM wpgsm_woocommerce_order_itemmeta oim
                    WHERE oim.meta_key = %s
                    AND oim.meta_value = %s
                    AND oim.order_item_id = p.ID
                )
[17-Sep-2024 16:29:55 UTC] Params: Array
(
    [0] => 956
    [1] => attribute_pa_color
    [2] => blanc
)

[17-Sep-2024 16:29:55 UTC] Variations trouvées: Array
(
)

[17-Sep-2024 16:29:55 UTC] Création de la variation pour le produit ID: 956
[17-Sep-2024 16:29:55 UTC] Création variation pour produit 956 avec SKU AR1804-06
[17-Sep-2024 16:29:55 UTC] Attributs: Array
(
    [pa_color] => blanc
    [pa_size] => 
)

[17-Sep-2024 16:29:55 UTC] Stock: 25
[17-Sep-2024 16:29:55 UTC] Prix: 1,20
[17-Sep-2024 16:29:55 UTC] Variation créée avec succès pour produit 956
[17-Sep-2024 16:29:55 UTC] Couleur attribuée: Turquoise
[17-Sep-2024 16:29:55 UTC] Taille attribuée: 
[17-Sep-2024 16:29:55 UTC] Term color trouvé: oui
[17-Sep-2024 16:29:55 UTC] Term size trouvé: non
[17-Sep-2024 16:29:55 UTC] SKU: AR1804-12
[17-Sep-2024 16:29:55 UTC] Requête SQL: 
            SELECT p.ID FROM wpgsm_posts p
            WHERE p.post_parent = %d 
            AND p.post_type = 'product_variation'
            AND p.post_status IN ('publish', 'private')
         AND EXISTS (
                    SELECT 1 FROM wpgsm_woocommerce_order_itemmeta oim
                    WHERE oim.meta_key = %s
                    AND oim.meta_value = %s
                    AND oim.order_item_id = p.ID
                )
[17-Sep-2024 16:29:55 UTC] Params: Array
(
    [0] => 956
    [1] => attribute_pa_color
    [2] => turquoise
)

[17-Sep-2024 16:29:55 UTC] Variations trouvées: Array
(
)

[17-Sep-2024 16:29:55 UTC] Création de la variation pour le produit ID: 956
[17-Sep-2024 16:29:55 UTC] Création variation pour produit 956 avec SKU AR1804-12
[17-Sep-2024 16:29:55 UTC] Attributs: Array
(
    [pa_color] => turquoise
    [pa_size] => 
)

[17-Sep-2024 16:29:55 UTC] Stock: 951
[17-Sep-2024 16:29:55 UTC] Prix: 1,20
[17-Sep-2024 16:29:55 UTC] Variation créée avec succès pour produit 956
[17-Sep-2024 16:29:55 UTC] Couleur attribuée: Bleu Royal
[17-Sep-2024 16:29:55 UTC] Taille attribuée: 
[17-Sep-2024 16:29:55 UTC] Term color trouvé: oui
[17-Sep-2024 16:29:55 UTC] Term size trouvé: non
[17-Sep-2024 16:29:55 UTC] SKU: AR1804-37
[17-Sep-2024 16:29:55 UTC] Requête SQL: 
            SELECT p.ID FROM wpgsm_posts p
            WHERE p.post_parent = %d 
            AND p.post_type = 'product_variation'
            AND p.post_status IN ('publish', 'private')
         AND EXISTS (
                    SELECT 1 FROM wpgsm_woocommerce_order_itemmeta oim
                    WHERE oim.meta_key = %s
                    AND oim.meta_value = %s
                    AND oim.order_item_id = p.ID
                )
[17-Sep-2024 16:29:55 UTC] Params: Array
(
    [0] => 956
    [1] => attribute_pa_color
    [2] => bleu-royal
)

[17-Sep-2024 16:29:55 UTC] Variations trouvées: Array
(
)

[17-Sep-2024 16:29:55 UTC] Création de la variation pour le produit ID: 956
[17-Sep-2024 16:29:55 UTC] Création variation pour produit 956 avec SKU AR1804-37
[17-Sep-2024 16:29:55 UTC] Attributs: Array
(
    [pa_color] => bleu-royal
    [pa_size] => 
)

[17-Sep-2024 16:29:55 UTC] Stock: 2160
[17-Sep-2024 16:29:55 UTC] Prix: 1,20
[17-Sep-2024 16:29:56 UTC] Variation créée avec succès pour produit 956
[17-Sep-2024 16:29:56 UTC] Couleur attribuée: Argent Mat
[17-Sep-2024 16:29:56 UTC] Taille attribuée: 
[17-Sep-2024 16:29:56 UTC] Term color trouvé: oui
[17-Sep-2024 16:29:56 UTC] Term size trouvé: non
[17-Sep-2024 16:29:56 UTC] SKU: AR1810-16
[17-Sep-2024 16:29:56 UTC] Requête SQL: 
            SELECT p.ID FROM wpgsm_posts p
            WHERE p.post_parent = %d 
            AND p.post_type = 'product_variation'
            AND p.post_status IN ('publish', 'private')
         AND EXISTS (
                    SELECT 1 FROM wpgsm_woocommerce_order_itemmeta oim
                    WHERE oim.meta_key = %s
                    AND oim.meta_value = %s
                    AND oim.order_item_id = p.ID
                )
[17-Sep-2024 16:29:56 UTC] Params: Array
(
    [0] => 957
    [1] => attribute_pa_color
    [2] => argent-mat
)

[17-Sep-2024 16:29:56 UTC] Variations trouvées: Array
(
)

[17-Sep-2024 16:29:56 UTC] Création de la variation pour le produit ID: 957
[17-Sep-2024 16:29:56 UTC] Création variation pour produit 957 avec SKU AR1810-16
[17-Sep-2024 16:29:56 UTC] Attributs: Array
(
    [pa_color] => argent-mat
    [pa_size] => 
)

[17-Sep-2024 16:29:56 UTC] Stock: 34
[17-Sep-2024 16:29:56 UTC] Prix: 7,66
[17-Sep-2024 16:29:56 UTC] Variation créée avec succès pour produit 1212
[17-Sep-2024 16:29:56 UTC] Variation créée avec succès pour produit 957
[17-Sep-2024 16:29:56 UTC] Couleur attribuée: Bleu Royal
[17-Sep-2024 16:29:56 UTC] Taille attribuée: 
[17-Sep-2024 16:29:56 UTC] Term color trouvé: oui
[17-Sep-2024 16:29:56 UTC] Term size trouvé: non
[17-Sep-2024 16:29:56 UTC] SKU: MO1001b-37-8G
[17-Sep-2024 16:29:56 UTC] Requête SQL: 
            SELECT p.ID FROM wpgsm_posts p
            WHERE p.post_parent = %d 
            AND p.post_type = 'product_variation'
            AND p.post_status IN ('publish', 'private')
         AND EXISTS (
                SELECT 1 FROM wpgsm_woocommerce_order_itemmeta oim
                WHERE oim.meta_key = %s
                AND oim.meta_value = %s
                AND oim.order_item_id = p.ID
            ) AND EXISTS (
                SELECT 1 FROM wpgsm_woocommerce_order_itemmeta oim
                WHERE oim.meta_key = %s
                AND oim.meta_value = %s
                AND oim.order_item_id = p.ID
            )
[17-Sep-2024 16:29:56 UTC] Params: Array
(
    [0] => 1212
    [1] => attribute_pa_color
    [2] => bleu-royal
    [3] => attribute_pa_size
    [4] => 
)

[17-Sep-2024 16:29:56 UTC] Variations trouvées: Array
(
)

[17-Sep-2024 16:29:56 UTC] Création de la variation pour le produit ID: 1212
[17-Sep-2024 16:29:56 UTC] Création variation pour produit 1212 avec SKU MO1001b-37-8G
[17-Sep-2024 16:29:56 UTC] Attributs: Array
(
    [pa_color] => bleu-royal
    [pa_size] => 
)

[17-Sep-2024 16:29:56 UTC] Stock: 
[17-Sep-2024 16:29:56 UTC] Prix: 
[17-Sep-2024 16:29:56 UTC] Couleur attribuée: Rouge
[17-Sep-2024 16:29:56 UTC] Taille attribuée: 
[17-Sep-2024 16:29:56 UTC] Term color trouvé: oui
[17-Sep-2024 16:29:56 UTC] Term size trouvé: non
[17-Sep-2024 16:29:56 UTC] SKU: CX1013-05
[17-Sep-2024 16:29:56 UTC] Requête SQL: 
            SELECT p.ID FROM wpgsm_posts p
            WHERE p.post_parent = %d 
            AND p.post_type = 'product_variation'
            AND p.post_status IN ('publish', 'private')
         AND EXISTS (
                    SELECT 1 FROM wpgsm_woocommerce_order_itemmeta oim
                    WHERE oim.meta_key = %s
                    AND oim.meta_value = %s
                    AND oim.order_item_id = p.ID
                )
[17-Sep-2024 16:29:56 UTC] Params: Array
(
    [0] => 958
    [1] => attribute_pa_color
    [2] => rouge
)

[17-Sep-2024 16:29:56 UTC] Variations trouvées: Array
(
)

[17-Sep-2024 16:29:56 UTC] Création de la variation pour le produit ID: 958
[17-Sep-2024 16:29:56 UTC] Création variation pour produit 958 avec SKU CX1013-05
[17-Sep-2024 16:29:56 UTC] Attributs: Array
(
    [pa_color] => rouge
    [pa_size] => 
)

[17-Sep-2024 16:29:56 UTC] Stock: 4736
[17-Sep-2024 16:29:56 UTC] Prix: 0,35
[17-Sep-2024 16:29:56 UTC] Variation créée avec succès pour produit 958
[17-Sep-2024 16:29:56 UTC] Couleur attribuée: Rouge
[17-Sep-2024 16:29:56 UTC] Taille attribuée: 
[17-Sep-2024 16:29:56 UTC] Term color trouvé: oui
[17-Sep-2024 16:29:56 UTC] Term size trouvé: non
[17-Sep-2024 16:29:56 UTC] SKU: CX1015-05
[17-Sep-2024 16:29:56 UTC] Requête SQL: 
            SELECT p.ID FROM wpgsm_posts p
            WHERE p.post_parent = %d 
            AND p.post_type = 'product_variation'
            AND p.post_status IN ('publish', 'private')
         AND EXISTS (
                    SELECT 1 FROM wpgsm_woocommerce_order_itemmeta oim
                    WHERE oim.meta_key = %s
                    AND oim.meta_value = %s
                    AND oim.order_item_id = p.ID
                )
[17-Sep-2024 16:29:56 UTC] Params: Array
(
    [0] => 959
    [1] => attribute_pa_color
    [2] => rouge
)

[17-Sep-2024 16:29:56 UTC] Variations trouvées: Array
(
)

[17-Sep-2024 16:29:56 UTC] Création de la variation pour le produit ID: 959
[17-Sep-2024 16:29:56 UTC] Création variation pour produit 959 avec SKU CX1015-05
[17-Sep-2024 16:29:56 UTC] Attributs: Array
(
    [pa_color] => rouge
    [pa_size] => 
)

[17-Sep-2024 16:29:56 UTC] Stock: 97326
[17-Sep-2024 16:29:56 UTC] Prix: 0,25
[17-Sep-2024 16:29:56 UTC] Variation créée avec succès pour produit 959
[17-Sep-2024 16:29:56 UTC] Couleur attribuée: Vert
[17-Sep-2024 16:29:56 UTC] Taille attribuée: 
[17-Sep-2024 16:29:56 UTC] Term color trouvé: oui
[17-Sep-2024 16:29:56 UTC] Term size trouvé: non
[17-Sep-2024 16:29:56 UTC] SKU: CX1278-09
[17-Sep-2024 16:29:56 UTC] Requête SQL: 
            SELECT p.ID FROM wpgsm_posts p
            WHERE p.post_parent = %d 
            AND p.post_type = 'product_variation'
            AND p.post_status IN ('publish', 'private')
         AND EXISTS (
                    SELECT 1 FROM wpgsm_woocommerce_order_itemmeta oim
                    WHERE oim.meta_key = %s
                    AND oim.meta_value = %s
                    AND oim.order_item_id = p.ID
                )
[17-Sep-2024 16:29:56 UTC] Params: Array
(
    [0] => 960
    [1] => attribute_pa_color
    [2] => vert
)

[17-Sep-2024 16:29:56 UTC] Variations trouvées: Array
(
)

[17-Sep-2024 16:29:56 UTC] Création de la variation pour le produit ID: 960
[17-Sep-2024 16:29:56 UTC] Création variation pour produit 960 avec SKU CX1278-09
[17-Sep-2024 16:29:56 UTC] Attributs: Array
(
    [pa_color] => vert
    [pa_size] => 
)

[17-Sep-2024 16:29:56 UTC] Stock: 8573
[17-Sep-2024 16:29:56 UTC] Prix: 2,60
[17-Sep-2024 16:29:56 UTC] Variation créée avec succès pour produit 960
[17-Sep-2024 16:29:56 UTC] Couleur attribuée: Multicolore
[17-Sep-2024 16:29:56 UTC] Taille attribuée: 
[17-Sep-2024 16:29:56 UTC] Term color trouvé: oui
[17-Sep-2024 16:29:56 UTC] Term size trouvé: non
[17-Sep-2024 16:29:56 UTC] SKU: CX1304-99
[17-Sep-2024 16:29:56 UTC] Requête SQL: 
            SELECT p.ID FROM wpgsm_posts p
            WHERE p.post_parent = %d 
            AND p.post_type = 'product_variation'
            AND p.post_status IN ('publish', 'private')
         AND EXISTS (
                    SELECT 1 FROM wpgsm_woocommerce_order_itemmeta oim
                    WHERE oim.meta_key = %s
                    AND oim.meta_value = %s
                    AND oim.order_item_id = p.ID
                )
[17-Sep-2024 16:29:56 UTC] Params: Array
(
    [0] => 961
    [1] => attribute_pa_color
    [2] => multicolore
)

[17-Sep-2024 16:29:56 UTC] Variations trouvées: Array
(
)

[17-Sep-2024 16:29:56 UTC] Création de la variation pour le produit ID: 961
[17-Sep-2024 16:29:56 UTC] Création variation pour produit 961 avec SKU CX1304-99
[17-Sep-2024 16:29:56 UTC] Attributs: Array
(
    [pa_color] => multicolore
    [pa_size] => 
)

[17-Sep-2024 16:29:56 UTC] Stock: 9971
[17-Sep-2024 16:29:56 UTC] Prix: 2,55
[17-Sep-2024 16:29:56 UTC] Variation créée avec succès pour produit 961
[17-Sep-2024 16:29:56 UTC] Couleur attribuée: Rouge
[17-Sep-2024 16:29:56 UTC] Taille attribuée: 
[17-Sep-2024 16:29:56 UTC] Term color trouvé: oui
[17-Sep-2024 16:29:56 UTC] Term size trouvé: non
[17-Sep-2024 16:29:56 UTC] SKU: CX1335-05
[17-Sep-2024 16:29:56 UTC] Requête SQL: 
            SELECT p.ID FROM wpgsm_posts p
            WHERE p.post_parent = %d 
            AND p.post_type = 'product_variation'
            AND p.post_status IN ('publish', 'private')
         AND EXISTS (
                    SELECT 1 FROM wpgsm_woocommerce_order_itemmeta oim
                    WHERE oim.meta_key = %s
                    AND oim.meta_value = %s
                    AND oim.order_item_id = p.ID
                )
[17-Sep-2024 16:29:56 UTC] Params: Array
(
    [0] => 962
    [1] => attribute_pa_color
    [2] => rouge
)

[17-Sep-2024 16:29:56 UTC] Variations trouvées: Array
(
)

[17-Sep-2024 16:29:56 UTC] Création de la variation pour le produit ID: 962
[17-Sep-2024 16:29:56 UTC] Création variation pour produit 962 avec SKU CX1335-05
[17-Sep-2024 16:29:56 UTC] Attributs: Array
(
    [pa_color] => rouge
    [pa_size] => 
)

[17-Sep-2024 16:29:56 UTC] Stock: 56177
[17-Sep-2024 16:29:56 UTC] Prix: 0,42
[17-Sep-2024 16:29:56 UTC] Variation créée avec succès pour produit 962
[17-Sep-2024 16:29:56 UTC] Couleur attribuée: Multicolore
[17-Sep-2024 16:29:56 UTC] Taille attribuée: 
[17-Sep-2024 16:29:56 UTC] Term color trouvé: oui
[17-Sep-2024 16:29:56 UTC] Term size trouvé: non
[17-Sep-2024 16:29:56 UTC] SKU: CX1349-99
[17-Sep-2024 16:29:56 UTC] Requête SQL: 
            SELECT p.ID FROM wpgsm_posts p
            WHERE p.post_parent = %d 
            AND p.post_type = 'product_variation'
            AND p.post_status IN ('publish', 'private')
         AND EXISTS (
                    SELECT 1 FROM wpgsm_woocommerce_order_itemmeta oim
                    WHERE oim.meta_key = %s
                    AND oim.meta_value = %s
                    AND oim.order_item_id = p.ID
                )
[17-Sep-2024 16:29:56 UTC] Params: Array
(
    [0] => 963
    [1] => attribute_pa_color
    [2] => multicolore
)

[17-Sep-2024 16:29:56 UTC] Variations trouvées: Array
(
)

[17-Sep-2024 16:29:56 UTC] Création de la variation pour le produit ID: 963
[17-Sep-2024 16:29:56 UTC] Création variation pour produit 963 avec SKU CX1349-99
[17-Sep-2024 16:29:56 UTC] Attributs: Array
(
    [pa_color] => multicolore
    [pa_size] => 
)

[17-Sep-2024 16:29:56 UTC] Stock: 31536
[17-Sep-2024 16:29:56 UTC] Prix: 0,95
[17-Sep-2024 16:29:56 UTC] Variation créée avec succès pour produit 1212
[17-Sep-2024 16:29:56 UTC] Couleur attribuée: Noir
[17-Sep-2024 16:29:56 UTC] Taille attribuée: 
[17-Sep-2024 16:29:56 UTC] Term color trouvé: oui
[17-Sep-2024 16:29:56 UTC] Term size trouvé: non
[17-Sep-2024 16:29:56 UTC] SKU: MO1001c-03-16G
[17-Sep-2024 16:29:56 UTC] Requête SQL: 
            SELECT p.ID FROM wpgsm_posts p
            WHERE p.post_parent = %d 
            AND p.post_type = 'product_variation'
            AND p.post_status IN ('publish', 'private')
         AND EXISTS (
                SELECT 1 FROM wpgsm_woocommerce_order_itemmeta oim
                WHERE oim.meta_key = %s
                AND oim.meta_value = %s
                AND oim.order_item_id = p.ID
            ) AND EXISTS (
                SELECT 1 FROM wpgsm_woocommerce_order_itemmeta oim
                WHERE oim.meta_key = %s
                AND oim.meta_value = %s
                AND oim.order_item_id = p.ID
            )
[17-Sep-2024 16:29:56 UTC] Params: Array
(
    [0] => 1213
    [1] => attribute_pa_color
    [2] => noir
    [3] => attribute_pa_size
    [4] => 
)

[17-Sep-2024 16:29:56 UTC] Variations trouvées: Array
(
)

[17-Sep-2024 16:29:56 UTC] Création de la variation pour le produit ID: 1213
[17-Sep-2024 16:29:56 UTC] Création variation pour produit 1213 avec SKU MO1001c-03-16G
[17-Sep-2024 16:29:56 UTC] Attributs: Array
(
    [pa_color] => noir
    [pa_size] => 
)

[17-Sep-2024 16:29:56 UTC] Stock: 
[17-Sep-2024 16:29:56 UTC] Prix: 
[17-Sep-2024 16:29:56 UTC] Variation créée avec succès pour produit 963
[17-Sep-2024 16:29:56 UTC] Couleur attribuée: Rouge
[17-Sep-2024 16:29:56 UTC] Taille attribuée: 
[17-Sep-2024 16:29:56 UTC] Term color trouvé: oui
[17-Sep-2024 16:29:56 UTC] Term size trouvé: non
[17-Sep-2024 16:29:56 UTC] SKU: CX1360-05
[17-Sep-2024 16:29:56 UTC] Requête SQL: 
            SELECT p.ID FROM wpgsm_posts p
            WHERE p.post_parent = %d 
            AND p.post_type = 'product_variation'
            AND p.post_status IN ('publish', 'private')
         AND EXISTS (
                    SELECT 1 FROM wpgsm_woocommerce_order_itemmeta oim
                    WHERE oim.meta_key = %s
                    AND oim.meta_value = %s
                    AND oim.order_item_id = p.ID
                )
[17-Sep-2024 16:29:56 UTC] Params: Array
(
    [0] => 964
    [1] => attribute_pa_color
    [2] => rouge
)

[17-Sep-2024 16:29:56 UTC] Variations trouvées: Array
(
)

[17-Sep-2024 16:29:56 UTC] Création de la variation pour le produit ID: 964
[17-Sep-2024 16:29:56 UTC] Création variation pour produit 964 avec SKU CX1360-05
[17-Sep-2024 16:29:56 UTC] Attributs: Array
(
    [pa_color] => rouge
    [pa_size] => 
)

[17-Sep-2024 16:29:56 UTC] Stock: 9949
[17-Sep-2024 16:29:56 UTC] Prix: 3,08
[17-Sep-2024 16:29:56 UTC] Variation créée avec succès pour produit 964
[17-Sep-2024 16:29:56 UTC] Couleur attribuée: Blanc
[17-Sep-2024 16:29:56 UTC] Taille attribuée: 
[17-Sep-2024 16:29:56 UTC] Term color trouvé: oui
[17-Sep-2024 16:29:56 UTC] Term size trouvé: non
[17-Sep-2024 16:29:56 UTC] SKU: CX1361-06
[17-Sep-2024 16:29:56 UTC] Requête SQL: 
            SELECT p.ID FROM wpgsm_posts p
            WHERE p.post_parent = %d 
            AND p.post_type = 'product_variation'
            AND p.post_status IN ('publish', 'private')
         AND EXISTS (
                    SELECT 1 FROM wpgsm_woocommerce_order_itemmeta oim
                    WHERE oim.meta_key = %s
                    AND oim.meta_value = %s
                    AND oim.order_item_id = p.ID
                )
[17-Sep-2024 16:29:56 UTC] Params: Array
(
    [0] => 965
    [1] => attribute_pa_color
    [2] => blanc
)

[17-Sep-2024 16:29:56 UTC] Variations trouvées: Array
(
)

[17-Sep-2024 16:29:56 UTC] Création de la variation pour le produit ID: 965
[17-Sep-2024 16:29:56 UTC] Création variation pour produit 965 avec SKU CX1361-06
[17-Sep-2024 16:29:56 UTC] Attributs: Array
(
    [pa_color] => blanc
    [pa_size] => 
)

[17-Sep-2024 16:29:56 UTC] Stock: 14229
[17-Sep-2024 16:29:56 UTC] Prix: 1,36
[17-Sep-2024 16:29:57 UTC] Variation créée avec succès pour produit 965
[17-Sep-2024 16:29:57 UTC] Couleur attribuée: Blanc
[17-Sep-2024 16:29:57 UTC] Taille attribuée: 
[17-Sep-2024 16:29:57 UTC] Term color trouvé: oui
[17-Sep-2024 16:29:57 UTC] Term size trouvé: non
[17-Sep-2024 16:29:57 UTC] SKU: CX1362-06
[17-Sep-2024 16:29:57 UTC] Requête SQL: 
            SELECT p.ID FROM wpgsm_posts p
            WHERE p.post_parent = %d 
            AND p.post_type = 'product_variation'
            AND p.post_status IN ('publish', 'private')
         AND EXISTS (
                    SELECT 1 FROM wpgsm_woocommerce_order_itemmeta oim
                    WHERE oim.meta_key = %s
                    AND oim.meta_value = %s
                    AND oim.order_item_id = p.ID
                )
[17-Sep-2024 16:29:57 UTC] Params: Array
(
    [0] => 966
    [1] => attribute_pa_color
    [2] => blanc
)

[17-Sep-2024 16:29:57 UTC] Variations trouvées: Array
(
)

[17-Sep-2024 16:29:57 UTC] Création de la variation pour le produit ID: 966
[17-Sep-2024 16:29:57 UTC] Création variation pour produit 966 avec SKU CX1362-06
[17-Sep-2024 16:29:57 UTC] Attributs: Array
(
    [pa_color] => blanc
    [pa_size] => 
)

[17-Sep-2024 16:29:57 UTC] Stock: 9753
[17-Sep-2024 16:29:57 UTC] Prix: 1,36
[17-Sep-2024 16:29:57 UTC] Variation créée avec succès pour produit 966
[17-Sep-2024 16:29:57 UTC] Couleur attribuée: Argent Mat
[17-Sep-2024 16:29:57 UTC] Taille attribuée: 
[17-Sep-2024 16:29:57 UTC] Term color trouvé: oui
[17-Sep-2024 16:29:57 UTC] Term size trouvé: non
[17-Sep-2024 16:29:57 UTC] SKU: CX1370-16
[17-Sep-2024 16:29:57 UTC] Requête SQL: 
            SELECT p.ID FROM wpgsm_posts p
            WHERE p.post_parent = %d 
            AND p.post_type = 'product_variation'
            AND p.post_status IN ('publish', 'private')
         AND EXISTS (
                    SELECT 1 FROM wpgsm_woocommerce_order_itemmeta oim
                    WHERE oim.meta_key = %s
                    AND oim.meta_value = %s
                    AND oim.order_item_id = p.ID
                )
[17-Sep-2024 16:29:57 UTC] Params: Array
(
    [0] => 967
    [1] => attribute_pa_color
    [2] => argent-mat
)

[17-Sep-2024 16:29:57 UTC] Variations trouvées: Array
(
)

[17-Sep-2024 16:29:57 UTC] Création de la variation pour le produit ID: 967
[17-Sep-2024 16:29:57 UTC] Création variation pour produit 967 avec SKU CX1370-16
[17-Sep-2024 16:29:57 UTC] Attributs: Array
(
    [pa_color] => argent-mat
    [pa_size] => 
)

[17-Sep-2024 16:29:57 UTC] Stock: 38231
[17-Sep-2024 16:29:57 UTC] Prix: 0,73
[17-Sep-2024 16:29:57 UTC] Variation créée avec succès pour produit 967
[17-Sep-2024 16:29:57 UTC] Couleur attribuée: Bois
[17-Sep-2024 16:29:57 UTC] Taille attribuée: 
[17-Sep-2024 16:29:57 UTC] Term color trouvé: oui
[17-Sep-2024 16:29:57 UTC] Term size trouvé: non
[17-Sep-2024 16:29:57 UTC] SKU: CX1373-40
[17-Sep-2024 16:29:57 UTC] Requête SQL: 
            SELECT p.ID FROM wpgsm_posts p
            WHERE p.post_parent = %d 
            AND p.post_type = 'product_variation'
            AND p.post_status IN ('publish', 'private')
         AND EXISTS (
                    SELECT 1 FROM wpgsm_woocommerce_order_itemmeta oim
                    WHERE oim.meta_key = %s
                    AND oim.meta_value = %s
                    AND oim.order_item_id = p.ID
                )
[17-Sep-2024 16:29:57 UTC] Params: Array
(
    [0] => 968
    [1] => attribute_pa_color
    [2] => bois
)

[17-Sep-2024 16:29:57 UTC] Variations trouvées: Array
(
)

[17-Sep-2024 16:29:57 UTC] Création de la variation pour le produit ID: 968
[17-Sep-2024 16:29:57 UTC] Création variation pour produit 968 avec SKU CX1373-40
[17-Sep-2024 16:29:57 UTC] Attributs: Array
(
    [pa_color] => bois
    [pa_size] => 
)

[17-Sep-2024 16:29:57 UTC] Stock: 31946
[17-Sep-2024 16:29:57 UTC] Prix: 0,32
[17-Sep-2024 16:29:57 UTC] Variation créée avec succès pour produit 1213
[17-Sep-2024 16:29:57 UTC] Couleur attribuée: Bleu
[17-Sep-2024 16:29:57 UTC] Taille attribuée: 
[17-Sep-2024 16:29:57 UTC] Term color trouvé: oui
[17-Sep-2024 16:29:57 UTC] Term size trouvé: non
[17-Sep-2024 16:29:57 UTC] SKU: MO1001c-04-16G
[17-Sep-2024 16:29:57 UTC] Requête SQL: 
            SELECT p.ID FROM wpgsm_posts p
            WHERE p.post_parent = %d 
            AND p.post_type = 'product_variation'
            AND p.post_status IN ('publish', 'private')
         AND EXISTS (
                SELECT 1 FROM wpgsm_woocommerce_order_itemmeta oim
                WHERE oim.meta_key = %s
                AND oim.meta_value = %s
                AND oim.order_item_id = p.ID
            ) AND EXISTS (
                SELECT 1 FROM wpgsm_woocommerce_order_itemmeta oim
                WHERE oim.meta_key = %s
                AND oim.meta_value = %s
                AND oim.order_item_id = p.ID
            )
[17-Sep-2024 16:29:57 UTC] Params: Array
(
    [0] => 1213
    [1] => attribute_pa_color
    [2] => bleu
    [3] => attribute_pa_size
    [4] => 
)

[17-Sep-2024 16:29:57 UTC] Variations trouvées: Array
(
)

[17-Sep-2024 16:29:57 UTC] Création de la variation pour le produit ID: 1213
[17-Sep-2024 16:29:57 UTC] Création variation pour produit 1213 avec SKU MO1001c-04-16G
[17-Sep-2024 16:29:57 UTC] Attributs: Array
(
    [pa_color] => bleu
    [pa_size] => 
)

[17-Sep-2024 16:29:57 UTC] Stock: 
[17-Sep-2024 16:29:57 UTC] Prix: 
[17-Sep-2024 16:29:57 UTC] Variation créée avec succès pour produit 968
[17-Sep-2024 16:29:57 UTC] Couleur attribuée: Rouge
[17-Sep-2024 16:29:57 UTC] Taille attribuée: 
[17-Sep-2024 16:29:57 UTC] Term color trouvé: oui
[17-Sep-2024 16:29:57 UTC] Term size trouvé: non
[17-Sep-2024 16:29:57 UTC] SKU: CX1413-05
[17-Sep-2024 16:29:57 UTC] Requête SQL: 
            SELECT p.ID FROM wpgsm_posts p
            WHERE p.post_parent = %d 
            AND p.post_type = 'product_variation'
            AND p.post_status IN ('publish', 'private')
         AND EXISTS (
                    SELECT 1 FROM wpgsm_woocommerce_order_itemmeta oim
                    WHERE oim.meta_key = %s
                    AND oim.meta_value = %s
                    AND oim.order_item_id = p.ID
                )
[17-Sep-2024 16:29:57 UTC] Params: Array
(
    [0] => 969
    [1] => attribute_pa_color
    [2] => rouge
)

[17-Sep-2024 16:29:57 UTC] Variations trouvées: Array
(
)

[17-Sep-2024 16:29:57 UTC] Création de la variation pour le produit ID: 969
[17-Sep-2024 16:29:57 UTC] Création variation pour produit 969 avec SKU CX1413-05
[17-Sep-2024 16:29:57 UTC] Attributs: Array
(
    [pa_color] => rouge
    [pa_size] => 
)

[17-Sep-2024 16:29:57 UTC] Stock: 0
[17-Sep-2024 16:29:57 UTC] Prix: 0,41
[17-Sep-2024 16:29:57 UTC] Variation créée avec succès pour produit 1213
[17-Sep-2024 16:29:57 UTC] Couleur attribuée: Rouge
[17-Sep-2024 16:29:57 UTC] Taille attribuée: 
[17-Sep-2024 16:29:57 UTC] Term color trouvé: oui
[17-Sep-2024 16:29:57 UTC] Term size trouvé: non
[17-Sep-2024 16:29:57 UTC] SKU: MO1001c-05-16G
[17-Sep-2024 16:29:57 UTC] Requête SQL: 
            SELECT p.ID FROM wpgsm_posts p
            WHERE p.post_parent = %d 
            AND p.post_type = 'product_variation'
            AND p.post_status IN ('publish', 'private')
         AND EXISTS (
                SELECT 1 FROM wpgsm_woocommerce_order_itemmeta oim
                WHERE oim.meta_key = %s
                AND oim.meta_value = %s
                AND oim.order_item_id = p.ID
            ) AND EXISTS (
                SELECT 1 FROM wpgsm_woocommerce_order_itemmeta oim
                WHERE oim.meta_key = %s
                AND oim.meta_value = %s
                AND oim.order_item_id = p.ID
            )
[17-Sep-2024 16:29:57 UTC] Params: Array
(
    [0] => 1213
    [1] => attribute_pa_color
    [2] => rouge
    [3] => attribute_pa_size
    [4] => 
)

[17-Sep-2024 16:29:57 UTC] Variations trouvées: Array
(
)

[17-Sep-2024 16:29:57 UTC] Création de la variation pour le produit ID: 1213
[17-Sep-2024 16:29:57 UTC] Création variation pour produit 1213 avec SKU MO1001c-05-16G
[17-Sep-2024 16:29:57 UTC] Attributs: Array
(
    [pa_color] => rouge
    [pa_size] => 
)

[17-Sep-2024 16:29:57 UTC] Stock: 
[17-Sep-2024 16:29:57 UTC] Prix: 
[17-Sep-2024 16:29:57 UTC] Variation créée avec succès pour produit 969
[17-Sep-2024 16:29:57 UTC] Couleur attribuée: Rouge
[17-Sep-2024 16:29:57 UTC] Taille attribuée: 
[17-Sep-2024 16:29:57 UTC] Term color trouvé: oui
[17-Sep-2024 16:29:57 UTC] Term size trouvé: non
[17-Sep-2024 16:29:57 UTC] SKU: CX1414-05
[17-Sep-2024 16:29:57 UTC] Requête SQL: 
            SELECT p.ID FROM wpgsm_posts p
            WHERE p.post_parent = %d 
            AND p.post_type = 'product_variation'
            AND p.post_status IN ('publish', 'private')
         AND EXISTS (
                    SELECT 1 FROM wpgsm_woocommerce_order_itemmeta oim
                    WHERE oim.meta_key = %s
                    AND oim.meta_value = %s
                    AND oim.order_item_id = p.ID
                )
[17-Sep-2024 16:29:57 UTC] Params: Array
(
    [0] => 970
    [1] => attribute_pa_color
    [2] => rouge
)

[17-Sep-2024 16:29:57 UTC] Variations trouvées: Array
(
)

[17-Sep-2024 16:29:57 UTC] Création de la variation pour le produit ID: 970
[17-Sep-2024 16:29:57 UTC] Création variation pour produit 970 avec SKU CX1414-05
[17-Sep-2024 16:29:57 UTC] Attributs: Array
(
    [pa_color] => rouge
    [pa_size] => 
)

[17-Sep-2024 16:29:57 UTC] Stock: 0
[17-Sep-2024 16:29:57 UTC] Prix: 0,63
[17-Sep-2024 16:29:58 UTC] Erreur lors de l'exécution de la tâche cron : cURL error 28: Operation timed out after 15001 milliseconds with 0 bytes received
[17-Sep-2024 16:29:58 UTC] Variation créée avec succès pour produit 1213
[17-Sep-2024 16:29:58 UTC] Couleur attribuée: Lime
[17-Sep-2024 16:29:58 UTC] Taille attribuée: 
[17-Sep-2024 16:29:58 UTC] Term color trouvé: oui
[17-Sep-2024 16:29:58 UTC] Term size trouvé: non
[17-Sep-2024 16:29:58 UTC] SKU: MO1001c-48-16G
[17-Sep-2024 16:29:58 UTC] Requête SQL: 
            SELECT p.ID FROM wpgsm_posts p
            WHERE p.post_parent = %d 
            AND p.post_type = 'product_variation'
            AND p.post_status IN ('publish', 'private')
         AND EXISTS (
                SELECT 1 FROM wpgsm_woocommerce_order_itemmeta oim
                WHERE oim.meta_key = %s
                AND oim.meta_value = %s
                AND oim.order_item_id = p.ID
            ) AND EXISTS (
                SELECT 1 FROM wpgsm_woocommerce_order_itemmeta oim
                WHERE oim.meta_key = %s
                AND oim.meta_value = %s
                AND oim.order_item_id = p.ID
            )
[17-Sep-2024 16:29:58 UTC] Params: Array
(
    [0] => 1213
    [1] => attribute_pa_color
    [2] => lime
    [3] => attribute_pa_size
    [4] => 
)

[17-Sep-2024 16:29:58 UTC] Variations trouvées: Array
(
)

[17-Sep-2024 16:29:58 UTC] Création de la variation pour le produit ID: 1213
[17-Sep-2024 16:29:58 UTC] Création variation pour produit 1213 avec SKU MO1001c-48-16G
[17-Sep-2024 16:29:58 UTC] Attributs: Array
(
    [pa_color] => lime
    [pa_size] => 
)

[17-Sep-2024 16:29:58 UTC] Stock: 
[17-Sep-2024 16:29:58 UTC] Prix: 
[17-Sep-2024 16:29:58 UTC] Variation créée avec succès pour produit 970
[17-Sep-2024 16:29:58 UTC] Couleur attribuée: Rouge
[17-Sep-2024 16:29:58 UTC] Taille attribuée: 
[17-Sep-2024 16:29:58 UTC] Term color trouvé: oui
[17-Sep-2024 16:29:58 UTC] Term size trouvé: non
[17-Sep-2024 16:29:58 UTC] SKU: CX1415-05
[17-Sep-2024 16:29:58 UTC] Requête SQL: 
            SELECT p.ID FROM wpgsm_posts p
            WHERE p.post_parent = %d 
            AND p.post_type = 'product_variation'
            AND p.post_status IN ('publish', 'private')
         AND EXISTS (
                    SELECT 1 FROM wpgsm_woocommerce_order_itemmeta oim
                    WHERE oim.meta_key = %s
                    AND oim.meta_value = %s
                    AND oim.order_item_id = p.ID
                )
[17-Sep-2024 16:29:58 UTC] Params: Array
(
    [0] => 971
    [1] => attribute_pa_color
    [2] => rouge
)

[17-Sep-2024 16:29:58 UTC] Variations trouvées: Array
(
)

[17-Sep-2024 16:29:58 UTC] Création de la variation pour le produit ID: 971
[17-Sep-2024 16:29:58 UTC] Création variation pour produit 971 avec SKU CX1415-05
[17-Sep-2024 16:29:58 UTC] Attributs: Array
(
    [pa_color] => rouge
    [pa_size] => 
)

[17-Sep-2024 16:29:58 UTC] Stock: 0
[17-Sep-2024 16:29:58 UTC] Prix: 0,73
[17-Sep-2024 16:29:58 UTC] Variation créée avec succès pour produit 1213
[17-Sep-2024 16:29:58 UTC] Couleur attribuée: Blanc
[17-Sep-2024 16:29:58 UTC] Taille attribuée: 
[17-Sep-2024 16:29:58 UTC] Term color trouvé: oui
[17-Sep-2024 16:29:58 UTC] Term size trouvé: non
[17-Sep-2024 16:29:58 UTC] SKU: MO1001c-06-16G
[17-Sep-2024 16:29:58 UTC] Requête SQL: 
            SELECT p.ID FROM wpgsm_posts p
            WHERE p.post_parent = %d 
            AND p.post_type = 'product_variation'
            AND p.post_status IN ('publish', 'private')
         AND EXISTS (
                SELECT 1 FROM wpgsm_woocommerce_order_itemmeta oim
                WHERE oim.meta_key = %s
                AND oim.meta_value = %s
                AND oim.order_item_id = p.ID
            ) AND EXISTS (
                SELECT 1 FROM wpgsm_woocommerce_order_itemmeta oim
                WHERE oim.meta_key = %s
                AND oim.meta_value = %s
                AND oim.order_item_id = p.ID
            )
[17-Sep-2024 16:29:58 UTC] Params: Array
(
    [0] => 1213
    [1] => attribute_pa_color
    [2] => blanc
    [3] => attribute_pa_size
    [4] => 
)

[17-Sep-2024 16:29:58 UTC] Variations trouvées: Array
(
)

[17-Sep-2024 16:29:58 UTC] Création de la variation pour le produit ID: 1213
[17-Sep-2024 16:29:58 UTC] Création variation pour produit 1213 avec SKU MO1001c-06-16G
[17-Sep-2024 16:29:58 UTC] Attributs: Array
(
    [pa_color] => blanc
    [pa_size] => 
)

[17-Sep-2024 16:29:58 UTC] Stock: 
[17-Sep-2024 16:29:58 UTC] Prix: 
[17-Sep-2024 16:29:58 UTC] Variation créée avec succès pour produit 971
[17-Sep-2024 16:29:58 UTC] Couleur attribuée: Noir
[17-Sep-2024 16:29:58 UTC] Taille attribuée: 
[17-Sep-2024 16:29:58 UTC] Term color trouvé: oui
[17-Sep-2024 16:29:58 UTC] Term size trouvé: non
[17-Sep-2024 16:29:58 UTC] SKU: CX1433-03
[17-Sep-2024 16:29:58 UTC] Requête SQL: 
            SELECT p.ID FROM wpgsm_posts p
            WHERE p.post_parent = %d 
            AND p.post_type = 'product_variation'
            AND p.post_status IN ('publish', 'private')
         AND EXISTS (
                    SELECT 1 FROM wpgsm_woocommerce_order_itemmeta oim
                    WHERE oim.meta_key = %s
                    AND oim.meta_value = %s
                    AND oim.order_item_id = p.ID
                )
[17-Sep-2024 16:29:58 UTC] Params: Array
(
    [0] => 972
    [1] => attribute_pa_color
    [2] => noir
)

[17-Sep-2024 16:29:58 UTC] Variations trouvées: Array
(
)

[17-Sep-2024 16:29:58 UTC] Création de la variation pour le produit ID: 972
[17-Sep-2024 16:29:58 UTC] Création variation pour produit 972 avec SKU CX1433-03
[17-Sep-2024 16:29:58 UTC] Attributs: Array
(
    [pa_color] => noir
    [pa_size] => 
)

[17-Sep-2024 16:29:58 UTC] Stock: 14922
[17-Sep-2024 16:29:58 UTC] Prix: 0,61
[17-Sep-2024 16:29:58 UTC] Variation créée avec succès pour produit 972
[17-Sep-2024 16:29:58 UTC] Couleur attribuée: Noir
[17-Sep-2024 16:29:58 UTC] Taille attribuée: 
[17-Sep-2024 16:29:58 UTC] Term color trouvé: oui
[17-Sep-2024 16:29:58 UTC] Term size trouvé: non
[17-Sep-2024 16:29:58 UTC] SKU: CX1434-03
[17-Sep-2024 16:29:58 UTC] Requête SQL: 
            SELECT p.ID FROM wpgsm_posts p
            WHERE p.post_parent = %d 
            AND p.post_type = 'product_variation'
            AND p.post_status IN ('publish', 'private')
         AND EXISTS (
                    SELECT 1 FROM wpgsm_woocommerce_order_itemmeta oim
                    WHERE oim.meta_key = %s
                    AND oim.meta_value = %s
                    AND oim.order_item_id = p.ID
                )
[17-Sep-2024 16:29:58 UTC] Params: Array
(
    [0] => 973
    [1] => attribute_pa_color
    [2] => noir
)

[17-Sep-2024 16:29:58 UTC] Variations trouvées: Array
(
)

[17-Sep-2024 16:29:58 UTC] Création de la variation pour le produit ID: 973
[17-Sep-2024 16:29:58 UTC] Création variation pour produit 973 avec SKU CX1434-03
[17-Sep-2024 16:29:58 UTC] Attributs: Array
(
    [pa_color] => noir
    [pa_size] => 
)

[17-Sep-2024 16:29:58 UTC] Stock: 14377
[17-Sep-2024 16:29:58 UTC] Prix: 0,61
[17-Sep-2024 16:29:59 UTC] Variation créée avec succès pour produit 973
[17-Sep-2024 16:29:59 UTC] Couleur attribuée: Argent Mat
[17-Sep-2024 16:29:59 UTC] Taille attribuée: 
[17-Sep-2024 16:29:59 UTC] Term color trouvé: oui
[17-Sep-2024 16:29:59 UTC] Term size trouvé: non
[17-Sep-2024 16:29:59 UTC] SKU: CX1435-16
[17-Sep-2024 16:29:59 UTC] Requête SQL: 
            SELECT p.ID FROM wpgsm_posts p
            WHERE p.post_parent = %d 
            AND p.post_type = 'product_variation'
            AND p.post_status IN ('publish', 'private')
         AND EXISTS (
                    SELECT 1 FROM wpgsm_woocommerce_order_itemmeta oim
                    WHERE oim.meta_key = %s
                    AND oim.meta_value = %s
                    AND oim.order_item_id = p.ID
                )
[17-Sep-2024 16:29:59 UTC] Params: Array
(
    [0] => 974
    [1] => attribute_pa_color
    [2] => argent-mat
)

[17-Sep-2024 16:29:59 UTC] Variations trouvées: Array
(
)

[17-Sep-2024 16:29:59 UTC] Création de la variation pour le produit ID: 974
[17-Sep-2024 16:29:59 UTC] Création variation pour produit 974 avec SKU CX1435-16
[17-Sep-2024 16:29:59 UTC] Attributs: Array
(
    [pa_color] => argent-mat
    [pa_size] => 
)

[17-Sep-2024 16:29:59 UTC] Stock: 27471
[17-Sep-2024 16:29:59 UTC] Prix: 1,16
[17-Sep-2024 16:29:59 UTC] Variation créée avec succès pour produit 974
[17-Sep-2024 16:29:59 UTC] Couleur attribuée: Multicolore
[17-Sep-2024 16:29:59 UTC] Taille attribuée: 
[17-Sep-2024 16:29:59 UTC] Term color trouvé: oui
[17-Sep-2024 16:29:59 UTC] Term size trouvé: non
[17-Sep-2024 16:29:59 UTC] SKU: CX1437-99
[17-Sep-2024 16:29:59 UTC] Requête SQL: 
            SELECT p.ID FROM wpgsm_posts p
            WHERE p.post_parent = %d 
            AND p.post_type = 'product_variation'
            AND p.post_status IN ('publish', 'private')
         AND EXISTS (
                    SELECT 1 FROM wpgsm_woocommerce_order_itemmeta oim
                    WHERE oim.meta_key = %s
                    AND oim.meta_value = %s
                    AND oim.order_item_id = p.ID
                )
[17-Sep-2024 16:29:59 UTC] Params: Array
(
    [0] => 975
    [1] => attribute_pa_color
    [2] => multicolore
)

[17-Sep-2024 16:29:59 UTC] Variations trouvées: Array
(
)

[17-Sep-2024 16:29:59 UTC] Création de la variation pour le produit ID: 975
[17-Sep-2024 16:29:59 UTC] Création variation pour produit 975 avec SKU CX1437-99
[17-Sep-2024 16:29:59 UTC] Attributs: Array
(
    [pa_color] => multicolore
    [pa_size] => 
)

[17-Sep-2024 16:29:59 UTC] Stock: 19485
[17-Sep-2024 16:29:59 UTC] Prix: 1,11
[17-Sep-2024 16:29:59 UTC] Variation créée avec succès pour produit 975
[17-Sep-2024 16:29:59 UTC] Couleur attribuée: Multicolore
[17-Sep-2024 16:29:59 UTC] Taille attribuée: 
[17-Sep-2024 16:29:59 UTC] Term color trouvé: oui
[17-Sep-2024 16:29:59 UTC] Term size trouvé: non
[17-Sep-2024 16:29:59 UTC] SKU: CX1443-99
[17-Sep-2024 16:29:59 UTC] Requête SQL: 
            SELECT p.ID FROM wpgsm_posts p
            WHERE p.post_parent = %d 
            AND p.post_type = 'product_variation'
            AND p.post_status IN ('publish', 'private')
         AND EXISTS (
                    SELECT 1 FROM wpgsm_woocommerce_order_itemmeta oim
                    WHERE oim.meta_key = %s
                    AND oim.meta_value = %s
                    AND oim.order_item_id = p.ID
                )
[17-Sep-2024 16:29:59 UTC] Params: Array
(
    [0] => 976
    [1] => attribute_pa_color
    [2] => multicolore
)

[17-Sep-2024 16:29:59 UTC] Variations trouvées: Array
(
)

[17-Sep-2024 16:29:59 UTC] Création de la variation pour le produit ID: 976
[17-Sep-2024 16:29:59 UTC] Création variation pour produit 976 avec SKU CX1443-99
[17-Sep-2024 16:29:59 UTC] Attributs: Array
(
    [pa_color] => multicolore
    [pa_size] => 
)

[17-Sep-2024 16:29:59 UTC] Stock: 5599
[17-Sep-2024 16:29:59 UTC] Prix: 5,76
[17-Sep-2024 16:29:59 UTC] Variation créée avec succès pour produit 1213
[17-Sep-2024 16:29:59 UTC] Couleur attribuée: Gris
[17-Sep-2024 16:29:59 UTC] Taille attribuée: 
[17-Sep-2024 16:29:59 UTC] Term color trouvé: oui
[17-Sep-2024 16:29:59 UTC] Term size trouvé: non
[17-Sep-2024 16:29:59 UTC] SKU: MO1001c-07-16G
[17-Sep-2024 16:29:59 UTC] Requête SQL: 
            SELECT p.ID FROM wpgsm_posts p
            WHERE p.post_parent = %d 
            AND p.post_type = 'product_variation'
            AND p.post_status IN ('publish', 'private')
         AND EXISTS (
                SELECT 1 FROM wpgsm_woocommerce_order_itemmeta oim
                WHERE oim.meta_key = %s
                AND oim.meta_value = %s
                AND oim.order_item_id = p.ID
            ) AND EXISTS (
                SELECT 1 FROM wpgsm_woocommerce_order_itemmeta oim
                WHERE oim.meta_key = %s
                AND oim.meta_value = %s
                AND oim.order_item_id = p.ID
            )
[17-Sep-2024 16:29:59 UTC] Params: Array
(
    [0] => 1213
    [1] => attribute_pa_color
    [2] => gris
    [3] => attribute_pa_size
    [4] => 
)

[17-Sep-2024 16:29:59 UTC] Variations trouvées: Array
(
)

[17-Sep-2024 16:29:59 UTC] Création de la variation pour le produit ID: 1213
[17-Sep-2024 16:29:59 UTC] Création variation pour produit 1213 avec SKU MO1001c-07-16G
[17-Sep-2024 16:29:59 UTC] Attributs: Array
(
    [pa_color] => gris
    [pa_size] => 
)

[17-Sep-2024 16:29:59 UTC] Stock: 
[17-Sep-2024 16:29:59 UTC] Prix: 
[17-Sep-2024 16:29:59 UTC] Variation créée avec succès pour produit 976
[17-Sep-2024 16:29:59 UTC] Couleur attribuée: Rouge
[17-Sep-2024 16:29:59 UTC] Taille attribuée: 
[17-Sep-2024 16:29:59 UTC] Term color trouvé: oui
[17-Sep-2024 16:29:59 UTC] Term size trouvé: non
[17-Sep-2024 16:29:59 UTC] SKU: CX1446-05
[17-Sep-2024 16:29:59 UTC] Requête SQL: 
            SELECT p.ID FROM wpgsm_posts p
            WHERE p.post_parent = %d 
            AND p.post_type = 'product_variation'
            AND p.post_status IN ('publish', 'private')
         AND EXISTS (
                    SELECT 1 FROM wpgsm_woocommerce_order_itemmeta oim
                    WHERE oim.meta_key = %s
                    AND oim.meta_value = %s
                    AND oim.order_item_id = p.ID
                )
[17-Sep-2024 16:29:59 UTC] Params: Array
(
    [0] => 977
    [1] => attribute_pa_color
    [2] => rouge
)

[17-Sep-2024 16:29:59 UTC] Variations trouvées: Array
(
)

[17-Sep-2024 16:29:59 UTC] Création de la variation pour le produit ID: 977
[17-Sep-2024 16:29:59 UTC] Création variation pour produit 977 avec SKU CX1446-05
[17-Sep-2024 16:29:59 UTC] Attributs: Array
(
    [pa_color] => rouge
    [pa_size] => 
)

[17-Sep-2024 16:29:59 UTC] Stock: 9893
[17-Sep-2024 16:29:59 UTC] Prix: 1,67
[17-Sep-2024 16:29:59 UTC] Variation créée avec succès pour produit 977
[17-Sep-2024 16:29:59 UTC] Couleur attribuée: Blanc
[17-Sep-2024 16:29:59 UTC] Taille attribuée: 
[17-Sep-2024 16:29:59 UTC] Term color trouvé: oui
[17-Sep-2024 16:29:59 UTC] Term size trouvé: non
[17-Sep-2024 16:29:59 UTC] SKU: CX1446-06
[17-Sep-2024 16:29:59 UTC] Requête SQL: 
            SELECT p.ID FROM wpgsm_posts p
            WHERE p.post_parent = %d 
            AND p.post_type = 'product_variation'
            AND p.post_status IN ('publish', 'private')
         AND EXISTS (
                    SELECT 1 FROM wpgsm_woocommerce_order_itemmeta oim
                    WHERE oim.meta_key = %s
                    AND oim.meta_value = %s
                    AND oim.order_item_id = p.ID
                )
[17-Sep-2024 16:29:59 UTC] Params: Array
(
    [0] => 977
    [1] => attribute_pa_color
    [2] => blanc
)

[17-Sep-2024 16:29:59 UTC] Variations trouvées: Array
(
)

[17-Sep-2024 16:29:59 UTC] Création de la variation pour le produit ID: 977
[17-Sep-2024 16:29:59 UTC] Création variation pour produit 977 avec SKU CX1446-06
[17-Sep-2024 16:29:59 UTC] Attributs: Array
(
    [pa_color] => blanc
    [pa_size] => 
)

[17-Sep-2024 16:29:59 UTC] Stock: 9057
[17-Sep-2024 16:29:59 UTC] Prix: 1,67
[17-Sep-2024 16:29:59 UTC] Variation créée avec succès pour produit 977
[17-Sep-2024 16:29:59 UTC] Couleur attribuée: Rouge
[17-Sep-2024 16:29:59 UTC] Taille attribuée: 
[17-Sep-2024 16:29:59 UTC] Term color trouvé: oui
[17-Sep-2024 16:29:59 UTC] Term size trouvé: non
[17-Sep-2024 16:29:59 UTC] SKU: CX1449-05
[17-Sep-2024 16:29:59 UTC] Requête SQL: 
            SELECT p.ID FROM wpgsm_posts p
            WHERE p.post_parent = %d 
            AND p.post_type = 'product_variation'
            AND p.post_status IN ('publish', 'private')
         AND EXISTS (
                    SELECT 1 FROM wpgsm_woocommerce_order_itemmeta oim
                    WHERE oim.meta_key = %s
                    AND oim.meta_value = %s
                    AND oim.order_item_id = p.ID
                )
[17-Sep-2024 16:29:59 UTC] Params: Array
(
    [0] => 978
    [1] => attribute_pa_color
    [2] => rouge
)

[17-Sep-2024 16:29:59 UTC] Variations trouvées: Array
(
)

[17-Sep-2024 16:29:59 UTC] Création de la variation pour le produit ID: 978
[17-Sep-2024 16:29:59 UTC] Création variation pour produit 978 avec SKU CX1449-05
[17-Sep-2024 16:29:59 UTC] Attributs: Array
(
    [pa_color] => rouge
    [pa_size] => 
)

[17-Sep-2024 16:29:59 UTC] Stock: 7763
[17-Sep-2024 16:29:59 UTC] Prix: 5,49
[17-Sep-2024 16:29:59 UTC] Variation créée avec succès pour produit 978
[17-Sep-2024 16:29:59 UTC] Couleur attribuée: Gris
[17-Sep-2024 16:29:59 UTC] Taille attribuée: 
[17-Sep-2024 16:29:59 UTC] Term color trouvé: oui
[17-Sep-2024 16:29:59 UTC] Term size trouvé: non
[17-Sep-2024 16:29:59 UTC] SKU: CX1451-07
[17-Sep-2024 16:29:59 UTC] Requête SQL: 
            SELECT p.ID FROM wpgsm_posts p
            WHERE p.post_parent = %d 
            AND p.post_type = 'product_variation'
            AND p.post_status IN ('publish', 'private')
         AND EXISTS (
                    SELECT 1 FROM wpgsm_woocommerce_order_itemmeta oim
                    WHERE oim.meta_key = %s
                    AND oim.meta_value = %s
                    AND oim.order_item_id = p.ID
                )
[17-Sep-2024 16:29:59 UTC] Params: Array
(
    [0] => 979
    [1] => attribute_pa_color
    [2] => gris
)

[17-Sep-2024 16:29:59 UTC] Variations trouvées: Array
(
)

[17-Sep-2024 16:29:59 UTC] Création de la variation pour le produit ID: 979
[17-Sep-2024 16:29:59 UTC] Création variation pour produit 979 avec SKU CX1451-07
[17-Sep-2024 16:29:59 UTC] Attributs: Array
(
    [pa_color] => gris
    [pa_size] => 
)

[17-Sep-2024 16:29:59 UTC] Stock: 289
[17-Sep-2024 16:29:59 UTC] Prix: 5,23
[17-Sep-2024 16:29:59 UTC] Variation créée avec succès pour produit 1213
[17-Sep-2024 16:29:59 UTC] Couleur attribuée: Jaune
[17-Sep-2024 16:29:59 UTC] Taille attribuée: 
[17-Sep-2024 16:29:59 UTC] Term color trouvé: oui
[17-Sep-2024 16:29:59 UTC] Term size trouvé: non
[17-Sep-2024 16:29:59 UTC] SKU: MO1001c-08-16G
[17-Sep-2024 16:29:59 UTC] Requête SQL: 
            SELECT p.ID FROM wpgsm_posts p
            WHERE p.post_parent = %d 
            AND p.post_type = 'product_variation'
            AND p.post_status IN ('publish', 'private')
         AND EXISTS (
                SELECT 1 FROM wpgsm_woocommerce_order_itemmeta oim
                WHERE oim.meta_key = %s
                AND oim.meta_value = %s
                AND oim.order_item_id = p.ID
            ) AND EXISTS (
                SELECT 1 FROM wpgsm_woocommerce_order_itemmeta oim
                WHERE oim.meta_key = %s
                AND oim.meta_value = %s
                AND oim.order_item_id = p.ID
            )
[17-Sep-2024 16:29:59 UTC] Params: Array
(
    [0] => 1213
    [1] => attribute_pa_color
    [2] => jaune
    [3] => attribute_pa_size
    [4] => 
)

[17-Sep-2024 16:29:59 UTC] Variations trouvées: Array
(
)

[17-Sep-2024 16:29:59 UTC] Création de la variation pour le produit ID: 1213
[17-Sep-2024 16:29:59 UTC] Création variation pour produit 1213 avec SKU MO1001c-08-16G
[17-Sep-2024 16:29:59 UTC] Attributs: Array
(
    [pa_color] => jaune
    [pa_size] => 
)

[17-Sep-2024 16:29:59 UTC] Stock: 
[17-Sep-2024 16:29:59 UTC] Prix: 
[17-Sep-2024 16:29:59 UTC] Variation créée avec succès pour produit 979
[17-Sep-2024 16:29:59 UTC] Couleur attribuée: Bois
[17-Sep-2024 16:29:59 UTC] Taille attribuée: 
[17-Sep-2024 16:29:59 UTC] Term color trouvé: oui
[17-Sep-2024 16:29:59 UTC] Term size trouvé: non
[17-Sep-2024 16:29:59 UTC] SKU: CX1462-40
[17-Sep-2024 16:29:59 UTC] Requête SQL: 
            SELECT p.ID FROM wpgsm_posts p
            WHERE p.post_parent = %d 
            AND p.post_type = 'product_variation'
            AND p.post_status IN ('publish', 'private')
         AND EXISTS (
                    SELECT 1 FROM wpgsm_woocommerce_order_itemmeta oim
                    WHERE oim.meta_key = %s
                    AND oim.meta_value = %s
                    AND oim.order_item_id = p.ID
                )
[17-Sep-2024 16:29:59 UTC] Params: Array
(
    [0] => 980
    [1] => attribute_pa_color
    [2] => bois
)

[17-Sep-2024 16:29:59 UTC] Variations trouvées: Array
(
)

[17-Sep-2024 16:29:59 UTC] Création de la variation pour le produit ID: 980
[17-Sep-2024 16:29:59 UTC] Création variation pour produit 980 avec SKU CX1462-40
[17-Sep-2024 16:29:59 UTC] Attributs: Array
(
    [pa_color] => bois
    [pa_size] => 
)

[17-Sep-2024 16:29:59 UTC] Stock: 20588
[17-Sep-2024 16:29:59 UTC] Prix: 2,60
[17-Sep-2024 16:30:00 UTC] Variation créée avec succès pour produit 980
[17-Sep-2024 16:30:00 UTC] Couleur attribuée: Bois
[17-Sep-2024 16:30:00 UTC] Taille attribuée: 
[17-Sep-2024 16:30:00 UTC] Term color trouvé: oui
[17-Sep-2024 16:30:00 UTC] Term size trouvé: non
[17-Sep-2024 16:30:00 UTC] SKU: CX1463-40
[17-Sep-2024 16:30:00 UTC] Requête SQL: 
            SELECT p.ID FROM wpgsm_posts p
            WHERE p.post_parent = %d 
            AND p.post_type = 'product_variation'
            AND p.post_status IN ('publish', 'private')
         AND EXISTS (
                    SELECT 1 FROM wpgsm_woocommerce_order_itemmeta oim
                    WHERE oim.meta_key = %s
                    AND oim.meta_value = %s
                    AND oim.order_item_id = p.ID
                )
[17-Sep-2024 16:30:00 UTC] Params: Array
(
    [0] => 981
    [1] => attribute_pa_color
    [2] => bois
)

[17-Sep-2024 16:30:00 UTC] Variations trouvées: Array
(
)

[17-Sep-2024 16:30:00 UTC] Création de la variation pour le produit ID: 981
[17-Sep-2024 16:30:00 UTC] Création variation pour produit 981 avec SKU CX1463-40
[17-Sep-2024 16:30:00 UTC] Attributs: Array
(
    [pa_color] => bois
    [pa_size] => 
)

[17-Sep-2024 16:30:00 UTC] Stock: 10049
[17-Sep-2024 16:30:00 UTC] Prix: 1,16
[17-Sep-2024 16:30:00 UTC] Variation créée avec succès pour produit 981
[17-Sep-2024 16:30:00 UTC] Couleur attribuée: Rouge
[17-Sep-2024 16:30:00 UTC] Taille attribuée: 
[17-Sep-2024 16:30:00 UTC] Term color trouvé: oui
[17-Sep-2024 16:30:00 UTC] Term size trouvé: non
[17-Sep-2024 16:30:00 UTC] SKU: CX1466-05
[17-Sep-2024 16:30:00 UTC] Requête SQL: 
            SELECT p.ID FROM wpgsm_posts p
            WHERE p.post_parent = %d 
            AND p.post_type = 'product_variation'
            AND p.post_status IN ('publish', 'private')
         AND EXISTS (
                    SELECT 1 FROM wpgsm_woocommerce_order_itemmeta oim
                    WHERE oim.meta_key = %s
                    AND oim.meta_value = %s
                    AND oim.order_item_id = p.ID
                )
[17-Sep-2024 16:30:00 UTC] Params: Array
(
    [0] => 982
    [1] => attribute_pa_color
    [2] => rouge
)

[17-Sep-2024 16:30:00 UTC] Variations trouvées: Array
(
)

[17-Sep-2024 16:30:00 UTC] Création de la variation pour le produit ID: 982
[17-Sep-2024 16:30:00 UTC] Création variation pour produit 982 avec SKU CX1466-05
[17-Sep-2024 16:30:00 UTC] Attributs: Array
(
    [pa_color] => rouge
    [pa_size] => 
)

[17-Sep-2024 16:30:00 UTC] Stock: 10817
[17-Sep-2024 16:30:00 UTC] Prix: 1,27
[17-Sep-2024 16:30:00 UTC] Variation créée avec succès pour produit 982
[17-Sep-2024 16:30:00 UTC] Couleur attribuée: Argent
[17-Sep-2024 16:30:00 UTC] Taille attribuée: 
[17-Sep-2024 16:30:00 UTC] Term color trouvé: oui
[17-Sep-2024 16:30:00 UTC] Term size trouvé: non
[17-Sep-2024 16:30:00 UTC] SKU: CX1466-14
[17-Sep-2024 16:30:00 UTC] Requête SQL: 
            SELECT p.ID FROM wpgsm_posts p
            WHERE p.post_parent = %d 
            AND p.post_type = 'product_variation'
            AND p.post_status IN ('publish', 'private')
         AND EXISTS (
                    SELECT 1 FROM wpgsm_woocommerce_order_itemmeta oim
                    WHERE oim.meta_key = %s
                    AND oim.meta_value = %s
                    AND oim.order_item_id = p.ID
                )
[17-Sep-2024 16:30:00 UTC] Params: Array
(
    [0] => 982
    [1] => attribute_pa_color
    [2] => argent
)

[17-Sep-2024 16:30:00 UTC] Variations trouvées: Array
(
)

[17-Sep-2024 16:30:00 UTC] Création de la variation pour le produit ID: 982
[17-Sep-2024 16:30:00 UTC] Création variation pour produit 982 avec SKU CX1466-14
[17-Sep-2024 16:30:00 UTC] Attributs: Array
(
    [pa_color] => argent
    [pa_size] => 
)

[17-Sep-2024 16:30:00 UTC] Stock: 17810
[17-Sep-2024 16:30:00 UTC] Prix: 1,27
[17-Sep-2024 16:30:00 UTC] Variation créée avec succès pour produit 982
[17-Sep-2024 16:30:00 UTC] Couleur attribuée: Or
[17-Sep-2024 16:30:00 UTC] Taille attribuée: 
[17-Sep-2024 16:30:00 UTC] Term color trouvé: oui
[17-Sep-2024 16:30:00 UTC] Term size trouvé: non
[17-Sep-2024 16:30:00 UTC] SKU: CX1466-98
[17-Sep-2024 16:30:00 UTC] Requête SQL: 
            SELECT p.ID FROM wpgsm_posts p
            WHERE p.post_parent = %d 
            AND p.post_type = 'product_variation'
            AND p.post_status IN ('publish', 'private')
         AND EXISTS (
                    SELECT 1 FROM wpgsm_woocommerce_order_itemmeta oim
                    WHERE oim.meta_key = %s
                    AND oim.meta_value = %s
                    AND oim.order_item_id = p.ID
                )
[17-Sep-2024 16:30:00 UTC] Params: Array
(
    [0] => 982
    [1] => attribute_pa_color
    [2] => or
)

[17-Sep-2024 16:30:00 UTC] Variations trouvées: Array
(
)

[17-Sep-2024 16:30:00 UTC] Création de la variation pour le produit ID: 982
[17-Sep-2024 16:30:00 UTC] Création variation pour produit 982 avec SKU CX1466-98
[17-Sep-2024 16:30:00 UTC] Attributs: Array
(
    [pa_color] => or
    [pa_size] => 
)

[17-Sep-2024 16:30:00 UTC] Stock: 14494
[17-Sep-2024 16:30:00 UTC] Prix: 1,27
[17-Sep-2024 16:30:00 UTC] Variation créée avec succès pour produit 982
[17-Sep-2024 16:30:00 UTC] Couleur attribuée: Rouge
[17-Sep-2024 16:30:00 UTC] Taille attribuée: 
[17-Sep-2024 16:30:00 UTC] Term color trouvé: oui
[17-Sep-2024 16:30:00 UTC] Term size trouvé: non
[17-Sep-2024 16:30:00 UTC] SKU: CX1469-05
[17-Sep-2024 16:30:00 UTC] Requête SQL: 
            SELECT p.ID FROM wpgsm_posts p
            WHERE p.post_parent = %d 
            AND p.post_type = 'product_variation'
            AND p.post_status IN ('publish', 'private')
         AND EXISTS (
                    SELECT 1 FROM wpgsm_woocommerce_order_itemmeta oim
                    WHERE oim.meta_key = %s
                    AND oim.meta_value = %s
                    AND oim.order_item_id = p.ID
                )
[17-Sep-2024 16:30:00 UTC] Params: Array
(
    [0] => 983
    [1] => attribute_pa_color
    [2] => rouge
)

[17-Sep-2024 16:30:00 UTC] Variations trouvées: Array
(
)

[17-Sep-2024 16:30:00 UTC] Création de la variation pour le produit ID: 983
[17-Sep-2024 16:30:00 UTC] Création variation pour produit 983 avec SKU CX1469-05
[17-Sep-2024 16:30:00 UTC] Attributs: Array
(
    [pa_color] => rouge
    [pa_size] => 
)

[17-Sep-2024 16:30:00 UTC] Stock: 15765
[17-Sep-2024 16:30:00 UTC] Prix: 1,93
[17-Sep-2024 16:30:00 UTC] Variation créée avec succès pour produit 983
[17-Sep-2024 16:30:00 UTC] Couleur attribuée: Blanc
[17-Sep-2024 16:30:00 UTC] Taille attribuée: 
[17-Sep-2024 16:30:00 UTC] Term color trouvé: oui
[17-Sep-2024 16:30:00 UTC] Term size trouvé: non
[17-Sep-2024 16:30:00 UTC] SKU: CX1469-06
[17-Sep-2024 16:30:00 UTC] Requête SQL: 
            SELECT p.ID FROM wpgsm_posts p
            WHERE p.post_parent = %d 
            AND p.post_type = 'product_variation'
            AND p.post_status IN ('publish', 'private')
         AND EXISTS (
                    SELECT 1 FROM wpgsm_woocommerce_order_itemmeta oim
                    WHERE oim.meta_key = %s
                    AND oim.meta_value = %s
                    AND oim.order_item_id = p.ID
                )
[17-Sep-2024 16:30:00 UTC] Params: Array
(
    [0] => 983
    [1] => attribute_pa_color
    [2] => blanc
)

[17-Sep-2024 16:30:00 UTC] Variations trouvées: Array
(
)

[17-Sep-2024 16:30:00 UTC] Création de la variation pour le produit ID: 983
[17-Sep-2024 16:30:00 UTC] Création variation pour produit 983 avec SKU CX1469-06
[17-Sep-2024 16:30:00 UTC] Attributs: Array
(
    [pa_color] => blanc
    [pa_size] => 
)

[17-Sep-2024 16:30:00 UTC] Stock: 15755
[17-Sep-2024 16:30:00 UTC] Prix: 1,93
[17-Sep-2024 16:30:00 UTC] Variation créée avec succès pour produit 983
[17-Sep-2024 16:30:00 UTC] Couleur attribuée: Argent
[17-Sep-2024 16:30:00 UTC] Taille attribuée: 
[17-Sep-2024 16:30:00 UTC] Term color trouvé: oui
[17-Sep-2024 16:30:00 UTC] Term size trouvé: non
[17-Sep-2024 16:30:00 UTC] SKU: CX1472-14
[17-Sep-2024 16:30:00 UTC] Requête SQL: 
            SELECT p.ID FROM wpgsm_posts p
            WHERE p.post_parent = %d 
            AND p.post_type = 'product_variation'
            AND p.post_status IN ('publish', 'private')
         AND EXISTS (
                    SELECT 1 FROM wpgsm_woocommerce_order_itemmeta oim
                    WHERE oim.meta_key = %s
                    AND oim.meta_value = %s
                    AND oim.order_item_id = p.ID
                )
[17-Sep-2024 16:30:00 UTC] Params: Array
(
    [0] => 984
    [1] => attribute_pa_color
    [2] => argent
)

[17-Sep-2024 16:30:00 UTC] Variations trouvées: Array
(
)

[17-Sep-2024 16:30:00 UTC] Création de la variation pour le produit ID: 984
[17-Sep-2024 16:30:00 UTC] Création variation pour produit 984 avec SKU CX1472-14
[17-Sep-2024 16:30:00 UTC] Attributs: Array
(
    [pa_color] => argent
    [pa_size] => 
)

[17-Sep-2024 16:30:00 UTC] Stock: 14989
[17-Sep-2024 16:30:00 UTC] Prix: 1,28
[17-Sep-2024 16:30:00 UTC] Variation créée avec succès pour produit 984
[17-Sep-2024 16:30:00 UTC] Couleur attribuée: Bois
[17-Sep-2024 16:30:00 UTC] Taille attribuée: 
[17-Sep-2024 16:30:00 UTC] Term color trouvé: oui
[17-Sep-2024 16:30:00 UTC] Term size trouvé: non
[17-Sep-2024 16:30:00 UTC] SKU: CX1473-40
[17-Sep-2024 16:30:00 UTC] Requête SQL: 
            SELECT p.ID FROM wpgsm_posts p
            WHERE p.post_parent = %d 
            AND p.post_type = 'product_variation'
            AND p.post_status IN ('publish', 'private')
         AND EXISTS (
                    SELECT 1 FROM wpgsm_woocommerce_order_itemmeta oim
                    WHERE oim.meta_key = %s
                    AND oim.meta_value = %s
                    AND oim.order_item_id = p.ID
                )
[17-Sep-2024 16:30:00 UTC] Params: Array
(
    [0] => 985
    [1] => attribute_pa_color
    [2] => bois
)

[17-Sep-2024 16:30:00 UTC] Variations trouvées: Array
(
)

[17-Sep-2024 16:30:00 UTC] Création de la variation pour le produit ID: 985
[17-Sep-2024 16:30:00 UTC] Création variation pour produit 985 avec SKU CX1473-40
[17-Sep-2024 16:30:00 UTC] Attributs: Array
(
    [pa_color] => bois
    [pa_size] => 
)

[17-Sep-2024 16:30:00 UTC] Stock: 96803
[17-Sep-2024 16:30:00 UTC] Prix: 0,17
[17-Sep-2024 16:30:00 UTC] Variation créée avec succès pour produit 1213
[17-Sep-2024 16:30:00 UTC] Couleur attribuée: Orange
[17-Sep-2024 16:30:00 UTC] Taille attribuée: 
[17-Sep-2024 16:30:00 UTC] Term color trouvé: oui
[17-Sep-2024 16:30:00 UTC] Term size trouvé: non
[17-Sep-2024 16:30:00 UTC] SKU: MO1001c-10-16G
[17-Sep-2024 16:30:00 UTC] Requête SQL: 
            SELECT p.ID FROM wpgsm_posts p
            WHERE p.post_parent = %d 
            AND p.post_type = 'product_variation'
            AND p.post_status IN ('publish', 'private')
         AND EXISTS (
                SELECT 1 FROM wpgsm_woocommerce_order_itemmeta oim
                WHERE oim.meta_key = %s
                AND oim.meta_value = %s
                AND oim.order_item_id = p.ID
            ) AND EXISTS (
                SELECT 1 FROM wpgsm_woocommerce_order_itemmeta oim
                WHERE oim.meta_key = %s
                AND oim.meta_value = %s
                AND oim.order_item_id = p.ID
            )
[17-Sep-2024 16:30:00 UTC] Params: Array
(
    [0] => 1213
    [1] => attribute_pa_color
    [2] => orange
    [3] => attribute_pa_size
    [4] => 
)

[17-Sep-2024 16:30:00 UTC] Variations trouvées: Array
(
)

[17-Sep-2024 16:30:00 UTC] Création de la variation pour le produit ID: 1213
[17-Sep-2024 16:30:00 UTC] Création variation pour produit 1213 avec SKU MO1001c-10-16G
[17-Sep-2024 16:30:00 UTC] Attributs: Array
(
    [pa_color] => orange
    [pa_size] => 
)

[17-Sep-2024 16:30:00 UTC] Stock: 
[17-Sep-2024 16:30:00 UTC] Prix: 
[17-Sep-2024 16:30:00 UTC] Variation créée avec succès pour produit 985
[17-Sep-2024 16:30:00 UTC] Couleur attribuée: Bois
[17-Sep-2024 16:30:00 UTC] Taille attribuée: 
[17-Sep-2024 16:30:00 UTC] Term color trouvé: oui
[17-Sep-2024 16:30:00 UTC] Term size trouvé: non
[17-Sep-2024 16:30:00 UTC] SKU: CX1474-40
[17-Sep-2024 16:30:00 UTC] Requête SQL: 
            SELECT p.ID FROM wpgsm_posts p
            WHERE p.post_parent = %d 
            AND p.post_type = 'product_variation'
            AND p.post_status IN ('publish', 'private')
         AND EXISTS (
                    SELECT 1 FROM wpgsm_woocommerce_order_itemmeta oim
                    WHERE oim.meta_key = %s
                    AND oim.meta_value = %s
                    AND oim.order_item_id = p.ID
                )
[17-Sep-2024 16:30:00 UTC] Params: Array
(
    [0] => 986
    [1] => attribute_pa_color
    [2] => bois
)

[17-Sep-2024 16:30:00 UTC] Variations trouvées: Array
(
)

[17-Sep-2024 16:30:00 UTC] Création de la variation pour le produit ID: 986
[17-Sep-2024 16:30:00 UTC] Création variation pour produit 986 avec SKU CX1474-40
[17-Sep-2024 16:30:00 UTC] Attributs: Array
(
    [pa_color] => bois
    [pa_size] => 
)

[17-Sep-2024 16:30:00 UTC] Stock: 49702
[17-Sep-2024 16:30:00 UTC] Prix: 0,17
[17-Sep-2024 16:30:00 UTC] Variation créée avec succès pour produit 986
[17-Sep-2024 16:30:00 UTC] Couleur attribuée: Bois
[17-Sep-2024 16:30:00 UTC] Taille attribuée: 
[17-Sep-2024 16:30:00 UTC] Term color trouvé: oui
[17-Sep-2024 16:30:00 UTC] Term size trouvé: non
[17-Sep-2024 16:30:00 UTC] SKU: CX1475-40
[17-Sep-2024 16:30:00 UTC] Requête SQL: 
            SELECT p.ID FROM wpgsm_posts p
            WHERE p.post_parent = %d 
            AND p.post_type = 'product_variation'
            AND p.post_status IN ('publish', 'private')
         AND EXISTS (
                    SELECT 1 FROM wpgsm_woocommerce_order_itemmeta oim
                    WHERE oim.meta_key = %s
                    AND oim.meta_value = %s
                    AND oim.order_item_id = p.ID
                )
[17-Sep-2024 16:30:00 UTC] Params: Array
(
    [0] => 987
    [1] => attribute_pa_color
    [2] => bois
)

[17-Sep-2024 16:30:00 UTC] Variations trouvées: Array
(
)

[17-Sep-2024 16:30:00 UTC] Création de la variation pour le produit ID: 987
[17-Sep-2024 16:30:00 UTC] Création variation pour produit 987 avec SKU CX1475-40
[17-Sep-2024 16:30:00 UTC] Attributs: Array
(
    [pa_color] => bois
    [pa_size] => 
)

[17-Sep-2024 16:30:00 UTC] Stock: 47711
[17-Sep-2024 16:30:00 UTC] Prix: 0,17
[17-Sep-2024 16:30:01 UTC] Variation créée avec succès pour produit 987
[17-Sep-2024 16:30:01 UTC] Couleur attribuée: Bois
[17-Sep-2024 16:30:01 UTC] Taille attribuée: 
[17-Sep-2024 16:30:01 UTC] Term color trouvé: oui
[17-Sep-2024 16:30:01 UTC] Term size trouvé: non
[17-Sep-2024 16:30:01 UTC] SKU: CX1476-40
[17-Sep-2024 16:30:01 UTC] Requête SQL: 
            SELECT p.ID FROM wpgsm_posts p
            WHERE p.post_parent = %d 
            AND p.post_type = 'product_variation'
            AND p.post_status IN ('publish', 'private')
         AND EXISTS (
                    SELECT 1 FROM wpgsm_woocommerce_order_itemmeta oim
                    WHERE oim.meta_key = %s
                    AND oim.meta_value = %s
                    AND oim.order_item_id = p.ID
                )
[17-Sep-2024 16:30:01 UTC] Params: Array
(
    [0] => 988
    [1] => attribute_pa_color
    [2] => bois
)

[17-Sep-2024 16:30:01 UTC] Variations trouvées: Array
(
)

[17-Sep-2024 16:30:01 UTC] Création de la variation pour le produit ID: 988
[17-Sep-2024 16:30:01 UTC] Création variation pour produit 988 avec SKU CX1476-40
[17-Sep-2024 16:30:01 UTC] Attributs: Array
(
    [pa_color] => bois
    [pa_size] => 
)

[17-Sep-2024 16:30:01 UTC] Stock: 51106
[17-Sep-2024 16:30:01 UTC] Prix: 0,17
[17-Sep-2024 16:30:01 UTC] Variation créée avec succès pour produit 988
[17-Sep-2024 16:30:01 UTC] Couleur attribuée: Bois
[17-Sep-2024 16:30:01 UTC] Taille attribuée: 
[17-Sep-2024 16:30:01 UTC] Term color trouvé: oui
[17-Sep-2024 16:30:01 UTC] Term size trouvé: non
[17-Sep-2024 16:30:01 UTC] SKU: CX1477-40
[17-Sep-2024 16:30:01 UTC] Requête SQL: 
            SELECT p.ID FROM wpgsm_posts p
            WHERE p.post_parent = %d 
            AND p.post_type = 'product_variation'
            AND p.post_status IN ('publish', 'private')
         AND EXISTS (
                    SELECT 1 FROM wpgsm_woocommerce_order_itemmeta oim
                    WHERE oim.meta_key = %s
                    AND oim.meta_value = %s
                    AND oim.order_item_id = p.ID
                )
[17-Sep-2024 16:30:01 UTC] Params: Array
(
    [0] => 989
    [1] => attribute_pa_color
    [2] => bois
)

[17-Sep-2024 16:30:01 UTC] Variations trouvées: Array
(
)

[17-Sep-2024 16:30:01 UTC] Création de la variation pour le produit ID: 989
[17-Sep-2024 16:30:01 UTC] Création variation pour produit 989 avec SKU CX1477-40
[17-Sep-2024 16:30:01 UTC] Attributs: Array
(
    [pa_color] => bois
    [pa_size] => 
)

[17-Sep-2024 16:30:01 UTC] Stock: 2365
[17-Sep-2024 16:30:01 UTC] Prix: 6,86
[17-Sep-2024 16:30:01 UTC] Variation créée avec succès pour produit 989
[17-Sep-2024 16:30:01 UTC] Couleur attribuée: Bois
[17-Sep-2024 16:30:01 UTC] Taille attribuée: 
[17-Sep-2024 16:30:01 UTC] Term color trouvé: oui
[17-Sep-2024 16:30:01 UTC] Term size trouvé: non
[17-Sep-2024 16:30:01 UTC] SKU: CX1478-40
[17-Sep-2024 16:30:01 UTC] Requête SQL: 
            SELECT p.ID FROM wpgsm_posts p
            WHERE p.post_parent = %d 
            AND p.post_type = 'product_variation'
            AND p.post_status IN ('publish', 'private')
         AND EXISTS (
                    SELECT 1 FROM wpgsm_woocommerce_order_itemmeta oim
                    WHERE oim.meta_key = %s
                    AND oim.meta_value = %s
                    AND oim.order_item_id = p.ID
                )
[17-Sep-2024 16:30:01 UTC] Params: Array
(
    [0] => 990
    [1] => attribute_pa_color
    [2] => bois
)

[17-Sep-2024 16:30:01 UTC] Variations trouvées: Array
(
)

[17-Sep-2024 16:30:01 UTC] Création de la variation pour le produit ID: 990
[17-Sep-2024 16:30:01 UTC] Création variation pour produit 990 avec SKU CX1478-40
[17-Sep-2024 16:30:01 UTC] Attributs: Array
(
    [pa_color] => bois
    [pa_size] => 
)

[17-Sep-2024 16:30:01 UTC] Stock: 6984
[17-Sep-2024 16:30:01 UTC] Prix: 2,29
[17-Sep-2024 16:30:01 UTC] Variation créée avec succès pour produit 1213
[17-Sep-2024 16:30:01 UTC] Couleur attribuée: Turquoise
[17-Sep-2024 16:30:01 UTC] Taille attribuée: 
[17-Sep-2024 16:30:01 UTC] Term color trouvé: oui
[17-Sep-2024 16:30:01 UTC] Term size trouvé: non
[17-Sep-2024 16:30:01 UTC] SKU: MO1001c-12-16G
[17-Sep-2024 16:30:01 UTC] Requête SQL: 
            SELECT p.ID FROM wpgsm_posts p
            WHERE p.post_parent = %d 
            AND p.post_type = 'product_variation'
            AND p.post_status IN ('publish', 'private')
         AND EXISTS (
                SELECT 1 FROM wpgsm_woocommerce_order_itemmeta oim
                WHERE oim.meta_key = %s
                AND oim.meta_value = %s
                AND oim.order_item_id = p.ID
            ) AND EXISTS (
                SELECT 1 FROM wpgsm_woocommerce_order_itemmeta oim
                WHERE oim.meta_key = %s
                AND oim.meta_value = %s
                AND oim.order_item_id = p.ID
            )
[17-Sep-2024 16:30:01 UTC] Params: Array
(
    [0] => 1213
    [1] => attribute_pa_color
    [2] => turquoise
    [3] => attribute_pa_size
    [4] => 
)

[17-Sep-2024 16:30:01 UTC] Variations trouvées: Array
(
)

[17-Sep-2024 16:30:01 UTC] Création de la variation pour le produit ID: 1213
[17-Sep-2024 16:30:01 UTC] Création variation pour produit 1213 avec SKU MO1001c-12-16G
[17-Sep-2024 16:30:01 UTC] Attributs: Array
(
    [pa_color] => turquoise
    [pa_size] => 
)

[17-Sep-2024 16:30:01 UTC] Stock: 
[17-Sep-2024 16:30:01 UTC] Prix: 
[17-Sep-2024 16:30:01 UTC] Variation créée avec succès pour produit 990
[17-Sep-2024 16:30:01 UTC] Couleur attribuée: Rouge
[17-Sep-2024 16:30:01 UTC] Taille attribuée: 
[17-Sep-2024 16:30:01 UTC] Term color trouvé: oui
[17-Sep-2024 16:30:01 UTC] Term size trouvé: non
[17-Sep-2024 16:30:01 UTC] SKU: CX1479-05
[17-Sep-2024 16:30:01 UTC] Requête SQL: 
            SELECT p.ID FROM wpgsm_posts p
            WHERE p.post_parent = %d 
            AND p.post_type = 'product_variation'
            AND p.post_status IN ('publish', 'private')
         AND EXISTS (
                    SELECT 1 FROM wpgsm_woocommerce_order_itemmeta oim
                    WHERE oim.meta_key = %s
                    AND oim.meta_value = %s
                    AND oim.order_item_id = p.ID
                )
[17-Sep-2024 16:30:01 UTC] Params: Array
(
    [0] => 991
    [1] => attribute_pa_color
    [2] => rouge
)

[17-Sep-2024 16:30:01 UTC] Variations trouvées: Array
(
)

[17-Sep-2024 16:30:01 UTC] Création de la variation pour le produit ID: 991
[17-Sep-2024 16:30:01 UTC] Création variation pour produit 991 avec SKU CX1479-05
[17-Sep-2024 16:30:01 UTC] Attributs: Array
(
    [pa_color] => rouge
    [pa_size] => 
)

[17-Sep-2024 16:30:01 UTC] Stock: 16136
[17-Sep-2024 16:30:01 UTC] Prix: 0,79
[17-Sep-2024 16:30:01 UTC] Variation créée avec succès pour produit 991
[17-Sep-2024 16:30:01 UTC] Couleur attribuée: Gris
[17-Sep-2024 16:30:01 UTC] Taille attribuée: 
[17-Sep-2024 16:30:01 UTC] Term color trouvé: oui
[17-Sep-2024 16:30:01 UTC] Term size trouvé: non
[17-Sep-2024 16:30:01 UTC] SKU: CX1479-07
[17-Sep-2024 16:30:01 UTC] Requête SQL: 
            SELECT p.ID FROM wpgsm_posts p
            WHERE p.post_parent = %d 
            AND p.post_type = 'product_variation'
            AND p.post_status IN ('publish', 'private')
         AND EXISTS (
                    SELECT 1 FROM wpgsm_woocommerce_order_itemmeta oim
                    WHERE oim.meta_key = %s
                    AND oim.meta_value = %s
                    AND oim.order_item_id = p.ID
                )
[17-Sep-2024 16:30:01 UTC] Params: Array
(
    [0] => 991
    [1] => attribute_pa_color
    [2] => gris
)

[17-Sep-2024 16:30:01 UTC] Variations trouvées: Array
(
)

[17-Sep-2024 16:30:01 UTC] Création de la variation pour le produit ID: 991
[17-Sep-2024 16:30:01 UTC] Création variation pour produit 991 avec SKU CX1479-07
[17-Sep-2024 16:30:01 UTC] Attributs: Array
(
    [pa_color] => gris
    [pa_size] => 
)

[17-Sep-2024 16:30:01 UTC] Stock: 6343
[17-Sep-2024 16:30:01 UTC] Prix: 0,79
[17-Sep-2024 16:30:01 UTC] Variation créée avec succès pour produit 991
[17-Sep-2024 16:30:01 UTC] Couleur attribuée: Vert
[17-Sep-2024 16:30:01 UTC] Taille attribuée: 
[17-Sep-2024 16:30:01 UTC] Term color trouvé: oui
[17-Sep-2024 16:30:01 UTC] Term size trouvé: non
[17-Sep-2024 16:30:01 UTC] SKU: CX1479-09
[17-Sep-2024 16:30:01 UTC] Requête SQL: 
            SELECT p.ID FROM wpgsm_posts p
            WHERE p.post_parent = %d 
            AND p.post_type = 'product_variation'
            AND p.post_status IN ('publish', 'private')
         AND EXISTS (
                    SELECT 1 FROM wpgsm_woocommerce_order_itemmeta oim
                    WHERE oim.meta_key = %s
                    AND oim.meta_value = %s
                    AND oim.order_item_id = p.ID
                )
[17-Sep-2024 16:30:01 UTC] Params: Array
(
    [0] => 991
    [1] => attribute_pa_color
    [2] => vert
)

[17-Sep-2024 16:30:01 UTC] Variations trouvées: Array
(
)

[17-Sep-2024 16:30:01 UTC] Création de la variation pour le produit ID: 991
[17-Sep-2024 16:30:01 UTC] Création variation pour produit 991 avec SKU CX1479-09
[17-Sep-2024 16:30:01 UTC] Attributs: Array
(
    [pa_color] => vert
    [pa_size] => 
)

[17-Sep-2024 16:30:01 UTC] Stock: 8223
[17-Sep-2024 16:30:01 UTC] Prix: 0,79
[17-Sep-2024 16:30:01 UTC] Variation créée avec succès pour produit 991
[17-Sep-2024 16:30:01 UTC] Couleur attribuée: Rouge
[17-Sep-2024 16:30:01 UTC] Taille attribuée: 
[17-Sep-2024 16:30:01 UTC] Term color trouvé: oui
[17-Sep-2024 16:30:01 UTC] Term size trouvé: non
[17-Sep-2024 16:30:01 UTC] SKU: CX1480-05
[17-Sep-2024 16:30:01 UTC] Requête SQL: 
            SELECT p.ID FROM wpgsm_posts p
            WHERE p.post_parent = %d 
            AND p.post_type = 'product_variation'
            AND p.post_status IN ('publish', 'private')
         AND EXISTS (
                    SELECT 1 FROM wpgsm_woocommerce_order_itemmeta oim
                    WHERE oim.meta_key = %s
                    AND oim.meta_value = %s
                    AND oim.order_item_id = p.ID
                )
[17-Sep-2024 16:30:01 UTC] Params: Array
(
    [0] => 992
    [1] => attribute_pa_color
    [2] => rouge
)

[17-Sep-2024 16:30:01 UTC] Variations trouvées: Array
(
)

[17-Sep-2024 16:30:01 UTC] Création de la variation pour le produit ID: 992
[17-Sep-2024 16:30:01 UTC] Création variation pour produit 992 avec SKU CX1480-05
[17-Sep-2024 16:30:01 UTC] Attributs: Array
(
    [pa_color] => rouge
    [pa_size] => 
)

[17-Sep-2024 16:30:01 UTC] Stock: 23470
[17-Sep-2024 16:30:01 UTC] Prix: 0,47
[17-Sep-2024 16:30:01 UTC] Variation créée avec succès pour produit 992
[17-Sep-2024 16:30:01 UTC] Couleur attribuée: Vert
[17-Sep-2024 16:30:01 UTC] Taille attribuée: 
[17-Sep-2024 16:30:01 UTC] Term color trouvé: oui
[17-Sep-2024 16:30:01 UTC] Term size trouvé: non
[17-Sep-2024 16:30:01 UTC] SKU: CX1480-09
[17-Sep-2024 16:30:01 UTC] Requête SQL: 
            SELECT p.ID FROM wpgsm_posts p
            WHERE p.post_parent = %d 
            AND p.post_type = 'product_variation'
            AND p.post_status IN ('publish', 'private')
         AND EXISTS (
                    SELECT 1 FROM wpgsm_woocommerce_order_itemmeta oim
                    WHERE oim.meta_key = %s
                    AND oim.meta_value = %s
                    AND oim.order_item_id = p.ID
                )
[17-Sep-2024 16:30:01 UTC] Params: Array
(
    [0] => 992
    [1] => attribute_pa_color
    [2] => vert
)

[17-Sep-2024 16:30:01 UTC] Variations trouvées: Array
(
)

[17-Sep-2024 16:30:01 UTC] Création de la variation pour le produit ID: 992
[17-Sep-2024 16:30:01 UTC] Création variation pour produit 992 avec SKU CX1480-09
[17-Sep-2024 16:30:01 UTC] Attributs: Array
(
    [pa_color] => vert
    [pa_size] => 
)

[17-Sep-2024 16:30:01 UTC] Stock: 7753
[17-Sep-2024 16:30:01 UTC] Prix: 0,47
[17-Sep-2024 16:30:01 UTC] Variation créée avec succès pour produit 992
[17-Sep-2024 16:30:01 UTC] Couleur attribuée: Bois
[17-Sep-2024 16:30:01 UTC] Taille attribuée: 
[17-Sep-2024 16:30:01 UTC] Term color trouvé: oui
[17-Sep-2024 16:30:01 UTC] Term size trouvé: non
[17-Sep-2024 16:30:01 UTC] SKU: CX1481-40
[17-Sep-2024 16:30:01 UTC] Requête SQL: 
            SELECT p.ID FROM wpgsm_posts p
            WHERE p.post_parent = %d 
            AND p.post_type = 'product_variation'
            AND p.post_status IN ('publish', 'private')
         AND EXISTS (
                    SELECT 1 FROM wpgsm_woocommerce_order_itemmeta oim
                    WHERE oim.meta_key = %s
                    AND oim.meta_value = %s
                    AND oim.order_item_id = p.ID
                )
[17-Sep-2024 16:30:01 UTC] Params: Array
(
    [0] => 993
    [1] => attribute_pa_color
    [2] => bois
)

[17-Sep-2024 16:30:01 UTC] Variations trouvées: Array
(
)

[17-Sep-2024 16:30:01 UTC] Création de la variation pour le produit ID: 993
[17-Sep-2024 16:30:01 UTC] Création variation pour produit 993 avec SKU CX1481-40
[17-Sep-2024 16:30:01 UTC] Attributs: Array
(
    [pa_color] => bois
    [pa_size] => 
)

[17-Sep-2024 16:30:01 UTC] Stock: 8043
[17-Sep-2024 16:30:01 UTC] Prix: 1,82
[17-Sep-2024 16:30:01 UTC] Variation créée avec succès pour produit 1213
[17-Sep-2024 16:30:01 UTC] Couleur attribuée: Violet
[17-Sep-2024 16:30:01 UTC] Taille attribuée: 
[17-Sep-2024 16:30:01 UTC] Variation créée avec succès pour produit 993
[17-Sep-2024 16:30:01 UTC] Term color trouvé: oui
[17-Sep-2024 16:30:01 UTC] Term size trouvé: non
[17-Sep-2024 16:30:01 UTC] SKU: MO1001c-21-16G
[17-Sep-2024 16:30:01 UTC] Requête SQL: 
            SELECT p.ID FROM wpgsm_posts p
            WHERE p.post_parent = %d 
            AND p.post_type = 'product_variation'
            AND p.post_status IN ('publish', 'private')
         AND EXISTS (
                SELECT 1 FROM wpgsm_woocommerce_order_itemmeta oim
                WHERE oim.meta_key = %s
                AND oim.meta_value = %s
                AND oim.order_item_id = p.ID
            ) AND EXISTS (
                SELECT 1 FROM wpgsm_woocommerce_order_itemmeta oim
                WHERE oim.meta_key = %s
                AND oim.meta_value = %s
                AND oim.order_item_id = p.ID
            )
[17-Sep-2024 16:30:01 UTC] Params: Array
(
    [0] => 1213
    [1] => attribute_pa_color
    [2] => violet
    [3] => attribute_pa_size
    [4] => 
)

[17-Sep-2024 16:30:01 UTC] Variations trouvées: Array
(
)

[17-Sep-2024 16:30:01 UTC] Création de la variation pour le produit ID: 1213
[17-Sep-2024 16:30:01 UTC] Couleur attribuée: Rouge
[17-Sep-2024 16:30:01 UTC] Taille attribuée: 
[17-Sep-2024 16:30:01 UTC] Term color trouvé: oui
[17-Sep-2024 16:30:01 UTC] Term size trouvé: non
[17-Sep-2024 16:30:01 UTC] SKU: CX1481-05
[17-Sep-2024 16:30:01 UTC] Requête SQL: 
            SELECT p.ID FROM wpgsm_posts p
            WHERE p.post_parent = %d 
            AND p.post_type = 'product_variation'
            AND p.post_status IN ('publish', 'private')
         AND EXISTS (
                    SELECT 1 FROM wpgsm_woocommerce_order_itemmeta oim
                    WHERE oim.meta_key = %s
                    AND oim.meta_value = %s
                    AND oim.order_item_id = p.ID
                )
[17-Sep-2024 16:30:01 UTC] Params: Array
(
    [0] => 993
    [1] => attribute_pa_color
    [2] => rouge
)

[17-Sep-2024 16:30:01 UTC] Variations trouvées: Array
(
)

[17-Sep-2024 16:30:01 UTC] Création de la variation pour le produit ID: 993
[17-Sep-2024 16:30:01 UTC] Création variation pour produit 993 avec SKU CX1481-05
[17-Sep-2024 16:30:01 UTC] Attributs: Array
(
    [pa_color] => rouge
    [pa_size] => 
)

[17-Sep-2024 16:30:01 UTC] Stock: 3748
[17-Sep-2024 16:30:01 UTC] Prix: 1,82
[17-Sep-2024 16:30:01 UTC] Création variation pour produit 1213 avec SKU MO1001c-21-16G
[17-Sep-2024 16:30:01 UTC] Attributs: Array
(
    [pa_color] => violet
    [pa_size] => 
)

[17-Sep-2024 16:30:01 UTC] Stock: 
[17-Sep-2024 16:30:01 UTC] Prix: 
[17-Sep-2024 16:30:02 UTC] Variation créée avec succès pour produit 993
[17-Sep-2024 16:30:02 UTC] Couleur attribuée: Or
[17-Sep-2024 16:30:02 UTC] Taille attribuée: 
[17-Sep-2024 16:30:02 UTC] Term color trouvé: oui
[17-Sep-2024 16:30:02 UTC] Term size trouvé: non
[17-Sep-2024 16:30:02 UTC] SKU: CX1481-98
[17-Sep-2024 16:30:02 UTC] Requête SQL: 
            SELECT p.ID FROM wpgsm_posts p
            WHERE p.post_parent = %d 
            AND p.post_type = 'product_variation'
            AND p.post_status IN ('publish', 'private')
         AND EXISTS (
                    SELECT 1 FROM wpgsm_woocommerce_order_itemmeta oim
                    WHERE oim.meta_key = %s
                    AND oim.meta_value = %s
                    AND oim.order_item_id = p.ID
                )
[17-Sep-2024 16:30:02 UTC] Params: Array
(
    [0] => 993
    [1] => attribute_pa_color
    [2] => or
)

[17-Sep-2024 16:30:02 UTC] Variations trouvées: Array
(
)

[17-Sep-2024 16:30:02 UTC] Création de la variation pour le produit ID: 993
[17-Sep-2024 16:30:02 UTC] Création variation pour produit 993 avec SKU CX1481-98
[17-Sep-2024 16:30:02 UTC] Attributs: Array
(
    [pa_color] => or
    [pa_size] => 
)

[17-Sep-2024 16:30:02 UTC] Stock: 2418
[17-Sep-2024 16:30:02 UTC] Prix: 1,82
[17-Sep-2024 16:30:02 UTC] Variation créée avec succès pour produit 993
[17-Sep-2024 16:30:02 UTC] Couleur attribuée: Gris
[17-Sep-2024 16:30:02 UTC] Taille attribuée: 
[17-Sep-2024 16:30:02 UTC] Term color trouvé: oui
[17-Sep-2024 16:30:02 UTC] Term size trouvé: non
[17-Sep-2024 16:30:02 UTC] SKU: CX1481-07
[17-Sep-2024 16:30:02 UTC] Requête SQL: 
            SELECT p.ID FROM wpgsm_posts p
            WHERE p.post_parent = %d 
            AND p.post_type = 'product_variation'
            AND p.post_status IN ('publish', 'private')
         AND EXISTS (
                    SELECT 1 FROM wpgsm_woocommerce_order_itemmeta oim
                    WHERE oim.meta_key = %s
                    AND oim.meta_value = %s
                    AND oim.order_item_id = p.ID
                )
[17-Sep-2024 16:30:02 UTC] Params: Array
(
    [0] => 993
    [1] => attribute_pa_color
    [2] => gris
)

[17-Sep-2024 16:30:02 UTC] Variations trouvées: Array
(
)

[17-Sep-2024 16:30:02 UTC] Création de la variation pour le produit ID: 993
[17-Sep-2024 16:30:02 UTC] Création variation pour produit 993 avec SKU CX1481-07
[17-Sep-2024 16:30:02 UTC] Attributs: Array
(
    [pa_color] => gris
    [pa_size] => 
)

[17-Sep-2024 16:30:02 UTC] Stock: 3000
[17-Sep-2024 16:30:02 UTC] Prix: 1,82
[17-Sep-2024 16:30:02 UTC] Variation créée avec succès pour produit 993
[17-Sep-2024 16:30:02 UTC] Couleur attribuée: Rouge
[17-Sep-2024 16:30:02 UTC] Taille attribuée: 
[17-Sep-2024 16:30:02 UTC] Term color trouvé: oui
[17-Sep-2024 16:30:02 UTC] Term size trouvé: non
[17-Sep-2024 16:30:02 UTC] SKU: CX1482-05
[17-Sep-2024 16:30:02 UTC] Requête SQL: 
            SELECT p.ID FROM wpgsm_posts p
            WHERE p.post_parent = %d 
            AND p.post_type = 'product_variation'
            AND p.post_status IN ('publish', 'private')
         AND EXISTS (
                    SELECT 1 FROM wpgsm_woocommerce_order_itemmeta oim
                    WHERE oim.meta_key = %s
                    AND oim.meta_value = %s
                    AND oim.order_item_id = p.ID
                )
[17-Sep-2024 16:30:02 UTC] Params: Array
(
    [0] => 994
    [1] => attribute_pa_color
    [2] => rouge
)

[17-Sep-2024 16:30:02 UTC] Variations trouvées: Array
(
)

[17-Sep-2024 16:30:02 UTC] Création de la variation pour le produit ID: 994
[17-Sep-2024 16:30:02 UTC] Création variation pour produit 994 avec SKU CX1482-05
[17-Sep-2024 16:30:02 UTC] Attributs: Array
(
    [pa_color] => rouge
    [pa_size] => 
)

[17-Sep-2024 16:30:02 UTC] Stock: 5112
[17-Sep-2024 16:30:02 UTC] Prix: 3,54
[17-Sep-2024 16:30:02 UTC] Variation créée avec succès pour produit 994
