[17-Sep-2024 15:23:54 UTC] create_variation_product_idproduct_id334
[17-Sep-2024 15:23:54 UTC] create_stock:2190
[17-Sep-2024 15:23:54 UTC] create_price:3,85
[17-Sep-2024 15:23:54 UTC] create_variation_product_idproduct_id953
[17-Sep-2024 15:23:54 UTC] create_stock:6103
[17-Sep-2024 15:23:54 UTC] create_price:3,55
[17-Sep-2024 15:23:54 UTC] create_variation_product_idproduct_id954
[17-Sep-2024 15:23:54 UTC] create_stock:1372
[17-Sep-2024 15:23:54 UTC] create_price:41,16
[17-Sep-2024 15:23:54 UTC] create_variation_product_idproduct_id955
[17-Sep-2024 15:23:54 UTC] create_stock:10762
[17-Sep-2024 15:23:54 UTC] create_price:1,41
[17-Sep-2024 15:23:54 UTC] create_variation_product_idproduct_id956
[17-Sep-2024 15:23:54 UTC] create_stock:31994
[17-Sep-2024 15:23:54 UTC] create_price:1,20
[17-Sep-2024 15:23:55 UTC] create_variation_product_idproduct_id956
[17-Sep-2024 15:23:55 UTC] create_stock:25385
[17-Sep-2024 15:23:55 UTC] create_price:1,20
[17-Sep-2024 15:23:55 UTC] create_variation_product_idproduct_id956
[17-Sep-2024 15:23:55 UTC] create_stock:8391
[17-Sep-2024 15:23:55 UTC] create_price:1,20
[17-Sep-2024 15:23:55 UTC] create_variation_product_idproduct_id956
[17-Sep-2024 15:23:55 UTC] create_stock:9126
[17-Sep-2024 15:23:55 UTC] create_price:1,20
[17-Sep-2024 15:23:56 UTC] create_variation_product_idproduct_id956
[17-Sep-2024 15:23:56 UTC] create_stock:7292
[17-Sep-2024 15:23:56 UTC] create_price:1,20
[17-Sep-2024 15:23:56 UTC] create_variation_product_idproduct_id956
[17-Sep-2024 15:23:56 UTC] create_stock:25
[17-Sep-2024 15:23:56 UTC] create_price:1,20
[17-Sep-2024 15:23:56 UTC] create_variation_product_idproduct_id956
[17-Sep-2024 15:23:56 UTC] create_stock:951
[17-Sep-2024 15:23:56 UTC] create_price:1,20
[17-Sep-2024 15:23:56 UTC] create_variation_product_idproduct_id956
[17-Sep-2024 15:23:56 UTC] create_stock:2160
[17-Sep-2024 15:23:56 UTC] create_price:1,20
[17-Sep-2024 15:23:56 UTC] create_variation_product_idproduct_id957
[17-Sep-2024 15:23:56 UTC] create_stock:34
[17-Sep-2024 15:23:56 UTC] create_price:7,66
[17-Sep-2024 15:23:57 UTC] create_variation_product_idproduct_id958
[17-Sep-2024 15:23:57 UTC] create_stock:5236
[17-Sep-2024 15:23:57 UTC] create_price:0,35
[17-Sep-2024 15:23:57 UTC] create_variation_product_idproduct_id959
[17-Sep-2024 15:23:57 UTC] create_stock:97326
[17-Sep-2024 15:23:57 UTC] create_price:0,25
[17-Sep-2024 15:23:57 UTC] create_variation_product_idproduct_id960
[17-Sep-2024 15:23:57 UTC] create_stock:8573
[17-Sep-2024 15:23:57 UTC] create_price:2,60
[17-Sep-2024 15:23:57 UTC] create_variation_product_idproduct_id961
[17-Sep-2024 15:23:57 UTC] create_stock:9971
[17-Sep-2024 15:23:57 UTC] create_price:2,55
[17-Sep-2024 15:23:57 UTC] create_variation_product_idproduct_id962
[17-Sep-2024 15:23:57 UTC] create_stock:56177
[17-Sep-2024 15:23:57 UTC] create_price:0,42
[17-Sep-2024 15:23:58 UTC] create_variation_product_idproduct_id963
[17-Sep-2024 15:23:58 UTC] create_stock:31536
[17-Sep-2024 15:23:58 UTC] create_price:0,95
[17-Sep-2024 15:23:58 UTC] create_variation_product_idproduct_id964
[17-Sep-2024 15:23:58 UTC] create_stock:9949
[17-Sep-2024 15:23:58 UTC] create_price:3,08
[17-Sep-2024 15:23:58 UTC] Erreur lors de l'exécution de la tâche cron : cURL error 28: Operation timed out after 15001 milliseconds with 0 bytes received
[17-Sep-2024 15:23:58 UTC] create_variation_product_idproduct_id965
[17-Sep-2024 15:23:58 UTC] create_stock:14229
[17-Sep-2024 15:23:58 UTC] create_price:1,36
[17-Sep-2024 15:23:58 UTC] create_variation_product_idproduct_id966
[17-Sep-2024 15:23:58 UTC] create_stock:9753
[17-Sep-2024 15:23:58 UTC] create_price:1,36
[17-Sep-2024 15:23:58 UTC] create_variation_product_idproduct_id967
[17-Sep-2024 15:23:58 UTC] create_stock:38231
[17-Sep-2024 15:23:58 UTC] create_price:0,73
[17-Sep-2024 15:23:59 UTC] create_variation_product_idproduct_id968
[17-Sep-2024 15:23:59 UTC] create_stock:31946
[17-Sep-2024 15:23:59 UTC] create_price:0,32
[17-Sep-2024 15:23:59 UTC] create_variation_product_idproduct_id969
[17-Sep-2024 15:23:59 UTC] create_stock:0
[17-Sep-2024 15:23:59 UTC] create_price:0,41
[17-Sep-2024 15:24:00 UTC] create_variation_product_idproduct_id970
[17-Sep-2024 15:24:00 UTC] create_stock:0
[17-Sep-2024 15:24:00 UTC] create_price:0,63
[17-Sep-2024 15:24:02 UTC] create_variation_product_idproduct_id971
[17-Sep-2024 15:24:02 UTC] create_stock:0
[17-Sep-2024 15:24:02 UTC] create_price:0,73
[17-Sep-2024 15:24:03 UTC] create_variation_product_idproduct_id972
[17-Sep-2024 15:24:03 UTC] create_stock:14922
[17-Sep-2024 15:24:03 UTC] create_price:0,61
[17-Sep-2024 15:24:04 UTC] create_variation_product_idproduct_id973
[17-Sep-2024 15:24:04 UTC] create_stock:14378
[17-Sep-2024 15:24:04 UTC] create_price:0,61
[17-Sep-2024 15:24:04 UTC] create_variation_product_idproduct_id974
[17-Sep-2024 15:24:04 UTC] create_stock:27471
[17-Sep-2024 15:24:04 UTC] create_price:1,16
[17-Sep-2024 15:24:04 UTC] create_variation_product_idproduct_id975
[17-Sep-2024 15:24:04 UTC] create_stock:19485
[17-Sep-2024 15:24:04 UTC] create_price:1,11
[17-Sep-2024 15:24:04 UTC] create_variation_product_idproduct_id976
[17-Sep-2024 15:24:04 UTC] create_stock:5599
[17-Sep-2024 15:24:04 UTC] create_price:5,76
[17-Sep-2024 15:24:04 UTC] create_variation_product_idproduct_id977
[17-Sep-2024 15:24:04 UTC] create_stock:9893
[17-Sep-2024 15:24:04 UTC] create_price:1,67
[17-Sep-2024 15:24:04 UTC] create_variation_product_idproduct_id977
[17-Sep-2024 15:24:04 UTC] create_stock:9057
[17-Sep-2024 15:24:04 UTC] create_price:1,67
[17-Sep-2024 15:24:05 UTC] create_variation_product_idproduct_id978
[17-Sep-2024 15:24:05 UTC] create_stock:7763
[17-Sep-2024 15:24:05 UTC] create_price:5,49
[17-Sep-2024 15:24:05 UTC] create_variation_product_idproduct_id979
[17-Sep-2024 15:24:05 UTC] create_stock:289
[17-Sep-2024 15:24:05 UTC] create_price:5,23
[17-Sep-2024 15:24:05 UTC] create_variation_product_idproduct_id980
[17-Sep-2024 15:24:05 UTC] create_stock:20588
[17-Sep-2024 15:24:05 UTC] create_price:2,60
[17-Sep-2024 15:24:05 UTC] create_variation_product_idproduct_id981
[17-Sep-2024 15:24:05 UTC] create_stock:10049
[17-Sep-2024 15:24:05 UTC] create_price:1,16
[17-Sep-2024 15:24:05 UTC] create_variation_product_idproduct_id982
[17-Sep-2024 15:24:05 UTC] create_stock:10817
[17-Sep-2024 15:24:05 UTC] create_price:1,27
[17-Sep-2024 15:24:05 UTC] create_variation_product_idproduct_id982
[17-Sep-2024 15:24:05 UTC] create_stock:17810
[17-Sep-2024 15:24:05 UTC] create_price:1,27
[17-Sep-2024 15:24:06 UTC] create_variation_product_idproduct_id982
[17-Sep-2024 15:24:06 UTC] create_stock:14494
[17-Sep-2024 15:24:06 UTC] create_price:1,27
[17-Sep-2024 15:24:06 UTC] create_variation_product_idproduct_id983
[17-Sep-2024 15:24:06 UTC] create_stock:15765
[17-Sep-2024 15:24:06 UTC] create_price:1,93
[17-Sep-2024 15:24:06 UTC] create_variation_product_idproduct_id983
[17-Sep-2024 15:24:06 UTC] create_stock:15755
[17-Sep-2024 15:24:06 UTC] create_price:1,93
[17-Sep-2024 15:24:06 UTC] create_variation_product_idproduct_id984
[17-Sep-2024 15:24:06 UTC] create_stock:14989
[17-Sep-2024 15:24:06 UTC] create_price:1,28
[17-Sep-2024 15:24:06 UTC] create_variation_product_idproduct_id985
[17-Sep-2024 15:24:06 UTC] create_stock:96803
[17-Sep-2024 15:24:06 UTC] create_price:0,17
[17-Sep-2024 15:24:06 UTC] create_variation_product_idproduct_id986
[17-Sep-2024 15:24:06 UTC] create_stock:49702
[17-Sep-2024 15:24:06 UTC] create_price:0,17
[17-Sep-2024 15:24:07 UTC] create_variation_product_idproduct_id987
[17-Sep-2024 15:24:07 UTC] create_stock:47711
[17-Sep-2024 15:24:07 UTC] create_price:0,17
[17-Sep-2024 15:24:07 UTC] create_variation_product_idproduct_id988
[17-Sep-2024 15:24:07 UTC] create_stock:51106
[17-Sep-2024 15:24:07 UTC] create_price:0,17
[17-Sep-2024 15:24:07 UTC] create_variation_product_idproduct_id989
[17-Sep-2024 15:24:07 UTC] create_stock:2365
[17-Sep-2024 15:24:07 UTC] create_price:6,86
[17-Sep-2024 15:24:07 UTC] create_variation_product_idproduct_id990
[17-Sep-2024 15:24:07 UTC] create_stock:6984
[17-Sep-2024 15:24:07 UTC] create_price:2,29
[17-Sep-2024 15:24:07 UTC] create_variation_product_idproduct_id991
[17-Sep-2024 15:24:07 UTC] create_stock:16137
[17-Sep-2024 15:24:07 UTC] create_price:0,79
[17-Sep-2024 15:24:07 UTC] create_variation_product_idproduct_id991
[17-Sep-2024 15:24:07 UTC] create_stock:6344
[17-Sep-2024 15:24:07 UTC] create_price:0,79
[17-Sep-2024 15:24:08 UTC] create_variation_product_idproduct_id991
[17-Sep-2024 15:24:08 UTC] create_stock:8224
[17-Sep-2024 15:24:08 UTC] create_price:0,79
[17-Sep-2024 15:24:08 UTC] create_variation_product_idproduct_id992
[17-Sep-2024 15:24:08 UTC] create_stock:23471
[17-Sep-2024 15:24:08 UTC] create_price:0,47
[17-Sep-2024 15:24:08 UTC] create_variation_product_idproduct_id992
[17-Sep-2024 15:24:08 UTC] create_stock:7754
[17-Sep-2024 15:24:08 UTC] create_price:0,47
[17-Sep-2024 15:24:08 UTC] create_variation_product_idproduct_id993
[17-Sep-2024 15:24:08 UTC] create_stock:8043
[17-Sep-2024 15:24:08 UTC] create_price:1,82
[17-Sep-2024 15:24:08 UTC] create_variation_product_idproduct_id993
[17-Sep-2024 15:24:08 UTC] create_stock:3748
[17-Sep-2024 15:24:08 UTC] create_price:1,82
[17-Sep-2024 15:24:09 UTC] create_variation_product_idproduct_id993
[17-Sep-2024 15:24:09 UTC] create_stock:2878
[17-Sep-2024 15:24:09 UTC] create_price:1,82
[17-Sep-2024 15:24:09 UTC] create_variation_product_idproduct_id993
[17-Sep-2024 15:24:09 UTC] create_stock:3000
[17-Sep-2024 15:24:09 UTC] create_price:1,82
[17-Sep-2024 15:24:09 UTC] create_variation_product_idproduct_id994
[17-Sep-2024 15:24:09 UTC] create_stock:5112
[17-Sep-2024 15:24:09 UTC] create_price:3,54
[17-Sep-2024 15:24:09 UTC] create_variation_product_idproduct_id995
[17-Sep-2024 15:24:09 UTC] create_stock:7125
[17-Sep-2024 15:24:09 UTC] create_price:1,80
[17-Sep-2024 15:24:09 UTC] create_variation_product_idproduct_id996
[17-Sep-2024 15:24:09 UTC] create_stock:1165
[17-Sep-2024 15:24:09 UTC] create_price:10,00
[17-Sep-2024 15:24:09 UTC] create_variation_product_idproduct_id997
[17-Sep-2024 15:24:09 UTC] create_stock:2301
[17-Sep-2024 15:24:09 UTC] create_price:0,62
[17-Sep-2024 15:24:10 UTC] create_variation_product_idproduct_id998
[17-Sep-2024 15:24:10 UTC] create_stock:2332
[17-Sep-2024 15:24:10 UTC] create_price:0,62
[17-Sep-2024 15:24:10 UTC] create_variation_product_idproduct_id999
[17-Sep-2024 15:24:10 UTC] create_stock:1495
[17-Sep-2024 15:24:10 UTC] create_price:1,99
[17-Sep-2024 15:24:10 UTC] create_variation_product_idproduct_id999
[17-Sep-2024 15:24:10 UTC] create_stock:1672
[17-Sep-2024 15:24:10 UTC] create_price:1,99
[17-Sep-2024 15:24:10 UTC] create_variation_product_idproduct_id1000
[17-Sep-2024 15:24:10 UTC] create_stock:2190
[17-Sep-2024 15:24:10 UTC] create_price:1,57
[17-Sep-2024 15:24:10 UTC] create_variation_product_idproduct_id1001
[17-Sep-2024 15:24:10 UTC] create_stock:2274
[17-Sep-2024 15:24:10 UTC] create_price:4,14
[17-Sep-2024 15:24:10 UTC] create_variation_product_idproduct_id1002
[17-Sep-2024 15:24:10 UTC] create_stock:5001
[17-Sep-2024 15:24:10 UTC] create_price:7,34
[17-Sep-2024 15:24:11 UTC] create_variation_product_idproduct_id1003
[17-Sep-2024 15:24:11 UTC] create_stock:8889
[17-Sep-2024 15:24:11 UTC] create_price:3,11
[17-Sep-2024 15:24:11 UTC] create_variation_product_idproduct_id1004
[17-Sep-2024 15:24:11 UTC] create_stock:4924
[17-Sep-2024 15:24:11 UTC] create_price:1,21
[17-Sep-2024 15:24:11 UTC] create_variation_product_idproduct_id1005
[17-Sep-2024 15:24:11 UTC] create_stock:6098
[17-Sep-2024 15:24:11 UTC] create_price:0,57
[17-Sep-2024 15:24:11 UTC] create_variation_product_idproduct_id1005
[17-Sep-2024 15:24:11 UTC] create_stock:5454
[17-Sep-2024 15:24:11 UTC] create_price:0,57
[17-Sep-2024 15:24:11 UTC] create_variation_product_idproduct_id1005
[17-Sep-2024 15:24:11 UTC] create_stock:12819
[17-Sep-2024 15:24:11 UTC] create_price:1,23
[17-Sep-2024 15:24:12 UTC] create_variation_product_idproduct_id1006
[17-Sep-2024 15:24:12 UTC] create_stock:2047
[17-Sep-2024 15:24:12 UTC] create_price:7,16
[17-Sep-2024 15:24:12 UTC] create_variation_product_idproduct_id1007
[17-Sep-2024 15:24:12 UTC] create_stock:1957
[17-Sep-2024 15:24:12 UTC] create_price:6,29
[17-Sep-2024 15:24:12 UTC] create_variation_product_idproduct_id1008
[17-Sep-2024 15:24:12 UTC] create_stock:1933
[17-Sep-2024 15:24:12 UTC] create_price:13,71
[17-Sep-2024 15:24:12 UTC] create_variation_product_idproduct_id1009
[17-Sep-2024 15:24:12 UTC] create_stock:6108
[17-Sep-2024 15:24:12 UTC] create_price:2,05
[17-Sep-2024 15:24:12 UTC] create_variation_product_idproduct_id1009
[17-Sep-2024 15:24:12 UTC] create_stock:5891
[17-Sep-2024 15:24:12 UTC] create_price:2,05
[17-Sep-2024 15:24:12 UTC] create_variation_product_idproduct_id1009
[17-Sep-2024 15:24:12 UTC] create_stock:6102
[17-Sep-2024 15:24:12 UTC] create_price:2,05
[17-Sep-2024 15:24:13 UTC] create_variation_product_idproduct_id1010
[17-Sep-2024 15:24:13 UTC] create_stock:12080
[17-Sep-2024 15:24:13 UTC] create_price:2,05
[17-Sep-2024 15:24:13 UTC] create_variation_product_idproduct_id1010
[17-Sep-2024 15:24:13 UTC] create_stock:6070
[17-Sep-2024 15:24:13 UTC] create_price:2,05
[17-Sep-2024 15:24:13 UTC] create_variation_product_idproduct_id1010
[17-Sep-2024 15:24:13 UTC] create_stock:6019
[17-Sep-2024 15:24:13 UTC] create_price:2,05
[17-Sep-2024 15:24:13 UTC] create_variation_product_idproduct_id1011
[17-Sep-2024 15:24:13 UTC] create_stock:2188
[17-Sep-2024 15:24:13 UTC] create_price:1,31
[17-Sep-2024 15:24:13 UTC] create_variation_product_idproduct_id1012
[17-Sep-2024 15:24:13 UTC] create_stock:14980
[17-Sep-2024 15:24:13 UTC] create_price:1,84
[17-Sep-2024 15:24:14 UTC] create_variation_product_idproduct_id1013
[17-Sep-2024 15:24:14 UTC] create_stock:4899
[17-Sep-2024 15:24:14 UTC] create_price:3,10
[17-Sep-2024 15:24:14 UTC] create_variation_product_idproduct_id1014
[17-Sep-2024 15:24:14 UTC] create_stock:7994
[17-Sep-2024 15:24:14 UTC] create_price:2,90
[17-Sep-2024 15:24:14 UTC] create_variation_product_idproduct_id1015
[17-Sep-2024 15:24:14 UTC] create_stock:6120
[17-Sep-2024 15:24:14 UTC] create_price:8,40
[17-Sep-2024 15:24:14 UTC] create_variation_product_idproduct_id1016
[17-Sep-2024 15:24:14 UTC] create_stock:8956
[17-Sep-2024 15:24:14 UTC] create_price:2,29
[17-Sep-2024 15:24:14 UTC] create_variation_product_idproduct_id1017
[17-Sep-2024 15:24:14 UTC] create_stock:5015
[17-Sep-2024 15:24:14 UTC] create_price:2,60
[17-Sep-2024 15:24:14 UTC] create_variation_product_idproduct_id1018
[17-Sep-2024 15:24:14 UTC] create_stock:29866
[17-Sep-2024 15:24:14 UTC] create_price:0,45
[17-Sep-2024 15:24:15 UTC] create_variation_product_idproduct_id1019
[17-Sep-2024 15:24:15 UTC] create_stock:14831
[17-Sep-2024 15:24:15 UTC] create_price:0,45
[17-Sep-2024 15:24:15 UTC] create_variation_product_idproduct_id1020
[17-Sep-2024 15:24:15 UTC] create_stock:20269
[17-Sep-2024 15:24:15 UTC] create_price:0,45
[17-Sep-2024 15:24:15 UTC] create_variation_product_idproduct_id1021
[17-Sep-2024 15:24:15 UTC] create_stock:30734
[17-Sep-2024 15:24:15 UTC] create_price:0,24
[17-Sep-2024 15:24:15 UTC] create_variation_product_idproduct_id1022
[17-Sep-2024 15:24:15 UTC] create_stock:37332
[17-Sep-2024 15:24:15 UTC] create_price:0,33
[17-Sep-2024 15:24:15 UTC] create_variation_product_idproduct_id1023
[17-Sep-2024 15:24:15 UTC] create_stock:26466
[17-Sep-2024 15:24:15 UTC] create_price:0,39
[17-Sep-2024 15:24:16 UTC] create_variation_product_idproduct_id1024
[17-Sep-2024 15:24:16 UTC] create_stock:166
[17-Sep-2024 15:24:16 UTC] create_price:14,75
[17-Sep-2024 15:24:16 UTC] create_variation_product_idproduct_id1024
[17-Sep-2024 15:24:16 UTC] create_stock:236
[17-Sep-2024 15:24:16 UTC] create_price:14,75
[17-Sep-2024 15:24:16 UTC] create_variation_product_idproduct_id1024
[17-Sep-2024 15:24:16 UTC] create_stock:266
[17-Sep-2024 15:24:16 UTC] create_price:14,75
[17-Sep-2024 15:24:16 UTC] create_variation_product_idproduct_id1025
[17-Sep-2024 15:24:16 UTC] create_stock:299
[17-Sep-2024 15:24:16 UTC] create_price:14,75
[17-Sep-2024 15:24:16 UTC] create_variation_product_idproduct_id1025
[17-Sep-2024 15:24:16 UTC] create_stock:599
[17-Sep-2024 15:24:16 UTC] create_price:14,75
[17-Sep-2024 15:24:17 UTC] create_variation_product_idproduct_id1025
[17-Sep-2024 15:24:17 UTC] create_stock:461
[17-Sep-2024 15:24:17 UTC] create_price:14,75
[17-Sep-2024 15:24:17 UTC] create_variation_product_idproduct_id1026
[17-Sep-2024 15:24:17 UTC] create_stock:2989
[17-Sep-2024 15:24:17 UTC] create_price:7,32
[17-Sep-2024 15:24:17 UTC] create_variation_product_idproduct_id1027
[17-Sep-2024 15:24:17 UTC] create_stock:3166
[17-Sep-2024 15:24:17 UTC] create_price:7,32
[17-Sep-2024 15:24:17 UTC] create_variation_product_idproduct_id1028
[17-Sep-2024 15:24:17 UTC] create_stock:19006
[17-Sep-2024 15:24:17 UTC] create_price:0,71
[17-Sep-2024 15:24:17 UTC] create_variation_product_idproduct_id1029
[17-Sep-2024 15:24:17 UTC] create_stock:9971
[17-Sep-2024 15:24:17 UTC] create_price:0,63
[17-Sep-2024 15:24:17 UTC] create_variation_product_idproduct_id1030
[17-Sep-2024 15:24:17 UTC] create_stock:0
[17-Sep-2024 15:24:17 UTC] create_price:2,37
[17-Sep-2024 15:24:19 UTC] create_variation_product_idproduct_id1031
[17-Sep-2024 15:24:19 UTC] create_stock:4699
[17-Sep-2024 15:24:19 UTC] create_price:2,88
[17-Sep-2024 15:24:19 UTC] create_variation_product_idproduct_id1032
[17-Sep-2024 15:24:19 UTC] create_stock:6989
[17-Sep-2024 15:24:19 UTC] create_price:2,98
[17-Sep-2024 15:24:19 UTC] create_variation_product_idproduct_id1032
[17-Sep-2024 15:24:19 UTC] create_stock:4981
[17-Sep-2024 15:24:19 UTC] create_price:2,98
[17-Sep-2024 15:24:19 UTC] create_variation_product_idproduct_id1032
[17-Sep-2024 15:24:19 UTC] create_stock:4860
[17-Sep-2024 15:24:19 UTC] create_price:2,98
[17-Sep-2024 15:24:19 UTC] create_variation_product_idproduct_id1033
[17-Sep-2024 15:24:19 UTC] create_stock:9396
[17-Sep-2024 15:24:19 UTC] create_price:1,66
[17-Sep-2024 15:24:20 UTC] create_variation_product_idproduct_id1034
[17-Sep-2024 15:24:20 UTC] create_stock:8712
[17-Sep-2024 15:24:20 UTC] create_price:1,66
[17-Sep-2024 15:24:20 UTC] create_variation_product_idproduct_id1035
[17-Sep-2024 15:24:20 UTC] create_stock:2274
[17-Sep-2024 15:24:20 UTC] create_price:3,64
[17-Sep-2024 15:24:20 UTC] create_variation_product_idproduct_id1036
[17-Sep-2024 15:24:20 UTC] create_stock:0
[17-Sep-2024 15:24:20 UTC] create_price:2,02
[17-Sep-2024 15:24:22 UTC] create_variation_product_idproduct_id1037
[17-Sep-2024 15:24:22 UTC] create_stock:4956
[17-Sep-2024 15:24:22 UTC] create_price:2,27
[17-Sep-2024 15:24:22 UTC] create_variation_product_idproduct_id1038
[17-Sep-2024 15:24:22 UTC] create_stock:0
[17-Sep-2024 15:24:22 UTC] create_price:0,60
[17-Sep-2024 15:24:24 UTC] create_variation_product_idproduct_id1039
[17-Sep-2024 15:24:24 UTC] create_stock:2632
[17-Sep-2024 15:24:24 UTC] create_price:2,58
[17-Sep-2024 15:24:24 UTC] create_variation_product_idproduct_id1040
[17-Sep-2024 15:24:24 UTC] create_stock:4863
[17-Sep-2024 15:24:24 UTC] create_price:3,08
[17-Sep-2024 15:24:24 UTC] create_variation_product_idproduct_id1041
[17-Sep-2024 15:24:24 UTC] create_stock:1714
[17-Sep-2024 15:24:24 UTC] create_price:4,70
[17-Sep-2024 15:24:24 UTC] create_variation_product_idproduct_id1042
[17-Sep-2024 15:24:24 UTC] create_stock:3332
[17-Sep-2024 15:24:24 UTC] create_price:3,64
[17-Sep-2024 15:24:24 UTC] create_variation_product_idproduct_id1042
[17-Sep-2024 15:24:24 UTC] create_stock:2936
[17-Sep-2024 15:24:24 UTC] create_price:3,64
[17-Sep-2024 15:24:24 UTC] create_variation_product_idproduct_id1043
[17-Sep-2024 15:24:24 UTC] create_stock:7890
[17-Sep-2024 15:24:24 UTC] create_price:1,40
[17-Sep-2024 15:24:25 UTC] create_variation_product_idproduct_id1044
[17-Sep-2024 15:24:25 UTC] create_stock:3976
[17-Sep-2024 15:24:25 UTC] create_price:2,95
[17-Sep-2024 15:24:25 UTC] create_variation_product_idproduct_id1045
[17-Sep-2024 15:24:25 UTC] create_stock:4804
[17-Sep-2024 15:24:25 UTC] create_price:1,85
[17-Sep-2024 15:24:25 UTC] create_variation_product_idproduct_id1046
[17-Sep-2024 15:24:25 UTC] create_stock:4964
[17-Sep-2024 15:24:25 UTC] create_price:2,55
[17-Sep-2024 15:24:25 UTC] create_variation_product_idproduct_id1046
[17-Sep-2024 15:24:25 UTC] create_stock:5012
[17-Sep-2024 15:24:25 UTC] create_price:2,55
[17-Sep-2024 15:24:25 UTC] create_variation_product_idproduct_id1047
[17-Sep-2024 15:24:25 UTC] create_stock:719
[17-Sep-2024 15:24:25 UTC] create_price:1,50
[17-Sep-2024 15:24:26 UTC] create_variation_product_idproduct_id1048
[17-Sep-2024 15:24:26 UTC] create_stock:746
[17-Sep-2024 15:24:26 UTC] create_price:2,55
[17-Sep-2024 15:24:26 UTC] create_variation_product_idproduct_id1049
[17-Sep-2024 15:24:26 UTC] create_stock:9940
[17-Sep-2024 15:24:26 UTC] create_price:1,30
[17-Sep-2024 15:24:26 UTC] create_variation_product_idproduct_id1050
[17-Sep-2024 15:24:26 UTC] create_stock:19151
[17-Sep-2024 15:24:26 UTC] create_price:1,02
[17-Sep-2024 15:24:26 UTC] create_variation_product_idproduct_id1051
[17-Sep-2024 15:24:26 UTC] create_stock:7979
[17-Sep-2024 15:24:26 UTC] create_price:6,00
[17-Sep-2024 15:24:26 UTC] create_variation_product_idproduct_id1051
[17-Sep-2024 15:24:26 UTC] create_stock:4392
[17-Sep-2024 15:24:26 UTC] create_price:6,00
[17-Sep-2024 15:24:26 UTC] create_variation_product_idproduct_id1052
[17-Sep-2024 15:24:26 UTC] create_stock:5805
[17-Sep-2024 15:24:26 UTC] create_price:0,30
[17-Sep-2024 15:24:27 UTC] create_variation_product_idproduct_id1052
[17-Sep-2024 15:24:27 UTC] create_stock:29179
[17-Sep-2024 15:24:27 UTC] create_price:0,30
[17-Sep-2024 15:24:27 UTC] create_variation_product_idproduct_id1053
[17-Sep-2024 15:24:27 UTC] create_stock:30
[17-Sep-2024 15:24:27 UTC] create_price:4,10
[17-Sep-2024 15:24:27 UTC] create_variation_product_idproduct_id1054
[17-Sep-2024 15:24:27 UTC] create_stock:11220
[17-Sep-2024 15:24:27 UTC] create_price:1,10
[17-Sep-2024 15:24:27 UTC] create_variation_product_idproduct_id1055
[17-Sep-2024 15:24:27 UTC] create_stock:480
[17-Sep-2024 15:24:27 UTC] create_price:18,10
[17-Sep-2024 15:24:27 UTC] create_variation_product_idproduct_id1056
[17-Sep-2024 15:24:27 UTC] create_stock:927
[17-Sep-2024 15:24:27 UTC] create_price:18,10
[17-Sep-2024 15:24:28 UTC] create_variation_product_idproduct_id1057
[17-Sep-2024 15:24:28 UTC] create_stock:6713
[17-Sep-2024 15:24:28 UTC] create_price:0,92
[17-Sep-2024 15:24:28 UTC] create_variation_product_idproduct_id1058
[17-Sep-2024 15:24:28 UTC] create_stock:19765
[17-Sep-2024 15:24:28 UTC] create_price:0,92
[17-Sep-2024 15:24:28 UTC] create_variation_product_idproduct_id1059
[17-Sep-2024 15:24:28 UTC] create_stock:5984
[17-Sep-2024 15:24:28 UTC] create_price:4,10
[17-Sep-2024 15:24:29 UTC] Aucune variations trouvées dans le tableau.
[17-Sep-2024 15:24:29 UTC] Aucune variations trouvées dans le tableau.
[17-Sep-2024 15:24:29 UTC] Aucune variations trouvées dans le tableau.
[17-Sep-2024 15:24:29 UTC] Aucune variations trouvées dans le tableau.
[17-Sep-2024 15:24:29 UTC] Aucune variations trouvées dans le tableau.
[17-Sep-2024 15:24:29 UTC] Aucune variations trouvées dans le tableau.
[17-Sep-2024 15:24:29 UTC] Aucune variations trouvées dans le tableau.
[17-Sep-2024 15:24:29 UTC] Aucune variations trouvées dans le tableau.
[17-Sep-2024 15:24:29 UTC] Aucune variations trouvées dans le tableau.
[17-Sep-2024 15:24:29 UTC] Aucune variations trouvées dans le tableau.
[17-Sep-2024 15:24:29 UTC] Aucune variations trouvées dans le tableau.
[17-Sep-2024 15:24:29 UTC] Aucune variations trouvées dans le tableau.
[17-Sep-2024 15:24:29 UTC] Aucune variations trouvées dans le tableau.
[17-Sep-2024 15:24:29 UTC] Aucune variations trouvées dans le tableau.
[17-Sep-2024 15:24:29 UTC] Aucune variations trouvées dans le tableau.
[17-Sep-2024 15:24:29 UTC] Aucune variations trouvées dans le tableau.
[17-Sep-2024 15:24:29 UTC] Aucune variations trouvées dans le tableau.
[17-Sep-2024 15:24:29 UTC] Aucune variations trouvées dans le tableau.
[17-Sep-2024 15:24:29 UTC] create_variation_product_idproduct_id1060
[17-Sep-2024 15:24:29 UTC] create_stock:2318
[17-Sep-2024 15:24:29 UTC] create_price:2,05
[17-Sep-2024 15:24:29 UTC] create_variation_product_idproduct_id1060
[17-Sep-2024 15:24:29 UTC] create_stock:0
[17-Sep-2024 15:24:29 UTC] create_price:2,05
[17-Sep-2024 15:24:31 UTC] create_variation_product_idproduct_id1060
[17-Sep-2024 15:24:31 UTC] create_stock:8412
[17-Sep-2024 15:24:31 UTC] create_price:2,05
[17-Sep-2024 15:24:31 UTC] create_variation_product_idproduct_id1061
[17-Sep-2024 15:24:31 UTC] create_stock:0
[17-Sep-2024 15:24:31 UTC] create_price:0,28
[17-Sep-2024 15:24:32 UTC] create_variation_product_idproduct_id1061
[17-Sep-2024 15:24:32 UTC] create_stock:0
[17-Sep-2024 15:24:32 UTC] create_price:0,28
[17-Sep-2024 15:24:34 UTC] create_variation_product_idproduct_id1061
[17-Sep-2024 15:24:34 UTC] create_stock:0
[17-Sep-2024 15:24:34 UTC] create_price:0,28
[17-Sep-2024 15:24:36 UTC] create_variation_product_idproduct_id1062
[17-Sep-2024 15:24:36 UTC] create_stock:20527
[17-Sep-2024 15:24:36 UTC] create_price:0,22
[17-Sep-2024 15:24:36 UTC] create_variation_product_idproduct_id1063
[17-Sep-2024 15:24:36 UTC] create_stock:33537
[17-Sep-2024 15:24:36 UTC] create_price:0,21
[17-Sep-2024 15:24:36 UTC] create_variation_product_idproduct_id1064
[17-Sep-2024 15:24:36 UTC] create_stock:87398
[17-Sep-2024 15:24:36 UTC] create_price:0,45
[17-Sep-2024 15:24:36 UTC] create_variation_product_idproduct_id1064
[17-Sep-2024 15:24:36 UTC] create_stock:12431
[17-Sep-2024 15:24:36 UTC] create_price:0,45
[17-Sep-2024 15:24:36 UTC] create_variation_product_idproduct_id1064
[17-Sep-2024 15:24:36 UTC] create_stock:82723
[17-Sep-2024 15:24:36 UTC] create_price:0,45
[17-Sep-2024 15:24:37 UTC] create_variation_product_idproduct_id1064
[17-Sep-2024 15:24:37 UTC] create_stock:0
[17-Sep-2024 15:24:37 UTC] create_price:0,45
[17-Sep-2024 15:24:38 UTC] create_variation_product_idproduct_id1064
[17-Sep-2024 15:24:38 UTC] create_stock:12913
[17-Sep-2024 15:24:38 UTC] create_price:0,45
[17-Sep-2024 15:24:38 UTC] create_variation_product_idproduct_id1064
[17-Sep-2024 15:24:38 UTC] create_stock:37666
[17-Sep-2024 15:24:38 UTC] create_price:0,45
[17-Sep-2024 15:24:38 UTC] create_variation_product_idproduct_id1065
[17-Sep-2024 15:24:38 UTC] create_stock:1063
[17-Sep-2024 15:24:38 UTC] create_price:8,73
[17-Sep-2024 15:24:38 UTC] create_variation_product_idproduct_id1066
[17-Sep-2024 15:24:38 UTC] create_stock:6649
[17-Sep-2024 15:24:38 UTC] create_price:0,51
[17-Sep-2024 15:24:38 UTC] create_variation_product_idproduct_id1066
[17-Sep-2024 15:24:38 UTC] create_stock:23727
[17-Sep-2024 15:24:38 UTC] create_price:0,51
[17-Sep-2024 15:24:39 UTC] create_variation_product_idproduct_id1066
[17-Sep-2024 15:24:39 UTC] create_stock:22924
[17-Sep-2024 15:24:39 UTC] create_price:0,51
[17-Sep-2024 15:24:39 UTC] create_variation_product_idproduct_id1066
[17-Sep-2024 15:24:39 UTC] create_stock:2132
[17-Sep-2024 15:24:39 UTC] create_price:0,51
[17-Sep-2024 15:24:39 UTC] create_variation_product_idproduct_id1066
[17-Sep-2024 15:24:39 UTC] create_stock:23375
[17-Sep-2024 15:24:39 UTC] create_price:0,51
[17-Sep-2024 15:24:39 UTC] create_variation_product_idproduct_id1066
[17-Sep-2024 15:24:39 UTC] create_stock:11319
[17-Sep-2024 15:24:39 UTC] create_price:0,51
[17-Sep-2024 15:24:39 UTC] create_variation_product_idproduct_id1067
[17-Sep-2024 15:24:39 UTC] create_stock:14451
[17-Sep-2024 15:24:39 UTC] create_price:0,63
[17-Sep-2024 15:24:40 UTC] create_variation_product_idproduct_id1067
[17-Sep-2024 15:24:40 UTC] create_stock:9272
[17-Sep-2024 15:24:40 UTC] create_price:0,63
[17-Sep-2024 15:24:40 UTC] create_variation_product_idproduct_id1068
[17-Sep-2024 15:24:40 UTC] create_stock:7762
[17-Sep-2024 15:24:40 UTC] create_price:2,95
[17-Sep-2024 15:24:40 UTC] create_variation_product_idproduct_id1069
[17-Sep-2024 15:24:40 UTC] create_stock:8382
[17-Sep-2024 15:24:40 UTC] create_price:2,37
[17-Sep-2024 15:24:40 UTC] create_variation_product_idproduct_id1069
[17-Sep-2024 15:24:40 UTC] create_stock:10721
[17-Sep-2024 15:24:40 UTC] create_price:2,37
[17-Sep-2024 15:24:40 UTC] create_variation_product_idproduct_id1069
[17-Sep-2024 15:24:40 UTC] create_stock:4392
[17-Sep-2024 15:24:40 UTC] create_price:2,37
[17-Sep-2024 15:24:40 UTC] create_variation_product_idproduct_id1070
[17-Sep-2024 15:24:40 UTC] create_stock:2377
[17-Sep-2024 15:24:40 UTC] create_price:10,00
[17-Sep-2024 15:24:41 UTC] create_variation_product_idproduct_id1071
[17-Sep-2024 15:24:41 UTC] create_stock:5888
[17-Sep-2024 15:24:41 UTC] create_price:4,97
[17-Sep-2024 15:24:41 UTC] create_variation_product_idproduct_id1072
[17-Sep-2024 15:24:41 UTC] create_stock:358
[17-Sep-2024 15:24:41 UTC] create_price:0,16
[17-Sep-2024 15:24:41 UTC] create_variation_product_idproduct_id1074
[17-Sep-2024 15:24:41 UTC] create_stock:14846
[17-Sep-2024 15:24:41 UTC] create_price:1,08
[17-Sep-2024 15:24:41 UTC] create_variation_product_idproduct_id1075
[17-Sep-2024 15:24:41 UTC] create_stock:1831
[17-Sep-2024 15:24:41 UTC] create_price:6,62
[17-Sep-2024 15:24:41 UTC] create_variation_product_idproduct_id1076
[17-Sep-2024 15:24:41 UTC] create_stock:19836
[17-Sep-2024 15:24:41 UTC] create_price:0,22
[17-Sep-2024 15:24:41 UTC] create_variation_product_idproduct_id1076
[17-Sep-2024 15:24:41 UTC] create_stock:11697
[17-Sep-2024 15:24:41 UTC] create_price:0,22
[17-Sep-2024 15:24:42 UTC] create_variation_product_idproduct_id1077
[17-Sep-2024 15:24:42 UTC] create_stock:14944
[17-Sep-2024 15:24:42 UTC] create_price:0,61
[17-Sep-2024 15:24:42 UTC] create_variation_product_idproduct_id1077
[17-Sep-2024 15:24:42 UTC] create_stock:10207
[17-Sep-2024 15:24:42 UTC] create_price:0,61
[17-Sep-2024 15:24:42 UTC] create_variation_product_idproduct_id1077
[17-Sep-2024 15:24:42 UTC] create_stock:0
[17-Sep-2024 15:24:42 UTC] create_price:0,61
[17-Sep-2024 15:24:44 UTC] create_variation_product_idproduct_id1077
[17-Sep-2024 15:24:44 UTC] create_stock:12297
[17-Sep-2024 15:24:44 UTC] create_price:0,61
[17-Sep-2024 15:24:44 UTC] create_variation_product_idproduct_id1077
[17-Sep-2024 15:24:44 UTC] create_stock:9090
[17-Sep-2024 15:24:44 UTC] create_price:0,61
[17-Sep-2024 15:24:44 UTC] create_variation_product_idproduct_id1078
[17-Sep-2024 15:24:44 UTC] create_stock:5827
[17-Sep-2024 15:24:44 UTC] create_price:7,66
[17-Sep-2024 15:24:44 UTC] create_variation_product_idproduct_id1079
[17-Sep-2024 15:24:45 UTC] create_stock:14699
[17-Sep-2024 15:24:45 UTC] create_price:0,47
[17-Sep-2024 15:24:45 UTC] create_variation_product_idproduct_id1079
[17-Sep-2024 15:24:45 UTC] create_stock:18744
[17-Sep-2024 15:24:45 UTC] create_price:0,47
[17-Sep-2024 15:24:45 UTC] create_variation_product_idproduct_id1080
[17-Sep-2024 15:24:45 UTC] create_stock:12890
[17-Sep-2024 15:24:45 UTC] create_price:1,15
[17-Sep-2024 15:24:45 UTC] create_variation_product_idproduct_id1081
[17-Sep-2024 15:24:45 UTC] create_stock:53654
[17-Sep-2024 15:24:45 UTC] create_price:0,25
[17-Sep-2024 15:24:45 UTC] create_variation_product_idproduct_id1081
[17-Sep-2024 15:24:45 UTC] create_stock:72321
[17-Sep-2024 15:24:45 UTC] create_price:0,25
[17-Sep-2024 15:24:46 UTC] create_variation_product_idproduct_id1081
[17-Sep-2024 15:24:46 UTC] create_stock:82281
[17-Sep-2024 15:24:46 UTC] create_price:0,25
[17-Sep-2024 15:24:46 UTC] create_variation_product_idproduct_id1081
[17-Sep-2024 15:24:46 UTC] create_stock:0
[17-Sep-2024 15:24:46 UTC] create_price:0,25
[17-Sep-2024 15:24:48 UTC] create_variation_product_idproduct_id1081
[17-Sep-2024 15:24:48 UTC] create_stock:35170
[17-Sep-2024 15:24:48 UTC] create_price:0,25
[17-Sep-2024 15:24:48 UTC] create_variation_product_idproduct_id1081
[17-Sep-2024 15:24:48 UTC] create_stock:0
[17-Sep-2024 15:24:48 UTC] create_price:0,25
[17-Sep-2024 15:24:49 UTC] create_variation_product_idproduct_id1081
[17-Sep-2024 15:24:49 UTC] create_stock:42212
[17-Sep-2024 15:24:49 UTC] create_price:0,25
[17-Sep-2024 15:24:50 UTC] create_variation_product_idproduct_id1081
[17-Sep-2024 15:24:50 UTC] create_stock:68337
[17-Sep-2024 15:24:50 UTC] create_price:0,25
[17-Sep-2024 15:24:50 UTC] create_variation_product_idproduct_id1081
[17-Sep-2024 15:24:50 UTC] create_stock:25916
[17-Sep-2024 15:24:50 UTC] create_price:0,25
[17-Sep-2024 15:24:50 UTC] create_variation_product_idproduct_id1081
[17-Sep-2024 15:24:50 UTC] create_stock:30184
[17-Sep-2024 15:24:50 UTC] create_price:0,25
[17-Sep-2024 15:24:50 UTC] create_variation_product_idproduct_id1081
[17-Sep-2024 15:24:50 UTC] create_stock:27972
[17-Sep-2024 15:24:50 UTC] create_price:0,25
[17-Sep-2024 15:24:51 UTC] create_variation_product_idproduct_id1081
[17-Sep-2024 15:24:51 UTC] create_stock:29775
[17-Sep-2024 15:24:51 UTC] create_price:0,25
[17-Sep-2024 15:24:51 UTC] create_variation_product_idproduct_id1081
[17-Sep-2024 15:24:51 UTC] create_stock:24253
[17-Sep-2024 15:24:51 UTC] create_price:0,25
[17-Sep-2024 15:24:51 UTC] create_variation_product_idproduct_id1081
[17-Sep-2024 15:24:51 UTC] create_stock:27814
[17-Sep-2024 15:24:51 UTC] create_price:0,25
[17-Sep-2024 15:24:52 UTC] create_variation_product_idproduct_id1082
[17-Sep-2024 15:24:52 UTC] create_stock:2922
[17-Sep-2024 15:24:52 UTC] create_price:16,87
[17-Sep-2024 15:24:52 UTC] create_variation_product_idproduct_id1083
[17-Sep-2024 15:24:52 UTC] create_stock:42417
[17-Sep-2024 15:24:52 UTC] create_price:0,87
[17-Sep-2024 15:24:52 UTC] create_variation_product_idproduct_id1083
[17-Sep-2024 15:24:52 UTC] create_stock:73522
[17-Sep-2024 15:24:52 UTC] create_price:0,87
[17-Sep-2024 15:24:52 UTC] create_variation_product_idproduct_id1083
[17-Sep-2024 15:24:52 UTC] create_stock:23918
[17-Sep-2024 15:24:52 UTC] create_price:0,87
[17-Sep-2024 15:24:52 UTC] create_variation_product_idproduct_id1083
[17-Sep-2024 15:24:52 UTC] create_stock:14314
[17-Sep-2024 15:24:52 UTC] create_price:0,87
[17-Sep-2024 15:24:53 UTC] create_variation_product_idproduct_id1083
[17-Sep-2024 15:24:53 UTC] create_stock:13151
[17-Sep-2024 15:24:53 UTC] create_price:0,87
[17-Sep-2024 15:24:53 UTC] create_variation_product_idproduct_id1083
[17-Sep-2024 15:24:53 UTC] create_stock:8343
[17-Sep-2024 15:24:53 UTC] create_price:0,87
[17-Sep-2024 15:24:53 UTC] create_variation_product_idproduct_id1084
[17-Sep-2024 15:24:53 UTC] create_stock:4839
[17-Sep-2024 15:24:53 UTC] create_price:3,48
[17-Sep-2024 15:24:53 UTC] create_variation_product_idproduct_id1085
[17-Sep-2024 15:24:53 UTC] create_stock:68778
[17-Sep-2024 15:24:53 UTC] create_price:0,26
[17-Sep-2024 15:24:54 UTC] create_variation_product_idproduct_id1085
[17-Sep-2024 15:24:54 UTC] create_stock:64826
[17-Sep-2024 15:24:54 UTC] create_price:0,26
[17-Sep-2024 15:24:54 UTC] create_variation_product_idproduct_id1085
[17-Sep-2024 15:24:54 UTC] create_stock:88379
[17-Sep-2024 15:24:54 UTC] create_price:0,26
[17-Sep-2024 15:24:54 UTC] create_variation_product_idproduct_id1086
[17-Sep-2024 15:24:54 UTC] create_stock:31432
[17-Sep-2024 15:24:54 UTC] create_price:0,64
[17-Sep-2024 15:24:54 UTC] create_variation_product_idproduct_id1086
[17-Sep-2024 15:24:54 UTC] create_stock:16219
[17-Sep-2024 15:24:54 UTC] create_price:0,64
[17-Sep-2024 15:24:54 UTC] create_variation_product_idproduct_id1086
[17-Sep-2024 15:24:54 UTC] create_stock:15631
[17-Sep-2024 15:24:54 UTC] create_price:0,64
[17-Sep-2024 15:24:55 UTC] create_variation_product_idproduct_id1087
[17-Sep-2024 15:24:55 UTC] create_stock:8118
[17-Sep-2024 15:24:55 UTC] create_price:0,39
[17-Sep-2024 15:24:55 UTC] create_variation_product_idproduct_id1088
[17-Sep-2024 15:24:55 UTC] create_stock:7721
[17-Sep-2024 15:24:55 UTC] create_price:1,21
[17-Sep-2024 15:24:55 UTC] create_variation_product_idproduct_id1089
[17-Sep-2024 15:24:55 UTC] create_stock:4200
[17-Sep-2024 15:24:55 UTC] create_price:0,19
[17-Sep-2024 15:24:55 UTC] create_variation_product_idproduct_id1089
[17-Sep-2024 15:24:55 UTC] create_stock:3055
[17-Sep-2024 15:24:55 UTC] create_price:0,19
[17-Sep-2024 15:24:55 UTC] create_variation_product_idproduct_id1089
[17-Sep-2024 15:24:55 UTC] create_stock:4704
[17-Sep-2024 15:24:55 UTC] create_price:0,19
[17-Sep-2024 15:24:56 UTC] create_variation_product_idproduct_id1090
[17-Sep-2024 15:24:56 UTC] create_stock:7821
[17-Sep-2024 15:24:56 UTC] create_price:4,14
[17-Sep-2024 15:24:56 UTC] create_variation_product_idproduct_id1090
[17-Sep-2024 15:24:56 UTC] create_stock:3217
[17-Sep-2024 15:24:56 UTC] create_price:4,14
[17-Sep-2024 15:24:56 UTC] create_variation_product_idproduct_id1090
[17-Sep-2024 15:24:56 UTC] create_stock:2842
[17-Sep-2024 15:24:56 UTC] create_price:4,14
[17-Sep-2024 15:24:56 UTC] create_variation_product_idproduct_id1091
[17-Sep-2024 15:24:56 UTC] create_stock:4239
[17-Sep-2024 15:24:56 UTC] create_price:2,50
[17-Sep-2024 15:24:56 UTC] create_variation_product_idproduct_id1092
[17-Sep-2024 15:24:56 UTC] create_stock:36489
[17-Sep-2024 15:24:56 UTC] create_price:0,80
[17-Sep-2024 15:24:57 UTC] create_variation_product_idproduct_id1092
[17-Sep-2024 15:24:57 UTC] create_stock:37033
[17-Sep-2024 15:24:57 UTC] create_price:0,80
[17-Sep-2024 15:24:57 UTC] create_variation_product_idproduct_id1093
[17-Sep-2024 15:24:57 UTC] create_stock:3590
[17-Sep-2024 15:24:57 UTC] create_price:5,39
[17-Sep-2024 15:24:57 UTC] create_variation_product_idproduct_id1094
[17-Sep-2024 15:24:57 UTC] create_stock:2932
[17-Sep-2024 15:24:57 UTC] create_price:1,02
[17-Sep-2024 15:24:57 UTC] create_variation_product_idproduct_id1094
[17-Sep-2024 15:24:57 UTC] create_stock:13239
[17-Sep-2024 15:24:57 UTC] create_price:1,02
[17-Sep-2024 15:24:57 UTC] create_variation_product_idproduct_id1095
[17-Sep-2024 15:24:57 UTC] create_stock:59973
[17-Sep-2024 15:24:57 UTC] create_price:0,46
[17-Sep-2024 15:24:58 UTC] create_variation_product_idproduct_id1095
[17-Sep-2024 15:24:58 UTC] create_stock:16999
[17-Sep-2024 15:24:58 UTC] create_price:0,46
[17-Sep-2024 15:24:58 UTC] create_variation_product_idproduct_id1096
[17-Sep-2024 15:24:58 UTC] create_stock:2944
[17-Sep-2024 15:24:58 UTC] create_price:12,47
[17-Sep-2024 15:24:58 UTC] create_variation_product_idproduct_id1097
[17-Sep-2024 15:24:58 UTC] create_stock:16407
[17-Sep-2024 15:24:58 UTC] create_price:0,17
[17-Sep-2024 15:24:58 UTC] create_variation_product_idproduct_id1098
[17-Sep-2024 15:24:58 UTC] create_stock:7438
[17-Sep-2024 15:24:58 UTC] create_price:0,99
[17-Sep-2024 15:24:58 UTC] create_variation_product_idproduct_id1099
[17-Sep-2024 15:24:58 UTC] create_stock:12664
[17-Sep-2024 15:24:58 UTC] create_price:2,37
[17-Sep-2024 15:24:59 UTC] create_variation_product_idproduct_id1100
[17-Sep-2024 15:24:59 UTC] create_stock:8045
[17-Sep-2024 15:24:59 UTC] create_price:4,17
[17-Sep-2024 15:24:59 UTC] create_variation_product_idproduct_id1101
[17-Sep-2024 15:24:59 UTC] create_stock:3697
[17-Sep-2024 15:24:59 UTC] create_price:1,08
[17-Sep-2024 15:24:59 UTC] create_variation_product_idproduct_id1102
[17-Sep-2024 15:24:59 UTC] create_stock:7886
[17-Sep-2024 15:24:59 UTC] create_price:2,15
[17-Sep-2024 15:25:00 UTC] create_variation_product_idproduct_id1103
[17-Sep-2024 15:25:00 UTC] create_stock:5439
[17-Sep-2024 15:25:00 UTC] create_price:8,38
[17-Sep-2024 15:25:00 UTC] create_variation_product_idproduct_id1104
[17-Sep-2024 15:25:00 UTC] create_stock:18270
[17-Sep-2024 15:25:00 UTC] create_price:0,87
[17-Sep-2024 15:25:00 UTC] create_variation_product_idproduct_id1104
[17-Sep-2024 15:25:00 UTC] create_stock:43337
[17-Sep-2024 15:25:00 UTC] create_price:0,87
[17-Sep-2024 15:25:00 UTC] create_variation_product_idproduct_id1104
[17-Sep-2024 15:25:00 UTC] create_stock:12300
[17-Sep-2024 15:25:00 UTC] create_price:0,87
[17-Sep-2024 15:25:01 UTC] create_variation_product_idproduct_id1104
[17-Sep-2024 15:25:01 UTC] create_stock:34549
[17-Sep-2024 15:25:01 UTC] create_price:0,87
[17-Sep-2024 15:25:01 UTC] create_variation_product_idproduct_id1104
[17-Sep-2024 15:25:01 UTC] create_stock:21340
[17-Sep-2024 15:25:01 UTC] create_price:0,87
[17-Sep-2024 15:25:01 UTC] create_variation_product_idproduct_id1105
[17-Sep-2024 15:25:01 UTC] create_stock:244791
[17-Sep-2024 15:25:01 UTC] create_price:0,11
[17-Sep-2024 15:25:01 UTC] create_variation_product_idproduct_id1105
[17-Sep-2024 15:25:01 UTC] create_stock:98088
[17-Sep-2024 15:25:01 UTC] create_price:0,11
[17-Sep-2024 15:25:02 UTC] create_variation_product_idproduct_id1105
[17-Sep-2024 15:25:02 UTC] create_stock:92249
[17-Sep-2024 15:25:02 UTC] create_price:0,11
[17-Sep-2024 15:25:03 UTC] create_variation_product_idproduct_id1105
[17-Sep-2024 15:25:03 UTC] create_stock:86167
[17-Sep-2024 15:25:03 UTC] create_price:0,11
[17-Sep-2024 15:25:03 UTC] create_variation_product_idproduct_id1105
[17-Sep-2024 15:25:03 UTC] create_stock:128805
[17-Sep-2024 15:25:03 UTC] create_price:0,11
[17-Sep-2024 15:25:03 UTC] create_variation_product_idproduct_id1105
[17-Sep-2024 15:25:03 UTC] create_stock:46918
[17-Sep-2024 15:25:03 UTC] create_price:0,11
[17-Sep-2024 15:25:03 UTC] create_variation_product_idproduct_id1106
[17-Sep-2024 15:25:03 UTC] create_stock:171744
[17-Sep-2024 15:25:03 UTC] create_price:0,27
[17-Sep-2024 15:25:04 UTC] create_variation_product_idproduct_id1106
[17-Sep-2024 15:25:04 UTC] create_stock:41481
[17-Sep-2024 15:25:04 UTC] create_price:0,27
[17-Sep-2024 15:25:04 UTC] create_variation_product_idproduct_id1106
[17-Sep-2024 15:25:04 UTC] create_stock:35956
[17-Sep-2024 15:25:04 UTC] create_price:0,27
[17-Sep-2024 15:25:04 UTC] create_variation_product_idproduct_id1106
[17-Sep-2024 15:25:04 UTC] create_stock:15925
[17-Sep-2024 15:25:04 UTC] create_price:0,27
[17-Sep-2024 15:25:04 UTC] create_variation_product_idproduct_id1106
[17-Sep-2024 15:25:04 UTC] create_stock:78273
[17-Sep-2024 15:25:04 UTC] create_price:0,27
[17-Sep-2024 15:25:05 UTC] create_variation_product_idproduct_id1106
[17-Sep-2024 15:25:05 UTC] create_stock:59349
[17-Sep-2024 15:25:05 UTC] create_price:0,27
[17-Sep-2024 15:25:05 UTC] create_variation_product_idproduct_id1106
[17-Sep-2024 15:25:05 UTC] create_stock:102891
[17-Sep-2024 15:25:05 UTC] create_price:0,27
[17-Sep-2024 15:25:05 UTC] create_variation_product_idproduct_id1106
[17-Sep-2024 15:25:05 UTC] create_stock:38507
[17-Sep-2024 15:25:05 UTC] create_price:0,27
[17-Sep-2024 15:25:06 UTC] create_variation_product_idproduct_id1106
[17-Sep-2024 15:25:06 UTC] create_stock:28812
[17-Sep-2024 15:25:06 UTC] create_price:0,27
[17-Sep-2024 15:25:06 UTC] create_variation_product_idproduct_id1106
[17-Sep-2024 15:25:06 UTC] create_stock:38102
[17-Sep-2024 15:25:06 UTC] create_price:0,27
[17-Sep-2024 15:25:06 UTC] create_variation_product_idproduct_id1106
[17-Sep-2024 15:25:06 UTC] create_stock:43740
[17-Sep-2024 15:25:06 UTC] create_price:0,27
[17-Sep-2024 15:25:07 UTC] create_variation_product_idproduct_id1106
[17-Sep-2024 15:25:07 UTC] create_stock:14529
[17-Sep-2024 15:25:07 UTC] create_price:0,27
[17-Sep-2024 15:25:07 UTC] create_variation_product_idproduct_id1106
[17-Sep-2024 15:25:07 UTC] create_stock:41418
[17-Sep-2024 15:25:07 UTC] create_price:0,27
[17-Sep-2024 15:25:07 UTC] create_variation_product_idproduct_id1107
[17-Sep-2024 15:25:07 UTC] create_stock:14445
[17-Sep-2024 15:25:07 UTC] create_price:0,60
[17-Sep-2024 15:25:08 UTC] create_variation_product_idproduct_id1107
[17-Sep-2024 15:25:08 UTC] create_stock:46127
[17-Sep-2024 15:25:08 UTC] create_price:0,60
[17-Sep-2024 15:25:08 UTC] create_variation_product_idproduct_id1107
[17-Sep-2024 15:25:08 UTC] create_stock:10416
[17-Sep-2024 15:25:08 UTC] create_price:0,60
[17-Sep-2024 15:25:08 UTC] create_variation_product_idproduct_id1107
[17-Sep-2024 15:25:08 UTC] create_stock:13798
[17-Sep-2024 15:25:08 UTC] create_price:0,60
[17-Sep-2024 15:25:08 UTC] create_variation_product_idproduct_id1107
[17-Sep-2024 15:25:08 UTC] create_stock:18152
[17-Sep-2024 15:25:08 UTC] create_price:0,60
[17-Sep-2024 15:25:08 UTC] create_variation_product_idproduct_id1108
[17-Sep-2024 15:25:08 UTC] create_stock:3806
[17-Sep-2024 15:25:08 UTC] create_price:8,38
[17-Sep-2024 15:25:09 UTC] create_variation_product_idproduct_id1109
[17-Sep-2024 15:25:09 UTC] create_stock:0
[17-Sep-2024 15:25:09 UTC] create_price:1,08
[17-Sep-2024 15:25:11 UTC] create_variation_product_idproduct_id1109
[17-Sep-2024 15:25:11 UTC] create_stock:12592
[17-Sep-2024 15:25:11 UTC] create_price:1,08
[17-Sep-2024 15:25:12 UTC] create_variation_product_idproduct_id1110
[17-Sep-2024 15:25:12 UTC] create_stock:23133
[17-Sep-2024 15:25:12 UTC] create_price:0,92
[17-Sep-2024 15:25:12 UTC] create_variation_product_idproduct_id1111
[17-Sep-2024 15:25:12 UTC] create_stock:16072
[17-Sep-2024 15:25:12 UTC] create_price:1,37
[17-Sep-2024 15:25:12 UTC] create_variation_product_idproduct_id1112
[17-Sep-2024 15:25:12 UTC] create_stock:10558
[17-Sep-2024 15:25:12 UTC] create_price:1,03
[17-Sep-2024 15:25:12 UTC] create_variation_product_idproduct_id1113
[17-Sep-2024 15:25:12 UTC] create_stock:57000
[17-Sep-2024 15:25:12 UTC] create_price:0,11
[17-Sep-2024 15:25:12 UTC] create_variation_product_idproduct_id1113
[17-Sep-2024 15:25:12 UTC] create_stock:104351
[17-Sep-2024 15:25:12 UTC] create_price:0,11
[17-Sep-2024 15:25:12 UTC] create_variation_product_idproduct_id1114
[17-Sep-2024 15:25:12 UTC] create_stock:7901
[17-Sep-2024 15:25:12 UTC] create_price:2,35
[17-Sep-2024 15:25:13 UTC] create_variation_product_idproduct_id1115
[17-Sep-2024 15:25:13 UTC] create_stock:1748
[17-Sep-2024 15:25:13 UTC] create_price:0,26
[17-Sep-2024 15:25:13 UTC] create_variation_product_idproduct_id1116
[17-Sep-2024 15:25:13 UTC] create_stock:0
[17-Sep-2024 15:25:13 UTC] create_price:0,34
[17-Sep-2024 15:25:15 UTC] create_variation_product_idproduct_id1117
[17-Sep-2024 15:25:15 UTC] create_stock:0
[17-Sep-2024 15:25:15 UTC] create_price:1,72
[17-Sep-2024 15:25:19 UTC] create_variation_product_idproduct_id1117
[17-Sep-2024 15:25:19 UTC] create_stock:0
[17-Sep-2024 15:25:19 UTC] create_price:1,72
[17-Sep-2024 15:25:26 UTC] create_variation_product_idproduct_id1117
[17-Sep-2024 15:25:26 UTC] create_stock:0
[17-Sep-2024 15:25:26 UTC] create_price:1,72
[17-Sep-2024 15:25:27 UTC] create_variation_product_idproduct_id1117
[17-Sep-2024 15:25:27 UTC] create_stock:0
[17-Sep-2024 15:25:27 UTC] create_price:1,72
[17-Sep-2024 15:25:29 UTC] create_variation_product_idproduct_id1118
[17-Sep-2024 15:25:29 UTC] create_stock:11849
[17-Sep-2024 15:25:29 UTC] create_price:0,46
[17-Sep-2024 15:25:29 UTC] create_variation_product_idproduct_id1118
[17-Sep-2024 15:25:29 UTC] create_stock:13493
[17-Sep-2024 15:25:29 UTC] create_price:0,46
[17-Sep-2024 15:25:29 UTC] create_variation_product_idproduct_id1118
[17-Sep-2024 15:25:30 UTC] create_stock:5402
[17-Sep-2024 15:25:30 UTC] create_price:0,46
[17-Sep-2024 15:25:30 UTC] create_variation_product_idproduct_id1118
[17-Sep-2024 15:25:30 UTC] create_stock:1
[17-Sep-2024 15:25:30 UTC] create_price:0,46
[17-Sep-2024 15:25:31 UTC] create_variation_product_idproduct_id1118
[17-Sep-2024 15:25:31 UTC] create_stock:14519
[17-Sep-2024 15:25:31 UTC] create_price:0,46
[17-Sep-2024 15:25:31 UTC] create_variation_product_idproduct_id1118
[17-Sep-2024 15:25:31 UTC] create_stock:16544
[17-Sep-2024 15:25:31 UTC] create_price:0,46
[17-Sep-2024 15:25:31 UTC] create_variation_product_idproduct_id1119
[17-Sep-2024 15:25:31 UTC] create_stock:21829
[17-Sep-2024 15:25:31 UTC] create_price:0,68
[17-Sep-2024 15:25:32 UTC] create_variation_product_idproduct_id1119
[17-Sep-2024 15:25:32 UTC] create_stock:20219
[17-Sep-2024 15:25:32 UTC] create_price:0,68
[17-Sep-2024 15:25:32 UTC] create_variation_product_idproduct_id1119
[17-Sep-2024 15:25:32 UTC] create_stock:7804
[17-Sep-2024 15:25:32 UTC] create_price:0,68
[17-Sep-2024 15:25:32 UTC] create_variation_product_idproduct_id1119
[17-Sep-2024 15:25:32 UTC] create_stock:2397
[17-Sep-2024 15:25:32 UTC] create_price:0,68
[17-Sep-2024 15:25:32 UTC] create_variation_product_idproduct_id1119
[17-Sep-2024 15:25:32 UTC] create_stock:2037
[17-Sep-2024 15:25:32 UTC] create_price:0,68
[17-Sep-2024 15:25:33 UTC] create_variation_product_idproduct_id1119
[17-Sep-2024 15:25:33 UTC] create_stock:15512
[17-Sep-2024 15:25:33 UTC] create_price:0,68
[17-Sep-2024 15:25:33 UTC] create_variation_product_idproduct_id1119
[17-Sep-2024 15:25:33 UTC] create_stock:1346
[17-Sep-2024 15:25:33 UTC] create_price:0,68
[17-Sep-2024 15:25:33 UTC] create_variation_product_idproduct_id1119
[17-Sep-2024 15:25:33 UTC] create_stock:1250
[17-Sep-2024 15:25:33 UTC] create_price:0,68
[17-Sep-2024 15:25:33 UTC] create_variation_product_idproduct_id1119
[17-Sep-2024 15:25:33 UTC] create_stock:0
[17-Sep-2024 15:25:33 UTC] create_price:0,68
[17-Sep-2024 15:25:36 UTC] create_variation_product_idproduct_id1119
[17-Sep-2024 15:25:36 UTC] create_stock:13670
[17-Sep-2024 15:25:36 UTC] create_price:0,68
[17-Sep-2024 15:25:37 UTC] create_variation_product_idproduct_id1120
[17-Sep-2024 15:25:37 UTC] create_stock:10938
[17-Sep-2024 15:25:37 UTC] create_price:0,93
[17-Sep-2024 15:25:37 UTC] create_variation_product_idproduct_id1120
[17-Sep-2024 15:25:37 UTC] create_stock:39099
[17-Sep-2024 15:25:37 UTC] create_price:0,93
[17-Sep-2024 15:25:37 UTC] create_variation_product_idproduct_id1120
[17-Sep-2024 15:25:37 UTC] create_stock:17914
[17-Sep-2024 15:25:37 UTC] create_price:0,93
[17-Sep-2024 15:25:37 UTC] create_variation_product_idproduct_id1120
[17-Sep-2024 15:25:37 UTC] create_stock:18772
[17-Sep-2024 15:25:37 UTC] create_price:0,93
[17-Sep-2024 15:25:38 UTC] create_variation_product_idproduct_id1120
[17-Sep-2024 15:25:38 UTC] create_stock:5399
[17-Sep-2024 15:25:38 UTC] create_price:0,93
[17-Sep-2024 15:25:38 UTC] create_variation_product_idproduct_id1120
[17-Sep-2024 15:25:38 UTC] create_stock:9933
[17-Sep-2024 15:25:38 UTC] create_price:0,93
[17-Sep-2024 15:25:38 UTC] create_variation_product_idproduct_id1120
[17-Sep-2024 15:25:38 UTC] create_stock:17324
[17-Sep-2024 15:25:38 UTC] create_price:0,93
[17-Sep-2024 15:25:39 UTC] create_variation_product_idproduct_id1120
[17-Sep-2024 15:25:39 UTC] create_stock:8695
[17-Sep-2024 15:25:39 UTC] create_price:0,93
[17-Sep-2024 15:25:39 UTC] create_variation_product_idproduct_id1120
[17-Sep-2024 15:25:39 UTC] create_stock:8299
[17-Sep-2024 15:25:39 UTC] create_price:0,93
[17-Sep-2024 15:25:39 UTC] create_variation_product_idproduct_id1120
[17-Sep-2024 15:25:39 UTC] create_stock:2
[17-Sep-2024 15:25:39 UTC] create_price:0,93
[17-Sep-2024 15:25:41 UTC] create_variation_product_idproduct_id1121
[17-Sep-2024 15:25:41 UTC] create_stock:5685
[17-Sep-2024 15:25:41 UTC] create_price:1,40
[17-Sep-2024 15:25:41 UTC] create_variation_product_idproduct_id1121
[17-Sep-2024 15:25:41 UTC] create_stock:6114
[17-Sep-2024 15:25:41 UTC] create_price:1,40
[17-Sep-2024 15:25:42 UTC] create_variation_product_idproduct_id1121
[17-Sep-2024 15:25:42 UTC] create_stock:18397
[17-Sep-2024 15:25:42 UTC] create_price:1,40
[17-Sep-2024 15:25:42 UTC] create_variation_product_idproduct_id1121
[17-Sep-2024 15:25:42 UTC] create_stock:0
[17-Sep-2024 15:25:42 UTC] create_price:1,40
[17-Sep-2024 15:25:43 UTC] create_variation_product_idproduct_id1121
[17-Sep-2024 15:25:43 UTC] create_stock:0
[17-Sep-2024 15:25:43 UTC] create_price:1,40
[17-Sep-2024 15:25:44 UTC] create_variation_product_idproduct_id1121
[17-Sep-2024 15:25:44 UTC] create_stock:4657
[17-Sep-2024 15:25:44 UTC] create_price:1,40
[17-Sep-2024 15:25:44 UTC] create_variation_product_idproduct_id1122
[17-Sep-2024 15:25:44 UTC] create_stock:5680
[17-Sep-2024 15:25:44 UTC] create_price:5,76
[17-Sep-2024 15:25:44 UTC] create_variation_product_idproduct_id1123
[17-Sep-2024 15:25:44 UTC] create_stock:30793
[17-Sep-2024 15:25:44 UTC] create_price:0,15
[17-Sep-2024 15:25:45 UTC] create_variation_product_idproduct_id1124
[17-Sep-2024 15:25:45 UTC] create_stock:42884
[17-Sep-2024 15:25:45 UTC] create_price:0,13
[17-Sep-2024 15:25:45 UTC] create_variation_product_idproduct_id1125
[17-Sep-2024 15:25:45 UTC] create_stock:9157
[17-Sep-2024 15:25:45 UTC] create_price:1,57
[17-Sep-2024 15:25:45 UTC] create_variation_product_idproduct_id1126
[17-Sep-2024 15:25:45 UTC] create_stock:17578
[17-Sep-2024 15:25:45 UTC] create_price:0,95
[17-Sep-2024 15:25:45 UTC] create_variation_product_idproduct_id1127
[17-Sep-2024 15:25:45 UTC] create_stock:22152
[17-Sep-2024 15:25:45 UTC] create_price:1,00
[17-Sep-2024 15:25:45 UTC] create_variation_product_idproduct_id1128
[17-Sep-2024 15:25:45 UTC] create_stock:17380
[17-Sep-2024 15:25:45 UTC] create_price:1,16
[17-Sep-2024 15:25:45 UTC] create_variation_product_idproduct_id1129
[17-Sep-2024 15:25:45 UTC] create_stock:5421
[17-Sep-2024 15:25:45 UTC] create_price:1,57
[17-Sep-2024 15:25:46 UTC] create_variation_product_idproduct_id1130
[17-Sep-2024 15:25:46 UTC] create_stock:24050
[17-Sep-2024 15:25:46 UTC] create_price:0,48
[17-Sep-2024 15:25:46 UTC] create_variation_product_idproduct_id1131
[17-Sep-2024 15:25:46 UTC] create_stock:6695
[17-Sep-2024 15:25:46 UTC] create_price:1,00
[17-Sep-2024 15:25:46 UTC] create_variation_product_idproduct_id1132
[17-Sep-2024 15:25:46 UTC] create_stock:1474
[17-Sep-2024 15:25:46 UTC] create_price:5,61
[17-Sep-2024 15:25:46 UTC] create_variation_product_idproduct_id1133
[17-Sep-2024 15:25:46 UTC] create_stock:3518
[17-Sep-2024 15:25:46 UTC] create_price:2,21
[17-Sep-2024 15:25:47 UTC] create_variation_product_idproduct_id1133
[17-Sep-2024 15:25:47 UTC] create_stock:2807
[17-Sep-2024 15:25:47 UTC] create_price:2,21
[17-Sep-2024 15:25:47 UTC] create_variation_product_idproduct_id1133
[17-Sep-2024 15:25:47 UTC] create_stock:5185
[17-Sep-2024 15:25:47 UTC] create_price:2,21
[17-Sep-2024 15:25:47 UTC] create_variation_product_idproduct_id1133
[17-Sep-2024 15:25:47 UTC] create_stock:4108
[17-Sep-2024 15:25:47 UTC] create_price:2,21
[17-Sep-2024 15:25:47 UTC] create_variation_product_idproduct_id1133
[17-Sep-2024 15:25:47 UTC] create_stock:2625
[17-Sep-2024 15:25:47 UTC] create_price:2,21
[17-Sep-2024 15:25:48 UTC] create_variation_product_idproduct_id1133
[17-Sep-2024 15:25:48 UTC] create_stock:2766
[17-Sep-2024 15:25:48 UTC] create_price:2,21
[17-Sep-2024 15:25:48 UTC] create_variation_product_idproduct_id1133
[17-Sep-2024 15:25:48 UTC] create_stock:2415
[17-Sep-2024 15:25:48 UTC] create_price:2,21
[17-Sep-2024 15:25:48 UTC] create_variation_product_idproduct_id1133
[17-Sep-2024 15:25:48 UTC] create_stock:0
[17-Sep-2024 15:25:48 UTC] create_price:2,21
[17-Sep-2024 15:25:49 UTC] create_variation_product_idproduct_id1133
[17-Sep-2024 15:25:49 UTC] create_stock:2228
[17-Sep-2024 15:25:49 UTC] create_price:2,21
[17-Sep-2024 15:25:49 UTC] create_variation_product_idproduct_id1133
[17-Sep-2024 15:25:49 UTC] create_stock:2675
[17-Sep-2024 15:25:49 UTC] create_price:2,21
[17-Sep-2024 15:25:50 UTC] create_variation_product_idproduct_id1134
[17-Sep-2024 15:25:50 UTC] create_stock:10579
[17-Sep-2024 15:25:50 UTC] create_price:9,08
[17-Sep-2024 15:25:50 UTC] create_variation_product_idproduct_id1135
[17-Sep-2024 15:25:50 UTC] create_stock:26330
[17-Sep-2024 15:25:50 UTC] create_price:0,18
[17-Sep-2024 15:25:50 UTC] create_variation_product_idproduct_id1136
[17-Sep-2024 15:25:50 UTC] create_stock:653190
[17-Sep-2024 15:25:50 UTC] create_price:0,11
[17-Sep-2024 15:25:50 UTC] create_variation_product_idproduct_id1137
[17-Sep-2024 15:25:50 UTC] create_stock:101010
[17-Sep-2024 15:25:50 UTC] create_price:0,04
[17-Sep-2024 15:25:50 UTC] create_variation_product_idproduct_id1137
[17-Sep-2024 15:25:50 UTC] create_stock:143455
[17-Sep-2024 15:25:50 UTC] create_price:0,04
[17-Sep-2024 15:25:50 UTC] create_variation_product_idproduct_id1138
[17-Sep-2024 15:25:50 UTC] create_stock:21697
[17-Sep-2024 15:25:50 UTC] create_price:1,02
[17-Sep-2024 15:25:51 UTC] create_variation_product_idproduct_id1139
[17-Sep-2024 15:25:51 UTC] create_stock:7806
[17-Sep-2024 15:25:51 UTC] create_price:0,89
[17-Sep-2024 15:25:51 UTC] create_variation_product_idproduct_id1140
[17-Sep-2024 15:25:51 UTC] create_stock:12632
[17-Sep-2024 15:25:51 UTC] create_price:1,47
[17-Sep-2024 15:25:51 UTC] create_variation_product_idproduct_id1141
[17-Sep-2024 15:25:51 UTC] create_stock:10606
[17-Sep-2024 15:25:51 UTC] create_price:5,50
[17-Sep-2024 15:25:51 UTC] create_variation_product_idproduct_id1142
[17-Sep-2024 15:25:51 UTC] create_stock:22147
[17-Sep-2024 15:25:51 UTC] create_price:0,48
[17-Sep-2024 15:25:51 UTC] create_variation_product_idproduct_id1143
[17-Sep-2024 15:25:51 UTC] create_stock:977
[17-Sep-2024 15:25:51 UTC] create_price:12,07
[17-Sep-2024 15:25:52 UTC] create_variation_product_idproduct_id1144
[17-Sep-2024 15:25:52 UTC] create_stock:1796
[17-Sep-2024 15:25:52 UTC] create_price:10,20
[17-Sep-2024 15:25:52 UTC] create_variation_product_idproduct_id1145
[17-Sep-2024 15:25:52 UTC] create_stock:3038
[17-Sep-2024 15:25:52 UTC] create_price:0,46
[17-Sep-2024 15:25:52 UTC] create_variation_product_idproduct_id1146
[17-Sep-2024 15:25:52 UTC] create_stock:9932
[17-Sep-2024 15:25:52 UTC] create_price:0,86
[17-Sep-2024 15:25:52 UTC] create_variation_product_idproduct_id1147
[17-Sep-2024 15:25:52 UTC] create_stock:296851
[17-Sep-2024 15:25:52 UTC] create_price:0,38
[17-Sep-2024 15:25:52 UTC] create_variation_product_idproduct_id1148
[17-Sep-2024 15:25:52 UTC] create_stock:106771
[17-Sep-2024 15:25:52 UTC] create_price:0,24
[17-Sep-2024 15:25:52 UTC] create_variation_product_idproduct_id1149
[17-Sep-2024 15:25:52 UTC] create_stock:21542
[17-Sep-2024 15:25:52 UTC] create_price:3,02
[17-Sep-2024 15:25:53 UTC] create_variation_product_idproduct_id1150
[17-Sep-2024 15:25:53 UTC] create_stock:34918
[17-Sep-2024 15:25:53 UTC] create_price:0,21
[17-Sep-2024 15:25:53 UTC] create_variation_product_idproduct_id1150
[17-Sep-2024 15:25:53 UTC] create_stock:49912
[17-Sep-2024 15:25:53 UTC] create_price:0,21
[17-Sep-2024 15:25:53 UTC] create_variation_product_idproduct_id1151
[17-Sep-2024 15:25:53 UTC] create_stock:0
[17-Sep-2024 15:25:53 UTC] create_price:0,17
[17-Sep-2024 15:25:54 UTC] create_variation_product_idproduct_id1152
[17-Sep-2024 15:25:54 UTC] create_stock:14212
[17-Sep-2024 15:25:54 UTC] create_price:0,10
[17-Sep-2024 15:25:54 UTC] create_variation_product_idproduct_id1152
[17-Sep-2024 15:25:54 UTC] create_stock:33831
[17-Sep-2024 15:25:54 UTC] create_price:0,10
[17-Sep-2024 15:25:54 UTC] create_variation_product_idproduct_id1152
[17-Sep-2024 15:25:54 UTC] create_stock:20853
[17-Sep-2024 15:25:54 UTC] create_price:0,10
[17-Sep-2024 15:25:54 UTC] create_variation_product_idproduct_id1152
[17-Sep-2024 15:25:54 UTC] create_stock:0
[17-Sep-2024 15:25:54 UTC] create_price:0,10
[17-Sep-2024 15:25:55 UTC] create_variation_product_idproduct_id1152
[17-Sep-2024 15:25:55 UTC] create_stock:24021
[17-Sep-2024 15:25:55 UTC] create_price:0,10
[17-Sep-2024 15:25:55 UTC] create_variation_product_idproduct_id1152
[17-Sep-2024 15:25:55 UTC] create_stock:54602
[17-Sep-2024 15:25:55 UTC] create_price:0,10
[17-Sep-2024 15:25:56 UTC] create_variation_product_idproduct_id1152
[17-Sep-2024 15:25:56 UTC] create_stock:141225
[17-Sep-2024 15:25:56 UTC] create_price:0,10
[17-Sep-2024 15:25:56 UTC] create_variation_product_idproduct_id1152
[17-Sep-2024 15:25:56 UTC] create_stock:11
[17-Sep-2024 15:25:56 UTC] create_price:0,10
[17-Sep-2024 15:25:56 UTC] create_variation_product_idproduct_id1152
[17-Sep-2024 15:25:56 UTC] create_stock:18513
[17-Sep-2024 15:25:56 UTC] create_price:0,10
[17-Sep-2024 15:25:57 UTC] create_variation_product_idproduct_id1153
[17-Sep-2024 15:25:57 UTC] create_stock:3247
[17-Sep-2024 15:25:57 UTC] create_price:6,64
[17-Sep-2024 15:25:57 UTC] create_variation_product_idproduct_id1154
[17-Sep-2024 15:25:57 UTC] create_stock:19674
[17-Sep-2024 15:25:57 UTC] create_price:0,78
[17-Sep-2024 15:25:57 UTC] create_variation_product_idproduct_id1154
[17-Sep-2024 15:25:57 UTC] create_stock:2253
[17-Sep-2024 15:25:57 UTC] create_price:0,78
[17-Sep-2024 15:25:57 UTC] create_variation_product_idproduct_id1155
[17-Sep-2024 15:25:57 UTC] create_stock:2903
[17-Sep-2024 15:25:57 UTC] create_price:12,83
[17-Sep-2024 15:25:57 UTC] create_variation_product_idproduct_id1156
[17-Sep-2024 15:25:57 UTC] create_stock:5112
[17-Sep-2024 15:25:57 UTC] create_price:2,89
[17-Sep-2024 15:25:57 UTC] create_variation_product_idproduct_id1157
[17-Sep-2024 15:25:57 UTC] create_stock:20886
[17-Sep-2024 15:25:57 UTC] create_price:0,31
[17-Sep-2024 15:25:58 UTC] create_variation_product_idproduct_id1158
[17-Sep-2024 15:25:58 UTC] create_stock:3536
[17-Sep-2024 15:25:58 UTC] create_price:7,32
[17-Sep-2024 15:25:58 UTC] create_variation_product_idproduct_id1159
[17-Sep-2024 15:25:58 UTC] create_stock:4874
[17-Sep-2024 15:25:58 UTC] create_price:2,80
[17-Sep-2024 15:25:58 UTC] create_variation_product_idproduct_id1159
[17-Sep-2024 15:25:58 UTC] create_stock:3283
[17-Sep-2024 15:25:58 UTC] create_price:2,80
[17-Sep-2024 15:25:58 UTC] create_variation_product_idproduct_id1159
[17-Sep-2024 15:25:58 UTC] create_stock:7621
[17-Sep-2024 15:25:58 UTC] create_price:2,80
[17-Sep-2024 15:25:58 UTC] create_variation_product_idproduct_id1159
[17-Sep-2024 15:25:58 UTC] create_stock:1194
[17-Sep-2024 15:25:58 UTC] create_price:2,80
[17-Sep-2024 15:25:59 UTC] create_variation_product_idproduct_id1160
[17-Sep-2024 15:25:59 UTC] create_stock:3180
[17-Sep-2024 15:25:59 UTC] create_price:3,43
[17-Sep-2024 15:25:59 UTC] create_variation_product_idproduct_id1160
[17-Sep-2024 15:25:59 UTC] create_stock:4410
[17-Sep-2024 15:25:59 UTC] create_price:3,43
[17-Sep-2024 15:25:59 UTC] create_variation_product_idproduct_id1160
[17-Sep-2024 15:25:59 UTC] create_stock:16805
[17-Sep-2024 15:25:59 UTC] create_price:3,43
[17-Sep-2024 15:25:59 UTC] create_variation_product_idproduct_id1160
[17-Sep-2024 15:25:59 UTC] create_stock:16
[17-Sep-2024 15:25:59 UTC] create_price:3,43
[17-Sep-2024 15:26:00 UTC] create_variation_product_idproduct_id1160
[17-Sep-2024 15:26:00 UTC] create_stock:4772
[17-Sep-2024 15:26:00 UTC] create_price:3,43
[17-Sep-2024 15:26:00 UTC] create_variation_product_idproduct_id1160
[17-Sep-2024 15:26:00 UTC] create_stock:3353
[17-Sep-2024 15:26:00 UTC] create_price:3,43
[17-Sep-2024 15:26:00 UTC] create_variation_product_idproduct_id1160
[17-Sep-2024 15:26:00 UTC] create_stock:5185
[17-Sep-2024 15:26:00 UTC] create_price:3,43
[17-Sep-2024 15:26:00 UTC] create_variation_product_idproduct_id1160
[17-Sep-2024 15:26:00 UTC] create_stock:2414
[17-Sep-2024 15:26:00 UTC] create_price:3,43
[17-Sep-2024 15:26:00 UTC] create_variation_product_idproduct_id1160
[17-Sep-2024 15:26:00 UTC] create_stock:692
[17-Sep-2024 15:26:00 UTC] create_price:3,43
[17-Sep-2024 15:26:01 UTC] create_variation_product_idproduct_id1161
[17-Sep-2024 15:26:01 UTC] create_stock:0
[17-Sep-2024 15:26:01 UTC] create_price:3,20
[17-Sep-2024 15:26:01 UTC] create_variation_product_idproduct_id1161
[17-Sep-2024 15:26:01 UTC] create_stock:5317
[17-Sep-2024 15:26:01 UTC] create_price:3,20
[17-Sep-2024 15:26:02 UTC] create_variation_product_idproduct_id1161
[17-Sep-2024 15:26:02 UTC] create_stock:478
[17-Sep-2024 15:26:02 UTC] create_price:3,20
[17-Sep-2024 15:26:02 UTC] create_variation_product_idproduct_id1161
[17-Sep-2024 15:26:02 UTC] create_stock:5217
[17-Sep-2024 15:26:02 UTC] create_price:3,20
[17-Sep-2024 15:26:02 UTC] create_variation_product_idproduct_id1161
[17-Sep-2024 15:26:02 UTC] create_stock:4144
[17-Sep-2024 15:26:02 UTC] create_price:3,20
[17-Sep-2024 15:26:02 UTC] create_variation_product_idproduct_id1161
[17-Sep-2024 15:26:02 UTC] create_stock:2343
[17-Sep-2024 15:26:02 UTC] create_price:3,20
[17-Sep-2024 15:26:03 UTC] create_variation_product_idproduct_id1161
[17-Sep-2024 15:26:03 UTC] create_stock:3353
[17-Sep-2024 15:26:03 UTC] create_price:3,20
[17-Sep-2024 15:26:03 UTC] create_variation_product_idproduct_id1161
[17-Sep-2024 15:26:03 UTC] create_stock:1561
[17-Sep-2024 15:26:03 UTC] create_price:3,20
[17-Sep-2024 15:26:03 UTC] create_variation_product_idproduct_id1161
[17-Sep-2024 15:26:03 UTC] create_stock:347
[17-Sep-2024 15:26:03 UTC] create_price:3,20
[17-Sep-2024 15:26:03 UTC] create_variation_product_idproduct_id1162
[17-Sep-2024 15:26:03 UTC] create_stock:935
[17-Sep-2024 15:26:03 UTC] create_price:5,39
[17-Sep-2024 15:26:04 UTC] create_variation_product_idproduct_id1162
[17-Sep-2024 15:26:04 UTC] create_stock:2755
[17-Sep-2024 15:26:04 UTC] create_price:5,39
[17-Sep-2024 15:26:04 UTC] create_variation_product_idproduct_id1162
[17-Sep-2024 15:26:04 UTC] create_stock:4089
[17-Sep-2024 15:26:04 UTC] create_price:5,39
[17-Sep-2024 15:26:04 UTC] create_variation_product_idproduct_id1162
[17-Sep-2024 15:26:04 UTC] create_stock:0
[17-Sep-2024 15:26:04 UTC] create_price:5,39
[17-Sep-2024 15:26:04 UTC] create_variation_product_idproduct_id1163
[17-Sep-2024 15:26:04 UTC] create_stock:13399
[17-Sep-2024 15:26:04 UTC] create_price:0,51
[17-Sep-2024 15:26:05 UTC] create_variation_product_idproduct_id1164
[17-Sep-2024 15:26:05 UTC] create_stock:5545
[17-Sep-2024 15:26:05 UTC] create_price:3,55
[17-Sep-2024 15:26:05 UTC] create_variation_product_idproduct_id1164
[17-Sep-2024 15:26:05 UTC] create_stock:6371
[17-Sep-2024 15:26:05 UTC] create_price:3,55
[17-Sep-2024 15:26:05 UTC] create_variation_product_idproduct_id1165
[17-Sep-2024 15:26:05 UTC] create_stock:82472
[17-Sep-2024 15:26:05 UTC] create_price:0,07
[17-Sep-2024 15:26:05 UTC] create_variation_product_idproduct_id1165
[17-Sep-2024 15:26:05 UTC] create_stock:42624
[17-Sep-2024 15:26:05 UTC] create_price:0,07
[17-Sep-2024 15:26:05 UTC] create_variation_product_idproduct_id1165
[17-Sep-2024 15:26:05 UTC] create_stock:9850
[17-Sep-2024 15:26:05 UTC] create_price:0,07
[17-Sep-2024 15:26:06 UTC] create_variation_product_idproduct_id1165
[17-Sep-2024 15:26:06 UTC] create_stock:56723
[17-Sep-2024 15:26:06 UTC] create_price:0,07
[17-Sep-2024 15:26:06 UTC] create_variation_product_idproduct_id1166
[17-Sep-2024 15:26:06 UTC] create_stock:61091
[17-Sep-2024 15:26:06 UTC] create_price:0,44
[17-Sep-2024 15:26:06 UTC] create_variation_product_idproduct_id1166
[17-Sep-2024 15:26:06 UTC] create_stock:33383
[17-Sep-2024 15:26:06 UTC] create_price:0,44
[17-Sep-2024 15:26:06 UTC] create_variation_product_idproduct_id1166
[17-Sep-2024 15:26:06 UTC] create_stock:4623
[17-Sep-2024 15:26:06 UTC] create_price:0,44
[17-Sep-2024 15:26:06 UTC] create_variation_product_idproduct_id1167
[17-Sep-2024 15:26:06 UTC] create_stock:4180
[17-Sep-2024 15:26:06 UTC] create_price:1,21
[17-Sep-2024 15:26:07 UTC] create_variation_product_idproduct_id1168
[17-Sep-2024 15:26:07 UTC] create_stock:11682
[17-Sep-2024 15:26:07 UTC] create_price:1,26
[17-Sep-2024 15:26:07 UTC] create_variation_product_idproduct_id1169
[17-Sep-2024 15:26:07 UTC] create_stock:911
[17-Sep-2024 15:26:07 UTC] create_price:2,27
[17-Sep-2024 15:26:07 UTC] create_variation_product_idproduct_id1169
[17-Sep-2024 15:26:07 UTC] create_stock:3039
[17-Sep-2024 15:26:07 UTC] create_price:2,27
[17-Sep-2024 15:26:07 UTC] create_variation_product_idproduct_id1170
[17-Sep-2024 15:26:07 UTC] create_stock:7461
[17-Sep-2024 15:26:07 UTC] create_price:8,50
[17-Sep-2024 15:26:07 UTC] create_variation_product_idproduct_id1171
[17-Sep-2024 15:26:07 UTC] create_stock:1533
[17-Sep-2024 15:26:07 UTC] create_price:4,71
[17-Sep-2024 15:26:07 UTC] create_variation_product_idproduct_id1172
[17-Sep-2024 15:26:07 UTC] create_stock:14493
[17-Sep-2024 15:26:07 UTC] create_price:1,02
[17-Sep-2024 15:26:08 UTC] create_variation_product_idproduct_id1172
[17-Sep-2024 15:26:08 UTC] create_stock:4449
[17-Sep-2024 15:26:08 UTC] create_price:1,02
[17-Sep-2024 15:26:08 UTC] create_variation_product_idproduct_id1172
[17-Sep-2024 15:26:08 UTC] create_stock:2670
[17-Sep-2024 15:26:08 UTC] create_price:1,02
[17-Sep-2024 15:26:08 UTC] create_variation_product_idproduct_id1173
[17-Sep-2024 15:26:08 UTC] create_stock:5591
[17-Sep-2024 15:26:08 UTC] create_price:11,92
[17-Sep-2024 15:26:08 UTC] create_variation_product_idproduct_id1173
[17-Sep-2024 15:26:08 UTC] create_stock:4422
[17-Sep-2024 15:26:08 UTC] create_price:11,92
[17-Sep-2024 15:26:08 UTC] create_variation_product_idproduct_id1174
[17-Sep-2024 15:26:08 UTC] create_stock:387
[17-Sep-2024 15:26:08 UTC] create_price:17,91
[17-Sep-2024 15:26:08 UTC] create_variation_product_idproduct_id1175
[17-Sep-2024 15:26:08 UTC] create_stock:1879
[17-Sep-2024 15:26:08 UTC] create_price:8,13
[17-Sep-2024 15:26:09 UTC] create_variation_product_idproduct_id1177
[17-Sep-2024 15:26:09 UTC] create_stock:6270
[17-Sep-2024 15:26:09 UTC] create_price:3,04
[17-Sep-2024 15:26:09 UTC] create_variation_product_idproduct_id1178
[17-Sep-2024 15:26:09 UTC] create_stock:7929
[17-Sep-2024 15:26:09 UTC] create_price:4,25
[17-Sep-2024 15:26:09 UTC] create_variation_product_idproduct_id1179
[17-Sep-2024 15:26:09 UTC] create_stock:10761
[17-Sep-2024 15:26:09 UTC] create_price:0,98
[17-Sep-2024 15:26:09 UTC] create_variation_product_idproduct_id1180
[17-Sep-2024 15:26:09 UTC] create_stock:29871
[17-Sep-2024 15:26:09 UTC] create_price:0,72
[17-Sep-2024 15:26:09 UTC] create_variation_product_idproduct_id1181
[17-Sep-2024 15:26:09 UTC] create_stock:31496
[17-Sep-2024 15:26:09 UTC] create_price:0,46
[17-Sep-2024 15:26:10 UTC] create_variation_product_idproduct_id1182
[17-Sep-2024 15:26:10 UTC] create_stock:8118
[17-Sep-2024 15:26:10 UTC] create_price:0,40
[17-Sep-2024 15:26:10 UTC] create_variation_product_idproduct_id1183
[17-Sep-2024 15:26:10 UTC] create_stock:62950
[17-Sep-2024 15:26:10 UTC] create_price:0,38
[17-Sep-2024 15:26:10 UTC] create_variation_product_idproduct_id1183
[17-Sep-2024 15:26:10 UTC] create_stock:19410
[17-Sep-2024 15:26:10 UTC] create_price:0,38
[17-Sep-2024 15:26:10 UTC] create_variation_product_idproduct_id1184
[17-Sep-2024 15:26:10 UTC] create_stock:5762
[17-Sep-2024 15:26:10 UTC] create_price:1,24
[17-Sep-2024 15:26:10 UTC] create_variation_product_idproduct_id1185
[17-Sep-2024 15:26:10 UTC] create_stock:49712
[17-Sep-2024 15:26:10 UTC] create_price:0,78
[17-Sep-2024 15:26:11 UTC] create_variation_product_idproduct_id1185
[17-Sep-2024 15:26:11 UTC] create_stock:19440
[17-Sep-2024 15:26:11 UTC] create_price:0,78
[17-Sep-2024 15:26:11 UTC] create_variation_product_idproduct_id1185
[17-Sep-2024 15:26:11 UTC] create_stock:18821
[17-Sep-2024 15:26:11 UTC] create_price:0,78
[17-Sep-2024 15:26:11 UTC] create_variation_product_idproduct_id1185
[17-Sep-2024 15:26:11 UTC] create_stock:8866
[17-Sep-2024 15:26:11 UTC] create_price:0,78
[17-Sep-2024 15:26:11 UTC] create_variation_product_idproduct_id1185
[17-Sep-2024 15:26:11 UTC] create_stock:2506
[17-Sep-2024 15:26:11 UTC] create_price:0,78
[17-Sep-2024 15:26:11 UTC] create_variation_product_idproduct_id1186
[17-Sep-2024 15:26:11 UTC] create_stock:9527
[17-Sep-2024 15:26:11 UTC] create_price:3,35
[17-Sep-2024 15:26:12 UTC] create_variation_product_idproduct_id1187
[17-Sep-2024 15:26:12 UTC] create_stock:119960
[17-Sep-2024 15:26:12 UTC] create_price:0,21
[17-Sep-2024 15:26:12 UTC] create_variation_product_idproduct_id1188
[17-Sep-2024 15:26:12 UTC] create_stock:43180
[17-Sep-2024 15:26:12 UTC] create_price:0,25
[17-Sep-2024 15:26:12 UTC] create_variation_product_idproduct_id1189
[17-Sep-2024 15:26:12 UTC] create_stock:449
[17-Sep-2024 15:26:12 UTC] create_price:0,56
[17-Sep-2024 15:26:12 UTC] create_variation_product_idproduct_id1189
[17-Sep-2024 15:26:12 UTC] create_stock:42381
[17-Sep-2024 15:26:12 UTC] create_price:0,56
[17-Sep-2024 15:26:12 UTC] create_variation_product_idproduct_id1189
[17-Sep-2024 15:26:12 UTC] create_stock:25926
[17-Sep-2024 15:26:12 UTC] create_price:0,56
[17-Sep-2024 15:26:13 UTC] create_variation_product_idproduct_id1189
[17-Sep-2024 15:26:13 UTC] create_stock:19749
[17-Sep-2024 15:26:13 UTC] create_price:0,56
[17-Sep-2024 15:26:13 UTC] create_variation_product_idproduct_id1189
[17-Sep-2024 15:26:13 UTC] create_stock:14862
[17-Sep-2024 15:26:13 UTC] create_price:0,56
[17-Sep-2024 15:26:13 UTC] create_variation_product_idproduct_id1189
[17-Sep-2024 15:26:13 UTC] create_stock:22306
[17-Sep-2024 15:26:13 UTC] create_price:0,56
[17-Sep-2024 15:26:13 UTC] create_variation_product_idproduct_id1189
[17-Sep-2024 15:26:13 UTC] create_stock:5847
[17-Sep-2024 15:26:13 UTC] create_price:0,56
[17-Sep-2024 15:26:14 UTC] create_variation_product_idproduct_id1190
[17-Sep-2024 15:26:14 UTC] create_stock:5806
[17-Sep-2024 15:26:14 UTC] create_price:0,76
[17-Sep-2024 15:26:14 UTC] create_variation_product_idproduct_id1191
[17-Sep-2024 15:26:14 UTC] create_stock:11114
[17-Sep-2024 15:26:14 UTC] create_price:1,18
[17-Sep-2024 15:26:14 UTC] create_variation_product_idproduct_id1192
[17-Sep-2024 15:26:14 UTC] create_stock:1576
[17-Sep-2024 15:26:14 UTC] create_price:6,67
[17-Sep-2024 15:26:14 UTC] create_variation_product_idproduct_id1193
[17-Sep-2024 15:26:14 UTC] create_stock:2695
[17-Sep-2024 15:26:14 UTC] create_price:7,76
[17-Sep-2024 15:26:14 UTC] create_variation_product_idproduct_id1194
[17-Sep-2024 15:26:14 UTC] create_stock:6872
[17-Sep-2024 15:26:14 UTC] create_price:3,50
[17-Sep-2024 15:26:14 UTC] create_variation_product_idproduct_id1195
[17-Sep-2024 15:26:14 UTC] create_stock:26671
[17-Sep-2024 15:26:14 UTC] create_price:0,23
[17-Sep-2024 15:26:15 UTC] create_variation_product_idproduct_id1195
[17-Sep-2024 15:26:15 UTC] create_stock:8813
[17-Sep-2024 15:26:15 UTC] create_price:0,23
[17-Sep-2024 15:26:15 UTC] create_variation_product_idproduct_id1196
[17-Sep-2024 15:26:15 UTC] create_stock:2529
[17-Sep-2024 15:26:15 UTC] create_price:2,57
[17-Sep-2024 15:26:15 UTC] create_variation_product_idproduct_id1197
[17-Sep-2024 15:26:15 UTC] create_stock:15545
[17-Sep-2024 15:26:15 UTC] create_price:1,01
[17-Sep-2024 15:26:15 UTC] create_variation_product_idproduct_id1197
[17-Sep-2024 15:26:15 UTC] create_stock:25534
[17-Sep-2024 15:26:15 UTC] create_price:1,01
[17-Sep-2024 15:26:15 UTC] create_variation_product_idproduct_id1198
[17-Sep-2024 15:26:15 UTC] create_stock:2813
[17-Sep-2024 15:26:15 UTC] create_price:1,81
[17-Sep-2024 15:26:15 UTC] create_variation_product_idproduct_id1198
[17-Sep-2024 15:26:15 UTC] create_stock:6509
[17-Sep-2024 15:26:15 UTC] create_price:1,81
[17-Sep-2024 15:26:16 UTC] create_variation_product_idproduct_id1199
[17-Sep-2024 15:26:16 UTC] create_stock:6294
[17-Sep-2024 15:26:16 UTC] create_price:2,42
[17-Sep-2024 15:26:16 UTC] create_variation_product_idproduct_id1200
[17-Sep-2024 15:26:16 UTC] create_stock:8552
[17-Sep-2024 15:26:16 UTC] create_price:1,15
[17-Sep-2024 15:26:16 UTC] create_variation_product_idproduct_id1201
[17-Sep-2024 15:26:16 UTC] create_stock:43714
[17-Sep-2024 15:26:16 UTC] create_price:1,18
[17-Sep-2024 15:26:16 UTC] create_variation_product_idproduct_id1202
[17-Sep-2024 15:26:16 UTC] create_stock:10721
[17-Sep-2024 15:26:16 UTC] create_price:1,37
[17-Sep-2024 15:26:16 UTC] create_variation_product_idproduct_id1203
[17-Sep-2024 15:26:16 UTC] create_stock:8913
[17-Sep-2024 15:26:16 UTC] create_price:0,76
[17-Sep-2024 15:26:17 UTC] create_variation_product_idproduct_id1204
[17-Sep-2024 15:26:17 UTC] create_stock:5786
[17-Sep-2024 15:26:17 UTC] create_price:2,93
[17-Sep-2024 15:26:17 UTC] create_variation_product_idproduct_id1205
[17-Sep-2024 15:26:17 UTC] create_stock:2923
[17-Sep-2024 15:26:17 UTC] create_price:1,17
[17-Sep-2024 15:26:17 UTC] create_variation_product_idproduct_id1206
[17-Sep-2024 15:26:17 UTC] create_stock:2146
[17-Sep-2024 15:26:17 UTC] create_price:10,75
[17-Sep-2024 15:26:17 UTC] create_variation_product_idproduct_id1207
[17-Sep-2024 15:26:17 UTC] create_stock:19168
[17-Sep-2024 15:26:17 UTC] create_price:3,78
[17-Sep-2024 15:26:17 UTC] create_variation_product_idproduct_id1208
[17-Sep-2024 15:26:17 UTC] create_stock:2965
[17-Sep-2024 15:26:17 UTC] create_price:7,88
[17-Sep-2024 15:26:18 UTC] create_variation_product_idproduct_id1209
[17-Sep-2024 15:26:18 UTC] create_stock:7978
[17-Sep-2024 15:26:18 UTC] create_price:0,58
[17-Sep-2024 15:26:18 UTC] create_variation_product_idproduct_id1209
[17-Sep-2024 15:26:18 UTC] create_stock:11363
[17-Sep-2024 15:26:18 UTC] create_price:0,58
[17-Sep-2024 15:26:18 UTC] create_variation_product_idproduct_id1210
[17-Sep-2024 15:26:18 UTC] create_stock:53956
[17-Sep-2024 15:26:18 UTC] create_price:0,21
[17-Sep-2024 15:26:18 UTC] create_variation_product_idproduct_id1210
[17-Sep-2024 15:26:18 UTC] create_stock:15957
[17-Sep-2024 15:26:18 UTC] create_price:0,21
[17-Sep-2024 15:26:19 UTC] create_variation_product_idproduct_id1210
[17-Sep-2024 15:26:19 UTC] create_stock:37300
[17-Sep-2024 15:26:19 UTC] create_price:0,21
[17-Sep-2024 15:26:19 UTC] create_variation_product_idproduct_id1210
[17-Sep-2024 15:26:19 UTC] create_stock:10271
[17-Sep-2024 15:26:19 UTC] create_price:0,21
[17-Sep-2024 15:26:19 UTC] create_variation_product_idproduct_id1210
[17-Sep-2024 15:26:19 UTC] create_stock:5221
[17-Sep-2024 15:26:19 UTC] create_price:0,21
[17-Sep-2024 15:26:19 UTC] create_variation_product_idproduct_id1210
[17-Sep-2024 15:26:19 UTC] create_stock:16843
[17-Sep-2024 15:26:19 UTC] create_price:0,21
[17-Sep-2024 15:26:20 UTC] create_variation_product_idproduct_id1210
[17-Sep-2024 15:26:20 UTC] create_stock:21515
[17-Sep-2024 15:26:20 UTC] create_price:0,21
[17-Sep-2024 15:26:20 UTC] create_variation_product_idproduct_id1210
[17-Sep-2024 15:26:20 UTC] create_stock:37137
[17-Sep-2024 15:26:20 UTC] create_price:0,21
[17-Sep-2024 15:26:20 UTC] create_variation_product_idproduct_id1210
[17-Sep-2024 15:26:20 UTC] create_stock:1380
[17-Sep-2024 15:26:20 UTC] create_price:0,21
[17-Sep-2024 15:26:20 UTC] create_variation_product_idproduct_id1211
[17-Sep-2024 15:26:20 UTC] create_stock:
[17-Sep-2024 15:26:20 UTC] create_price:
[17-Sep-2024 15:26:22 UTC] create_variation_product_idproduct_id1211
[17-Sep-2024 15:26:22 UTC] create_stock:
[17-Sep-2024 15:26:22 UTC] create_price:
[17-Sep-2024 15:26:23 UTC] create_variation_product_idproduct_id1211
[17-Sep-2024 15:26:23 UTC] create_stock:
[17-Sep-2024 15:26:23 UTC] create_price:
[17-Sep-2024 15:26:23 UTC] create_variation_product_idproduct_id1211
[17-Sep-2024 15:26:24 UTC] create_stock:
[17-Sep-2024 15:26:24 UTC] create_price:
[17-Sep-2024 15:26:24 UTC] create_variation_product_idproduct_id1211
[17-Sep-2024 15:26:24 UTC] create_stock:
[17-Sep-2024 15:26:24 UTC] create_price:
[17-Sep-2024 15:26:25 UTC] create_variation_product_idproduct_id1211
[17-Sep-2024 15:26:25 UTC] create_stock:
[17-Sep-2024 15:26:25 UTC] create_price:
[17-Sep-2024 15:26:26 UTC] create_variation_product_idproduct_id1211
[17-Sep-2024 15:26:26 UTC] create_stock:
[17-Sep-2024 15:26:26 UTC] create_price:
[17-Sep-2024 15:26:26 UTC] create_variation_product_idproduct_id1211
[17-Sep-2024 15:26:26 UTC] create_stock:
[17-Sep-2024 15:26:26 UTC] create_price:
[17-Sep-2024 15:26:27 UTC] create_variation_product_idproduct_id1211
[17-Sep-2024 15:26:27 UTC] create_stock:
[17-Sep-2024 15:26:27 UTC] create_price:
[17-Sep-2024 15:26:28 UTC] create_variation_product_idproduct_id1211
[17-Sep-2024 15:26:28 UTC] create_stock:
[17-Sep-2024 15:26:28 UTC] create_price:
[17-Sep-2024 15:26:29 UTC] create_variation_product_idproduct_id1211
[17-Sep-2024 15:26:29 UTC] create_stock:
[17-Sep-2024 15:26:29 UTC] create_price:
[17-Sep-2024 15:26:30 UTC] create_variation_product_idproduct_id1211
[17-Sep-2024 15:26:30 UTC] create_stock:
[17-Sep-2024 15:26:30 UTC] create_price:
[17-Sep-2024 15:26:31 UTC] create_variation_product_idproduct_id1212
[17-Sep-2024 15:26:31 UTC] create_stock:
[17-Sep-2024 15:26:31 UTC] create_price:
[17-Sep-2024 15:26:32 UTC] create_variation_product_idproduct_id1212
[17-Sep-2024 15:26:32 UTC] create_stock:
[17-Sep-2024 15:26:32 UTC] create_price:
[17-Sep-2024 15:26:33 UTC] create_variation_product_idproduct_id1212
[17-Sep-2024 15:26:33 UTC] create_stock:
[17-Sep-2024 15:26:33 UTC] create_price:
[17-Sep-2024 15:26:34 UTC] create_variation_product_idproduct_id1212
[17-Sep-2024 15:26:34 UTC] create_stock:
[17-Sep-2024 15:26:34 UTC] create_price:
[17-Sep-2024 15:26:36 UTC] create_variation_product_idproduct_id1212
[17-Sep-2024 15:26:36 UTC] create_stock:
[17-Sep-2024 15:26:36 UTC] create_price:
[17-Sep-2024 15:26:37 UTC] create_variation_product_idproduct_id1212
[17-Sep-2024 15:26:37 UTC] create_stock:
[17-Sep-2024 15:26:37 UTC] create_price:
[17-Sep-2024 15:26:37 UTC] create_variation_product_idproduct_id1212
[17-Sep-2024 15:26:37 UTC] create_stock:
[17-Sep-2024 15:26:37 UTC] create_price:
[17-Sep-2024 15:26:38 UTC] create_variation_product_idproduct_id1212
[17-Sep-2024 15:26:38 UTC] create_stock:
[17-Sep-2024 15:26:38 UTC] create_price:
[17-Sep-2024 15:26:39 UTC] create_variation_product_idproduct_id1212
[17-Sep-2024 15:26:39 UTC] create_stock:
[17-Sep-2024 15:26:39 UTC] create_price:
[17-Sep-2024 15:26:41 UTC] create_variation_product_idproduct_id1212
[17-Sep-2024 15:26:41 UTC] create_stock:
[17-Sep-2024 15:26:41 UTC] create_price:
[17-Sep-2024 15:26:42 UTC] create_variation_product_idproduct_id1212
[17-Sep-2024 15:26:42 UTC] create_stock:
[17-Sep-2024 15:26:42 UTC] create_price:
[17-Sep-2024 15:26:42 UTC] create_variation_product_idproduct_id1212
[17-Sep-2024 15:26:42 UTC] create_stock:
[17-Sep-2024 15:26:42 UTC] create_price:
[17-Sep-2024 15:26:43 UTC] create_variation_product_idproduct_id1213
[17-Sep-2024 15:26:43 UTC] create_stock:
[17-Sep-2024 15:26:43 UTC] create_price:
[17-Sep-2024 15:26:45 UTC] create_variation_product_idproduct_id1213
[17-Sep-2024 15:26:45 UTC] create_stock:
[17-Sep-2024 15:26:45 UTC] create_price:
[17-Sep-2024 15:26:46 UTC] create_variation_product_idproduct_id1213
[17-Sep-2024 15:26:46 UTC] create_stock:
[17-Sep-2024 15:26:46 UTC] create_price:
[17-Sep-2024 15:26:48 UTC] create_variation_product_idproduct_id1213
[17-Sep-2024 15:26:48 UTC] create_stock:
[17-Sep-2024 15:26:48 UTC] create_price:
[17-Sep-2024 15:26:48 UTC] create_variation_product_idproduct_id1213
[17-Sep-2024 15:26:50 UTC] create_stock:
[17-Sep-2024 15:26:50 UTC] create_price:
[17-Sep-2024 15:26:51 UTC] create_variation_product_idproduct_id1213
[17-Sep-2024 15:26:51 UTC] create_stock:
[17-Sep-2024 15:26:51 UTC] create_price:
[17-Sep-2024 15:26:51 UTC] create_variation_product_idproduct_id1213
[17-Sep-2024 15:26:51 UTC] create_stock:
[17-Sep-2024 15:26:51 UTC] create_price:
[17-Sep-2024 15:26:52 UTC] create_variation_product_idproduct_id1213
[17-Sep-2024 15:26:52 UTC] create_stock:
[17-Sep-2024 15:26:52 UTC] create_price:
[17-Sep-2024 15:26:53 UTC] create_variation_product_idproduct_id1213
[17-Sep-2024 15:26:53 UTC] create_stock:
[17-Sep-2024 15:26:53 UTC] create_price:
[17-Sep-2024 15:26:54 UTC] create_variation_product_idproduct_id1213
[17-Sep-2024 15:26:54 UTC] create_stock:
[17-Sep-2024 15:26:54 UTC] create_price:
[17-Sep-2024 15:26:54 UTC] create_variation_product_idproduct_id1213
[17-Sep-2024 15:26:54 UTC] create_stock:
[17-Sep-2024 15:26:54 UTC] create_price:
[17-Sep-2024 15:26:55 UTC] create_variation_product_idproduct_id1213
[17-Sep-2024 15:26:55 UTC] create_stock:
[17-Sep-2024 15:26:55 UTC] create_price:
[17-Sep-2024 15:26:56 UTC] create_variation_product_idproduct_id1214
[17-Sep-2024 15:26:56 UTC] create_stock:
[17-Sep-2024 15:26:56 UTC] create_price:
[17-Sep-2024 15:26:57 UTC] create_variation_product_idproduct_id1215
[17-Sep-2024 15:26:57 UTC] create_stock:
[17-Sep-2024 15:26:57 UTC] create_price:
[17-Sep-2024 15:26:58 UTC] create_variation_product_idproduct_id1216
[17-Sep-2024 15:26:58 UTC] create_stock:
[17-Sep-2024 15:26:58 UTC] create_price:
[17-Sep-2024 15:26:59 UTC] Aucune variations trouvées dans le tableau.
[17-Sep-2024 15:26:59 UTC] create_variation_product_idproduct_id1217
[17-Sep-2024 15:26:59 UTC] create_stock:0
[17-Sep-2024 15:26:59 UTC] create_price:3,65
[17-Sep-2024 15:27:00 UTC] create_variation_product_idproduct_id1218
[17-Sep-2024 15:27:00 UTC] create_stock:1557
[17-Sep-2024 15:27:00 UTC] create_price:3,97
[17-Sep-2024 15:27:00 UTC] create_variation_product_idproduct_id1219
[17-Sep-2024 15:27:00 UTC] create_stock:17577
[17-Sep-2024 15:27:00 UTC] create_price:0,68
[17-Sep-2024 15:27:00 UTC] create_variation_product_idproduct_id1219
[17-Sep-2024 15:27:00 UTC] create_stock:2628
[17-Sep-2024 15:27:00 UTC] create_price:0,68
[17-Sep-2024 15:27:01 UTC] create_variation_product_idproduct_id1219
[17-Sep-2024 15:27:01 UTC] create_stock:4113
[17-Sep-2024 15:27:01 UTC] create_price:0,68
[17-Sep-2024 15:27:01 UTC] create_variation_product_idproduct_id1219
[17-Sep-2024 15:27:01 UTC] create_stock:3632
[17-Sep-2024 15:27:01 UTC] create_price:0,68
[17-Sep-2024 15:27:01 UTC] create_variation_product_idproduct_id1219
[17-Sep-2024 15:27:01 UTC] create_stock:4857
[17-Sep-2024 15:27:01 UTC] create_price:0,68
[17-Sep-2024 15:27:01 UTC] create_variation_product_idproduct_id1219
[17-Sep-2024 15:27:01 UTC] create_stock:2129
[17-Sep-2024 15:27:01 UTC] create_price:0,68
[17-Sep-2024 15:27:02 UTC] create_variation_product_idproduct_id1219
[17-Sep-2024 15:27:02 UTC] create_stock:3874
[17-Sep-2024 15:27:02 UTC] create_price:0,68
[17-Sep-2024 15:27:02 UTC] create_variation_product_idproduct_id1219
[17-Sep-2024 15:27:02 UTC] create_stock:80
[17-Sep-2024 15:27:02 UTC] create_price:0,68
[17-Sep-2024 15:27:02 UTC] create_variation_product_idproduct_id1220
[17-Sep-2024 15:27:02 UTC] create_stock:86233
[17-Sep-2024 15:27:02 UTC] create_price:1,24
[17-Sep-2024 15:27:02 UTC] create_variation_product_idproduct_id1220
[17-Sep-2024 15:27:02 UTC] create_stock:10121
[17-Sep-2024 15:27:02 UTC] create_price:1,24
[17-Sep-2024 15:27:02 UTC] create_variation_product_idproduct_id1220
[17-Sep-2024 15:27:02 UTC] create_stock:31277
[17-Sep-2024 15:27:03 UTC] create_price:1,24
[17-Sep-2024 15:27:03 UTC] create_variation_product_idproduct_id1220
[17-Sep-2024 15:27:03 UTC] create_stock:0
[17-Sep-2024 15:27:03 UTC] create_price:1,24
[17-Sep-2024 15:27:04 UTC] create_variation_product_idproduct_id1220
[17-Sep-2024 15:27:04 UTC] create_stock:23083
[17-Sep-2024 15:27:04 UTC] create_price:1,24
[17-Sep-2024 15:27:04 UTC] create_variation_product_idproduct_id1220
[17-Sep-2024 15:27:04 UTC] create_stock:5715
[17-Sep-2024 15:27:04 UTC] create_price:1,24
[17-Sep-2024 15:27:04 UTC] create_variation_product_idproduct_id1220
[17-Sep-2024 15:27:04 UTC] create_stock:6841
[17-Sep-2024 15:27:04 UTC] create_price:1,24
[17-Sep-2024 15:27:04 UTC] create_variation_product_idproduct_id1220
[17-Sep-2024 15:27:04 UTC] create_stock:0
[17-Sep-2024 15:27:04 UTC] create_price:1,24
[17-Sep-2024 15:27:05 UTC] create_variation_product_idproduct_id1221
[17-Sep-2024 15:27:05 UTC] create_stock:0
[17-Sep-2024 15:27:05 UTC] create_price:1,40
[17-Sep-2024 15:27:07 UTC] create_variation_product_idproduct_id1221
[17-Sep-2024 15:27:07 UTC] create_stock:3096
[17-Sep-2024 15:27:07 UTC] create_price:1,40
[17-Sep-2024 15:27:07 UTC] create_variation_product_idproduct_id1221
[17-Sep-2024 15:27:07 UTC] create_stock:12500
[17-Sep-2024 15:27:07 UTC] create_price:1,40
[17-Sep-2024 15:27:07 UTC] create_variation_product_idproduct_id1221
[17-Sep-2024 15:27:07 UTC] create_stock:2721
[17-Sep-2024 15:27:07 UTC] create_price:1,40
[17-Sep-2024 15:27:08 UTC] create_variation_product_idproduct_id1221
[17-Sep-2024 15:27:08 UTC] create_stock:0
[17-Sep-2024 15:27:08 UTC] create_price:1,40
[17-Sep-2024 15:27:08 UTC] create_variation_product_idproduct_id1222
[17-Sep-2024 15:27:08 UTC] create_stock:566
[17-Sep-2024 15:27:08 UTC] create_price:11,56
[17-Sep-2024 15:27:08 UTC] create_variation_product_idproduct_id1223
[17-Sep-2024 15:27:08 UTC] create_stock:1544
[17-Sep-2024 15:27:08 UTC] create_price:11,56
[17-Sep-2024 15:27:09 UTC] create_variation_product_idproduct_id1224
[17-Sep-2024 15:27:09 UTC] create_stock:1031
[17-Sep-2024 15:27:09 UTC] create_price:11,56
[17-Sep-2024 15:27:09 UTC] create_variation_product_idproduct_id1225
[17-Sep-2024 15:27:09 UTC] create_stock:479
[17-Sep-2024 15:27:09 UTC] create_price:11,56
[17-Sep-2024 15:27:09 UTC] create_variation_product_idproduct_id1226
[17-Sep-2024 15:27:09 UTC] create_stock:525
[17-Sep-2024 15:27:09 UTC] create_price:11,56
[17-Sep-2024 15:27:09 UTC] create_variation_product_idproduct_id1227
[17-Sep-2024 15:27:09 UTC] create_stock:1123
[17-Sep-2024 15:27:09 UTC] create_price:11,56
[17-Sep-2024 15:27:09 UTC] create_variation_product_idproduct_id1228
[17-Sep-2024 15:27:09 UTC] create_stock:897
[17-Sep-2024 15:27:09 UTC] create_price:11,56
[17-Sep-2024 15:27:10 UTC] create_variation_product_idproduct_id1229
[17-Sep-2024 15:27:10 UTC] create_stock:228
[17-Sep-2024 15:27:10 UTC] create_price:11,56
[17-Sep-2024 15:27:10 UTC] create_variation_product_idproduct_id1230
[17-Sep-2024 15:27:10 UTC] create_stock:287
[17-Sep-2024 15:27:10 UTC] create_price:11,56
[17-Sep-2024 15:27:10 UTC] create_variation_product_idproduct_id1231
[17-Sep-2024 15:27:10 UTC] create_stock:1642
[17-Sep-2024 15:27:10 UTC] create_price:15,81
[17-Sep-2024 15:27:10 UTC] create_variation_product_idproduct_id1232
[17-Sep-2024 15:27:10 UTC] create_stock:1040
[17-Sep-2024 15:27:10 UTC] create_price:26,24
[17-Sep-2024 15:27:10 UTC] create_variation_product_idproduct_id1233
[17-Sep-2024 15:27:10 UTC] create_stock:718
[17-Sep-2024 15:27:10 UTC] create_price:16,61
[17-Sep-2024 15:27:11 UTC] create_variation_product_idproduct_id1234
[17-Sep-2024 15:27:11 UTC] create_stock:1764
[17-Sep-2024 15:27:11 UTC] create_price:7,32
[17-Sep-2024 15:27:11 UTC] create_variation_product_idproduct_id1234
[17-Sep-2024 15:27:11 UTC] create_stock:261
[17-Sep-2024 15:27:11 UTC] create_price:7,32
[17-Sep-2024 15:27:11 UTC] create_variation_product_idproduct_id1234
[17-Sep-2024 15:27:11 UTC] create_stock:371
[17-Sep-2024 15:27:11 UTC] create_price:7,32
[17-Sep-2024 15:27:11 UTC] create_variation_product_idproduct_id1235
[17-Sep-2024 15:27:11 UTC] create_stock:3459
[17-Sep-2024 15:27:11 UTC] create_price:14,24
[17-Sep-2024 15:27:11 UTC] create_variation_product_idproduct_id1236
[17-Sep-2024 15:27:11 UTC] create_stock:0
[17-Sep-2024 15:27:11 UTC] create_price:13,29
[17-Sep-2024 15:27:12 UTC] create_variation_product_idproduct_id1237
[17-Sep-2024 15:27:12 UTC] create_stock:2059
[17-Sep-2024 15:27:12 UTC] create_price:4,02
[17-Sep-2024 15:27:12 UTC] create_variation_product_idproduct_id1238
[17-Sep-2024 15:27:12 UTC] create_stock:1966
[17-Sep-2024 15:27:12 UTC] create_price:21,53
[17-Sep-2024 15:27:12 UTC] create_variation_product_idproduct_id1239
[17-Sep-2024 15:27:12 UTC] create_stock:2064
[17-Sep-2024 15:27:12 UTC] create_price:9,17
[17-Sep-2024 15:27:13 UTC] create_variation_product_idproduct_id1240
[17-Sep-2024 15:27:13 UTC] create_stock:1789
[17-Sep-2024 15:27:13 UTC] create_price:39,22
[17-Sep-2024 15:27:13 UTC] create_variation_product_idproduct_id1241
[17-Sep-2024 15:27:13 UTC] create_stock:4174
[17-Sep-2024 15:27:13 UTC] create_price:10,01
[17-Sep-2024 15:27:13 UTC] create_variation_product_idproduct_id1242
[17-Sep-2024 15:27:13 UTC] create_stock:2584
[17-Sep-2024 15:27:13 UTC] create_price:4,60
[17-Sep-2024 15:27:13 UTC] create_variation_product_idproduct_id1242
[17-Sep-2024 15:27:13 UTC] create_stock:4152
[17-Sep-2024 15:27:13 UTC] create_price:4,60
[17-Sep-2024 15:27:13 UTC] create_variation_product_idproduct_id1242
[17-Sep-2024 15:27:13 UTC] create_stock:3389
[17-Sep-2024 15:27:13 UTC] create_price:4,60
[17-Sep-2024 15:27:14 UTC] create_variation_product_idproduct_id1243
[17-Sep-2024 15:27:14 UTC] create_stock:4163
[17-Sep-2024 15:27:14 UTC] create_price:6,62
[17-Sep-2024 15:27:14 UTC] create_variation_product_idproduct_id1243
[17-Sep-2024 15:27:14 UTC] create_stock:2852
[17-Sep-2024 15:27:14 UTC] create_price:6,62
[17-Sep-2024 15:27:14 UTC] create_variation_product_idproduct_id1243
[17-Sep-2024 15:27:14 UTC] create_stock:1442
[17-Sep-2024 15:27:14 UTC] create_price:6,62
[17-Sep-2024 15:27:14 UTC] create_variation_product_idproduct_id1244
[17-Sep-2024 15:27:14 UTC] create_stock:1339
[17-Sep-2024 15:27:14 UTC] create_price:7,35
[17-Sep-2024 15:27:14 UTC] create_variation_product_idproduct_id1244
[17-Sep-2024 15:27:14 UTC] create_stock:2530
[17-Sep-2024 15:27:14 UTC] create_price:7,35
[17-Sep-2024 15:27:14 UTC] create_variation_product_idproduct_id1244
[17-Sep-2024 15:27:14 UTC] create_stock:983
[17-Sep-2024 15:27:14 UTC] create_price:7,35
[17-Sep-2024 15:27:15 UTC] create_variation_product_idproduct_id1245
[17-Sep-2024 15:27:15 UTC] create_stock:442
[17-Sep-2024 15:27:15 UTC] create_price:11,36
[17-Sep-2024 15:27:15 UTC] create_variation_product_idproduct_id1245
[17-Sep-2024 15:27:15 UTC] create_stock:1055
[17-Sep-2024 15:27:15 UTC] create_price:11,36
[17-Sep-2024 15:27:15 UTC] create_variation_product_idproduct_id1245
[17-Sep-2024 15:27:15 UTC] create_stock:489
[17-Sep-2024 15:27:15 UTC] create_price:11,36
[17-Sep-2024 15:27:15 UTC] create_variation_product_idproduct_id1246
[17-Sep-2024 15:27:15 UTC] create_stock:3670
[17-Sep-2024 15:27:15 UTC] create_price:3,54
[17-Sep-2024 15:27:15 UTC] create_variation_product_idproduct_id1247
[17-Sep-2024 15:27:15 UTC] create_stock:0
[17-Sep-2024 15:27:15 UTC] create_price:1,52
[17-Sep-2024 15:27:17 UTC] create_variation_product_idproduct_id1247
[17-Sep-2024 15:27:17 UTC] create_stock:0
[17-Sep-2024 15:27:17 UTC] create_price:1,52
[17-Sep-2024 15:27:18 UTC] create_variation_product_idproduct_id1247
[17-Sep-2024 15:27:18 UTC] create_stock:0
[17-Sep-2024 15:27:18 UTC] create_price:1,52
[17-Sep-2024 15:27:18 UTC] create_variation_product_idproduct_id1247
[17-Sep-2024 15:27:18 UTC] create_stock:0
[17-Sep-2024 15:27:18 UTC] create_price:1,52
[17-Sep-2024 15:27:20 UTC] create_variation_product_idproduct_id1247
[17-Sep-2024 15:27:20 UTC] create_stock:0
[17-Sep-2024 15:27:20 UTC] create_price:1,52
[17-Sep-2024 15:27:20 UTC] create_variation_product_idproduct_id1247
[17-Sep-2024 15:27:20 UTC] create_stock:0
[17-Sep-2024 15:27:20 UTC] create_price:1,52
[17-Sep-2024 15:27:21 UTC] create_variation_product_idproduct_id1247
[17-Sep-2024 15:27:21 UTC] create_stock:0
[17-Sep-2024 15:27:21 UTC] create_price:1,52
[17-Sep-2024 15:27:22 UTC] create_variation_product_idproduct_id1247
[17-Sep-2024 15:27:22 UTC] create_stock:0
[17-Sep-2024 15:27:22 UTC] create_price:1,52
[17-Sep-2024 15:27:23 UTC] create_variation_product_idproduct_id1247
[17-Sep-2024 15:27:23 UTC] create_stock:0
[17-Sep-2024 15:27:23 UTC] create_price:1,52
[17-Sep-2024 15:27:24 UTC] create_variation_product_idproduct_id1248
[17-Sep-2024 15:27:24 UTC] create_stock:7818
[17-Sep-2024 15:27:24 UTC] create_price:1,52
[17-Sep-2024 15:27:24 UTC] create_variation_product_idproduct_id1248
[17-Sep-2024 15:27:24 UTC] create_stock:8607
[17-Sep-2024 15:27:24 UTC] create_price:1,52
[17-Sep-2024 15:27:24 UTC] create_variation_product_idproduct_id1248
[17-Sep-2024 15:27:24 UTC] create_stock:9861
[17-Sep-2024 15:27:24 UTC] create_price:1,52
[17-Sep-2024 15:27:24 UTC] create_variation_product_idproduct_id1248
[17-Sep-2024 15:27:24 UTC] create_stock:5537
[17-Sep-2024 15:27:24 UTC] create_price:1,52
[17-Sep-2024 15:27:25 UTC] create_variation_product_idproduct_id1248
[17-Sep-2024 15:27:25 UTC] create_stock:11842
[17-Sep-2024 15:27:25 UTC] create_price:1,52
[17-Sep-2024 15:27:25 UTC] create_variation_product_idproduct_id1249
[17-Sep-2024 15:27:25 UTC] create_stock:3422
[17-Sep-2024 15:27:25 UTC] create_price:3,08
[17-Sep-2024 15:27:25 UTC] create_variation_product_idproduct_id1250
[17-Sep-2024 15:27:25 UTC] create_stock:2376
[17-Sep-2024 15:27:25 UTC] create_price:14,70
[17-Sep-2024 15:27:25 UTC] create_variation_product_idproduct_id1251
[17-Sep-2024 15:27:25 UTC] create_stock:7148
[17-Sep-2024 15:27:25 UTC] create_price:5,60
[17-Sep-2024 15:27:25 UTC] create_variation_product_idproduct_id1252
[17-Sep-2024 15:27:25 UTC] create_stock:0
[17-Sep-2024 15:27:25 UTC] create_price:0,18
[17-Sep-2024 15:27:26 UTC] create_variation_product_idproduct_id1252
[17-Sep-2024 15:27:26 UTC] create_stock:0
[17-Sep-2024 15:27:26 UTC] create_price:0,18
[17-Sep-2024 15:27:27 UTC] create_variation_product_idproduct_id1252
[17-Sep-2024 15:27:27 UTC] create_stock:6347
[17-Sep-2024 15:27:27 UTC] create_price:0,18
[17-Sep-2024 15:27:27 UTC] create_variation_product_idproduct_id1252
[17-Sep-2024 15:27:27 UTC] create_stock:22922
[17-Sep-2024 15:27:27 UTC] create_price:0,18
[17-Sep-2024 15:27:27 UTC] create_variation_product_idproduct_id1252
[17-Sep-2024 15:27:27 UTC] create_stock:61786
[17-Sep-2024 15:27:27 UTC] create_price:0,18
[17-Sep-2024 15:27:27 UTC] create_variation_product_idproduct_id1252
[17-Sep-2024 15:27:27 UTC] create_stock:332
[17-Sep-2024 15:27:27 UTC] create_price:0,18
[17-Sep-2024 15:27:28 UTC] create_variation_product_idproduct_id1252
[17-Sep-2024 15:27:28 UTC] create_stock:0
[17-Sep-2024 15:27:28 UTC] create_price:0,18
[17-Sep-2024 15:27:29 UTC] create_variation_product_idproduct_id1253
[17-Sep-2024 15:27:29 UTC] create_stock:6713
[17-Sep-2024 15:27:29 UTC] create_price:0,74
[17-Sep-2024 15:27:29 UTC] create_variation_product_idproduct_id1254
[17-Sep-2024 15:27:29 UTC] create_stock:5791
[17-Sep-2024 15:27:29 UTC] create_price:4,57
[17-Sep-2024 15:27:29 UTC] create_variation_product_idproduct_id1255
[17-Sep-2024 15:27:29 UTC] create_stock:1868
[17-Sep-2024 15:27:29 UTC] create_price:3,08
[17-Sep-2024 15:27:29 UTC] create_variation_product_idproduct_id1255
[17-Sep-2024 15:27:29 UTC] create_stock:1845
[17-Sep-2024 15:27:29 UTC] create_price:3,08
[17-Sep-2024 15:27:29 UTC] create_variation_product_idproduct_id1255
[17-Sep-2024 15:27:29 UTC] create_stock:1929
[17-Sep-2024 15:27:29 UTC] create_price:3,08
[17-Sep-2024 15:27:29 UTC] create_variation_product_idproduct_id1255
[17-Sep-2024 15:27:29 UTC] create_stock:1859
[17-Sep-2024 15:27:29 UTC] create_price:3,08
[17-Sep-2024 15:27:30 UTC] create_variation_product_idproduct_id1256
[17-Sep-2024 15:27:30 UTC] create_stock:10635
[17-Sep-2024 15:27:30 UTC] create_price:0,70
[17-Sep-2024 15:27:30 UTC] create_variation_product_idproduct_id1257
[17-Sep-2024 15:27:30 UTC] create_stock:2125
[17-Sep-2024 15:27:30 UTC] create_price:2,99
[17-Sep-2024 15:27:30 UTC] create_variation_product_idproduct_id1257
[17-Sep-2024 15:27:30 UTC] create_stock:4458
[17-Sep-2024 15:27:30 UTC] create_price:2,99
[17-Sep-2024 15:27:30 UTC] create_variation_product_idproduct_id1258
[17-Sep-2024 15:27:30 UTC] create_stock:5447
[17-Sep-2024 15:27:30 UTC] create_price:3,64
[17-Sep-2024 15:27:30 UTC] create_variation_product_idproduct_id1259
[17-Sep-2024 15:27:30 UTC] create_stock:3906
[17-Sep-2024 15:27:30 UTC] create_price:2,37
[17-Sep-2024 15:27:31 UTC] create_variation_product_idproduct_id1259
[17-Sep-2024 15:27:31 UTC] create_stock:2218
[17-Sep-2024 15:27:31 UTC] create_price:2,37
[17-Sep-2024 15:27:31 UTC] create_variation_product_idproduct_id1259
[17-Sep-2024 15:27:31 UTC] create_stock:3264
[17-Sep-2024 15:27:31 UTC] create_price:2,37
[17-Sep-2024 15:27:31 UTC] create_variation_product_idproduct_id1260
[17-Sep-2024 15:27:31 UTC] create_stock:10550
[17-Sep-2024 15:27:31 UTC] create_price:1,21
[17-Sep-2024 15:27:31 UTC] create_variation_product_idproduct_id1261
[17-Sep-2024 15:27:31 UTC] create_stock:7807
[17-Sep-2024 15:27:31 UTC] create_price:2,30
[17-Sep-2024 15:27:31 UTC] create_variation_product_idproduct_id1262
[17-Sep-2024 15:27:31 UTC] create_stock:2114
[17-Sep-2024 15:27:31 UTC] create_price:4,09
[17-Sep-2024 15:27:32 UTC] create_variation_product_idproduct_id1263
[17-Sep-2024 15:27:32 UTC] create_stock:6339
[17-Sep-2024 15:27:32 UTC] create_price:5,39
[17-Sep-2024 15:27:32 UTC] create_variation_product_idproduct_id1264
[17-Sep-2024 15:27:32 UTC] create_stock:8803
[17-Sep-2024 15:27:32 UTC] create_price:7,68
[17-Sep-2024 15:27:32 UTC] create_variation_product_idproduct_id1265
[17-Sep-2024 15:27:32 UTC] create_stock:4418
[17-Sep-2024 15:27:32 UTC] create_price:2,10
[17-Sep-2024 15:27:32 UTC] create_variation_product_idproduct_id1266
[17-Sep-2024 15:27:32 UTC] create_stock:8356
[17-Sep-2024 15:27:32 UTC] create_price:2,06
[17-Sep-2024 15:27:32 UTC] create_variation_product_idproduct_id1267
[17-Sep-2024 15:27:32 UTC] create_stock:2948
[17-Sep-2024 15:27:32 UTC] create_price:5,20
[17-Sep-2024 15:27:33 UTC] create_variation_product_idproduct_id1268
[17-Sep-2024 15:27:33 UTC] create_stock:2392
[17-Sep-2024 15:27:33 UTC] create_price:5,76
[17-Sep-2024 15:27:33 UTC] create_variation_product_idproduct_id1269
[17-Sep-2024 15:27:33 UTC] create_stock:2207
[17-Sep-2024 15:27:33 UTC] create_price:2,37
[17-Sep-2024 15:27:33 UTC] create_variation_product_idproduct_id1270
[17-Sep-2024 15:27:33 UTC] create_stock:1668
[17-Sep-2024 15:27:33 UTC] create_price:3,54
[17-Sep-2024 15:27:33 UTC] create_variation_product_idproduct_id1271
[17-Sep-2024 15:27:33 UTC] create_stock:1330
[17-Sep-2024 15:27:33 UTC] create_price:9,17
[17-Sep-2024 15:27:33 UTC] create_variation_product_idproduct_id1272
[17-Sep-2024 15:27:33 UTC] create_stock:2040
[17-Sep-2024 15:27:33 UTC] create_price:3,24
[17-Sep-2024 15:27:34 UTC] create_variation_product_idproduct_id1273
[17-Sep-2024 15:27:34 UTC] create_stock:1237
[17-Sep-2024 15:27:34 UTC] create_price:3,83
[17-Sep-2024 15:27:34 UTC] create_variation_product_idproduct_id1273
[17-Sep-2024 15:27:34 UTC] create_stock:8935
[17-Sep-2024 15:27:34 UTC] create_price:3,83
[17-Sep-2024 15:27:34 UTC] create_variation_product_idproduct_id1274
[17-Sep-2024 15:27:34 UTC] create_stock:49469
[17-Sep-2024 15:27:34 UTC] create_price:1,31
[17-Sep-2024 15:27:34 UTC] create_variation_product_idproduct_id1274
[17-Sep-2024 15:27:34 UTC] create_stock:17620
[17-Sep-2024 15:27:34 UTC] create_price:1,31
[17-Sep-2024 15:27:34 UTC] create_variation_product_idproduct_id1274
[17-Sep-2024 15:27:34 UTC] create_stock:46166
[17-Sep-2024 15:27:34 UTC] create_price:1,31
[17-Sep-2024 15:27:35 UTC] create_variation_product_idproduct_id1274
[17-Sep-2024 15:27:35 UTC] create_stock:27165
[17-Sep-2024 15:27:35 UTC] create_price:1,31
[17-Sep-2024 15:27:35 UTC] create_variation_product_idproduct_id1274
[17-Sep-2024 15:27:35 UTC] create_stock:19165
[17-Sep-2024 15:27:35 UTC] create_price:1,31
[17-Sep-2024 15:27:35 UTC] create_variation_product_idproduct_id1274
[17-Sep-2024 15:27:35 UTC] create_stock:19414
[17-Sep-2024 15:27:35 UTC] create_price:1,31
[17-Sep-2024 15:27:35 UTC] create_variation_product_idproduct_id1274
[17-Sep-2024 15:27:35 UTC] create_stock:22807
[17-Sep-2024 15:27:35 UTC] create_price:1,31
[17-Sep-2024 15:27:36 UTC] create_variation_product_idproduct_id1275
[17-Sep-2024 15:27:36 UTC] create_stock:13276
[17-Sep-2024 15:27:36 UTC] create_price:2,99
[17-Sep-2024 15:27:36 UTC] create_variation_product_idproduct_id1275
[17-Sep-2024 15:27:36 UTC] create_stock:7784
[17-Sep-2024 15:27:36 UTC] create_price:2,99
[17-Sep-2024 15:27:36 UTC] create_variation_product_idproduct_id1275
[17-Sep-2024 15:27:36 UTC] create_stock:16221
[17-Sep-2024 15:27:36 UTC] create_price:2,99
[17-Sep-2024 15:27:36 UTC] create_variation_product_idproduct_id1276
[17-Sep-2024 15:27:36 UTC] create_stock:0
[17-Sep-2024 15:27:36 UTC] create_price:2,21
[17-Sep-2024 15:27:37 UTC] create_variation_product_idproduct_id1277
[17-Sep-2024 15:27:37 UTC] create_stock:4427
[17-Sep-2024 15:27:37 UTC] create_price:12,26
[17-Sep-2024 15:27:37 UTC] create_variation_product_idproduct_id1278
[17-Sep-2024 15:27:37 UTC] create_stock:12370
[17-Sep-2024 15:27:37 UTC] create_price:1,71
[17-Sep-2024 15:27:37 UTC] create_variation_product_idproduct_id1279
[17-Sep-2024 15:27:37 UTC] create_stock:0
[17-Sep-2024 15:27:37 UTC] create_price:1,47
[17-Sep-2024 15:27:38 UTC] create_variation_product_idproduct_id1280
[17-Sep-2024 15:27:38 UTC] create_stock:125
[17-Sep-2024 15:27:38 UTC] create_price:0,81
[17-Sep-2024 15:27:38 UTC] create_variation_product_idproduct_id1281
[17-Sep-2024 15:27:38 UTC] create_stock:11194
[17-Sep-2024 15:27:38 UTC] create_price:1,15
[17-Sep-2024 15:27:38 UTC] create_variation_product_idproduct_id1282
[17-Sep-2024 15:27:38 UTC] create_stock:2707
[17-Sep-2024 15:27:38 UTC] create_price:7,68
[17-Sep-2024 15:27:39 UTC] create_variation_product_idproduct_id1283
[17-Sep-2024 15:27:39 UTC] create_stock:29636
[17-Sep-2024 15:27:39 UTC] create_price:1,31
[17-Sep-2024 15:27:39 UTC] create_variation_product_idproduct_id1283
[17-Sep-2024 15:27:39 UTC] create_stock:7514
[17-Sep-2024 15:27:39 UTC] create_price:1,31
[17-Sep-2024 15:27:39 UTC] create_variation_product_idproduct_id1283
[17-Sep-2024 15:27:39 UTC] create_stock:10461
[17-Sep-2024 15:27:39 UTC] create_price:1,31
[17-Sep-2024 15:27:40 UTC] create_variation_product_idproduct_id1283
[17-Sep-2024 15:27:40 UTC] create_stock:8389
[17-Sep-2024 15:27:40 UTC] create_price:1,31
[17-Sep-2024 15:27:40 UTC] create_variation_product_idproduct_id1283
[17-Sep-2024 15:27:40 UTC] create_stock:8742
[17-Sep-2024 15:27:40 UTC] create_price:1,31
[17-Sep-2024 15:27:40 UTC] create_variation_product_idproduct_id1283
[17-Sep-2024 15:27:40 UTC] create_stock:7965
[17-Sep-2024 15:27:40 UTC] create_price:1,31
[17-Sep-2024 15:27:40 UTC] create_variation_product_idproduct_id1283
[17-Sep-2024 15:27:40 UTC] create_stock:20488
[17-Sep-2024 15:27:40 UTC] create_price:1,31
[17-Sep-2024 15:27:41 UTC] create_variation_product_idproduct_id1283
[17-Sep-2024 15:27:41 UTC] create_stock:2932
[17-Sep-2024 15:27:41 UTC] create_price:1,31
[17-Sep-2024 15:27:41 UTC] create_variation_product_idproduct_id1283
[17-Sep-2024 15:27:41 UTC] create_stock:3232
[17-Sep-2024 15:27:41 UTC] create_price:1,31
[17-Sep-2024 15:27:41 UTC] create_variation_product_idproduct_id1283
[17-Sep-2024 15:27:41 UTC] create_stock:4454
[17-Sep-2024 15:27:41 UTC] create_price:1,31
[17-Sep-2024 15:27:41 UTC] create_variation_product_idproduct_id1283
[17-Sep-2024 15:27:41 UTC] create_stock:18883
[17-Sep-2024 15:27:41 UTC] create_price:1,31
[17-Sep-2024 15:27:42 UTC] create_variation_product_idproduct_id1284
[17-Sep-2024 15:27:42 UTC] create_stock:2278
[17-Sep-2024 15:27:42 UTC] create_price:12,07
[17-Sep-2024 15:27:42 UTC] create_variation_product_idproduct_id1285
[17-Sep-2024 15:27:42 UTC] create_stock:6574
[17-Sep-2024 15:27:42 UTC] create_price:5,60
[17-Sep-2024 15:27:42 UTC] create_variation_product_idproduct_id1286
[17-Sep-2024 15:27:42 UTC] create_stock:18335
[17-Sep-2024 15:27:42 UTC] create_price:1,96
[17-Sep-2024 15:27:42 UTC] create_variation_product_idproduct_id1287
[17-Sep-2024 15:27:42 UTC] create_stock:22440
[17-Sep-2024 15:27:42 UTC] create_price:2,25
[17-Sep-2024 15:27:42 UTC] create_variation_product_idproduct_id1288
[17-Sep-2024 15:27:42 UTC] create_stock:1403
[17-Sep-2024 15:27:42 UTC] create_price:8,48
[17-Sep-2024 15:27:43 UTC] create_variation_product_idproduct_id1288
[17-Sep-2024 15:27:43 UTC] create_stock:1803
[17-Sep-2024 15:27:43 UTC] create_price:8,48
[17-Sep-2024 15:27:43 UTC] create_variation_product_idproduct_id1289
[17-Sep-2024 15:27:43 UTC] create_stock:14521
[17-Sep-2024 15:27:43 UTC] create_price:0,29
[17-Sep-2024 15:27:43 UTC] create_variation_product_idproduct_id1290
[17-Sep-2024 15:27:43 UTC] create_stock:49515
[17-Sep-2024 15:27:43 UTC] create_price:1,61
[17-Sep-2024 15:27:43 UTC] create_variation_product_idproduct_id1290
[17-Sep-2024 15:27:43 UTC] create_stock:6388
[17-Sep-2024 15:27:43 UTC] create_price:1,61
[17-Sep-2024 15:27:43 UTC] create_variation_product_idproduct_id1290
[17-Sep-2024 15:27:43 UTC] create_stock:8348
[17-Sep-2024 15:27:43 UTC] create_price:1,61
[17-Sep-2024 15:27:44 UTC] create_variation_product_idproduct_id1290
[17-Sep-2024 15:27:44 UTC] create_stock:11353
[17-Sep-2024 15:27:44 UTC] create_price:1,61
[17-Sep-2024 15:27:44 UTC] create_variation_product_idproduct_id1291
[17-Sep-2024 15:27:44 UTC] create_stock:6030
[17-Sep-2024 15:27:44 UTC] create_price:3,11
[17-Sep-2024 15:27:44 UTC] create_variation_product_idproduct_id1292
[17-Sep-2024 15:27:44 UTC] create_stock:26766
[17-Sep-2024 15:27:44 UTC] create_price:4,35
[17-Sep-2024 15:27:44 UTC] create_variation_product_idproduct_id1292
[17-Sep-2024 15:27:44 UTC] create_stock:41187
[17-Sep-2024 15:27:44 UTC] create_price:4,35
[17-Sep-2024 15:27:45 UTC] create_variation_product_idproduct_id1292
[17-Sep-2024 15:27:45 UTC] create_stock:27755
[17-Sep-2024 15:27:45 UTC] create_price:4,35
[17-Sep-2024 15:27:45 UTC] create_variation_product_idproduct_id1292
[17-Sep-2024 15:27:45 UTC] create_stock:9467
[17-Sep-2024 15:27:45 UTC] create_price:4,35
[17-Sep-2024 15:27:45 UTC] create_variation_product_idproduct_id1292
[17-Sep-2024 15:27:45 UTC] create_stock:23990
[17-Sep-2024 15:27:45 UTC] create_price:4,35
[17-Sep-2024 15:27:45 UTC] create_variation_product_idproduct_id1292
[17-Sep-2024 15:27:45 UTC] create_stock:8717
[17-Sep-2024 15:27:45 UTC] create_price:4,35
[17-Sep-2024 15:27:46 UTC] create_variation_product_idproduct_id1292
[17-Sep-2024 15:27:46 UTC] create_stock:10594
[17-Sep-2024 15:27:46 UTC] create_price:4,35
[17-Sep-2024 15:27:46 UTC] create_variation_product_idproduct_id1292
[17-Sep-2024 15:27:46 UTC] create_stock:8789
[17-Sep-2024 15:27:46 UTC] create_price:4,35
[17-Sep-2024 15:27:46 UTC] create_variation_product_idproduct_id1292
[17-Sep-2024 15:27:46 UTC] create_stock:11439
[17-Sep-2024 15:27:46 UTC] create_price:4,35
[17-Sep-2024 15:27:47 UTC] create_variation_product_idproduct_id1292
[17-Sep-2024 15:27:47 UTC] create_stock:10701
[17-Sep-2024 15:27:47 UTC] create_price:4,35
[17-Sep-2024 15:27:47 UTC] create_variation_product_idproduct_id1292
[17-Sep-2024 15:27:47 UTC] create_stock:10639
[17-Sep-2024 15:27:47 UTC] create_price:4,35
[17-Sep-2024 15:27:47 UTC] create_variation_product_idproduct_id1293
[17-Sep-2024 15:27:47 UTC] create_stock:11745
[17-Sep-2024 15:27:47 UTC] create_price:4,70
[17-Sep-2024 15:27:47 UTC] create_variation_product_idproduct_id1294
[17-Sep-2024 15:27:47 UTC] create_stock:13836
[17-Sep-2024 15:27:47 UTC] create_price:3,88
[17-Sep-2024 15:27:48 UTC] create_variation_product_idproduct_id1295
[17-Sep-2024 15:27:48 UTC] create_stock:2399
[17-Sep-2024 15:27:48 UTC] create_price:7,66
[17-Sep-2024 15:27:48 UTC] create_variation_product_idproduct_id1296
[17-Sep-2024 15:27:49 UTC] create_stock:3961
[17-Sep-2024 15:27:49 UTC] create_price:5,20
[17-Sep-2024 15:27:49 UTC] create_variation_product_idproduct_id1296
[17-Sep-2024 15:27:49 UTC] create_stock:4618
[17-Sep-2024 15:27:49 UTC] create_price:5,20
[17-Sep-2024 15:27:49 UTC] create_variation_product_idproduct_id1297
[17-Sep-2024 15:27:49 UTC] create_stock:0
[17-Sep-2024 15:27:49 UTC] create_price:1,92
[17-Sep-2024 15:27:50 UTC] create_variation_product_idproduct_id1298
[17-Sep-2024 15:27:50 UTC] create_stock:1188
[17-Sep-2024 15:27:50 UTC] create_price:1,52
[17-Sep-2024 15:27:50 UTC] create_variation_product_idproduct_id1299
[17-Sep-2024 15:27:50 UTC] create_stock:0
[17-Sep-2024 15:27:50 UTC] create_price:1,82
[17-Sep-2024 15:27:52 UTC] create_variation_product_idproduct_id1300
[17-Sep-2024 15:27:52 UTC] create_stock:1955
[17-Sep-2024 15:27:52 UTC] create_price:7,88
[17-Sep-2024 15:27:52 UTC] create_variation_product_idproduct_id1301
[17-Sep-2024 15:27:52 UTC] create_stock:3893
[17-Sep-2024 15:27:52 UTC] create_price:5,10
[17-Sep-2024 15:27:52 UTC] create_variation_product_idproduct_id1301
[17-Sep-2024 15:27:52 UTC] create_stock:2356
[17-Sep-2024 15:27:52 UTC] create_price:5,10
[17-Sep-2024 15:27:53 UTC] create_variation_product_idproduct_id1301
[17-Sep-2024 15:27:53 UTC] create_stock:2332
[17-Sep-2024 15:27:53 UTC] create_price:5,10
[17-Sep-2024 15:27:53 UTC] create_variation_product_idproduct_id1302
[17-Sep-2024 15:27:53 UTC] create_stock:11068
[17-Sep-2024 15:27:53 UTC] create_price:1,72
[17-Sep-2024 15:27:53 UTC] create_variation_product_idproduct_id1302
[17-Sep-2024 15:27:53 UTC] create_stock:4874
[17-Sep-2024 15:27:53 UTC] create_price:1,72
[17-Sep-2024 15:27:53 UTC] create_variation_product_idproduct_id1302
[17-Sep-2024 15:27:53 UTC] create_stock:8952
[17-Sep-2024 15:27:53 UTC] create_price:1,72
[17-Sep-2024 15:27:53 UTC] create_variation_product_idproduct_id1302
[17-Sep-2024 15:27:53 UTC] create_stock:4425
[17-Sep-2024 15:27:53 UTC] create_price:1,72
[17-Sep-2024 15:27:54 UTC] create_variation_product_idproduct_id1303
[17-Sep-2024 15:27:54 UTC] create_stock:8686
[17-Sep-2024 15:27:54 UTC] create_price:4,49
[17-Sep-2024 15:27:54 UTC] create_variation_product_idproduct_id1304
[17-Sep-2024 15:27:54 UTC] create_stock:52753
[17-Sep-2024 15:27:54 UTC] create_price:0,59
[17-Sep-2024 15:27:54 UTC] create_variation_product_idproduct_id1305
[17-Sep-2024 15:27:54 UTC] create_stock:6921
[17-Sep-2024 15:27:54 UTC] create_price:2,61
[17-Sep-2024 15:27:54 UTC] create_variation_product_idproduct_id1306
[17-Sep-2024 15:27:54 UTC] create_stock:20574
[17-Sep-2024 15:27:54 UTC] create_price:0,41
[17-Sep-2024 15:27:54 UTC] create_variation_product_idproduct_id1307
[17-Sep-2024 15:27:54 UTC] create_stock:6022
[17-Sep-2024 15:27:54 UTC] create_price:8,40
[17-Sep-2024 15:27:54 UTC] create_variation_product_idproduct_id1308
[17-Sep-2024 15:27:54 UTC] create_stock:0
[17-Sep-2024 15:27:54 UTC] create_price:14,75
[17-Sep-2024 15:27:55 UTC] create_variation_product_idproduct_id1309
[17-Sep-2024 15:27:55 UTC] create_stock:1142
[17-Sep-2024 15:27:55 UTC] create_price:13,48
[17-Sep-2024 15:27:55 UTC] create_variation_product_idproduct_id1310
[17-Sep-2024 15:27:55 UTC] create_stock:3045
[17-Sep-2024 15:27:55 UTC] create_price:3,74
[17-Sep-2024 15:27:56 UTC] create_variation_product_idproduct_id1310
[17-Sep-2024 15:27:56 UTC] create_stock:7657
[17-Sep-2024 15:27:56 UTC] create_price:3,74
[17-Sep-2024 15:27:56 UTC] create_variation_product_idproduct_id1310
[17-Sep-2024 15:27:56 UTC] create_stock:9350
[17-Sep-2024 15:27:56 UTC] create_price:3,74
[17-Sep-2024 15:27:56 UTC] create_variation_product_idproduct_id1311
[17-Sep-2024 15:27:56 UTC] create_stock:8003
[17-Sep-2024 15:27:56 UTC] create_price:4,14
[17-Sep-2024 15:27:56 UTC] create_variation_product_idproduct_id1312
[17-Sep-2024 15:27:56 UTC] create_stock:4528
[17-Sep-2024 15:27:56 UTC] create_price:1,76
[17-Sep-2024 15:27:56 UTC] create_variation_product_idproduct_id1312
[17-Sep-2024 15:27:56 UTC] create_stock:3735
[17-Sep-2024 15:27:56 UTC] create_price:1,76
[17-Sep-2024 15:27:57 UTC] create_variation_product_idproduct_id1312
[17-Sep-2024 15:27:57 UTC] create_stock:2637
[17-Sep-2024 15:27:57 UTC] create_price:1,76
[17-Sep-2024 15:27:57 UTC] create_variation_product_idproduct_id1313
[17-Sep-2024 15:27:57 UTC] create_stock:7029
[17-Sep-2024 15:27:57 UTC] create_price:2,02
[17-Sep-2024 15:27:57 UTC] create_variation_product_idproduct_id1314
[17-Sep-2024 15:27:57 UTC] create_stock:291
[17-Sep-2024 15:27:57 UTC] create_price:3,64
[17-Sep-2024 15:27:57 UTC] create_variation_product_idproduct_id1315
[17-Sep-2024 15:27:57 UTC] create_stock:2595
[17-Sep-2024 15:27:57 UTC] create_price:3,64
[17-Sep-2024 15:27:57 UTC] create_variation_product_idproduct_id1316
[17-Sep-2024 15:27:57 UTC] create_stock:3568
[17-Sep-2024 15:27:57 UTC] create_price:4,14
[17-Sep-2024 15:27:57 UTC] create_variation_product_idproduct_id1317
[17-Sep-2024 15:27:57 UTC] create_stock:2907
[17-Sep-2024 15:27:57 UTC] create_price:5,00
[17-Sep-2024 15:27:58 UTC] create_variation_product_idproduct_id1318
[17-Sep-2024 15:27:58 UTC] create_stock:1184
[17-Sep-2024 15:27:58 UTC] create_price:11,56
[17-Sep-2024 15:27:58 UTC] create_variation_product_idproduct_id1319
[17-Sep-2024 15:27:58 UTC] create_stock:718
[17-Sep-2024 15:27:58 UTC] create_price:10,00
[17-Sep-2024 15:27:58 UTC] create_variation_product_idproduct_id1319
[17-Sep-2024 15:27:58 UTC] create_stock:2547
[17-Sep-2024 15:27:58 UTC] create_price:10,00
[17-Sep-2024 15:27:58 UTC] create_variation_product_idproduct_id1320
[17-Sep-2024 15:27:58 UTC] create_stock:4608
[17-Sep-2024 15:27:58 UTC] create_price:2,88
[17-Sep-2024 15:27:58 UTC] create_variation_product_idproduct_id1321
[17-Sep-2024 15:27:58 UTC] create_stock:10903
[17-Sep-2024 15:27:58 UTC] create_price:0,94
[17-Sep-2024 15:27:58 UTC] create_variation_product_idproduct_id1322
[17-Sep-2024 15:27:58 UTC] create_stock:119
[17-Sep-2024 15:27:58 UTC] create_price:2,05
[17-Sep-2024 15:27:59 UTC] create_variation_product_idproduct_id1323
[17-Sep-2024 15:27:59 UTC] create_stock:3399
[17-Sep-2024 15:27:59 UTC] create_price:1,31
[17-Sep-2024 15:27:59 UTC] create_variation_product_idproduct_id1324
[17-Sep-2024 15:27:59 UTC] create_stock:8139
[17-Sep-2024 15:27:59 UTC] create_price:1,31
[17-Sep-2024 15:27:59 UTC] create_variation_product_idproduct_id1324
[17-Sep-2024 15:27:59 UTC] create_stock:4528
[17-Sep-2024 15:27:59 UTC] create_price:1,31
[17-Sep-2024 15:27:59 UTC] create_variation_product_idproduct_id1324
[17-Sep-2024 15:27:59 UTC] create_stock:8308
[17-Sep-2024 15:27:59 UTC] create_price:1,31
[17-Sep-2024 15:27:59 UTC] create_variation_product_idproduct_id1325
[17-Sep-2024 15:27:59 UTC] create_stock:6114
[17-Sep-2024 15:27:59 UTC] create_price:3,11
[17-Sep-2024 15:28:00 UTC] create_variation_product_idproduct_id1325
[17-Sep-2024 15:28:00 UTC] create_stock:6529
[17-Sep-2024 15:28:00 UTC] create_price:3,11
[17-Sep-2024 15:28:00 UTC] create_variation_product_idproduct_id1326
[17-Sep-2024 15:28:00 UTC] create_stock:1689
[17-Sep-2024 15:28:00 UTC] create_price:3,64
[17-Sep-2024 15:28:00 UTC] create_variation_product_idproduct_id1327
[17-Sep-2024 15:28:00 UTC] create_stock:7972
[17-Sep-2024 15:28:00 UTC] create_price:4,14
[17-Sep-2024 15:28:00 UTC] create_variation_product_idproduct_id1328
[17-Sep-2024 15:28:00 UTC] create_stock:1968
[17-Sep-2024 15:28:00 UTC] create_price:11,02
[17-Sep-2024 15:28:00 UTC] create_variation_product_idproduct_id1329
[17-Sep-2024 15:28:00 UTC] create_stock:9085
[17-Sep-2024 15:28:00 UTC] create_price:2,68
[17-Sep-2024 15:28:00 UTC] create_variation_product_idproduct_id1330
[17-Sep-2024 15:28:00 UTC] create_stock:4844
[17-Sep-2024 15:28:00 UTC] create_price:0,39
[17-Sep-2024 15:28:01 UTC] create_variation_product_idproduct_id1330
[17-Sep-2024 15:28:01 UTC] create_stock:0
[17-Sep-2024 15:28:01 UTC] create_price:0,39
[17-Sep-2024 15:28:05 UTC] create_variation_product_idproduct_id1330
[17-Sep-2024 15:28:05 UTC] create_stock:4474
[17-Sep-2024 15:28:05 UTC] create_price:0,39
[17-Sep-2024 15:28:06 UTC] create_variation_product_idproduct_id1330
[17-Sep-2024 15:28:06 UTC] create_stock:14901
[17-Sep-2024 15:28:06 UTC] create_price:0,39
[17-Sep-2024 15:28:06 UTC] create_variation_product_idproduct_id1331
[17-Sep-2024 15:28:06 UTC] create_stock:28131
[17-Sep-2024 15:28:06 UTC] create_price:0,78
[17-Sep-2024 15:28:06 UTC] create_variation_product_idproduct_id1331
[17-Sep-2024 15:28:06 UTC] create_stock:15423
[17-Sep-2024 15:28:06 UTC] create_price:0,78
[17-Sep-2024 15:28:06 UTC] create_variation_product_idproduct_id1331
[17-Sep-2024 15:28:06 UTC] create_stock:12567
[17-Sep-2024 15:28:06 UTC] create_price:0,78
[17-Sep-2024 15:28:06 UTC] create_variation_product_idproduct_id1332
[17-Sep-2024 15:28:06 UTC] create_stock:3685
[17-Sep-2024 15:28:06 UTC] create_price:1,92
[17-Sep-2024 15:28:07 UTC] create_variation_product_idproduct_id1333
[17-Sep-2024 15:28:07 UTC] create_stock:0
[17-Sep-2024 15:28:07 UTC] create_price:3,94
[17-Sep-2024 15:28:17 UTC] create_variation_product_idproduct_id1334
[17-Sep-2024 15:28:17 UTC] create_stock:6069
[17-Sep-2024 15:28:17 UTC] create_price:3,69
[17-Sep-2024 15:28:18 UTC] create_variation_product_idproduct_id1335
[17-Sep-2024 15:28:18 UTC] create_stock:2944
[17-Sep-2024 15:28:18 UTC] create_price:1,21
[17-Sep-2024 15:28:18 UTC] create_variation_product_idproduct_id1336
[17-Sep-2024 15:28:18 UTC] create_stock:0
[17-Sep-2024 15:28:18 UTC] create_price:3,08
[17-Sep-2024 15:28:20 UTC] create_variation_product_idproduct_id1337
[17-Sep-2024 15:28:20 UTC] create_stock:3885
[17-Sep-2024 15:28:20 UTC] create_price:8,41
[17-Sep-2024 15:28:20 UTC] create_variation_product_idproduct_id1338
[17-Sep-2024 15:28:20 UTC] create_stock:5104
[17-Sep-2024 15:28:20 UTC] create_price:5,56
[17-Sep-2024 15:28:20 UTC] create_variation_product_idproduct_id1339
[17-Sep-2024 15:28:21 UTC] create_stock:7286
[17-Sep-2024 15:28:21 UTC] create_price:2,46
[17-Sep-2024 15:28:21 UTC] create_variation_product_idproduct_id1340
[17-Sep-2024 15:28:21 UTC] create_stock:13614
[17-Sep-2024 15:28:21 UTC] create_price:0,41
[17-Sep-2024 15:28:21 UTC] create_variation_product_idproduct_id1340
[17-Sep-2024 15:28:21 UTC] create_stock:13553
[17-Sep-2024 15:28:21 UTC] create_price:0,41
[17-Sep-2024 15:28:21 UTC] create_variation_product_idproduct_id1340
[17-Sep-2024 15:28:21 UTC] create_stock:1439
[17-Sep-2024 15:28:21 UTC] create_price:0,41
[17-Sep-2024 15:28:21 UTC] create_variation_product_idproduct_id1340
[17-Sep-2024 15:28:21 UTC] create_stock:5752
[17-Sep-2024 15:28:21 UTC] create_price:0,41
[17-Sep-2024 15:28:22 UTC] create_variation_product_idproduct_id1341
[17-Sep-2024 15:28:22 UTC] create_stock:13161
[17-Sep-2024 15:28:22 UTC] create_price:0,26
[17-Sep-2024 15:28:22 UTC] create_variation_product_idproduct_id1341
[17-Sep-2024 15:28:22 UTC] create_stock:21847
[17-Sep-2024 15:28:22 UTC] create_price:0,26
[17-Sep-2024 15:28:22 UTC] create_variation_product_idproduct_id1341
[17-Sep-2024 15:28:22 UTC] create_stock:23245
[17-Sep-2024 15:28:22 UTC] create_price:0,26
[17-Sep-2024 15:28:22 UTC] create_variation_product_idproduct_id1341
[17-Sep-2024 15:28:22 UTC] create_stock:4652
[17-Sep-2024 15:28:22 UTC] create_price:0,26
[17-Sep-2024 15:28:22 UTC] create_variation_product_idproduct_id1342
[17-Sep-2024 15:28:22 UTC] create_stock:16577
[17-Sep-2024 15:28:22 UTC] create_price:0,26
[17-Sep-2024 15:28:23 UTC] create_variation_product_idproduct_id1342
[17-Sep-2024 15:28:23 UTC] create_stock:19696
[17-Sep-2024 15:28:23 UTC] create_price:0,26
[17-Sep-2024 15:28:23 UTC] create_variation_product_idproduct_id1342
[17-Sep-2024 15:28:23 UTC] create_stock:0
[17-Sep-2024 15:28:23 UTC] create_price:0,26
[17-Sep-2024 15:28:24 UTC] create_variation_product_idproduct_id1342
[17-Sep-2024 15:28:24 UTC] create_stock:12900
[17-Sep-2024 15:28:24 UTC] create_price:0,26
[17-Sep-2024 15:28:24 UTC] create_variation_product_idproduct_id1343
[17-Sep-2024 15:28:24 UTC] create_stock:475
[17-Sep-2024 15:28:24 UTC] create_price:34,24
[17-Sep-2024 15:28:24 UTC] create_variation_product_idproduct_id1344
[17-Sep-2024 15:28:24 UTC] create_stock:25605
[17-Sep-2024 15:28:24 UTC] create_price:0,79
[17-Sep-2024 15:28:24 UTC] create_variation_product_idproduct_id1345
[17-Sep-2024 15:28:24 UTC] create_stock:734
[17-Sep-2024 15:28:24 UTC] create_price:18,94
[17-Sep-2024 15:28:24 UTC] create_variation_product_idproduct_id1346
[17-Sep-2024 15:28:24 UTC] create_stock:5621
[17-Sep-2024 15:28:24 UTC] create_price:2,27
[17-Sep-2024 15:28:24 UTC] create_variation_product_idproduct_id1347
[17-Sep-2024 15:28:24 UTC] create_stock:8558
[17-Sep-2024 15:28:24 UTC] create_price:5,56
[17-Sep-2024 15:28:25 UTC] create_variation_product_idproduct_id1348
[17-Sep-2024 15:28:25 UTC] create_stock:5552
[17-Sep-2024 15:28:25 UTC] create_price:5,76
[17-Sep-2024 15:28:25 UTC] create_variation_product_idproduct_id1349
[17-Sep-2024 15:28:25 UTC] create_stock:5333
[17-Sep-2024 15:28:25 UTC] create_price:8,38
[17-Sep-2024 15:28:25 UTC] create_variation_product_idproduct_id1350
[17-Sep-2024 15:28:25 UTC] create_stock:1622
[17-Sep-2024 15:28:25 UTC] create_price:4,66
[17-Sep-2024 15:28:25 UTC] create_variation_product_idproduct_id1350
[17-Sep-2024 15:28:25 UTC] create_stock:1112
[17-Sep-2024 15:28:25 UTC] create_price:4,66
[17-Sep-2024 15:28:25 UTC] create_variation_product_idproduct_id1351
[17-Sep-2024 15:28:25 UTC] create_stock:2831
[17-Sep-2024 15:28:25 UTC] create_price:4,70
[17-Sep-2024 15:28:25 UTC] create_variation_product_idproduct_id1351
[17-Sep-2024 15:28:25 UTC] create_stock:1021
[17-Sep-2024 15:28:25 UTC] create_price:4,70
[17-Sep-2024 15:28:26 UTC] create_variation_product_idproduct_id1351
[17-Sep-2024 15:28:26 UTC] create_stock:1573
[17-Sep-2024 15:28:26 UTC] create_price:4,70
[17-Sep-2024 15:28:26 UTC] create_variation_product_idproduct_id1351
[17-Sep-2024 15:28:26 UTC] create_stock:4634
[17-Sep-2024 15:28:26 UTC] create_price:4,70
[17-Sep-2024 15:28:26 UTC] create_variation_product_idproduct_id1351
[17-Sep-2024 15:28:26 UTC] create_stock:2362
[17-Sep-2024 15:28:26 UTC] create_price:4,70
[17-Sep-2024 15:28:26 UTC] create_variation_product_idproduct_id1352
[17-Sep-2024 15:28:26 UTC] create_stock:2902
[17-Sep-2024 15:28:26 UTC] create_price:8,20
[17-Sep-2024 15:28:26 UTC] create_variation_product_idproduct_id1353
[17-Sep-2024 15:28:26 UTC] create_stock:0
[17-Sep-2024 15:28:26 UTC] create_price:6,82
[17-Sep-2024 15:28:28 UTC] create_variation_product_idproduct_id1353
[17-Sep-2024 15:28:28 UTC] create_stock:0
[17-Sep-2024 15:28:28 UTC] create_price:6,82
[17-Sep-2024 15:28:29 UTC] create_variation_product_idproduct_id1353
[17-Sep-2024 15:28:29 UTC] create_stock:1519
[17-Sep-2024 15:28:29 UTC] create_price:6,82
[17-Sep-2024 15:28:30 UTC] create_variation_product_idproduct_id1353
[17-Sep-2024 15:28:30 UTC] create_stock:2387
[17-Sep-2024 15:28:30 UTC] create_price:6,82
[17-Sep-2024 15:28:30 UTC] create_variation_product_idproduct_id1353
[17-Sep-2024 15:28:30 UTC] create_stock:2555
[17-Sep-2024 15:28:30 UTC] create_price:6,82
[17-Sep-2024 15:28:30 UTC] create_variation_product_idproduct_id1353
[17-Sep-2024 15:28:30 UTC] create_stock:1627
[17-Sep-2024 15:28:30 UTC] create_price:6,82
[17-Sep-2024 15:28:30 UTC] create_variation_product_idproduct_id1353
[17-Sep-2024 15:28:30 UTC] create_stock:2853
[17-Sep-2024 15:28:30 UTC] create_price:6,82
[17-Sep-2024 15:28:30 UTC] create_variation_product_idproduct_id1353
[17-Sep-2024 15:28:30 UTC] create_stock:1104
[17-Sep-2024 15:28:30 UTC] create_price:6,82
[17-Sep-2024 15:28:31 UTC] create_variation_product_idproduct_id1354
[17-Sep-2024 15:28:31 UTC] create_stock:1946
[17-Sep-2024 15:28:31 UTC] create_price:1,97
[17-Sep-2024 15:28:31 UTC] create_variation_product_idproduct_id1355
[17-Sep-2024 15:28:31 UTC] create_stock:1743
[17-Sep-2024 15:28:31 UTC] create_price:24,71
[17-Sep-2024 15:28:31 UTC] create_variation_product_idproduct_id1356
[17-Sep-2024 15:28:31 UTC] create_stock:2443
[17-Sep-2024 15:28:31 UTC] create_price:5,56
[17-Sep-2024 15:28:31 UTC] create_variation_product_idproduct_id1357
[17-Sep-2024 15:28:31 UTC] create_stock:3326
[17-Sep-2024 15:28:31 UTC] create_price:0,84
[17-Sep-2024 15:28:31 UTC] create_variation_product_idproduct_id1358
[17-Sep-2024 15:28:31 UTC] create_stock:7585
[17-Sep-2024 15:28:31 UTC] create_price:4,49
[17-Sep-2024 15:28:31 UTC] create_variation_product_idproduct_id1359
[17-Sep-2024 15:28:31 UTC] create_stock:1987
[17-Sep-2024 15:28:31 UTC] create_price:10,00
[17-Sep-2024 15:28:32 UTC] create_variation_product_idproduct_id1360
[17-Sep-2024 15:28:32 UTC] create_stock:1086
[17-Sep-2024 15:28:32 UTC] create_price:10,00
[17-Sep-2024 15:28:32 UTC] create_variation_product_idproduct_id1361
[17-Sep-2024 15:28:32 UTC] create_stock:386
[17-Sep-2024 15:28:32 UTC] create_price:8,18
[17-Sep-2024 15:28:32 UTC] create_variation_product_idproduct_id1362
[17-Sep-2024 15:28:32 UTC] create_stock:1208
[17-Sep-2024 15:28:32 UTC] create_price:12,12
[17-Sep-2024 15:28:32 UTC] create_variation_product_idproduct_id1363
[17-Sep-2024 15:28:32 UTC] create_stock:18639
[17-Sep-2024 15:28:32 UTC] create_price:0,17
[17-Sep-2024 15:28:32 UTC] create_variation_product_idproduct_id1363
[17-Sep-2024 15:28:32 UTC] create_stock:7151
[17-Sep-2024 15:28:32 UTC] create_price:0,17
[17-Sep-2024 15:28:33 UTC] create_variation_product_idproduct_id1363
[17-Sep-2024 15:28:33 UTC] create_stock:12807
[17-Sep-2024 15:28:33 UTC] create_price:0,17
[17-Sep-2024 15:28:33 UTC] create_variation_product_idproduct_id1363
[17-Sep-2024 15:28:33 UTC] create_stock:7698
[17-Sep-2024 15:28:33 UTC] create_price:0,17
[17-Sep-2024 15:28:33 UTC] create_variation_product_idproduct_id1363
[17-Sep-2024 15:28:33 UTC] create_stock:8793
[17-Sep-2024 15:28:33 UTC] create_price:0,17
[17-Sep-2024 15:28:33 UTC] create_variation_product_idproduct_id1363
[17-Sep-2024 15:28:33 UTC] create_stock:9133
[17-Sep-2024 15:28:33 UTC] create_price:0,17
[17-Sep-2024 15:28:34 UTC] create_variation_product_idproduct_id1363
[17-Sep-2024 15:28:34 UTC] create_stock:6538
[17-Sep-2024 15:28:34 UTC] create_price:0,17
[17-Sep-2024 15:28:34 UTC] create_variation_product_idproduct_id1363
[17-Sep-2024 15:28:34 UTC] create_stock:5695
[17-Sep-2024 15:28:34 UTC] create_price:0,17
[17-Sep-2024 15:28:34 UTC] create_variation_product_idproduct_id1363
[17-Sep-2024 15:28:34 UTC] create_stock:7289
[17-Sep-2024 15:28:34 UTC] create_price:0,17
[17-Sep-2024 15:28:34 UTC] create_variation_product_idproduct_id1364
[17-Sep-2024 15:28:34 UTC] create_stock:2610
[17-Sep-2024 15:28:34 UTC] create_price:7,12
[17-Sep-2024 15:28:35 UTC] create_variation_product_idproduct_id1364
[17-Sep-2024 15:28:35 UTC] create_stock:1255
[17-Sep-2024 15:28:35 UTC] create_price:7,12
[17-Sep-2024 15:28:35 UTC] create_variation_product_idproduct_id1364
[17-Sep-2024 15:28:35 UTC] create_stock:99
[17-Sep-2024 15:28:35 UTC] create_price:7,12
[17-Sep-2024 15:28:35 UTC] create_variation_product_idproduct_id1365
[17-Sep-2024 15:28:35 UTC] create_stock:0
[17-Sep-2024 15:28:35 UTC] create_price:0,93
[17-Sep-2024 15:28:37 UTC] create_variation_product_idproduct_id1366
[17-Sep-2024 15:28:37 UTC] create_stock:48200
[17-Sep-2024 15:28:37 UTC] create_price:0,63
[17-Sep-2024 15:28:37 UTC] create_variation_product_idproduct_id1367
[17-Sep-2024 15:28:37 UTC] create_stock:6215
[17-Sep-2024 15:28:37 UTC] create_price:5,56
[17-Sep-2024 15:28:38 UTC] create_variation_product_idproduct_id1368
[17-Sep-2024 15:28:38 UTC] create_stock:5417
[17-Sep-2024 15:28:38 UTC] create_price:12,88
[17-Sep-2024 15:28:38 UTC] create_variation_product_idproduct_id1369
[17-Sep-2024 15:28:38 UTC] create_stock:4584
[17-Sep-2024 15:28:38 UTC] create_price:0,93
[17-Sep-2024 15:28:38 UTC] create_variation_product_idproduct_id1370
[17-Sep-2024 15:28:38 UTC] create_stock:4541
[17-Sep-2024 15:28:38 UTC] create_price:2,78
[17-Sep-2024 15:28:38 UTC] create_variation_product_idproduct_id1370
[17-Sep-2024 15:28:38 UTC] create_stock:9186
[17-Sep-2024 15:28:38 UTC] create_price:2,78
[17-Sep-2024 15:28:38 UTC] create_variation_product_idproduct_id1370
[17-Sep-2024 15:28:38 UTC] create_stock:959
[17-Sep-2024 15:28:38 UTC] create_price:2,78
[17-Sep-2024 15:28:39 UTC] create_variation_product_idproduct_id1371
[17-Sep-2024 15:28:39 UTC] create_stock:9713
[17-Sep-2024 15:28:39 UTC] create_price:3,56
[17-Sep-2024 15:28:39 UTC] create_variation_product_idproduct_id1371
[17-Sep-2024 15:28:39 UTC] create_stock:3233
[17-Sep-2024 15:28:39 UTC] create_price:3,56
[17-Sep-2024 15:28:39 UTC] create_variation_product_idproduct_id1371
[17-Sep-2024 15:28:39 UTC] create_stock:6685
[17-Sep-2024 15:28:39 UTC] create_price:3,56
[17-Sep-2024 15:28:39 UTC] create_variation_product_idproduct_id1372
[17-Sep-2024 15:28:39 UTC] create_stock:9784
[17-Sep-2024 15:28:39 UTC] create_price:1,11
[17-Sep-2024 15:28:40 UTC] create_variation_product_idproduct_id1372
[17-Sep-2024 15:28:40 UTC] create_stock:17671
[17-Sep-2024 15:28:40 UTC] create_price:1,11
[17-Sep-2024 15:28:40 UTC] create_variation_product_idproduct_id1372
[17-Sep-2024 15:28:40 UTC] create_stock:0
[17-Sep-2024 15:28:40 UTC] create_price:1,11
[17-Sep-2024 15:28:41 UTC] create_variation_product_idproduct_id1373
[17-Sep-2024 15:28:41 UTC] create_stock:27166
[17-Sep-2024 15:28:41 UTC] create_price:0,89
[17-Sep-2024 15:28:41 UTC] create_variation_product_idproduct_id1373
[17-Sep-2024 15:28:41 UTC] create_stock:27127
[17-Sep-2024 15:28:41 UTC] create_price:0,89
[17-Sep-2024 15:28:42 UTC] create_variation_product_idproduct_id1374
[17-Sep-2024 15:28:42 UTC] create_stock:3070
[17-Sep-2024 15:28:42 UTC] create_price:3,64
[17-Sep-2024 15:28:42 UTC] create_variation_product_idproduct_id1374
[17-Sep-2024 15:28:42 UTC] create_stock:854
[17-Sep-2024 15:28:42 UTC] create_price:3,64
[17-Sep-2024 15:28:42 UTC] create_variation_product_idproduct_id1375
[17-Sep-2024 15:28:42 UTC] create_stock:1323
[17-Sep-2024 15:28:42 UTC] create_price:11,51
[17-Sep-2024 15:28:42 UTC] create_variation_product_idproduct_id1376
[17-Sep-2024 15:28:42 UTC] create_stock:33156
[17-Sep-2024 15:28:42 UTC] create_price:0,72
[17-Sep-2024 15:28:42 UTC] create_variation_product_idproduct_id1376
[17-Sep-2024 15:28:42 UTC] create_stock:12154
[17-Sep-2024 15:28:42 UTC] create_price:0,72
[17-Sep-2024 15:28:43 UTC] create_variation_product_idproduct_id1376
[17-Sep-2024 15:28:43 UTC] create_stock:4418
[17-Sep-2024 15:28:43 UTC] create_price:0,72
[17-Sep-2024 15:28:43 UTC] create_variation_product_idproduct_id1376
[17-Sep-2024 15:28:43 UTC] create_stock:15040
[17-Sep-2024 15:28:43 UTC] create_price:0,72
[17-Sep-2024 15:28:43 UTC] create_variation_product_idproduct_id1377
[17-Sep-2024 15:28:43 UTC] create_stock:24067
[17-Sep-2024 15:28:43 UTC] create_price:0,47
[17-Sep-2024 15:28:43 UTC] create_variation_product_idproduct_id1377
[17-Sep-2024 15:28:43 UTC] create_stock:15055
[17-Sep-2024 15:28:43 UTC] create_price:0,47
[17-Sep-2024 15:28:43 UTC] create_variation_product_idproduct_id1377
[17-Sep-2024 15:28:43 UTC] create_stock:14662
[17-Sep-2024 15:28:43 UTC] create_price:0,47
[17-Sep-2024 15:28:44 UTC] create_variation_product_idproduct_id1377
[17-Sep-2024 15:28:44 UTC] create_stock:21148
[17-Sep-2024 15:28:44 UTC] create_price:0,47
[17-Sep-2024 15:28:44 UTC] create_variation_product_idproduct_id1378
[17-Sep-2024 15:28:44 UTC] create_stock:0
[17-Sep-2024 15:28:44 UTC] create_price:4,49
[17-Sep-2024 15:28:44 UTC] WordPress database error Commands out of sync; you can't run this command now for query SELECT DISTINCT t.term_id
			 FROM wpgsm_terms AS t  INNER JOIN wpgsm_term_taxonomy AS tt ON t.term_id = tt.term_id INNER JOIN wpgsm_term_relationships AS tr ON tr.term_taxonomy_id = tt.term_taxonomy_id
			 WHERE tt.taxonomy IN ('product_type') AND tr.object_id IN (334)
			 ORDER BY t.name ASC
			  made by shutdown_action_hook, do_action('shutdown'), WP_Hook->do_action, WP_Hook->apply_filters, WC_Post_Data::do_deferred_product_sync, array_walk, WC_Post_Data::deferred_product_sync, wc_get_product, WC_Product_Factory->get_product, WC_Product_Factory::get_product_type, WC_Data_Store->__call, WC_Product_Data_Store_CPT->get_product_type, get_the_terms, wp_get_object_terms, get_terms, WP_Term_Query->query, WP_Term_Query->get_terms
[17-Sep-2024 15:28:44 UTC] WordPress database error Commands out of sync; you can't run this command now for query SELECT DISTINCT t.term_id
			 FROM wpgsm_terms AS t  LEFT JOIN wpgsm_termmeta ON ( t.term_id = wpgsm_termmeta.term_id AND wpgsm_termmeta.meta_key='order') INNER JOIN wpgsm_term_taxonomy AS tt ON t.term_id = tt.term_id INNER JOIN wpgsm_term_relationships AS tr ON tr.term_taxonomy_id = tt.term_taxonomy_id
			 WHERE tt.taxonomy IN ('pa_color') AND tr.object_id IN (334) AND ( 
  ( wpgsm_termmeta.meta_key = 'order' OR wpgsm_termmeta.meta_key IS NULL )
)
			 ORDER BY wpgsm_termmeta.meta_value+0 ASC, t.name ASC
			  made by shutdown_action_hook, do_action('shutdown'), WP_Hook->do_action, WP_Hook->apply_filters, WC_Post_Data::do_deferred_product_sync, array_walk, WC_Post_Data::deferred_product_sync, wc_get_product, WC_Product_Factory->get_product, WC_Product_Simple->__construct, WC_Product->__construct, WC_Data_Store->read, WC_Product_Data_Store_CPT->read, WC_Product_Data_Store_CPT->read_attributes, wc_get_object_terms, get_the_terms, wp_get_object_terms, get_terms, WP_Term_Query->query, WP_Term_Query->get_terms
[17-Sep-2024 15:28:44 UTC] WordPress database error Commands out of sync; you can't run this command now for query SELECT DISTINCT t.term_id
			 FROM wpgsm_terms AS t  INNER JOIN wpgsm_term_taxonomy AS tt ON t.term_id = tt.term_id INNER JOIN wpgsm_term_relationships AS tr ON tr.term_taxonomy_id = tt.term_taxonomy_id
			 WHERE tt.taxonomy IN ('product_type') AND tr.object_id IN (953)
			 ORDER BY t.name ASC
			  made by shutdown_action_hook, do_action('shutdown'), WP_Hook->do_action, WP_Hook->apply_filters, WC_Post_Data::do_deferred_product_sync, array_walk, WC_Post_Data::deferred_product_sync, wc_get_product, WC_Product_Factory->get_product, WC_Product_Factory::get_product_type, WC_Data_Store->__call, WC_Product_Data_Store_CPT->get_product_type, get_the_terms, wp_get_object_terms, get_terms, WP_Term_Query->query, WP_Term_Query->get_terms
[17-Sep-2024 15:28:44 UTC] WordPress database error Commands out of sync; you can't run this command now for query SELECT DISTINCT t.term_id
			 FROM wpgsm_terms AS t  LEFT JOIN wpgsm_termmeta ON ( t.term_id = wpgsm_termmeta.term_id AND wpgsm_termmeta.meta_key='order') INNER JOIN wpgsm_term_taxonomy AS tt ON t.term_id = tt.term_id INNER JOIN wpgsm_term_relationships AS tr ON tr.term_taxonomy_id = tt.term_taxonomy_id
			 WHERE tt.taxonomy IN ('pa_color') AND tr.object_id IN (953) AND ( 
  ( wpgsm_termmeta.meta_key = 'order' OR wpgsm_termmeta.meta_key IS NULL )
)
			 ORDER BY wpgsm_termmeta.meta_value+0 ASC, t.name ASC
			  made by shutdown_action_hook, do_action('shutdown'), WP_Hook->do_action, WP_Hook->apply_filters, WC_Post_Data::do_deferred_product_sync, array_walk, WC_Post_Data::deferred_product_sync, wc_get_product, WC_Product_Factory->get_product, WC_Product_Simple->__construct, WC_Product->__construct, WC_Data_Store->read, WC_Product_Data_Store_CPT->read, WC_Product_Data_Store_CPT->read_attributes, wc_get_object_terms, get_the_terms, wp_get_object_terms, get_terms, WP_Term_Query->query, WP_Term_Query->get_terms
[17-Sep-2024 15:28:44 UTC] WordPress database error Commands out of sync; you can't run this command now for query SELECT DISTINCT t.term_id
			 FROM wpgsm_terms AS t  INNER JOIN wpgsm_term_taxonomy AS tt ON t.term_id = tt.term_id INNER JOIN wpgsm_term_relationships AS tr ON tr.term_taxonomy_id = tt.term_taxonomy_id
			 WHERE tt.taxonomy IN ('product_type') AND tr.object_id IN (954)
			 ORDER BY t.name ASC
			  made by shutdown_action_hook, do_action('shutdown'), WP_Hook->do_action, WP_Hook->apply_filters, WC_Post_Data::do_deferred_product_sync, array_walk, WC_Post_Data::deferred_product_sync, wc_get_product, WC_Product_Factory->get_product, WC_Product_Factory::get_product_type, WC_Data_Store->__call, WC_Product_Data_Store_CPT->get_product_type, get_the_terms, wp_get_object_terms, get_terms, WP_Term_Query->query, WP_Term_Query->get_terms
[17-Sep-2024 15:28:44 UTC] WordPress database error Commands out of sync; you can't run this command now for query SELECT DISTINCT t.term_id
			 FROM wpgsm_terms AS t  LEFT JOIN wpgsm_termmeta ON ( t.term_id = wpgsm_termmeta.term_id AND wpgsm_termmeta.meta_key='order') INNER JOIN wpgsm_term_taxonomy AS tt ON t.term_id = tt.term_id INNER JOIN wpgsm_term_relationships AS tr ON tr.term_taxonomy_id = tt.term_taxonomy_id
			 WHERE tt.taxonomy IN ('pa_color') AND tr.object_id IN (954) AND ( 
  ( wpgsm_termmeta.meta_key = 'order' OR wpgsm_termmeta.meta_key IS NULL )
)
			 ORDER BY wpgsm_termmeta.meta_value+0 ASC, t.name ASC
			  made by shutdown_action_hook, do_action('shutdown'), WP_Hook->do_action, WP_Hook->apply_filters, WC_Post_Data::do_deferred_product_sync, array_walk, WC_Post_Data::deferred_product_sync, wc_get_product, WC_Product_Factory->get_product, WC_Product_Simple->__construct, WC_Product->__construct, WC_Data_Store->read, WC_Product_Data_Store_CPT->read, WC_Product_Data_Store_CPT->read_attributes, wc_get_object_terms, get_the_terms, wp_get_object_terms, get_terms, WP_Term_Query->query, WP_Term_Query->get_terms
[17-Sep-2024 15:28:44 UTC] WordPress database error Commands out of sync; you can't run this command now for query SELECT DISTINCT t.term_id
			 FROM wpgsm_terms AS t  INNER JOIN wpgsm_term_taxonomy AS tt ON t.term_id = tt.term_id INNER JOIN wpgsm_term_relationships AS tr ON tr.term_taxonomy_id = tt.term_taxonomy_id
			 WHERE tt.taxonomy IN ('product_type') AND tr.object_id IN (955)
			 ORDER BY t.name ASC
			  made by shutdown_action_hook, do_action('shutdown'), WP_Hook->do_action, WP_Hook->apply_filters, WC_Post_Data::do_deferred_product_sync, array_walk, WC_Post_Data::deferred_product_sync, wc_get_product, WC_Product_Factory->get_product, WC_Product_Factory::get_product_type, WC_Data_Store->__call, WC_Product_Data_Store_CPT->get_product_type, get_the_terms, wp_get_object_terms, get_terms, WP_Term_Query->query, WP_Term_Query->get_terms
[17-Sep-2024 15:28:44 UTC] WordPress database error Commands out of sync; you can't run this command now for query SELECT DISTINCT t.term_id
			 FROM wpgsm_terms AS t  LEFT JOIN wpgsm_termmeta ON ( t.term_id = wpgsm_termmeta.term_id AND wpgsm_termmeta.meta_key='order') INNER JOIN wpgsm_term_taxonomy AS tt ON t.term_id = tt.term_id INNER JOIN wpgsm_term_relationships AS tr ON tr.term_taxonomy_id = tt.term_taxonomy_id
			 WHERE tt.taxonomy IN ('pa_color') AND tr.object_id IN (955) AND ( 
  ( wpgsm_termmeta.meta_key = 'order' OR wpgsm_termmeta.meta_key IS NULL )
)
			 ORDER BY wpgsm_termmeta.meta_value+0 ASC, t.name ASC
			  made by shutdown_action_hook, do_action('shutdown'), WP_Hook->do_action, WP_Hook->apply_filters, WC_Post_Data::do_deferred_product_sync, array_walk, WC_Post_Data::deferred_product_sync, wc_get_product, WC_Product_Factory->get_product, WC_Product_Simple->__construct, WC_Product->__construct, WC_Data_Store->read, WC_Product_Data_Store_CPT->read, WC_Product_Data_Store_CPT->read_attributes, wc_get_object_terms, get_the_terms, wp_get_object_terms, get_terms, WP_Term_Query->query, WP_Term_Query->get_terms
[17-Sep-2024 15:28:44 UTC] WordPress database error Commands out of sync; you can't run this command now for query SELECT DISTINCT t.term_id
			 FROM wpgsm_terms AS t  INNER JOIN wpgsm_term_taxonomy AS tt ON t.term_id = tt.term_id INNER JOIN wpgsm_term_relationships AS tr ON tr.term_taxonomy_id = tt.term_taxonomy_id
			 WHERE tt.taxonomy IN ('product_type') AND tr.object_id IN (956)
			 ORDER BY t.name ASC
			  made by shutdown_action_hook, do_action('shutdown'), WP_Hook->do_action, WP_Hook->apply_filters, WC_Post_Data::do_deferred_product_sync, array_walk, WC_Post_Data::deferred_product_sync, wc_get_product, WC_Product_Factory->get_product, WC_Product_Factory::get_product_type, WC_Data_Store->__call, WC_Product_Data_Store_CPT->get_product_type, get_the_terms, wp_get_object_terms, get_terms, WP_Term_Query->query, WP_Term_Query->get_terms
[17-Sep-2024 15:28:44 UTC] WordPress database error Commands out of sync; you can't run this command now for query SELECT DISTINCT t.term_id
			 FROM wpgsm_terms AS t  LEFT JOIN wpgsm_termmeta ON ( t.term_id = wpgsm_termmeta.term_id AND wpgsm_termmeta.meta_key='order') INNER JOIN wpgsm_term_taxonomy AS tt ON t.term_id = tt.term_id INNER JOIN wpgsm_term_relationships AS tr ON tr.term_taxonomy_id = tt.term_taxonomy_id
			 WHERE tt.taxonomy IN ('pa_color') AND tr.object_id IN (956) AND ( 
  ( wpgsm_termmeta.meta_key = 'order' OR wpgsm_termmeta.meta_key IS NULL )
)
			 ORDER BY wpgsm_termmeta.meta_value+0 ASC, t.name ASC
			  made by shutdown_action_hook, do_action('shutdown'), WP_Hook->do_action, WP_Hook->apply_filters, WC_Post_Data::do_deferred_product_sync, array_walk, WC_Post_Data::deferred_product_sync, wc_get_product, WC_Product_Factory->get_product, WC_Product_Simple->__construct, WC_Product->__construct, WC_Data_Store->read, WC_Product_Data_Store_CPT->read, WC_Product_Data_Store_CPT->read_attributes, wc_get_object_terms, get_the_terms, wp_get_object_terms, get_terms, WP_Term_Query->query, WP_Term_Query->get_terms
[17-Sep-2024 15:28:44 UTC] WordPress database error Commands out of sync; you can't run this command now for query SELECT DISTINCT t.term_id
			 FROM wpgsm_terms AS t  INNER JOIN wpgsm_term_taxonomy AS tt ON t.term_id = tt.term_id INNER JOIN wpgsm_term_relationships AS tr ON tr.term_taxonomy_id = tt.term_taxonomy_id
			 WHERE tt.taxonomy IN ('product_type') AND tr.object_id IN (957)
			 ORDER BY t.name ASC
			  made by shutdown_action_hook, do_action('shutdown'), WP_Hook->do_action, WP_Hook->apply_filters, WC_Post_Data::do_deferred_product_sync, array_walk, WC_Post_Data::deferred_product_sync, wc_get_product, WC_Product_Factory->get_product, WC_Product_Factory::get_product_type, WC_Data_Store->__call, WC_Product_Data_Store_CPT->get_product_type, get_the_terms, wp_get_object_terms, get_terms, WP_Term_Query->query, WP_Term_Query->get_terms
[17-Sep-2024 15:28:44 UTC] WordPress database error Commands out of sync; you can't run this command now for query SELECT DISTINCT t.term_id
			 FROM wpgsm_terms AS t  LEFT JOIN wpgsm_termmeta ON ( t.term_id = wpgsm_termmeta.term_id AND wpgsm_termmeta.meta_key='order') INNER JOIN wpgsm_term_taxonomy AS tt ON t.term_id = tt.term_id INNER JOIN wpgsm_term_relationships AS tr ON tr.term_taxonomy_id = tt.term_taxonomy_id
			 WHERE tt.taxonomy IN ('pa_color') AND tr.object_id IN (957) AND ( 
  ( wpgsm_termmeta.meta_key = 'order' OR wpgsm_termmeta.meta_key IS NULL )
)
			 ORDER BY wpgsm_termmeta.meta_value+0 ASC, t.name ASC
			  made by shutdown_action_hook, do_action('shutdown'), WP_Hook->do_action, WP_Hook->apply_filters, WC_Post_Data::do_deferred_product_sync, array_walk, WC_Post_Data::deferred_product_sync, wc_get_product, WC_Product_Factory->get_product, WC_Product_Simple->__construct, WC_Product->__construct, WC_Data_Store->read, WC_Product_Data_Store_CPT->read, WC_Product_Data_Store_CPT->read_attributes, wc_get_object_terms, get_the_terms, wp_get_object_terms, get_terms, WP_Term_Query->query, WP_Term_Query->get_terms
[17-Sep-2024 15:28:44 UTC] WordPress database error Commands out of sync; you can't run this command now for query SELECT DISTINCT t.term_id
			 FROM wpgsm_terms AS t  INNER JOIN wpgsm_term_taxonomy AS tt ON t.term_id = tt.term_id INNER JOIN wpgsm_term_relationships AS tr ON tr.term_taxonomy_id = tt.term_taxonomy_id
			 WHERE tt.taxonomy IN ('product_type') AND tr.object_id IN (958)
			 ORDER BY t.name ASC
			  made by shutdown_action_hook, do_action('shutdown'), WP_Hook->do_action, WP_Hook->apply_filters, WC_Post_Data::do_deferred_product_sync, array_walk, WC_Post_Data::deferred_product_sync, wc_get_product, WC_Product_Factory->get_product, WC_Product_Factory::get_product_type, WC_Data_Store->__call, WC_Product_Data_Store_CPT->get_product_type, get_the_terms, wp_get_object_terms, get_terms, WP_Term_Query->query, WP_Term_Query->get_terms
[17-Sep-2024 15:28:44 UTC] WordPress database error Commands out of sync; you can't run this command now for query SELECT DISTINCT t.term_id
			 FROM wpgsm_terms AS t  LEFT JOIN wpgsm_termmeta ON ( t.term_id = wpgsm_termmeta.term_id AND wpgsm_termmeta.meta_key='order') INNER JOIN wpgsm_term_taxonomy AS tt ON t.term_id = tt.term_id INNER JOIN wpgsm_term_relationships AS tr ON tr.term_taxonomy_id = tt.term_taxonomy_id
			 WHERE tt.taxonomy IN ('pa_color') AND tr.object_id IN (958) AND ( 
  ( wpgsm_termmeta.meta_key = 'order' OR wpgsm_termmeta.meta_key IS NULL )
)
			 ORDER BY wpgsm_termmeta.meta_value+0 ASC, t.name ASC
			  made by shutdown_action_hook, do_action('shutdown'), WP_Hook->do_action, WP_Hook->apply_filters, WC_Post_Data::do_deferred_product_sync, array_walk, WC_Post_Data::deferred_product_sync, wc_get_product, WC_Product_Factory->get_product, WC_Product_Simple->__construct, WC_Product->__construct, WC_Data_Store->read, WC_Product_Data_Store_CPT->read, WC_Product_Data_Store_CPT->read_attributes, wc_get_object_terms, get_the_terms, wp_get_object_terms, get_terms, WP_Term_Query->query, WP_Term_Query->get_terms
[17-Sep-2024 15:28:44 UTC] WordPress database error Commands out of sync; you can't run this command now for query SELECT DISTINCT t.term_id
			 FROM wpgsm_terms AS t  INNER JOIN wpgsm_term_taxonomy AS tt ON t.term_id = tt.term_id INNER JOIN wpgsm_term_relationships AS tr ON tr.term_taxonomy_id = tt.term_taxonomy_id
			 WHERE tt.taxonomy IN ('product_type') AND tr.object_id IN (959)
			 ORDER BY t.name ASC
			  made by shutdown_action_hook, do_action('shutdown'), WP_Hook->do_action, WP_Hook->apply_filters, WC_Post_Data::do_deferred_product_sync, array_walk, WC_Post_Data::deferred_product_sync, wc_get_product, WC_Product_Factory->get_product, WC_Product_Factory::get_product_type, WC_Data_Store->__call, WC_Product_Data_Store_CPT->get_product_type, get_the_terms, wp_get_object_terms, get_terms, WP_Term_Query->query, WP_Term_Query->get_terms
[17-Sep-2024 15:28:44 UTC] WordPress database error Commands out of sync; you can't run this command now for query SELECT DISTINCT t.term_id
			 FROM wpgsm_terms AS t  LEFT JOIN wpgsm_termmeta ON ( t.term_id = wpgsm_termmeta.term_id AND wpgsm_termmeta.meta_key='order') INNER JOIN wpgsm_term_taxonomy AS tt ON t.term_id = tt.term_id INNER JOIN wpgsm_term_relationships AS tr ON tr.term_taxonomy_id = tt.term_taxonomy_id
			 WHERE tt.taxonomy IN ('pa_color') AND tr.object_id IN (959) AND ( 
  ( wpgsm_termmeta.meta_key = 'order' OR wpgsm_termmeta.meta_key IS NULL )
)
			 ORDER BY wpgsm_termmeta.meta_value+0 ASC, t.name ASC
			  made by shutdown_action_hook, do_action('shutdown'), WP_Hook->do_action, WP_Hook->apply_filters, WC_Post_Data::do_deferred_product_sync, array_walk, WC_Post_Data::deferred_product_sync, wc_get_product, WC_Product_Factory->get_product, WC_Product_Simple->__construct, WC_Product->__construct, WC_Data_Store->read, WC_Product_Data_Store_CPT->read, WC_Product_Data_Store_CPT->read_attributes, wc_get_object_terms, get_the_terms, wp_get_object_terms, get_terms, WP_Term_Query->query, WP_Term_Query->get_terms
[17-Sep-2024 15:28:44 UTC] WordPress database error Commands out of sync; you can't run this command now for query SELECT DISTINCT t.term_id
			 FROM wpgsm_terms AS t  INNER JOIN wpgsm_term_taxonomy AS tt ON t.term_id = tt.term_id INNER JOIN wpgsm_term_relationships AS tr ON tr.term_taxonomy_id = tt.term_taxonomy_id
			 WHERE tt.taxonomy IN ('product_type') AND tr.object_id IN (960)
			 ORDER BY t.name ASC
			  made by shutdown_action_hook, do_action('shutdown'), WP_Hook->do_action, WP_Hook->apply_filters, WC_Post_Data::do_deferred_product_sync, array_walk, WC_Post_Data::deferred_product_sync, wc_get_product, WC_Product_Factory->get_product, WC_Product_Factory::get_product_type, WC_Data_Store->__call, WC_Product_Data_Store_CPT->get_product_type, get_the_terms, wp_get_object_terms, get_terms, WP_Term_Query->query, WP_Term_Query->get_terms
[17-Sep-2024 15:28:44 UTC] WordPress database error Commands out of sync; you can't run this command now for query SELECT DISTINCT t.term_id
			 FROM wpgsm_terms AS t  LEFT JOIN wpgsm_termmeta ON ( t.term_id = wpgsm_termmeta.term_id AND wpgsm_termmeta.meta_key='order') INNER JOIN wpgsm_term_taxonomy AS tt ON t.term_id = tt.term_id INNER JOIN wpgsm_term_relationships AS tr ON tr.term_taxonomy_id = tt.term_taxonomy_id
			 WHERE tt.taxonomy IN ('pa_color') AND tr.object_id IN (960) AND ( 
  ( wpgsm_termmeta.meta_key = 'order' OR wpgsm_termmeta.meta_key IS NULL )
)
			 ORDER BY wpgsm_termmeta.meta_value+0 ASC, t.name ASC
			  made by shutdown_action_hook, do_action('shutdown'), WP_Hook->do_action, WP_Hook->apply_filters, WC_Post_Data::do_deferred_product_sync, array_walk, WC_Post_Data::deferred_product_sync, wc_get_product, WC_Product_Factory->get_product, WC_Product_Simple->__construct, WC_Product->__construct, WC_Data_Store->read, WC_Product_Data_Store_CPT->read, WC_Product_Data_Store_CPT->read_attributes, wc_get_object_terms, get_the_terms, wp_get_object_terms, get_terms, WP_Term_Query->query, WP_Term_Query->get_terms
[17-Sep-2024 15:28:44 UTC] WordPress database error Commands out of sync; you can't run this command now for query SELECT DISTINCT t.term_id
			 FROM wpgsm_terms AS t  INNER JOIN wpgsm_term_taxonomy AS tt ON t.term_id = tt.term_id INNER JOIN wpgsm_term_relationships AS tr ON tr.term_taxonomy_id = tt.term_taxonomy_id
			 WHERE tt.taxonomy IN ('product_type') AND tr.object_id IN (961)
			 ORDER BY t.name ASC
			  made by shutdown_action_hook, do_action('shutdown'), WP_Hook->do_action, WP_Hook->apply_filters, WC_Post_Data::do_deferred_product_sync, array_walk, WC_Post_Data::deferred_product_sync, wc_get_product, WC_Product_Factory->get_product, WC_Product_Factory::get_product_type, WC_Data_Store->__call, WC_Product_Data_Store_CPT->get_product_type, get_the_terms, wp_get_object_terms, get_terms, WP_Term_Query->query, WP_Term_Query->get_terms
[17-Sep-2024 15:28:44 UTC] WordPress database error Commands out of sync; you can't run this command now for query SELECT DISTINCT t.term_id
			 FROM wpgsm_terms AS t  LEFT JOIN wpgsm_termmeta ON ( t.term_id = wpgsm_termmeta.term_id AND wpgsm_termmeta.meta_key='order') INNER JOIN wpgsm_term_taxonomy AS tt ON t.term_id = tt.term_id INNER JOIN wpgsm_term_relationships AS tr ON tr.term_taxonomy_id = tt.term_taxonomy_id
			 WHERE tt.taxonomy IN ('pa_color') AND tr.object_id IN (961) AND ( 
  ( wpgsm_termmeta.meta_key = 'order' OR wpgsm_termmeta.meta_key IS NULL )
)
			 ORDER BY wpgsm_termmeta.meta_value+0 ASC, t.name ASC
			  made by shutdown_action_hook, do_action('shutdown'), WP_Hook->do_action, WP_Hook->apply_filters, WC_Post_Data::do_deferred_product_sync, array_walk, WC_Post_Data::deferred_product_sync, wc_get_product, WC_Product_Factory->get_product, WC_Product_Simple->__construct, WC_Product->__construct, WC_Data_Store->read, WC_Product_Data_Store_CPT->read, WC_Product_Data_Store_CPT->read_attributes, wc_get_object_terms, get_the_terms, wp_get_object_terms, get_terms, WP_Term_Query->query, WP_Term_Query->get_terms
[17-Sep-2024 15:28:44 UTC] WordPress database error Commands out of sync; you can't run this command now for query SELECT DISTINCT t.term_id
			 FROM wpgsm_terms AS t  INNER JOIN wpgsm_term_taxonomy AS tt ON t.term_id = tt.term_id INNER JOIN wpgsm_term_relationships AS tr ON tr.term_taxonomy_id = tt.term_taxonomy_id
			 WHERE tt.taxonomy IN ('product_type') AND tr.object_id IN (962)
			 ORDER BY t.name ASC
			  made by shutdown_action_hook, do_action('shutdown'), WP_Hook->do_action, WP_Hook->apply_filters, WC_Post_Data::do_deferred_product_sync, array_walk, WC_Post_Data::deferred_product_sync, wc_get_product, WC_Product_Factory->get_product, WC_Product_Factory::get_product_type, WC_Data_Store->__call, WC_Product_Data_Store_CPT->get_product_type, get_the_terms, wp_get_object_terms, get_terms, WP_Term_Query->query, WP_Term_Query->get_terms
[17-Sep-2024 15:28:44 UTC] WordPress database error Commands out of sync; you can't run this command now for query SELECT DISTINCT t.term_id
			 FROM wpgsm_terms AS t  LEFT JOIN wpgsm_termmeta ON ( t.term_id = wpgsm_termmeta.term_id AND wpgsm_termmeta.meta_key='order') INNER JOIN wpgsm_term_taxonomy AS tt ON t.term_id = tt.term_id INNER JOIN wpgsm_term_relationships AS tr ON tr.term_taxonomy_id = tt.term_taxonomy_id
			 WHERE tt.taxonomy IN ('pa_color') AND tr.object_id IN (962) AND ( 
  ( wpgsm_termmeta.meta_key = 'order' OR wpgsm_termmeta.meta_key IS NULL )
)
			 ORDER BY wpgsm_termmeta.meta_value+0 ASC, t.name ASC
			  made by shutdown_action_hook, do_action('shutdown'), WP_Hook->do_action, WP_Hook->apply_filters, WC_Post_Data::do_deferred_product_sync, array_walk, WC_Post_Data::deferred_product_sync, wc_get_product, WC_Product_Factory->get_product, WC_Product_Simple->__construct, WC_Product->__construct, WC_Data_Store->read, WC_Product_Data_Store_CPT->read, WC_Product_Data_Store_CPT->read_attributes, wc_get_object_terms, get_the_terms, wp_get_object_terms, get_terms, WP_Term_Query->query, WP_Term_Query->get_terms
[17-Sep-2024 15:28:44 UTC] WordPress database error Commands out of sync; you can't run this command now for query SELECT DISTINCT t.term_id
			 FROM wpgsm_terms AS t  INNER JOIN wpgsm_term_taxonomy AS tt ON t.term_id = tt.term_id INNER JOIN wpgsm_term_relationships AS tr ON tr.term_taxonomy_id = tt.term_taxonomy_id
			 WHERE tt.taxonomy IN ('product_type') AND tr.object_id IN (963)
			 ORDER BY t.name ASC
			  made by shutdown_action_hook, do_action('shutdown'), WP_Hook->do_action, WP_Hook->apply_filters, WC_Post_Data::do_deferred_product_sync, array_walk, WC_Post_Data::deferred_product_sync, wc_get_product, WC_Product_Factory->get_product, WC_Product_Factory::get_product_type, WC_Data_Store->__call, WC_Product_Data_Store_CPT->get_product_type, get_the_terms, wp_get_object_terms, get_terms, WP_Term_Query->query, WP_Term_Query->get_terms
[17-Sep-2024 15:28:44 UTC] WordPress database error Commands out of sync; you can't run this command now for query SELECT DISTINCT t.term_id
			 FROM wpgsm_terms AS t  LEFT JOIN wpgsm_termmeta ON ( t.term_id = wpgsm_termmeta.term_id AND wpgsm_termmeta.meta_key='order') INNER JOIN wpgsm_term_taxonomy AS tt ON t.term_id = tt.term_id INNER JOIN wpgsm_term_relationships AS tr ON tr.term_taxonomy_id = tt.term_taxonomy_id
			 WHERE tt.taxonomy IN ('pa_color') AND tr.object_id IN (963) AND ( 
  ( wpgsm_termmeta.meta_key = 'order' OR wpgsm_termmeta.meta_key IS NULL )
)
			 ORDER BY wpgsm_termmeta.meta_value+0 ASC, t.name ASC
			  made by shutdown_action_hook, do_action('shutdown'), WP_Hook->do_action, WP_Hook->apply_filters, WC_Post_Data::do_deferred_product_sync, array_walk, WC_Post_Data::deferred_product_sync, wc_get_product, WC_Product_Factory->get_product, WC_Product_Simple->__construct, WC_Product->__construct, WC_Data_Store->read, WC_Product_Data_Store_CPT->read, WC_Product_Data_Store_CPT->read_attributes, wc_get_object_terms, get_the_terms, wp_get_object_terms, get_terms, WP_Term_Query->query, WP_Term_Query->get_terms
[17-Sep-2024 15:28:44 UTC] WordPress database error Commands out of sync; you can't run this command now for query SELECT DISTINCT t.term_id
			 FROM wpgsm_terms AS t  INNER JOIN wpgsm_term_taxonomy AS tt ON t.term_id = tt.term_id INNER JOIN wpgsm_term_relationships AS tr ON tr.term_taxonomy_id = tt.term_taxonomy_id
			 WHERE tt.taxonomy IN ('product_type') AND tr.object_id IN (964)
			 ORDER BY t.name ASC
			  made by shutdown_action_hook, do_action('shutdown'), WP_Hook->do_action, WP_Hook->apply_filters, WC_Post_Data::do_deferred_product_sync, array_walk, WC_Post_Data::deferred_product_sync, wc_get_product, WC_Product_Factory->get_product, WC_Product_Factory::get_product_type, WC_Data_Store->__call, WC_Product_Data_Store_CPT->get_product_type, get_the_terms, wp_get_object_terms, get_terms, WP_Term_Query->query, WP_Term_Query->get_terms
[17-Sep-2024 15:28:44 UTC] WordPress database error Commands out of sync; you can't run this command now for query SELECT DISTINCT t.term_id
			 FROM wpgsm_terms AS t  LEFT JOIN wpgsm_termmeta ON ( t.term_id = wpgsm_termmeta.term_id AND wpgsm_termmeta.meta_key='order') INNER JOIN wpgsm_term_taxonomy AS tt ON t.term_id = tt.term_id INNER JOIN wpgsm_term_relationships AS tr ON tr.term_taxonomy_id = tt.term_taxonomy_id
			 WHERE tt.taxonomy IN ('pa_color') AND tr.object_id IN (964) AND ( 
  ( wpgsm_termmeta.meta_key = 'order' OR wpgsm_termmeta.meta_key IS NULL )
)
			 ORDER BY wpgsm_termmeta.meta_value+0 ASC, t.name ASC
			  made by shutdown_action_hook, do_action('shutdown'), WP_Hook->do_action, WP_Hook->apply_filters, WC_Post_Data::do_deferred_product_sync, array_walk, WC_Post_Data::deferred_product_sync, wc_get_product, WC_Product_Factory->get_product, WC_Product_Simple->__construct, WC_Product->__construct, WC_Data_Store->read, WC_Product_Data_Store_CPT->read, WC_Product_Data_Store_CPT->read_attributes, wc_get_object_terms, get_the_terms, wp_get_object_terms, get_terms, WP_Term_Query->query, WP_Term_Query->get_terms
[17-Sep-2024 15:28:44 UTC] WordPress database error Commands out of sync; you can't run this command now for query SELECT DISTINCT t.term_id
			 FROM wpgsm_terms AS t  INNER JOIN wpgsm_term_taxonomy AS tt ON t.term_id = tt.term_id INNER JOIN wpgsm_term_relationships AS tr ON tr.term_taxonomy_id = tt.term_taxonomy_id
			 WHERE tt.taxonomy IN ('product_type') AND tr.object_id IN (965)
			 ORDER BY t.name ASC
			  made by shutdown_action_hook, do_action('shutdown'), WP_Hook->do_action, WP_Hook->apply_filters, WC_Post_Data::do_deferred_product_sync, array_walk, WC_Post_Data::deferred_product_sync, wc_get_product, WC_Product_Factory->get_product, WC_Product_Factory::get_product_type, WC_Data_Store->__call, WC_Product_Data_Store_CPT->get_product_type, get_the_terms, wp_get_object_terms, get_terms, WP_Term_Query->query, WP_Term_Query->get_terms
[17-Sep-2024 15:28:44 UTC] WordPress database error Commands out of sync; you can't run this command now for query SELECT DISTINCT t.term_id
			 FROM wpgsm_terms AS t  LEFT JOIN wpgsm_termmeta ON ( t.term_id = wpgsm_termmeta.term_id AND wpgsm_termmeta.meta_key='order') INNER JOIN wpgsm_term_taxonomy AS tt ON t.term_id = tt.term_id INNER JOIN wpgsm_term_relationships AS tr ON tr.term_taxonomy_id = tt.term_taxonomy_id
			 WHERE tt.taxonomy IN ('pa_color') AND tr.object_id IN (965) AND ( 
  ( wpgsm_termmeta.meta_key = 'order' OR wpgsm_termmeta.meta_key IS NULL )
)
			 ORDER BY wpgsm_termmeta.meta_value+0 ASC, t.name ASC
			  made by shutdown_action_hook, do_action('shutdown'), WP_Hook->do_action, WP_Hook->apply_filters, WC_Post_Data::do_deferred_product_sync, array_walk, WC_Post_Data::deferred_product_sync, wc_get_product, WC_Product_Factory->get_product, WC_Product_Simple->__construct, WC_Product->__construct, WC_Data_Store->read, WC_Product_Data_Store_CPT->read, WC_Product_Data_Store_CPT->read_attributes, wc_get_object_terms, get_the_terms, wp_get_object_terms, get_terms, WP_Term_Query->query, WP_Term_Query->get_terms
[17-Sep-2024 15:28:44 UTC] WordPress database error Commands out of sync; you can't run this command now for query SELECT DISTINCT t.term_id
			 FROM wpgsm_terms AS t  INNER JOIN wpgsm_term_taxonomy AS tt ON t.term_id = tt.term_id INNER JOIN wpgsm_term_relationships AS tr ON tr.term_taxonomy_id = tt.term_taxonomy_id
			 WHERE tt.taxonomy IN ('product_type') AND tr.object_id IN (966)
			 ORDER BY t.name ASC
			  made by shutdown_action_hook, do_action('shutdown'), WP_Hook->do_action, WP_Hook->apply_filters, WC_Post_Data::do_deferred_product_sync, array_walk, WC_Post_Data::deferred_product_sync, wc_get_product, WC_Product_Factory->get_product, WC_Product_Factory::get_product_type, WC_Data_Store->__call, WC_Product_Data_Store_CPT->get_product_type, get_the_terms, wp_get_object_terms, get_terms, WP_Term_Query->query, WP_Term_Query->get_terms
[17-Sep-2024 15:28:44 UTC] WordPress database error Commands out of sync; you can't run this command now for query SELECT DISTINCT t.term_id
			 FROM wpgsm_terms AS t  LEFT JOIN wpgsm_termmeta ON ( t.term_id = wpgsm_termmeta.term_id AND wpgsm_termmeta.meta_key='order') INNER JOIN wpgsm_term_taxonomy AS tt ON t.term_id = tt.term_id INNER JOIN wpgsm_term_relationships AS tr ON tr.term_taxonomy_id = tt.term_taxonomy_id
			 WHERE tt.taxonomy IN ('pa_color') AND tr.object_id IN (966) AND ( 
  ( wpgsm_termmeta.meta_key = 'order' OR wpgsm_termmeta.meta_key IS NULL )
)
			 ORDER BY wpgsm_termmeta.meta_value+0 ASC, t.name ASC
			  made by shutdown_action_hook, do_action('shutdown'), WP_Hook->do_action, WP_Hook->apply_filters, WC_Post_Data::do_deferred_product_sync, array_walk, WC_Post_Data::deferred_product_sync, wc_get_product, WC_Product_Factory->get_product, WC_Product_Simple->__construct, WC_Product->__construct, WC_Data_Store->read, WC_Product_Data_Store_CPT->read, WC_Product_Data_Store_CPT->read_attributes, wc_get_object_terms, get_the_terms, wp_get_object_terms, get_terms, WP_Term_Query->query, WP_Term_Query->get_terms
[17-Sep-2024 15:28:44 UTC] WordPress database error Commands out of sync; you can't run this command now for query SELECT DISTINCT t.term_id
			 FROM wpgsm_terms AS t  INNER JOIN wpgsm_term_taxonomy AS tt ON t.term_id = tt.term_id INNER JOIN wpgsm_term_relationships AS tr ON tr.term_taxonomy_id = tt.term_taxonomy_id
			 WHERE tt.taxonomy IN ('product_type') AND tr.object_id IN (967)
			 ORDER BY t.name ASC
			  made by shutdown_action_hook, do_action('shutdown'), WP_Hook->do_action, WP_Hook->apply_filters, WC_Post_Data::do_deferred_product_sync, array_walk, WC_Post_Data::deferred_product_sync, wc_get_product, WC_Product_Factory->get_product, WC_Product_Factory::get_product_type, WC_Data_Store->__call, WC_Product_Data_Store_CPT->get_product_type, get_the_terms, wp_get_object_terms, get_terms, WP_Term_Query->query, WP_Term_Query->get_terms
[17-Sep-2024 15:28:44 UTC] WordPress database error Commands out of sync; you can't run this command now for query SELECT DISTINCT t.term_id
			 FROM wpgsm_terms AS t  LEFT JOIN wpgsm_termmeta ON ( t.term_id = wpgsm_termmeta.term_id AND wpgsm_termmeta.meta_key='order') INNER JOIN wpgsm_term_taxonomy AS tt ON t.term_id = tt.term_id INNER JOIN wpgsm_term_relationships AS tr ON tr.term_taxonomy_id = tt.term_taxonomy_id
			 WHERE tt.taxonomy IN ('pa_color') AND tr.object_id IN (967) AND ( 
  ( wpgsm_termmeta.meta_key = 'order' OR wpgsm_termmeta.meta_key IS NULL )
)
			 ORDER BY wpgsm_termmeta.meta_value+0 ASC, t.name ASC
			  made by shutdown_action_hook, do_action('shutdown'), WP_Hook->do_action, WP_Hook->apply_filters, WC_Post_Data::do_deferred_product_sync, array_walk, WC_Post_Data::deferred_product_sync, wc_get_product, WC_Product_Factory->get_product, WC_Product_Simple->__construct, WC_Product->__construct, WC_Data_Store->read, WC_Product_Data_Store_CPT->read, WC_Product_Data_Store_CPT->read_attributes, wc_get_object_terms, get_the_terms, wp_get_object_terms, get_terms, WP_Term_Query->query, WP_Term_Query->get_terms
[17-Sep-2024 15:28:44 UTC] WordPress database error Commands out of sync; you can't run this command now for query SELECT DISTINCT t.term_id
			 FROM wpgsm_terms AS t  INNER JOIN wpgsm_term_taxonomy AS tt ON t.term_id = tt.term_id INNER JOIN wpgsm_term_relationships AS tr ON tr.term_taxonomy_id = tt.term_taxonomy_id
			 WHERE tt.taxonomy IN ('product_type') AND tr.object_id IN (968)
			 ORDER BY t.name ASC
			  made by shutdown_action_hook, do_action('shutdown'), WP_Hook->do_action, WP_Hook->apply_filters, WC_Post_Data::do_deferred_product_sync, array_walk, WC_Post_Data::deferred_product_sync, wc_get_product, WC_Product_Factory->get_product, WC_Product_Factory::get_product_type, WC_Data_Store->__call, WC_Product_Data_Store_CPT->get_product_type, get_the_terms, wp_get_object_terms, get_terms, WP_Term_Query->query, WP_Term_Query->get_terms
[17-Sep-2024 15:28:44 UTC] WordPress database error Commands out of sync; you can't run this command now for query SELECT DISTINCT t.term_id
			 FROM wpgsm_terms AS t  LEFT JOIN wpgsm_termmeta ON ( t.term_id = wpgsm_termmeta.term_id AND wpgsm_termmeta.meta_key='order') INNER JOIN wpgsm_term_taxonomy AS tt ON t.term_id = tt.term_id INNER JOIN wpgsm_term_relationships AS tr ON tr.term_taxonomy_id = tt.term_taxonomy_id
			 WHERE tt.taxonomy IN ('pa_color') AND tr.object_id IN (968) AND ( 
  ( wpgsm_termmeta.meta_key = 'order' OR wpgsm_termmeta.meta_key IS NULL )
)
			 ORDER BY wpgsm_termmeta.meta_value+0 ASC, t.name ASC
			  made by shutdown_action_hook, do_action('shutdown'), WP_Hook->do_action, WP_Hook->apply_filters, WC_Post_Data::do_deferred_product_sync, array_walk, WC_Post_Data::deferred_product_sync, wc_get_product, WC_Product_Factory->get_product, WC_Product_Simple->__construct, WC_Product->__construct, WC_Data_Store->read, WC_Product_Data_Store_CPT->read, WC_Product_Data_Store_CPT->read_attributes, wc_get_object_terms, get_the_terms, wp_get_object_terms, get_terms, WP_Term_Query->query, WP_Term_Query->get_terms
[17-Sep-2024 15:28:44 UTC] WordPress database error Commands out of sync; you can't run this command now for query SELECT DISTINCT t.term_id
			 FROM wpgsm_terms AS t  INNER JOIN wpgsm_term_taxonomy AS tt ON t.term_id = tt.term_id INNER JOIN wpgsm_term_relationships AS tr ON tr.term_taxonomy_id = tt.term_taxonomy_id
			 WHERE tt.taxonomy IN ('product_type') AND tr.object_id IN (969)
			 ORDER BY t.name ASC
			  made by shutdown_action_hook, do_action('shutdown'), WP_Hook->do_action, WP_Hook->apply_filters, WC_Post_Data::do_deferred_product_sync, array_walk, WC_Post_Data::deferred_product_sync, wc_get_product, WC_Product_Factory->get_product, WC_Product_Factory::get_product_type, WC_Data_Store->__call, WC_Product_Data_Store_CPT->get_product_type, get_the_terms, wp_get_object_terms, get_terms, WP_Term_Query->query, WP_Term_Query->get_terms
[17-Sep-2024 15:28:44 UTC] WordPress database error Commands out of sync; you can't run this command now for query SELECT DISTINCT t.term_id
			 FROM wpgsm_terms AS t  LEFT JOIN wpgsm_termmeta ON ( t.term_id = wpgsm_termmeta.term_id AND wpgsm_termmeta.meta_key='order') INNER JOIN wpgsm_term_taxonomy AS tt ON t.term_id = tt.term_id INNER JOIN wpgsm_term_relationships AS tr ON tr.term_taxonomy_id = tt.term_taxonomy_id
			 WHERE tt.taxonomy IN ('pa_color') AND tr.object_id IN (969) AND ( 
  ( wpgsm_termmeta.meta_key = 'order' OR wpgsm_termmeta.meta_key IS NULL )
)
			 ORDER BY wpgsm_termmeta.meta_value+0 ASC, t.name ASC
			  made by shutdown_action_hook, do_action('shutdown'), WP_Hook->do_action, WP_Hook->apply_filters, WC_Post_Data::do_deferred_product_sync, array_walk, WC_Post_Data::deferred_product_sync, wc_get_product, WC_Product_Factory->get_product, WC_Product_Simple->__construct, WC_Product->__construct, WC_Data_Store->read, WC_Product_Data_Store_CPT->read, WC_Product_Data_Store_CPT->read_attributes, wc_get_object_terms, get_the_terms, wp_get_object_terms, get_terms, WP_Term_Query->query, WP_Term_Query->get_terms
[17-Sep-2024 15:28:44 UTC] WordPress database error Commands out of sync; you can't run this command now for query SELECT DISTINCT t.term_id
			 FROM wpgsm_terms AS t  INNER JOIN wpgsm_term_taxonomy AS tt ON t.term_id = tt.term_id INNER JOIN wpgsm_term_relationships AS tr ON tr.term_taxonomy_id = tt.term_taxonomy_id
			 WHERE tt.taxonomy IN ('product_type') AND tr.object_id IN (970)
			 ORDER BY t.name ASC
			  made by shutdown_action_hook, do_action('shutdown'), WP_Hook->do_action, WP_Hook->apply_filters, WC_Post_Data::do_deferred_product_sync, array_walk, WC_Post_Data::deferred_product_sync, wc_get_product, WC_Product_Factory->get_product, WC_Product_Factory::get_product_type, WC_Data_Store->__call, WC_Product_Data_Store_CPT->get_product_type, get_the_terms, wp_get_object_terms, get_terms, WP_Term_Query->query, WP_Term_Query->get_terms
[17-Sep-2024 15:28:44 UTC] WordPress database error Commands out of sync; you can't run this command now for query SELECT DISTINCT t.term_id
			 FROM wpgsm_terms AS t  LEFT JOIN wpgsm_termmeta ON ( t.term_id = wpgsm_termmeta.term_id AND wpgsm_termmeta.meta_key='order') INNER JOIN wpgsm_term_taxonomy AS tt ON t.term_id = tt.term_id INNER JOIN wpgsm_term_relationships AS tr ON tr.term_taxonomy_id = tt.term_taxonomy_id
			 WHERE tt.taxonomy IN ('pa_color') AND tr.object_id IN (970) AND ( 
  ( wpgsm_termmeta.meta_key = 'order' OR wpgsm_termmeta.meta_key IS NULL )
)
			 ORDER BY wpgsm_termmeta.meta_value+0 ASC, t.name ASC
			  made by shutdown_action_hook, do_action('shutdown'), WP_Hook->do_action, WP_Hook->apply_filters, WC_Post_Data::do_deferred_product_sync, array_walk, WC_Post_Data::deferred_product_sync, wc_get_product, WC_Product_Factory->get_product, WC_Product_Simple->__construct, WC_Product->__construct, WC_Data_Store->read, WC_Product_Data_Store_CPT->read, WC_Product_Data_Store_CPT->read_attributes, wc_get_object_terms, get_the_terms, wp_get_object_terms, get_terms, WP_Term_Query->query, WP_Term_Query->get_terms
[17-Sep-2024 15:28:44 UTC] WordPress database error Commands out of sync; you can't run this command now for query SELECT DISTINCT t.term_id
			 FROM wpgsm_terms AS t  INNER JOIN wpgsm_term_taxonomy AS tt ON t.term_id = tt.term_id INNER JOIN wpgsm_term_relationships AS tr ON tr.term_taxonomy_id = tt.term_taxonomy_id
			 WHERE tt.taxonomy IN ('product_type') AND tr.object_id IN (971)
			 ORDER BY t.name ASC
			  made by shutdown_action_hook, do_action('shutdown'), WP_Hook->do_action, WP_Hook->apply_filters, WC_Post_Data::do_deferred_product_sync, array_walk, WC_Post_Data::deferred_product_sync, wc_get_product, WC_Product_Factory->get_product, WC_Product_Factory::get_product_type, WC_Data_Store->__call, WC_Product_Data_Store_CPT->get_product_type, get_the_terms, wp_get_object_terms, get_terms, WP_Term_Query->query, WP_Term_Query->get_terms
[17-Sep-2024 15:28:44 UTC] WordPress database error Commands out of sync; you can't run this command now for query SELECT DISTINCT t.term_id
			 FROM wpgsm_terms AS t  LEFT JOIN wpgsm_termmeta ON ( t.term_id = wpgsm_termmeta.term_id AND wpgsm_termmeta.meta_key='order') INNER JOIN wpgsm_term_taxonomy AS tt ON t.term_id = tt.term_id INNER JOIN wpgsm_term_relationships AS tr ON tr.term_taxonomy_id = tt.term_taxonomy_id
			 WHERE tt.taxonomy IN ('pa_color') AND tr.object_id IN (971) AND ( 
  ( wpgsm_termmeta.meta_key = 'order' OR wpgsm_termmeta.meta_key IS NULL )
)
			 ORDER BY wpgsm_termmeta.meta_value+0 ASC, t.name ASC
			  made by shutdown_action_hook, do_action('shutdown'), WP_Hook->do_action, WP_Hook->apply_filters, WC_Post_Data::do_deferred_product_sync, array_walk, WC_Post_Data::deferred_product_sync, wc_get_product, WC_Product_Factory->get_product, WC_Product_Simple->__construct, WC_Product->__construct, WC_Data_Store->read, WC_Product_Data_Store_CPT->read, WC_Product_Data_Store_CPT->read_attributes, wc_get_object_terms, get_the_terms, wp_get_object_terms, get_terms, WP_Term_Query->query, WP_Term_Query->get_terms
[17-Sep-2024 15:28:44 UTC] WordPress database error Commands out of sync; you can't run this command now for query SELECT DISTINCT t.term_id
			 FROM wpgsm_terms AS t  INNER JOIN wpgsm_term_taxonomy AS tt ON t.term_id = tt.term_id INNER JOIN wpgsm_term_relationships AS tr ON tr.term_taxonomy_id = tt.term_taxonomy_id
			 WHERE tt.taxonomy IN ('product_type') AND tr.object_id IN (972)
			 ORDER BY t.name ASC
			  made by shutdown_action_hook, do_action('shutdown'), WP_Hook->do_action, WP_Hook->apply_filters, WC_Post_Data::do_deferred_product_sync, array_walk, WC_Post_Data::deferred_product_sync, wc_get_product, WC_Product_Factory->get_product, WC_Product_Factory::get_product_type, WC_Data_Store->__call, WC_Product_Data_Store_CPT->get_product_type, get_the_terms, wp_get_object_terms, get_terms, WP_Term_Query->query, WP_Term_Query->get_terms
[17-Sep-2024 15:28:44 UTC] WordPress database error Commands out of sync; you can't run this command now for query SELECT DISTINCT t.term_id
			 FROM wpgsm_terms AS t  LEFT JOIN wpgsm_termmeta ON ( t.term_id = wpgsm_termmeta.term_id AND wpgsm_termmeta.meta_key='order') INNER JOIN wpgsm_term_taxonomy AS tt ON t.term_id = tt.term_id INNER JOIN wpgsm_term_relationships AS tr ON tr.term_taxonomy_id = tt.term_taxonomy_id
			 WHERE tt.taxonomy IN ('pa_color') AND tr.object_id IN (972) AND ( 
  ( wpgsm_termmeta.meta_key = 'order' OR wpgsm_termmeta.meta_key IS NULL )
)
			 ORDER BY wpgsm_termmeta.meta_value+0 ASC, t.name ASC
			  made by shutdown_action_hook, do_action('shutdown'), WP_Hook->do_action, WP_Hook->apply_filters, WC_Post_Data::do_deferred_product_sync, array_walk, WC_Post_Data::deferred_product_sync, wc_get_product, WC_Product_Factory->get_product, WC_Product_Simple->__construct, WC_Product->__construct, WC_Data_Store->read, WC_Product_Data_Store_CPT->read, WC_Product_Data_Store_CPT->read_attributes, wc_get_object_terms, get_the_terms, wp_get_object_terms, get_terms, WP_Term_Query->query, WP_Term_Query->get_terms
[17-Sep-2024 15:28:44 UTC] WordPress database error Commands out of sync; you can't run this command now for query SELECT DISTINCT t.term_id
			 FROM wpgsm_terms AS t  INNER JOIN wpgsm_term_taxonomy AS tt ON t.term_id = tt.term_id INNER JOIN wpgsm_term_relationships AS tr ON tr.term_taxonomy_id = tt.term_taxonomy_id
			 WHERE tt.taxonomy IN ('product_type') AND tr.object_id IN (973)
			 ORDER BY t.name ASC
			  made by shutdown_action_hook, do_action('shutdown'), WP_Hook->do_action, WP_Hook->apply_filters, WC_Post_Data::do_deferred_product_sync, array_walk, WC_Post_Data::deferred_product_sync, wc_get_product, WC_Product_Factory->get_product, WC_Product_Factory::get_product_type, WC_Data_Store->__call, WC_Product_Data_Store_CPT->get_product_type, get_the_terms, wp_get_object_terms, get_terms, WP_Term_Query->query, WP_Term_Query->get_terms
[17-Sep-2024 15:28:44 UTC] WordPress database error Commands out of sync; you can't run this command now for query SELECT DISTINCT t.term_id
			 FROM wpgsm_terms AS t  LEFT JOIN wpgsm_termmeta ON ( t.term_id = wpgsm_termmeta.term_id AND wpgsm_termmeta.meta_key='order') INNER JOIN wpgsm_term_taxonomy AS tt ON t.term_id = tt.term_id INNER JOIN wpgsm_term_relationships AS tr ON tr.term_taxonomy_id = tt.term_taxonomy_id
			 WHERE tt.taxonomy IN ('pa_color') AND tr.object_id IN (973) AND ( 
  ( wpgsm_termmeta.meta_key = 'order' OR wpgsm_termmeta.meta_key IS NULL )
)
			 ORDER BY wpgsm_termmeta.meta_value+0 ASC, t.name ASC
			  made by shutdown_action_hook, do_action('shutdown'), WP_Hook->do_action, WP_Hook->apply_filters, WC_Post_Data::do_deferred_product_sync, array_walk, WC_Post_Data::deferred_product_sync, wc_get_product, WC_Product_Factory->get_product, WC_Product_Simple->__construct, WC_Product->__construct, WC_Data_Store->read, WC_Product_Data_Store_CPT->read, WC_Product_Data_Store_CPT->read_attributes, wc_get_object_terms, get_the_terms, wp_get_object_terms, get_terms, WP_Term_Query->query, WP_Term_Query->get_terms
[17-Sep-2024 15:28:44 UTC] WordPress database error Commands out of sync; you can't run this command now for query SELECT DISTINCT t.term_id
			 FROM wpgsm_terms AS t  INNER JOIN wpgsm_term_taxonomy AS tt ON t.term_id = tt.term_id INNER JOIN wpgsm_term_relationships AS tr ON tr.term_taxonomy_id = tt.term_taxonomy_id
			 WHERE tt.taxonomy IN ('product_type') AND tr.object_id IN (974)
			 ORDER BY t.name ASC
			  made by shutdown_action_hook, do_action('shutdown'), WP_Hook->do_action, WP_Hook->apply_filters, WC_Post_Data::do_deferred_product_sync, array_walk, WC_Post_Data::deferred_product_sync, wc_get_product, WC_Product_Factory->get_product, WC_Product_Factory::get_product_type, WC_Data_Store->__call, WC_Product_Data_Store_CPT->get_product_type, get_the_terms, wp_get_object_terms, get_terms, WP_Term_Query->query, WP_Term_Query->get_terms
[17-Sep-2024 15:28:44 UTC] WordPress database error Commands out of sync; you can't run this command now for query SELECT DISTINCT t.term_id
			 FROM wpgsm_terms AS t  LEFT JOIN wpgsm_termmeta ON ( t.term_id = wpgsm_termmeta.term_id AND wpgsm_termmeta.meta_key='order') INNER JOIN wpgsm_term_taxonomy AS tt ON t.term_id = tt.term_id INNER JOIN wpgsm_term_relationships AS tr ON tr.term_taxonomy_id = tt.term_taxonomy_id
			 WHERE tt.taxonomy IN ('pa_color') AND tr.object_id IN (974) AND ( 
  ( wpgsm_termmeta.meta_key = 'order' OR wpgsm_termmeta.meta_key IS NULL )
)
			 ORDER BY wpgsm_termmeta.meta_value+0 ASC, t.name ASC
			  made by shutdown_action_hook, do_action('shutdown'), WP_Hook->do_action, WP_Hook->apply_filters, WC_Post_Data::do_deferred_product_sync, array_walk, WC_Post_Data::deferred_product_sync, wc_get_product, WC_Product_Factory->get_product, WC_Product_Simple->__construct, WC_Product->__construct, WC_Data_Store->read, WC_Product_Data_Store_CPT->read, WC_Product_Data_Store_CPT->read_attributes, wc_get_object_terms, get_the_terms, wp_get_object_terms, get_terms, WP_Term_Query->query, WP_Term_Query->get_terms
[17-Sep-2024 15:28:44 UTC] WordPress database error Commands out of sync; you can't run this command now for query SELECT DISTINCT t.term_id
			 FROM wpgsm_terms AS t  INNER JOIN wpgsm_term_taxonomy AS tt ON t.term_id = tt.term_id INNER JOIN wpgsm_term_relationships AS tr ON tr.term_taxonomy_id = tt.term_taxonomy_id
			 WHERE tt.taxonomy IN ('product_type') AND tr.object_id IN (975)
			 ORDER BY t.name ASC
			  made by shutdown_action_hook, do_action('shutdown'), WP_Hook->do_action, WP_Hook->apply_filters, WC_Post_Data::do_deferred_product_sync, array_walk, WC_Post_Data::deferred_product_sync, wc_get_product, WC_Product_Factory->get_product, WC_Product_Factory::get_product_type, WC_Data_Store->__call, WC_Product_Data_Store_CPT->get_product_type, get_the_terms, wp_get_object_terms, get_terms, WP_Term_Query->query, WP_Term_Query->get_terms
[17-Sep-2024 15:28:44 UTC] WordPress database error Commands out of sync; you can't run this command now for query SELECT DISTINCT t.term_id
			 FROM wpgsm_terms AS t  LEFT JOIN wpgsm_termmeta ON ( t.term_id = wpgsm_termmeta.term_id AND wpgsm_termmeta.meta_key='order') INNER JOIN wpgsm_term_taxonomy AS tt ON t.term_id = tt.term_id INNER JOIN wpgsm_term_relationships AS tr ON tr.term_taxonomy_id = tt.term_taxonomy_id
			 WHERE tt.taxonomy IN ('pa_color') AND tr.object_id IN (975) AND ( 
  ( wpgsm_termmeta.meta_key = 'order' OR wpgsm_termmeta.meta_key IS NULL )
)
			 ORDER BY wpgsm_termmeta.meta_value+0 ASC, t.name ASC
			  made by shutdown_action_hook, do_action('shutdown'), WP_Hook->do_action, WP_Hook->apply_filters, WC_Post_Data::do_deferred_product_sync, array_walk, WC_Post_Data::deferred_product_sync, wc_get_product, WC_Product_Factory->get_product, WC_Product_Simple->__construct, WC_Product->__construct, WC_Data_Store->read, WC_Product_Data_Store_CPT->read, WC_Product_Data_Store_CPT->read_attributes, wc_get_object_terms, get_the_terms, wp_get_object_terms, get_terms, WP_Term_Query->query, WP_Term_Query->get_terms
[17-Sep-2024 15:28:44 UTC] WordPress database error Commands out of sync; you can't run this command now for query SELECT DISTINCT t.term_id
			 FROM wpgsm_terms AS t  INNER JOIN wpgsm_term_taxonomy AS tt ON t.term_id = tt.term_id INNER JOIN wpgsm_term_relationships AS tr ON tr.term_taxonomy_id = tt.term_taxonomy_id
			 WHERE tt.taxonomy IN ('product_type') AND tr.object_id IN (976)
			 ORDER BY t.name ASC
			  made by shutdown_action_hook, do_action('shutdown'), WP_Hook->do_action, WP_Hook->apply_filters, WC_Post_Data::do_deferred_product_sync, array_walk, WC_Post_Data::deferred_product_sync, wc_get_product, WC_Product_Factory->get_product, WC_Product_Factory::get_product_type, WC_Data_Store->__call, WC_Product_Data_Store_CPT->get_product_type, get_the_terms, wp_get_object_terms, get_terms, WP_Term_Query->query, WP_Term_Query->get_terms
[17-Sep-2024 15:28:44 UTC] WordPress database error Commands out of sync; you can't run this command now for query SELECT DISTINCT t.term_id
			 FROM wpgsm_terms AS t  LEFT JOIN wpgsm_termmeta ON ( t.term_id = wpgsm_termmeta.term_id AND wpgsm_termmeta.meta_key='order') INNER JOIN wpgsm_term_taxonomy AS tt ON t.term_id = tt.term_id INNER JOIN wpgsm_term_relationships AS tr ON tr.term_taxonomy_id = tt.term_taxonomy_id
			 WHERE tt.taxonomy IN ('pa_color') AND tr.object_id IN (976) AND ( 
  ( wpgsm_termmeta.meta_key = 'order' OR wpgsm_termmeta.meta_key IS NULL )
)
			 ORDER BY wpgsm_termmeta.meta_value+0 ASC, t.name ASC
			  made by shutdown_action_hook, do_action('shutdown'), WP_Hook->do_action, WP_Hook->apply_filters, WC_Post_Data::do_deferred_product_sync, array_walk, WC_Post_Data::deferred_product_sync, wc_get_product, WC_Product_Factory->get_product, WC_Product_Simple->__construct, WC_Product->__construct, WC_Data_Store->read, WC_Product_Data_Store_CPT->read, WC_Product_Data_Store_CPT->read_attributes, wc_get_object_terms, get_the_terms, wp_get_object_terms, get_terms, WP_Term_Query->query, WP_Term_Query->get_terms
[17-Sep-2024 15:28:44 UTC] WordPress database error Commands out of sync; you can't run this command now for query SELECT DISTINCT t.term_id
			 FROM wpgsm_terms AS t  INNER JOIN wpgsm_term_taxonomy AS tt ON t.term_id = tt.term_id INNER JOIN wpgsm_term_relationships AS tr ON tr.term_taxonomy_id = tt.term_taxonomy_id
			 WHERE tt.taxonomy IN ('product_type') AND tr.object_id IN (977)
			 ORDER BY t.name ASC
			  made by shutdown_action_hook, do_action('shutdown'), WP_Hook->do_action, WP_Hook->apply_filters, WC_Post_Data::do_deferred_product_sync, array_walk, WC_Post_Data::deferred_product_sync, wc_get_product, WC_Product_Factory->get_product, WC_Product_Factory::get_product_type, WC_Data_Store->__call, WC_Product_Data_Store_CPT->get_product_type, get_the_terms, wp_get_object_terms, get_terms, WP_Term_Query->query, WP_Term_Query->get_terms
[17-Sep-2024 15:28:44 UTC] WordPress database error Commands out of sync; you can't run this command now for query SELECT DISTINCT t.term_id
			 FROM wpgsm_terms AS t  LEFT JOIN wpgsm_termmeta ON ( t.term_id = wpgsm_termmeta.term_id AND wpgsm_termmeta.meta_key='order') INNER JOIN wpgsm_term_taxonomy AS tt ON t.term_id = tt.term_id INNER JOIN wpgsm_term_relationships AS tr ON tr.term_taxonomy_id = tt.term_taxonomy_id
			 WHERE tt.taxonomy IN ('pa_color') AND tr.object_id IN (977) AND ( 
  ( wpgsm_termmeta.meta_key = 'order' OR wpgsm_termmeta.meta_key IS NULL )
)
			 ORDER BY wpgsm_termmeta.meta_value+0 ASC, t.name ASC
			  made by shutdown_action_hook, do_action('shutdown'), WP_Hook->do_action, WP_Hook->apply_filters, WC_Post_Data::do_deferred_product_sync, array_walk, WC_Post_Data::deferred_product_sync, wc_get_product, WC_Product_Factory->get_product, WC_Product_Simple->__construct, WC_Product->__construct, WC_Data_Store->read, WC_Product_Data_Store_CPT->read, WC_Product_Data_Store_CPT->read_attributes, wc_get_object_terms, get_the_terms, wp_get_object_terms, get_terms, WP_Term_Query->query, WP_Term_Query->get_terms
[17-Sep-2024 15:28:44 UTC] WordPress database error Commands out of sync; you can't run this command now for query SELECT DISTINCT t.term_id
			 FROM wpgsm_terms AS t  INNER JOIN wpgsm_term_taxonomy AS tt ON t.term_id = tt.term_id INNER JOIN wpgsm_term_relationships AS tr ON tr.term_taxonomy_id = tt.term_taxonomy_id
			 WHERE tt.taxonomy IN ('product_type') AND tr.object_id IN (978)
			 ORDER BY t.name ASC
			  made by shutdown_action_hook, do_action('shutdown'), WP_Hook->do_action, WP_Hook->apply_filters, WC_Post_Data::do_deferred_product_sync, array_walk, WC_Post_Data::deferred_product_sync, wc_get_product, WC_Product_Factory->get_product, WC_Product_Factory::get_product_type, WC_Data_Store->__call, WC_Product_Data_Store_CPT->get_product_type, get_the_terms, wp_get_object_terms, get_terms, WP_Term_Query->query, WP_Term_Query->get_terms
[17-Sep-2024 15:28:44 UTC] WordPress database error Commands out of sync; you can't run this command now for query SELECT DISTINCT t.term_id
			 FROM wpgsm_terms AS t  LEFT JOIN wpgsm_termmeta ON ( t.term_id = wpgsm_termmeta.term_id AND wpgsm_termmeta.meta_key='order') INNER JOIN wpgsm_term_taxonomy AS tt ON t.term_id = tt.term_id INNER JOIN wpgsm_term_relationships AS tr ON tr.term_taxonomy_id = tt.term_taxonomy_id
			 WHERE tt.taxonomy IN ('pa_color') AND tr.object_id IN (978) AND ( 
  ( wpgsm_termmeta.meta_key = 'order' OR wpgsm_termmeta.meta_key IS NULL )
)
			 ORDER BY wpgsm_termmeta.meta_value+0 ASC, t.name ASC
			  made by shutdown_action_hook, do_action('shutdown'), WP_Hook->do_action, WP_Hook->apply_filters, WC_Post_Data::do_deferred_product_sync, array_walk, WC_Post_Data::deferred_product_sync, wc_get_product, WC_Product_Factory->get_product, WC_Product_Simple->__construct, WC_Product->__construct, WC_Data_Store->read, WC_Product_Data_Store_CPT->read, WC_Product_Data_Store_CPT->read_attributes, wc_get_object_terms, get_the_terms, wp_get_object_terms, get_terms, WP_Term_Query->query, WP_Term_Query->get_terms
[17-Sep-2024 15:28:44 UTC] WordPress database error Commands out of sync; you can't run this command now for query SELECT DISTINCT t.term_id
			 FROM wpgsm_terms AS t  INNER JOIN wpgsm_term_taxonomy AS tt ON t.term_id = tt.term_id INNER JOIN wpgsm_term_relationships AS tr ON tr.term_taxonomy_id = tt.term_taxonomy_id
			 WHERE tt.taxonomy IN ('product_type') AND tr.object_id IN (979)
			 ORDER BY t.name ASC
			  made by shutdown_action_hook, do_action('shutdown'), WP_Hook->do_action, WP_Hook->apply_filters, WC_Post_Data::do_deferred_product_sync, array_walk, WC_Post_Data::deferred_product_sync, wc_get_product, WC_Product_Factory->get_product, WC_Product_Factory::get_product_type, WC_Data_Store->__call, WC_Product_Data_Store_CPT->get_product_type, get_the_terms, wp_get_object_terms, get_terms, WP_Term_Query->query, WP_Term_Query->get_terms
[17-Sep-2024 15:28:44 UTC] WordPress database error Commands out of sync; you can't run this command now for query SELECT DISTINCT t.term_id
			 FROM wpgsm_terms AS t  LEFT JOIN wpgsm_termmeta ON ( t.term_id = wpgsm_termmeta.term_id AND wpgsm_termmeta.meta_key='order') INNER JOIN wpgsm_term_taxonomy AS tt ON t.term_id = tt.term_id INNER JOIN wpgsm_term_relationships AS tr ON tr.term_taxonomy_id = tt.term_taxonomy_id
			 WHERE tt.taxonomy IN ('pa_color') AND tr.object_id IN (979) AND ( 
  ( wpgsm_termmeta.meta_key = 'order' OR wpgsm_termmeta.meta_key IS NULL )
)
			 ORDER BY wpgsm_termmeta.meta_value+0 ASC, t.name ASC
			  made by shutdown_action_hook, do_action('shutdown'), WP_Hook->do_action, WP_Hook->apply_filters, WC_Post_Data::do_deferred_product_sync, array_walk, WC_Post_Data::deferred_product_sync, wc_get_product, WC_Product_Factory->get_product, WC_Product_Simple->__construct, WC_Product->__construct, WC_Data_Store->read, WC_Product_Data_Store_CPT->read, WC_Product_Data_Store_CPT->read_attributes, wc_get_object_terms, get_the_terms, wp_get_object_terms, get_terms, WP_Term_Query->query, WP_Term_Query->get_terms
[17-Sep-2024 15:28:44 UTC] WordPress database error Commands out of sync; you can't run this command now for query SELECT DISTINCT t.term_id
			 FROM wpgsm_terms AS t  INNER JOIN wpgsm_term_taxonomy AS tt ON t.term_id = tt.term_id INNER JOIN wpgsm_term_relationships AS tr ON tr.term_taxonomy_id = tt.term_taxonomy_id
			 WHERE tt.taxonomy IN ('product_type') AND tr.object_id IN (980)
			 ORDER BY t.name ASC
			  made by shutdown_action_hook, do_action('shutdown'), WP_Hook->do_action, WP_Hook->apply_filters, WC_Post_Data::do_deferred_product_sync, array_walk, WC_Post_Data::deferred_product_sync, wc_get_product, WC_Product_Factory->get_product, WC_Product_Factory::get_product_type, WC_Data_Store->__call, WC_Product_Data_Store_CPT->get_product_type, get_the_terms, wp_get_object_terms, get_terms, WP_Term_Query->query, WP_Term_Query->get_terms
[17-Sep-2024 15:28:44 UTC] WordPress database error Commands out of sync; you can't run this command now for query SELECT DISTINCT t.term_id
			 FROM wpgsm_terms AS t  LEFT JOIN wpgsm_termmeta ON ( t.term_id = wpgsm_termmeta.term_id AND wpgsm_termmeta.meta_key='order') INNER JOIN wpgsm_term_taxonomy AS tt ON t.term_id = tt.term_id INNER JOIN wpgsm_term_relationships AS tr ON tr.term_taxonomy_id = tt.term_taxonomy_id
			 WHERE tt.taxonomy IN ('pa_color') AND tr.object_id IN (980) AND ( 
  ( wpgsm_termmeta.meta_key = 'order' OR wpgsm_termmeta.meta_key IS NULL )
)
			 ORDER BY wpgsm_termmeta.meta_value+0 ASC, t.name ASC
			  made by shutdown_action_hook, do_action('shutdown'), WP_Hook->do_action, WP_Hook->apply_filters, WC_Post_Data::do_deferred_product_sync, array_walk, WC_Post_Data::deferred_product_sync, wc_get_product, WC_Product_Factory->get_product, WC_Product_Simple->__construct, WC_Product->__construct, WC_Data_Store->read, WC_Product_Data_Store_CPT->read, WC_Product_Data_Store_CPT->read_attributes, wc_get_object_terms, get_the_terms, wp_get_object_terms, get_terms, WP_Term_Query->query, WP_Term_Query->get_terms
[17-Sep-2024 15:28:44 UTC] WordPress database error Commands out of sync; you can't run this command now for query SELECT DISTINCT t.term_id
			 FROM wpgsm_terms AS t  INNER JOIN wpgsm_term_taxonomy AS tt ON t.term_id = tt.term_id INNER JOIN wpgsm_term_relationships AS tr ON tr.term_taxonomy_id = tt.term_taxonomy_id
			 WHERE tt.taxonomy IN ('product_type') AND tr.object_id IN (981)
			 ORDER BY t.name ASC
			  made by shutdown_action_hook, do_action('shutdown'), WP_Hook->do_action, WP_Hook->apply_filters, WC_Post_Data::do_deferred_product_sync, array_walk, WC_Post_Data::deferred_product_sync, wc_get_product, WC_Product_Factory->get_product, WC_Product_Factory::get_product_type, WC_Data_Store->__call, WC_Product_Data_Store_CPT->get_product_type, get_the_terms, wp_get_object_terms, get_terms, WP_Term_Query->query, WP_Term_Query->get_terms
[17-Sep-2024 15:28:44 UTC] WordPress database error Commands out of sync; you can't run this command now for query SELECT DISTINCT t.term_id
			 FROM wpgsm_terms AS t  LEFT JOIN wpgsm_termmeta ON ( t.term_id = wpgsm_termmeta.term_id AND wpgsm_termmeta.meta_key='order') INNER JOIN wpgsm_term_taxonomy AS tt ON t.term_id = tt.term_id INNER JOIN wpgsm_term_relationships AS tr ON tr.term_taxonomy_id = tt.term_taxonomy_id
			 WHERE tt.taxonomy IN ('pa_color') AND tr.object_id IN (981) AND ( 
  ( wpgsm_termmeta.meta_key = 'order' OR wpgsm_termmeta.meta_key IS NULL )
)
			 ORDER BY wpgsm_termmeta.meta_value+0 ASC, t.name ASC
			  made by shutdown_action_hook, do_action('shutdown'), WP_Hook->do_action, WP_Hook->apply_filters, WC_Post_Data::do_deferred_product_sync, array_walk, WC_Post_Data::deferred_product_sync, wc_get_product, WC_Product_Factory->get_product, WC_Product_Simple->__construct, WC_Product->__construct, WC_Data_Store->read, WC_Product_Data_Store_CPT->read, WC_Product_Data_Store_CPT->read_attributes, wc_get_object_terms, get_the_terms, wp_get_object_terms, get_terms, WP_Term_Query->query, WP_Term_Query->get_terms
[17-Sep-2024 15:28:44 UTC] WordPress database error Commands out of sync; you can't run this command now for query SELECT DISTINCT t.term_id
			 FROM wpgsm_terms AS t  INNER JOIN wpgsm_term_taxonomy AS tt ON t.term_id = tt.term_id INNER JOIN wpgsm_term_relationships AS tr ON tr.term_taxonomy_id = tt.term_taxonomy_id
			 WHERE tt.taxonomy IN ('product_type') AND tr.object_id IN (982)
			 ORDER BY t.name ASC
			  made by shutdown_action_hook, do_action('shutdown'), WP_Hook->do_action, WP_Hook->apply_filters, WC_Post_Data::do_deferred_product_sync, array_walk, WC_Post_Data::deferred_product_sync, wc_get_product, WC_Product_Factory->get_product, WC_Product_Factory::get_product_type, WC_Data_Store->__call, WC_Product_Data_Store_CPT->get_product_type, get_the_terms, wp_get_object_terms, get_terms, WP_Term_Query->query, WP_Term_Query->get_terms
[17-Sep-2024 15:28:44 UTC] WordPress database error Commands out of sync; you can't run this command now for query SELECT DISTINCT t.term_id
			 FROM wpgsm_terms AS t  LEFT JOIN wpgsm_termmeta ON ( t.term_id = wpgsm_termmeta.term_id AND wpgsm_termmeta.meta_key='order') INNER JOIN wpgsm_term_taxonomy AS tt ON t.term_id = tt.term_id INNER JOIN wpgsm_term_relationships AS tr ON tr.term_taxonomy_id = tt.term_taxonomy_id
			 WHERE tt.taxonomy IN ('pa_color') AND tr.object_id IN (982) AND ( 
  ( wpgsm_termmeta.meta_key = 'order' OR wpgsm_termmeta.meta_key IS NULL )
)
			 ORDER BY wpgsm_termmeta.meta_value+0 ASC, t.name ASC
			  made by shutdown_action_hook, do_action('shutdown'), WP_Hook->do_action, WP_Hook->apply_filters, WC_Post_Data::do_deferred_product_sync, array_walk, WC_Post_Data::deferred_product_sync, wc_get_product, WC_Product_Factory->get_product, WC_Product_Simple->__construct, WC_Product->__construct, WC_Data_Store->read, WC_Product_Data_Store_CPT->read, WC_Product_Data_Store_CPT->read_attributes, wc_get_object_terms, get_the_terms, wp_get_object_terms, get_terms, WP_Term_Query->query, WP_Term_Query->get_terms
[17-Sep-2024 15:28:44 UTC] WordPress database error Commands out of sync; you can't run this command now for query SELECT DISTINCT t.term_id
			 FROM wpgsm_terms AS t  INNER JOIN wpgsm_term_taxonomy AS tt ON t.term_id = tt.term_id INNER JOIN wpgsm_term_relationships AS tr ON tr.term_taxonomy_id = tt.term_taxonomy_id
			 WHERE tt.taxonomy IN ('product_type') AND tr.object_id IN (983)
			 ORDER BY t.name ASC
			  made by shutdown_action_hook, do_action('shutdown'), WP_Hook->do_action, WP_Hook->apply_filters, WC_Post_Data::do_deferred_product_sync, array_walk, WC_Post_Data::deferred_product_sync, wc_get_product, WC_Product_Factory->get_product, WC_Product_Factory::get_product_type, WC_Data_Store->__call, WC_Product_Data_Store_CPT->get_product_type, get_the_terms, wp_get_object_terms, get_terms, WP_Term_Query->query, WP_Term_Query->get_terms
[17-Sep-2024 15:28:44 UTC] WordPress database error Commands out of sync; you can't run this command now for query SELECT DISTINCT t.term_id
			 FROM wpgsm_terms AS t  LEFT JOIN wpgsm_termmeta ON ( t.term_id = wpgsm_termmeta.term_id AND wpgsm_termmeta.meta_key='order') INNER JOIN wpgsm_term_taxonomy AS tt ON t.term_id = tt.term_id INNER JOIN wpgsm_term_relationships AS tr ON tr.term_taxonomy_id = tt.term_taxonomy_id
			 WHERE tt.taxonomy IN ('pa_color') AND tr.object_id IN (983) AND ( 
  ( wpgsm_termmeta.meta_key = 'order' OR wpgsm_termmeta.meta_key IS NULL )
)
			 ORDER BY wpgsm_termmeta.meta_value+0 ASC, t.name ASC
			  made by shutdown_action_hook, do_action('shutdown'), WP_Hook->do_action, WP_Hook->apply_filters, WC_Post_Data::do_deferred_product_sync, array_walk, WC_Post_Data::deferred_product_sync, wc_get_product, WC_Product_Factory->get_product, WC_Product_Simple->__construct, WC_Product->__construct, WC_Data_Store->read, WC_Product_Data_Store_CPT->read, WC_Product_Data_Store_CPT->read_attributes, wc_get_object_terms, get_the_terms, wp_get_object_terms, get_terms, WP_Term_Query->query, WP_Term_Query->get_terms
[17-Sep-2024 15:28:44 UTC] WordPress database error Commands out of sync; you can't run this command now for query SELECT DISTINCT t.term_id
			 FROM wpgsm_terms AS t  INNER JOIN wpgsm_term_taxonomy AS tt ON t.term_id = tt.term_id INNER JOIN wpgsm_term_relationships AS tr ON tr.term_taxonomy_id = tt.term_taxonomy_id
			 WHERE tt.taxonomy IN ('product_type') AND tr.object_id IN (984)
			 ORDER BY t.name ASC
			  made by shutdown_action_hook, do_action('shutdown'), WP_Hook->do_action, WP_Hook->apply_filters, WC_Post_Data::do_deferred_product_sync, array_walk, WC_Post_Data::deferred_product_sync, wc_get_product, WC_Product_Factory->get_product, WC_Product_Factory::get_product_type, WC_Data_Store->__call, WC_Product_Data_Store_CPT->get_product_type, get_the_terms, wp_get_object_terms, get_terms, WP_Term_Query->query, WP_Term_Query->get_terms
[17-Sep-2024 15:28:44 UTC] WordPress database error Commands out of sync; you can't run this command now for query SELECT DISTINCT t.term_id
			 FROM wpgsm_terms AS t  LEFT JOIN wpgsm_termmeta ON ( t.term_id = wpgsm_termmeta.term_id AND wpgsm_termmeta.meta_key='order') INNER JOIN wpgsm_term_taxonomy AS tt ON t.term_id = tt.term_id INNER JOIN wpgsm_term_relationships AS tr ON tr.term_taxonomy_id = tt.term_taxonomy_id
			 WHERE tt.taxonomy IN ('pa_color') AND tr.object_id IN (984) AND ( 
  ( wpgsm_termmeta.meta_key = 'order' OR wpgsm_termmeta.meta_key IS NULL )
)
			 ORDER BY wpgsm_termmeta.meta_value+0 ASC, t.name ASC
			  made by shutdown_action_hook, do_action('shutdown'), WP_Hook->do_action, WP_Hook->apply_filters, WC_Post_Data::do_deferred_product_sync, array_walk, WC_Post_Data::deferred_product_sync, wc_get_product, WC_Product_Factory->get_product, WC_Product_Simple->__construct, WC_Product->__construct, WC_Data_Store->read, WC_Product_Data_Store_CPT->read, WC_Product_Data_Store_CPT->read_attributes, wc_get_object_terms, get_the_terms, wp_get_object_terms, get_terms, WP_Term_Query->query, WP_Term_Query->get_terms
[17-Sep-2024 15:28:44 UTC] WordPress database error Commands out of sync; you can't run this command now for query SELECT DISTINCT t.term_id
			 FROM wpgsm_terms AS t  INNER JOIN wpgsm_term_taxonomy AS tt ON t.term_id = tt.term_id INNER JOIN wpgsm_term_relationships AS tr ON tr.term_taxonomy_id = tt.term_taxonomy_id
			 WHERE tt.taxonomy IN ('product_type') AND tr.object_id IN (985)
			 ORDER BY t.name ASC
			  made by shutdown_action_hook, do_action('shutdown'), WP_Hook->do_action, WP_Hook->apply_filters, WC_Post_Data::do_deferred_product_sync, array_walk, WC_Post_Data::deferred_product_sync, wc_get_product, WC_Product_Factory->get_product, WC_Product_Factory::get_product_type, WC_Data_Store->__call, WC_Product_Data_Store_CPT->get_product_type, get_the_terms, wp_get_object_terms, get_terms, WP_Term_Query->query, WP_Term_Query->get_terms
[17-Sep-2024 15:28:44 UTC] WordPress database error Commands out of sync; you can't run this command now for query SELECT DISTINCT t.term_id
			 FROM wpgsm_terms AS t  LEFT JOIN wpgsm_termmeta ON ( t.term_id = wpgsm_termmeta.term_id AND wpgsm_termmeta.meta_key='order') INNER JOIN wpgsm_term_taxonomy AS tt ON t.term_id = tt.term_id INNER JOIN wpgsm_term_relationships AS tr ON tr.term_taxonomy_id = tt.term_taxonomy_id
			 WHERE tt.taxonomy IN ('pa_color') AND tr.object_id IN (985) AND ( 
  ( wpgsm_termmeta.meta_key = 'order' OR wpgsm_termmeta.meta_key IS NULL )
)
			 ORDER BY wpgsm_termmeta.meta_value+0 ASC, t.name ASC
			  made by shutdown_action_hook, do_action('shutdown'), WP_Hook->do_action, WP_Hook->apply_filters, WC_Post_Data::do_deferred_product_sync, array_walk, WC_Post_Data::deferred_product_sync, wc_get_product, WC_Product_Factory->get_product, WC_Product_Simple->__construct, WC_Product->__construct, WC_Data_Store->read, WC_Product_Data_Store_CPT->read, WC_Product_Data_Store_CPT->read_attributes, wc_get_object_terms, get_the_terms, wp_get_object_terms, get_terms, WP_Term_Query->query, WP_Term_Query->get_terms
[17-Sep-2024 15:28:44 UTC] WordPress database error Commands out of sync; you can't run this command now for query SELECT DISTINCT t.term_id
			 FROM wpgsm_terms AS t  INNER JOIN wpgsm_term_taxonomy AS tt ON t.term_id = tt.term_id INNER JOIN wpgsm_term_relationships AS tr ON tr.term_taxonomy_id = tt.term_taxonomy_id
			 WHERE tt.taxonomy IN ('product_type') AND tr.object_id IN (986)
			 ORDER BY t.name ASC
			  made by shutdown_action_hook, do_action('shutdown'), WP_Hook->do_action, WP_Hook->apply_filters, WC_Post_Data::do_deferred_product_sync, array_walk, WC_Post_Data::deferred_product_sync, wc_get_product, WC_Product_Factory->get_product, WC_Product_Factory::get_product_type, WC_Data_Store->__call, WC_Product_Data_Store_CPT->get_product_type, get_the_terms, wp_get_object_terms, get_terms, WP_Term_Query->query, WP_Term_Query->get_terms
[17-Sep-2024 15:28:44 UTC] WordPress database error Commands out of sync; you can't run this command now for query SELECT DISTINCT t.term_id
			 FROM wpgsm_terms AS t  LEFT JOIN wpgsm_termmeta ON ( t.term_id = wpgsm_termmeta.term_id AND wpgsm_termmeta.meta_key='order') INNER JOIN wpgsm_term_taxonomy AS tt ON t.term_id = tt.term_id INNER JOIN wpgsm_term_relationships AS tr ON tr.term_taxonomy_id = tt.term_taxonomy_id
			 WHERE tt.taxonomy IN ('pa_color') AND tr.object_id IN (986) AND ( 
  ( wpgsm_termmeta.meta_key = 'order' OR wpgsm_termmeta.meta_key IS NULL )
)
			 ORDER BY wpgsm_termmeta.meta_value+0 ASC, t.name ASC
			  made by shutdown_action_hook, do_action('shutdown'), WP_Hook->do_action, WP_Hook->apply_filters, WC_Post_Data::do_deferred_product_sync, array_walk, WC_Post_Data::deferred_product_sync, wc_get_product, WC_Product_Factory->get_product, WC_Product_Simple->__construct, WC_Product->__construct, WC_Data_Store->read, WC_Product_Data_Store_CPT->read, WC_Product_Data_Store_CPT->read_attributes, wc_get_object_terms, get_the_terms, wp_get_object_terms, get_terms, WP_Term_Query->query, WP_Term_Query->get_terms
[17-Sep-2024 15:28:44 UTC] WordPress database error Commands out of sync; you can't run this command now for query SELECT DISTINCT t.term_id
			 FROM wpgsm_terms AS t  INNER JOIN wpgsm_term_taxonomy AS tt ON t.term_id = tt.term_id INNER JOIN wpgsm_term_relationships AS tr ON tr.term_taxonomy_id = tt.term_taxonomy_id
			 WHERE tt.taxonomy IN ('product_type') AND tr.object_id IN (987)
			 ORDER BY t.name ASC
			  made by shutdown_action_hook, do_action('shutdown'), WP_Hook->do_action, WP_Hook->apply_filters, WC_Post_Data::do_deferred_product_sync, array_walk, WC_Post_Data::deferred_product_sync, wc_get_product, WC_Product_Factory->get_product, WC_Product_Factory::get_product_type, WC_Data_Store->__call, WC_Product_Data_Store_CPT->get_product_type, get_the_terms, wp_get_object_terms, get_terms, WP_Term_Query->query, WP_Term_Query->get_terms
[17-Sep-2024 15:28:44 UTC] WordPress database error Commands out of sync; you can't run this command now for query SELECT DISTINCT t.term_id
			 FROM wpgsm_terms AS t  LEFT JOIN wpgsm_termmeta ON ( t.term_id = wpgsm_termmeta.term_id AND wpgsm_termmeta.meta_key='order') INNER JOIN wpgsm_term_taxonomy AS tt ON t.term_id = tt.term_id INNER JOIN wpgsm_term_relationships AS tr ON tr.term_taxonomy_id = tt.term_taxonomy_id
			 WHERE tt.taxonomy IN ('pa_color') AND tr.object_id IN (987) AND ( 
  ( wpgsm_termmeta.meta_key = 'order' OR wpgsm_termmeta.meta_key IS NULL )
)
			 ORDER BY wpgsm_termmeta.meta_value+0 ASC, t.name ASC
			  made by shutdown_action_hook, do_action('shutdown'), WP_Hook->do_action, WP_Hook->apply_filters, WC_Post_Data::do_deferred_product_sync, array_walk, WC_Post_Data::deferred_product_sync, wc_get_product, WC_Product_Factory->get_product, WC_Product_Simple->__construct, WC_Product->__construct, WC_Data_Store->read, WC_Product_Data_Store_CPT->read, WC_Product_Data_Store_CPT->read_attributes, wc_get_object_terms, get_the_terms, wp_get_object_terms, get_terms, WP_Term_Query->query, WP_Term_Query->get_terms
[17-Sep-2024 15:28:44 UTC] WordPress database error Commands out of sync; you can't run this command now for query SELECT DISTINCT t.term_id
			 FROM wpgsm_terms AS t  INNER JOIN wpgsm_term_taxonomy AS tt ON t.term_id = tt.term_id INNER JOIN wpgsm_term_relationships AS tr ON tr.term_taxonomy_id = tt.term_taxonomy_id
			 WHERE tt.taxonomy IN ('product_type') AND tr.object_id IN (988)
			 ORDER BY t.name ASC
			  made by shutdown_action_hook, do_action('shutdown'), WP_Hook->do_action, WP_Hook->apply_filters, WC_Post_Data::do_deferred_product_sync, array_walk, WC_Post_Data::deferred_product_sync, wc_get_product, WC_Product_Factory->get_product, WC_Product_Factory::get_product_type, WC_Data_Store->__call, WC_Product_Data_Store_CPT->get_product_type, get_the_terms, wp_get_object_terms, get_terms, WP_Term_Query->query, WP_Term_Query->get_terms
[17-Sep-2024 15:28:44 UTC] WordPress database error Commands out of sync; you can't run this command now for query SELECT DISTINCT t.term_id
			 FROM wpgsm_terms AS t  LEFT JOIN wpgsm_termmeta ON ( t.term_id = wpgsm_termmeta.term_id AND wpgsm_termmeta.meta_key='order') INNER JOIN wpgsm_term_taxonomy AS tt ON t.term_id = tt.term_id INNER JOIN wpgsm_term_relationships AS tr ON tr.term_taxonomy_id = tt.term_taxonomy_id
			 WHERE tt.taxonomy IN ('pa_color') AND tr.object_id IN (988) AND ( 
  ( wpgsm_termmeta.meta_key = 'order' OR wpgsm_termmeta.meta_key IS NULL )
)
			 ORDER BY wpgsm_termmeta.meta_value+0 ASC, t.name ASC
			  made by shutdown_action_hook, do_action('shutdown'), WP_Hook->do_action, WP_Hook->apply_filters, WC_Post_Data::do_deferred_product_sync, array_walk, WC_Post_Data::deferred_product_sync, wc_get_product, WC_Product_Factory->get_product, WC_Product_Simple->__construct, WC_Product->__construct, WC_Data_Store->read, WC_Product_Data_Store_CPT->read, WC_Product_Data_Store_CPT->read_attributes, wc_get_object_terms, get_the_terms, wp_get_object_terms, get_terms, WP_Term_Query->query, WP_Term_Query->get_terms
[17-Sep-2024 15:28:44 UTC] WordPress database error Commands out of sync; you can't run this command now for query SELECT DISTINCT t.term_id
			 FROM wpgsm_terms AS t  INNER JOIN wpgsm_term_taxonomy AS tt ON t.term_id = tt.term_id INNER JOIN wpgsm_term_relationships AS tr ON tr.term_taxonomy_id = tt.term_taxonomy_id
			 WHERE tt.taxonomy IN ('product_type') AND tr.object_id IN (989)
			 ORDER BY t.name ASC
			  made by shutdown_action_hook, do_action('shutdown'), WP_Hook->do_action, WP_Hook->apply_filters, WC_Post_Data::do_deferred_product_sync, array_walk, WC_Post_Data::deferred_product_sync, wc_get_product, WC_Product_Factory->get_product, WC_Product_Factory::get_product_type, WC_Data_Store->__call, WC_Product_Data_Store_CPT->get_product_type, get_the_terms, wp_get_object_terms, get_terms, WP_Term_Query->query, WP_Term_Query->get_terms
[17-Sep-2024 15:28:44 UTC] WordPress database error Commands out of sync; you can't run this command now for query SELECT DISTINCT t.term_id
			 FROM wpgsm_terms AS t  LEFT JOIN wpgsm_termmeta ON ( t.term_id = wpgsm_termmeta.term_id AND wpgsm_termmeta.meta_key='order') INNER JOIN wpgsm_term_taxonomy AS tt ON t.term_id = tt.term_id INNER JOIN wpgsm_term_relationships AS tr ON tr.term_taxonomy_id = tt.term_taxonomy_id
			 WHERE tt.taxonomy IN ('pa_color') AND tr.object_id IN (989) AND ( 
  ( wpgsm_termmeta.meta_key = 'order' OR wpgsm_termmeta.meta_key IS NULL )
)
			 ORDER BY wpgsm_termmeta.meta_value+0 ASC, t.name ASC
			  made by shutdown_action_hook, do_action('shutdown'), WP_Hook->do_action, WP_Hook->apply_filters, WC_Post_Data::do_deferred_product_sync, array_walk, WC_Post_Data::deferred_product_sync, wc_get_product, WC_Product_Factory->get_product, WC_Product_Simple->__construct, WC_Product->__construct, WC_Data_Store->read, WC_Product_Data_Store_CPT->read, WC_Product_Data_Store_CPT->read_attributes, wc_get_object_terms, get_the_terms, wp_get_object_terms, get_terms, WP_Term_Query->query, WP_Term_Query->get_terms
[17-Sep-2024 15:28:44 UTC] WordPress database error Commands out of sync; you can't run this command now for query SELECT DISTINCT t.term_id
			 FROM wpgsm_terms AS t  INNER JOIN wpgsm_term_taxonomy AS tt ON t.term_id = tt.term_id INNER JOIN wpgsm_term_relationships AS tr ON tr.term_taxonomy_id = tt.term_taxonomy_id
			 WHERE tt.taxonomy IN ('product_type') AND tr.object_id IN (990)
			 ORDER BY t.name ASC
			  made by shutdown_action_hook, do_action('shutdown'), WP_Hook->do_action, WP_Hook->apply_filters, WC_Post_Data::do_deferred_product_sync, array_walk, WC_Post_Data::deferred_product_sync, wc_get_product, WC_Product_Factory->get_product, WC_Product_Factory::get_product_type, WC_Data_Store->__call, WC_Product_Data_Store_CPT->get_product_type, get_the_terms, wp_get_object_terms, get_terms, WP_Term_Query->query, WP_Term_Query->get_terms
[17-Sep-2024 15:28:44 UTC] WordPress database error Commands out of sync; you can't run this command now for query SELECT DISTINCT t.term_id
			 FROM wpgsm_terms AS t  LEFT JOIN wpgsm_termmeta ON ( t.term_id = wpgsm_termmeta.term_id AND wpgsm_termmeta.meta_key='order') INNER JOIN wpgsm_term_taxonomy AS tt ON t.term_id = tt.term_id INNER JOIN wpgsm_term_relationships AS tr ON tr.term_taxonomy_id = tt.term_taxonomy_id
			 WHERE tt.taxonomy IN ('pa_color') AND tr.object_id IN (990) AND ( 
  ( wpgsm_termmeta.meta_key = 'order' OR wpgsm_termmeta.meta_key IS NULL )
)
			 ORDER BY wpgsm_termmeta.meta_value+0 ASC, t.name ASC
			  made by shutdown_action_hook, do_action('shutdown'), WP_Hook->do_action, WP_Hook->apply_filters, WC_Post_Data::do_deferred_product_sync, array_walk, WC_Post_Data::deferred_product_sync, wc_get_product, WC_Product_Factory->get_product, WC_Product_Simple->__construct, WC_Product->__construct, WC_Data_Store->read, WC_Product_Data_Store_CPT->read, WC_Product_Data_Store_CPT->read_attributes, wc_get_object_terms, get_the_terms, wp_get_object_terms, get_terms, WP_Term_Query->query, WP_Term_Query->get_terms
[17-Sep-2024 15:28:44 UTC] WordPress database error Commands out of sync; you can't run this command now for query SELECT DISTINCT t.term_id
			 FROM wpgsm_terms AS t  INNER JOIN wpgsm_term_taxonomy AS tt ON t.term_id = tt.term_id INNER JOIN wpgsm_term_relationships AS tr ON tr.term_taxonomy_id = tt.term_taxonomy_id
			 WHERE tt.taxonomy IN ('product_type') AND tr.object_id IN (991)
			 ORDER BY t.name ASC
			  made by shutdown_action_hook, do_action('shutdown'), WP_Hook->do_action, WP_Hook->apply_filters, WC_Post_Data::do_deferred_product_sync, array_walk, WC_Post_Data::deferred_product_sync, wc_get_product, WC_Product_Factory->get_product, WC_Product_Factory::get_product_type, WC_Data_Store->__call, WC_Product_Data_Store_CPT->get_product_type, get_the_terms, wp_get_object_terms, get_terms, WP_Term_Query->query, WP_Term_Query->get_terms
[17-Sep-2024 15:28:44 UTC] WordPress database error Commands out of sync; you can't run this command now for query SELECT DISTINCT t.term_id
			 FROM wpgsm_terms AS t  LEFT JOIN wpgsm_termmeta ON ( t.term_id = wpgsm_termmeta.term_id AND wpgsm_termmeta.meta_key='order') INNER JOIN wpgsm_term_taxonomy AS tt ON t.term_id = tt.term_id INNER JOIN wpgsm_term_relationships AS tr ON tr.term_taxonomy_id = tt.term_taxonomy_id
			 WHERE tt.taxonomy IN ('pa_color') AND tr.object_id IN (991) AND ( 
  ( wpgsm_termmeta.meta_key = 'order' OR wpgsm_termmeta.meta_key IS NULL )
)
			 ORDER BY wpgsm_termmeta.meta_value+0 ASC, t.name ASC
			  made by shutdown_action_hook, do_action('shutdown'), WP_Hook->do_action, WP_Hook->apply_filters, WC_Post_Data::do_deferred_product_sync, array_walk, WC_Post_Data::deferred_product_sync, wc_get_product, WC_Product_Factory->get_product, WC_Product_Simple->__construct, WC_Product->__construct, WC_Data_Store->read, WC_Product_Data_Store_CPT->read, WC_Product_Data_Store_CPT->read_attributes, wc_get_object_terms, get_the_terms, wp_get_object_terms, get_terms, WP_Term_Query->query, WP_Term_Query->get_terms
[17-Sep-2024 15:28:44 UTC] WordPress database error Commands out of sync; you can't run this command now for query SELECT DISTINCT t.term_id
			 FROM wpgsm_terms AS t  INNER JOIN wpgsm_term_taxonomy AS tt ON t.term_id = tt.term_id INNER JOIN wpgsm_term_relationships AS tr ON tr.term_taxonomy_id = tt.term_taxonomy_id
			 WHERE tt.taxonomy IN ('product_type') AND tr.object_id IN (992)
			 ORDER BY t.name ASC
			  made by shutdown_action_hook, do_action('shutdown'), WP_Hook->do_action, WP_Hook->apply_filters, WC_Post_Data::do_deferred_product_sync, array_walk, WC_Post_Data::deferred_product_sync, wc_get_product, WC_Product_Factory->get_product, WC_Product_Factory::get_product_type, WC_Data_Store->__call, WC_Product_Data_Store_CPT->get_product_type, get_the_terms, wp_get_object_terms, get_terms, WP_Term_Query->query, WP_Term_Query->get_terms
[17-Sep-2024 15:28:44 UTC] WordPress database error Commands out of sync; you can't run this command now for query SELECT DISTINCT t.term_id
			 FROM wpgsm_terms AS t  LEFT JOIN wpgsm_termmeta ON ( t.term_id = wpgsm_termmeta.term_id AND wpgsm_termmeta.meta_key='order') INNER JOIN wpgsm_term_taxonomy AS tt ON t.term_id = tt.term_id INNER JOIN wpgsm_term_relationships AS tr ON tr.term_taxonomy_id = tt.term_taxonomy_id
			 WHERE tt.taxonomy IN ('pa_color') AND tr.object_id IN (992) AND ( 
  ( wpgsm_termmeta.meta_key = 'order' OR wpgsm_termmeta.meta_key IS NULL )
)
			 ORDER BY wpgsm_termmeta.meta_value+0 ASC, t.name ASC
			  made by shutdown_action_hook, do_action('shutdown'), WP_Hook->do_action, WP_Hook->apply_filters, WC_Post_Data::do_deferred_product_sync, array_walk, WC_Post_Data::deferred_product_sync, wc_get_product, WC_Product_Factory->get_product, WC_Product_Simple->__construct, WC_Product->__construct, WC_Data_Store->read, WC_Product_Data_Store_CPT->read, WC_Product_Data_Store_CPT->read_attributes, wc_get_object_terms, get_the_terms, wp_get_object_terms, get_terms, WP_Term_Query->query, WP_Term_Query->get_terms
[17-Sep-2024 15:28:44 UTC] WordPress database error Commands out of sync; you can't run this command now for query SELECT DISTINCT t.term_id
			 FROM wpgsm_terms AS t  INNER JOIN wpgsm_term_taxonomy AS tt ON t.term_id = tt.term_id INNER JOIN wpgsm_term_relationships AS tr ON tr.term_taxonomy_id = tt.term_taxonomy_id
			 WHERE tt.taxonomy IN ('product_type') AND tr.object_id IN (993)
			 ORDER BY t.name ASC
			  made by shutdown_action_hook, do_action('shutdown'), WP_Hook->do_action, WP_Hook->apply_filters, WC_Post_Data::do_deferred_product_sync, array_walk, WC_Post_Data::deferred_product_sync, wc_get_product, WC_Product_Factory->get_product, WC_Product_Factory::get_product_type, WC_Data_Store->__call, WC_Product_Data_Store_CPT->get_product_type, get_the_terms, wp_get_object_terms, get_terms, WP_Term_Query->query, WP_Term_Query->get_terms
[17-Sep-2024 15:28:44 UTC] WordPress database error Commands out of sync; you can't run this command now for query SELECT DISTINCT t.term_id
			 FROM wpgsm_terms AS t  LEFT JOIN wpgsm_termmeta ON ( t.term_id = wpgsm_termmeta.term_id AND wpgsm_termmeta.meta_key='order') INNER JOIN wpgsm_term_taxonomy AS tt ON t.term_id = tt.term_id INNER JOIN wpgsm_term_relationships AS tr ON tr.term_taxonomy_id = tt.term_taxonomy_id
			 WHERE tt.taxonomy IN ('pa_color') AND tr.object_id IN (993) AND ( 
  ( wpgsm_termmeta.meta_key = 'order' OR wpgsm_termmeta.meta_key IS NULL )
)
			 ORDER BY wpgsm_termmeta.meta_value+0 ASC, t.name ASC
			  made by shutdown_action_hook, do_action('shutdown'), WP_Hook->do_action, WP_Hook->apply_filters, WC_Post_Data::do_deferred_product_sync, array_walk, WC_Post_Data::deferred_product_sync, wc_get_product, WC_Product_Factory->get_product, WC_Product_Simple->__construct, WC_Product->__construct, WC_Data_Store->read, WC_Product_Data_Store_CPT->read, WC_Product_Data_Store_CPT->read_attributes, wc_get_object_terms, get_the_terms, wp_get_object_terms, get_terms, WP_Term_Query->query, WP_Term_Query->get_terms
[17-Sep-2024 15:28:44 UTC] WordPress database error Commands out of sync; you can't run this command now for query SELECT DISTINCT t.term_id
			 FROM wpgsm_terms AS t  INNER JOIN wpgsm_term_taxonomy AS tt ON t.term_id = tt.term_id INNER JOIN wpgsm_term_relationships AS tr ON tr.term_taxonomy_id = tt.term_taxonomy_id
			 WHERE tt.taxonomy IN ('product_type') AND tr.object_id IN (994)
			 ORDER BY t.name ASC
			  made by shutdown_action_hook, do_action('shutdown'), WP_Hook->do_action, WP_Hook->apply_filters, WC_Post_Data::do_deferred_product_sync, array_walk, WC_Post_Data::deferred_product_sync, wc_get_product, WC_Product_Factory->get_product, WC_Product_Factory::get_product_type, WC_Data_Store->__call, WC_Product_Data_Store_CPT->get_product_type, get_the_terms, wp_get_object_terms, get_terms, WP_Term_Query->query, WP_Term_Query->get_terms
[17-Sep-2024 15:28:44 UTC] WordPress database error Commands out of sync; you can't run this command now for query SELECT DISTINCT t.term_id
			 FROM wpgsm_terms AS t  LEFT JOIN wpgsm_termmeta ON ( t.term_id = wpgsm_termmeta.term_id AND wpgsm_termmeta.meta_key='order') INNER JOIN wpgsm_term_taxonomy AS tt ON t.term_id = tt.term_id INNER JOIN wpgsm_term_relationships AS tr ON tr.term_taxonomy_id = tt.term_taxonomy_id
			 WHERE tt.taxonomy IN ('pa_color') AND tr.object_id IN (994) AND ( 
  ( wpgsm_termmeta.meta_key = 'order' OR wpgsm_termmeta.meta_key IS NULL )
)
			 ORDER BY wpgsm_termmeta.meta_value+0 ASC, t.name ASC
			  made by shutdown_action_hook, do_action('shutdown'), WP_Hook->do_action, WP_Hook->apply_filters, WC_Post_Data::do_deferred_product_sync, array_walk, WC_Post_Data::deferred_product_sync, wc_get_product, WC_Product_Factory->get_product, WC_Product_Simple->__construct, WC_Product->__construct, WC_Data_Store->read, WC_Product_Data_Store_CPT->read, WC_Product_Data_Store_CPT->read_attributes, wc_get_object_terms, get_the_terms, wp_get_object_terms, get_terms, WP_Term_Query->query, WP_Term_Query->get_terms
[17-Sep-2024 15:28:44 UTC] WordPress database error Commands out of sync; you can't run this command now for query SELECT DISTINCT t.term_id
			 FROM wpgsm_terms AS t  INNER JOIN wpgsm_term_taxonomy AS tt ON t.term_id = tt.term_id INNER JOIN wpgsm_term_relationships AS tr ON tr.term_taxonomy_id = tt.term_taxonomy_id
			 WHERE tt.taxonomy IN ('product_type') AND tr.object_id IN (995)
			 ORDER BY t.name ASC
			  made by shutdown_action_hook, do_action('shutdown'), WP_Hook->do_action, WP_Hook->apply_filters, WC_Post_Data::do_deferred_product_sync, array_walk, WC_Post_Data::deferred_product_sync, wc_get_product, WC_Product_Factory->get_product, WC_Product_Factory::get_product_type, WC_Data_Store->__call, WC_Product_Data_Store_CPT->get_product_type, get_the_terms, wp_get_object_terms, get_terms, WP_Term_Query->query, WP_Term_Query->get_terms
[17-Sep-2024 15:28:44 UTC] WordPress database error Commands out of sync; you can't run this command now for query SELECT DISTINCT t.term_id
			 FROM wpgsm_terms AS t  LEFT JOIN wpgsm_termmeta ON ( t.term_id = wpgsm_termmeta.term_id AND wpgsm_termmeta.meta_key='order') INNER JOIN wpgsm_term_taxonomy AS tt ON t.term_id = tt.term_id INNER JOIN wpgsm_term_relationships AS tr ON tr.term_taxonomy_id = tt.term_taxonomy_id
			 WHERE tt.taxonomy IN ('pa_color') AND tr.object_id IN (995) AND ( 
  ( wpgsm_termmeta.meta_key = 'order' OR wpgsm_termmeta.meta_key IS NULL )
)
			 ORDER BY wpgsm_termmeta.meta_value+0 ASC, t.name ASC
			  made by shutdown_action_hook, do_action('shutdown'), WP_Hook->do_action, WP_Hook->apply_filters, WC_Post_Data::do_deferred_product_sync, array_walk, WC_Post_Data::deferred_product_sync, wc_get_product, WC_Product_Factory->get_product, WC_Product_Simple->__construct, WC_Product->__construct, WC_Data_Store->read, WC_Product_Data_Store_CPT->read, WC_Product_Data_Store_CPT->read_attributes, wc_get_object_terms, get_the_terms, wp_get_object_terms, get_terms, WP_Term_Query->query, WP_Term_Query->get_terms
[17-Sep-2024 15:28:44 UTC] WordPress database error Commands out of sync; you can't run this command now for query SELECT DISTINCT t.term_id
			 FROM wpgsm_terms AS t  INNER JOIN wpgsm_term_taxonomy AS tt ON t.term_id = tt.term_id INNER JOIN wpgsm_term_relationships AS tr ON tr.term_taxonomy_id = tt.term_taxonomy_id
			 WHERE tt.taxonomy IN ('product_type') AND tr.object_id IN (996)
			 ORDER BY t.name ASC
			  made by shutdown_action_hook, do_action('shutdown'), WP_Hook->do_action, WP_Hook->apply_filters, WC_Post_Data::do_deferred_product_sync, array_walk, WC_Post_Data::deferred_product_sync, wc_get_product, WC_Product_Factory->get_product, WC_Product_Factory::get_product_type, WC_Data_Store->__call, WC_Product_Data_Store_CPT->get_product_type, get_the_terms, wp_get_object_terms, get_terms, WP_Term_Query->query, WP_Term_Query->get_terms
[17-Sep-2024 15:28:44 UTC] WordPress database error Commands out of sync; you can't run this command now for query SELECT DISTINCT t.term_id
			 FROM wpgsm_terms AS t  LEFT JOIN wpgsm_termmeta ON ( t.term_id = wpgsm_termmeta.term_id AND wpgsm_termmeta.meta_key='order') INNER JOIN wpgsm_term_taxonomy AS tt ON t.term_id = tt.term_id INNER JOIN wpgsm_term_relationships AS tr ON tr.term_taxonomy_id = tt.term_taxonomy_id
			 WHERE tt.taxonomy IN ('pa_color') AND tr.object_id IN (996) AND ( 
  ( wpgsm_termmeta.meta_key = 'order' OR wpgsm_termmeta.meta_key IS NULL )
)
			 ORDER BY wpgsm_termmeta.meta_value+0 ASC, t.name ASC
			  made by shutdown_action_hook, do_action('shutdown'), WP_Hook->do_action, WP_Hook->apply_filters, WC_Post_Data::do_deferred_product_sync, array_walk, WC_Post_Data::deferred_product_sync, wc_get_product, WC_Product_Factory->get_product, WC_Product_Simple->__construct, WC_Product->__construct, WC_Data_Store->read, WC_Product_Data_Store_CPT->read, WC_Product_Data_Store_CPT->read_attributes, wc_get_object_terms, get_the_terms, wp_get_object_terms, get_terms, WP_Term_Query->query, WP_Term_Query->get_terms
[17-Sep-2024 15:28:44 UTC] WordPress database error Commands out of sync; you can't run this command now for query SELECT DISTINCT t.term_id
			 FROM wpgsm_terms AS t  INNER JOIN wpgsm_term_taxonomy AS tt ON t.term_id = tt.term_id INNER JOIN wpgsm_term_relationships AS tr ON tr.term_taxonomy_id = tt.term_taxonomy_id
			 WHERE tt.taxonomy IN ('product_type') AND tr.object_id IN (997)
			 ORDER BY t.name ASC
			  made by shutdown_action_hook, do_action('shutdown'), WP_Hook->do_action, WP_Hook->apply_filters, WC_Post_Data::do_deferred_product_sync, array_walk, WC_Post_Data::deferred_product_sync, wc_get_product, WC_Product_Factory->get_product, WC_Product_Factory::get_product_type, WC_Data_Store->__call, WC_Product_Data_Store_CPT->get_product_type, get_the_terms, wp_get_object_terms, get_terms, WP_Term_Query->query, WP_Term_Query->get_terms
[17-Sep-2024 15:28:44 UTC] WordPress database error Commands out of sync; you can't run this command now for query SELECT DISTINCT t.term_id
			 FROM wpgsm_terms AS t  LEFT JOIN wpgsm_termmeta ON ( t.term_id = wpgsm_termmeta.term_id AND wpgsm_termmeta.meta_key='order') INNER JOIN wpgsm_term_taxonomy AS tt ON t.term_id = tt.term_id INNER JOIN wpgsm_term_relationships AS tr ON tr.term_taxonomy_id = tt.term_taxonomy_id
			 WHERE tt.taxonomy IN ('pa_color') AND tr.object_id IN (997) AND ( 
  ( wpgsm_termmeta.meta_key = 'order' OR wpgsm_termmeta.meta_key IS NULL )
)
			 ORDER BY wpgsm_termmeta.meta_value+0 ASC, t.name ASC
			  made by shutdown_action_hook, do_action('shutdown'), WP_Hook->do_action, WP_Hook->apply_filters, WC_Post_Data::do_deferred_product_sync, array_walk, WC_Post_Data::deferred_product_sync, wc_get_product, WC_Product_Factory->get_product, WC_Product_Simple->__construct, WC_Product->__construct, WC_Data_Store->read, WC_Product_Data_Store_CPT->read, WC_Product_Data_Store_CPT->read_attributes, wc_get_object_terms, get_the_terms, wp_get_object_terms, get_terms, WP_Term_Query->query, WP_Term_Query->get_terms
[17-Sep-2024 15:28:44 UTC] WordPress database error Commands out of sync; you can't run this command now for query SELECT DISTINCT t.term_id
			 FROM wpgsm_terms AS t  INNER JOIN wpgsm_term_taxonomy AS tt ON t.term_id = tt.term_id INNER JOIN wpgsm_term_relationships AS tr ON tr.term_taxonomy_id = tt.term_taxonomy_id
			 WHERE tt.taxonomy IN ('product_type') AND tr.object_id IN (998)
			 ORDER BY t.name ASC
			  made by shutdown_action_hook, do_action('shutdown'), WP_Hook->do_action, WP_Hook->apply_filters, WC_Post_Data::do_deferred_product_sync, array_walk, WC_Post_Data::deferred_product_sync, wc_get_product, WC_Product_Factory->get_product, WC_Product_Factory::get_product_type, WC_Data_Store->__call, WC_Product_Data_Store_CPT->get_product_type, get_the_terms, wp_get_object_terms, get_terms, WP_Term_Query->query, WP_Term_Query->get_terms
[17-Sep-2024 15:28:44 UTC] WordPress database error Commands out of sync; you can't run this command now for query SELECT DISTINCT t.term_id
			 FROM wpgsm_terms AS t  LEFT JOIN wpgsm_termmeta ON ( t.term_id = wpgsm_termmeta.term_id AND wpgsm_termmeta.meta_key='order') INNER JOIN wpgsm_term_taxonomy AS tt ON t.term_id = tt.term_id INNER JOIN wpgsm_term_relationships AS tr ON tr.term_taxonomy_id = tt.term_taxonomy_id
			 WHERE tt.taxonomy IN ('pa_color') AND tr.object_id IN (998) AND ( 
  ( wpgsm_termmeta.meta_key = 'order' OR wpgsm_termmeta.meta_key IS NULL )
)
			 ORDER BY wpgsm_termmeta.meta_value+0 ASC, t.name ASC
			  made by shutdown_action_hook, do_action('shutdown'), WP_Hook->do_action, WP_Hook->apply_filters, WC_Post_Data::do_deferred_product_sync, array_walk, WC_Post_Data::deferred_product_sync, wc_get_product, WC_Product_Factory->get_product, WC_Product_Simple->__construct, WC_Product->__construct, WC_Data_Store->read, WC_Product_Data_Store_CPT->read, WC_Product_Data_Store_CPT->read_attributes, wc_get_object_terms, get_the_terms, wp_get_object_terms, get_terms, WP_Term_Query->query, WP_Term_Query->get_terms
[17-Sep-2024 15:28:44 UTC] WordPress database error Commands out of sync; you can't run this command now for query SELECT DISTINCT t.term_id
			 FROM wpgsm_terms AS t  INNER JOIN wpgsm_term_taxonomy AS tt ON t.term_id = tt.term_id INNER JOIN wpgsm_term_relationships AS tr ON tr.term_taxonomy_id = tt.term_taxonomy_id
			 WHERE tt.taxonomy IN ('product_type') AND tr.object_id IN (999)
			 ORDER BY t.name ASC
			  made by shutdown_action_hook, do_action('shutdown'), WP_Hook->do_action, WP_Hook->apply_filters, WC_Post_Data::do_deferred_product_sync, array_walk, WC_Post_Data::deferred_product_sync, wc_get_product, WC_Product_Factory->get_product, WC_Product_Factory::get_product_type, WC_Data_Store->__call, WC_Product_Data_Store_CPT->get_product_type, get_the_terms, wp_get_object_terms, get_terms, WP_Term_Query->query, WP_Term_Query->get_terms
[17-Sep-2024 15:28:44 UTC] WordPress database error Commands out of sync; you can't run this command now for query SELECT DISTINCT t.term_id
			 FROM wpgsm_terms AS t  LEFT JOIN wpgsm_termmeta ON ( t.term_id = wpgsm_termmeta.term_id AND wpgsm_termmeta.meta_key='order') INNER JOIN wpgsm_term_taxonomy AS tt ON t.term_id = tt.term_id INNER JOIN wpgsm_term_relationships AS tr ON tr.term_taxonomy_id = tt.term_taxonomy_id
			 WHERE tt.taxonomy IN ('pa_color') AND tr.object_id IN (999) AND ( 
  ( wpgsm_termmeta.meta_key = 'order' OR wpgsm_termmeta.meta_key IS NULL )
)
			 ORDER BY wpgsm_termmeta.meta_value+0 ASC, t.name ASC
			  made by shutdown_action_hook, do_action('shutdown'), WP_Hook->do_action, WP_Hook->apply_filters, WC_Post_Data::do_deferred_product_sync, array_walk, WC_Post_Data::deferred_product_sync, wc_get_product, WC_Product_Factory->get_product, WC_Product_Simple->__construct, WC_Product->__construct, WC_Data_Store->read, WC_Product_Data_Store_CPT->read, WC_Product_Data_Store_CPT->read_attributes, wc_get_object_terms, get_the_terms, wp_get_object_terms, get_terms, WP_Term_Query->query, WP_Term_Query->get_terms
[17-Sep-2024 15:28:44 UTC] WordPress database error Commands out of sync; you can't run this command now for query SELECT DISTINCT t.term_id
			 FROM wpgsm_terms AS t  INNER JOIN wpgsm_term_taxonomy AS tt ON t.term_id = tt.term_id INNER JOIN wpgsm_term_relationships AS tr ON tr.term_taxonomy_id = tt.term_taxonomy_id
			 WHERE tt.taxonomy IN ('product_type') AND tr.object_id IN (1000)
			 ORDER BY t.name ASC
			  made by shutdown_action_hook, do_action('shutdown'), WP_Hook->do_action, WP_Hook->apply_filters, WC_Post_Data::do_deferred_product_sync, array_walk, WC_Post_Data::deferred_product_sync, wc_get_product, WC_Product_Factory->get_product, WC_Product_Factory::get_product_type, WC_Data_Store->__call, WC_Product_Data_Store_CPT->get_product_type, get_the_terms, wp_get_object_terms, get_terms, WP_Term_Query->query, WP_Term_Query->get_terms
[17-Sep-2024 15:28:44 UTC] WordPress database error Commands out of sync; you can't run this command now for query SELECT DISTINCT t.term_id
			 FROM wpgsm_terms AS t  LEFT JOIN wpgsm_termmeta ON ( t.term_id = wpgsm_termmeta.term_id AND wpgsm_termmeta.meta_key='order') INNER JOIN wpgsm_term_taxonomy AS tt ON t.term_id = tt.term_id INNER JOIN wpgsm_term_relationships AS tr ON tr.term_taxonomy_id = tt.term_taxonomy_id
			 WHERE tt.taxonomy IN ('pa_color') AND tr.object_id IN (1000) AND ( 
  ( wpgsm_termmeta.meta_key = 'order' OR wpgsm_termmeta.meta_key IS NULL )
)
			 ORDER BY wpgsm_termmeta.meta_value+0 ASC, t.name ASC
			  made by shutdown_action_hook, do_action('shutdown'), WP_Hook->do_action, WP_Hook->apply_filters, WC_Post_Data::do_deferred_product_sync, array_walk, WC_Post_Data::deferred_product_sync, wc_get_product, WC_Product_Factory->get_product, WC_Product_Simple->__construct, WC_Product->__construct, WC_Data_Store->read, WC_Product_Data_Store_CPT->read, WC_Product_Data_Store_CPT->read_attributes, wc_get_object_terms, get_the_terms, wp_get_object_terms, get_terms, WP_Term_Query->query, WP_Term_Query->get_terms
[17-Sep-2024 15:28:44 UTC] WordPress database error Commands out of sync; you can't run this command now for query SELECT DISTINCT t.term_id
			 FROM wpgsm_terms AS t  INNER JOIN wpgsm_term_taxonomy AS tt ON t.term_id = tt.term_id INNER JOIN wpgsm_term_relationships AS tr ON tr.term_taxonomy_id = tt.term_taxonomy_id
			 WHERE tt.taxonomy IN ('product_type') AND tr.object_id IN (1001)
			 ORDER BY t.name ASC
			  made by shutdown_action_hook, do_action('shutdown'), WP_Hook->do_action, WP_Hook->apply_filters, WC_Post_Data::do_deferred_product_sync, array_walk, WC_Post_Data::deferred_product_sync, wc_get_product, WC_Product_Factory->get_product, WC_Product_Factory::get_product_type, WC_Data_Store->__call, WC_Product_Data_Store_CPT->get_product_type, get_the_terms, wp_get_object_terms, get_terms, WP_Term_Query->query, WP_Term_Query->get_terms
[17-Sep-2024 15:28:44 UTC] WordPress database error Commands out of sync; you can't run this command now for query SELECT DISTINCT t.term_id
			 FROM wpgsm_terms AS t  LEFT JOIN wpgsm_termmeta ON ( t.term_id = wpgsm_termmeta.term_id AND wpgsm_termmeta.meta_key='order') INNER JOIN wpgsm_term_taxonomy AS tt ON t.term_id = tt.term_id INNER JOIN wpgsm_term_relationships AS tr ON tr.term_taxonomy_id = tt.term_taxonomy_id
			 WHERE tt.taxonomy IN ('pa_color') AND tr.object_id IN (1001) AND ( 
  ( wpgsm_termmeta.meta_key = 'order' OR wpgsm_termmeta.meta_key IS NULL )
)
			 ORDER BY wpgsm_termmeta.meta_value+0 ASC, t.name ASC
			  made by shutdown_action_hook, do_action('shutdown'), WP_Hook->do_action, WP_Hook->apply_filters, WC_Post_Data::do_deferred_product_sync, array_walk, WC_Post_Data::deferred_product_sync, wc_get_product, WC_Product_Factory->get_product, WC_Product_Simple->__construct, WC_Product->__construct, WC_Data_Store->read, WC_Product_Data_Store_CPT->read, WC_Product_Data_Store_CPT->read_attributes, wc_get_object_terms, get_the_terms, wp_get_object_terms, get_terms, WP_Term_Query->query, WP_Term_Query->get_terms
[17-Sep-2024 15:28:44 UTC] WordPress database error Commands out of sync; you can't run this command now for query SELECT DISTINCT t.term_id
			 FROM wpgsm_terms AS t  INNER JOIN wpgsm_term_taxonomy AS tt ON t.term_id = tt.term_id INNER JOIN wpgsm_term_relationships AS tr ON tr.term_taxonomy_id = tt.term_taxonomy_id
			 WHERE tt.taxonomy IN ('product_type') AND tr.object_id IN (1002)
			 ORDER BY t.name ASC
			  made by shutdown_action_hook, do_action('shutdown'), WP_Hook->do_action, WP_Hook->apply_filters, WC_Post_Data::do_deferred_product_sync, array_walk, WC_Post_Data::deferred_product_sync, wc_get_product, WC_Product_Factory->get_product, WC_Product_Factory::get_product_type, WC_Data_Store->__call, WC_Product_Data_Store_CPT->get_product_type, get_the_terms, wp_get_object_terms, get_terms, WP_Term_Query->query, WP_Term_Query->get_terms
[17-Sep-2024 15:28:44 UTC] WordPress database error Commands out of sync; you can't run this command now for query SELECT DISTINCT t.term_id
			 FROM wpgsm_terms AS t  LEFT JOIN wpgsm_termmeta ON ( t.term_id = wpgsm_termmeta.term_id AND wpgsm_termmeta.meta_key='order') INNER JOIN wpgsm_term_taxonomy AS tt ON t.term_id = tt.term_id INNER JOIN wpgsm_term_relationships AS tr ON tr.term_taxonomy_id = tt.term_taxonomy_id
			 WHERE tt.taxonomy IN ('pa_color') AND tr.object_id IN (1002) AND ( 
  ( wpgsm_termmeta.meta_key = 'order' OR wpgsm_termmeta.meta_key IS NULL )
)
			 ORDER BY wpgsm_termmeta.meta_value+0 ASC, t.name ASC
			  made by shutdown_action_hook, do_action('shutdown'), WP_Hook->do_action, WP_Hook->apply_filters, WC_Post_Data::do_deferred_product_sync, array_walk, WC_Post_Data::deferred_product_sync, wc_get_product, WC_Product_Factory->get_product, WC_Product_Simple->__construct, WC_Product->__construct, WC_Data_Store->read, WC_Product_Data_Store_CPT->read, WC_Product_Data_Store_CPT->read_attributes, wc_get_object_terms, get_the_terms, wp_get_object_terms, get_terms, WP_Term_Query->query, WP_Term_Query->get_terms
[17-Sep-2024 15:28:44 UTC] WordPress database error Commands out of sync; you can't run this command now for query SELECT DISTINCT t.term_id
			 FROM wpgsm_terms AS t  INNER JOIN wpgsm_term_taxonomy AS tt ON t.term_id = tt.term_id INNER JOIN wpgsm_term_relationships AS tr ON tr.term_taxonomy_id = tt.term_taxonomy_id
			 WHERE tt.taxonomy IN ('product_type') AND tr.object_id IN (1003)
			 ORDER BY t.name ASC
			  made by shutdown_action_hook, do_action('shutdown'), WP_Hook->do_action, WP_Hook->apply_filters, WC_Post_Data::do_deferred_product_sync, array_walk, WC_Post_Data::deferred_product_sync, wc_get_product, WC_Product_Factory->get_product, WC_Product_Factory::get_product_type, WC_Data_Store->__call, WC_Product_Data_Store_CPT->get_product_type, get_the_terms, wp_get_object_terms, get_terms, WP_Term_Query->query, WP_Term_Query->get_terms
[17-Sep-2024 15:28:44 UTC] WordPress database error Commands out of sync; you can't run this command now for query SELECT DISTINCT t.term_id
			 FROM wpgsm_terms AS t  LEFT JOIN wpgsm_termmeta ON ( t.term_id = wpgsm_termmeta.term_id AND wpgsm_termmeta.meta_key='order') INNER JOIN wpgsm_term_taxonomy AS tt ON t.term_id = tt.term_id INNER JOIN wpgsm_term_relationships AS tr ON tr.term_taxonomy_id = tt.term_taxonomy_id
			 WHERE tt.taxonomy IN ('pa_color') AND tr.object_id IN (1003) AND ( 
  ( wpgsm_termmeta.meta_key = 'order' OR wpgsm_termmeta.meta_key IS NULL )
)
			 ORDER BY wpgsm_termmeta.meta_value+0 ASC, t.name ASC
			  made by shutdown_action_hook, do_action('shutdown'), WP_Hook->do_action, WP_Hook->apply_filters, WC_Post_Data::do_deferred_product_sync, array_walk, WC_Post_Data::deferred_product_sync, wc_get_product, WC_Product_Factory->get_product, WC_Product_Simple->__construct, WC_Product->__construct, WC_Data_Store->read, WC_Product_Data_Store_CPT->read, WC_Product_Data_Store_CPT->read_attributes, wc_get_object_terms, get_the_terms, wp_get_object_terms, get_terms, WP_Term_Query->query, WP_Term_Query->get_terms
[17-Sep-2024 15:28:44 UTC] WordPress database error Commands out of sync; you can't run this command now for query SELECT DISTINCT t.term_id
			 FROM wpgsm_terms AS t  INNER JOIN wpgsm_term_taxonomy AS tt ON t.term_id = tt.term_id INNER JOIN wpgsm_term_relationships AS tr ON tr.term_taxonomy_id = tt.term_taxonomy_id
			 WHERE tt.taxonomy IN ('product_type') AND tr.object_id IN (1004)
			 ORDER BY t.name ASC
			  made by shutdown_action_hook, do_action('shutdown'), WP_Hook->do_action, WP_Hook->apply_filters, WC_Post_Data::do_deferred_product_sync, array_walk, WC_Post_Data::deferred_product_sync, wc_get_product, WC_Product_Factory->get_product, WC_Product_Factory::get_product_type, WC_Data_Store->__call, WC_Product_Data_Store_CPT->get_product_type, get_the_terms, wp_get_object_terms, get_terms, WP_Term_Query->query, WP_Term_Query->get_terms
[17-Sep-2024 15:28:44 UTC] WordPress database error Commands out of sync; you can't run this command now for query SELECT DISTINCT t.term_id
			 FROM wpgsm_terms AS t  LEFT JOIN wpgsm_termmeta ON ( t.term_id = wpgsm_termmeta.term_id AND wpgsm_termmeta.meta_key='order') INNER JOIN wpgsm_term_taxonomy AS tt ON t.term_id = tt.term_id INNER JOIN wpgsm_term_relationships AS tr ON tr.term_taxonomy_id = tt.term_taxonomy_id
			 WHERE tt.taxonomy IN ('pa_color') AND tr.object_id IN (1004) AND ( 
  ( wpgsm_termmeta.meta_key = 'order' OR wpgsm_termmeta.meta_key IS NULL )
)
			 ORDER BY wpgsm_termmeta.meta_value+0 ASC, t.name ASC
			  made by shutdown_action_hook, do_action('shutdown'), WP_Hook->do_action, WP_Hook->apply_filters, WC_Post_Data::do_deferred_product_sync, array_walk, WC_Post_Data::deferred_product_sync, wc_get_product, WC_Product_Factory->get_product, WC_Product_Simple->__construct, WC_Product->__construct, WC_Data_Store->read, WC_Product_Data_Store_CPT->read, WC_Product_Data_Store_CPT->read_attributes, wc_get_object_terms, get_the_terms, wp_get_object_terms, get_terms, WP_Term_Query->query, WP_Term_Query->get_terms
[17-Sep-2024 15:28:44 UTC] WordPress database error Commands out of sync; you can't run this command now for query SELECT DISTINCT t.term_id
			 FROM wpgsm_terms AS t  INNER JOIN wpgsm_term_taxonomy AS tt ON t.term_id = tt.term_id INNER JOIN wpgsm_term_relationships AS tr ON tr.term_taxonomy_id = tt.term_taxonomy_id
			 WHERE tt.taxonomy IN ('product_type') AND tr.object_id IN (1005)
			 ORDER BY t.name ASC
			  made by shutdown_action_hook, do_action('shutdown'), WP_Hook->do_action, WP_Hook->apply_filters, WC_Post_Data::do_deferred_product_sync, array_walk, WC_Post_Data::deferred_product_sync, wc_get_product, WC_Product_Factory->get_product, WC_Product_Factory::get_product_type, WC_Data_Store->__call, WC_Product_Data_Store_CPT->get_product_type, get_the_terms, wp_get_object_terms, get_terms, WP_Term_Query->query, WP_Term_Query->get_terms
[17-Sep-2024 15:28:44 UTC] WordPress database error Commands out of sync; you can't run this command now for query SELECT DISTINCT t.term_id
			 FROM wpgsm_terms AS t  LEFT JOIN wpgsm_termmeta ON ( t.term_id = wpgsm_termmeta.term_id AND wpgsm_termmeta.meta_key='order') INNER JOIN wpgsm_term_taxonomy AS tt ON t.term_id = tt.term_id INNER JOIN wpgsm_term_relationships AS tr ON tr.term_taxonomy_id = tt.term_taxonomy_id
			 WHERE tt.taxonomy IN ('pa_color') AND tr.object_id IN (1005) AND ( 
  ( wpgsm_termmeta.meta_key = 'order' OR wpgsm_termmeta.meta_key IS NULL )
)
			 ORDER BY wpgsm_termmeta.meta_value+0 ASC, t.name ASC
			  made by shutdown_action_hook, do_action('shutdown'), WP_Hook->do_action, WP_Hook->apply_filters, WC_Post_Data::do_deferred_product_sync, array_walk, WC_Post_Data::deferred_product_sync, wc_get_product, WC_Product_Factory->get_product, WC_Product_Simple->__construct, WC_Product->__construct, WC_Data_Store->read, WC_Product_Data_Store_CPT->read, WC_Product_Data_Store_CPT->read_attributes, wc_get_object_terms, get_the_terms, wp_get_object_terms, get_terms, WP_Term_Query->query, WP_Term_Query->get_terms
[17-Sep-2024 15:28:44 UTC] WordPress database error Commands out of sync; you can't run this command now for query SELECT DISTINCT t.term_id
			 FROM wpgsm_terms AS t  INNER JOIN wpgsm_term_taxonomy AS tt ON t.term_id = tt.term_id INNER JOIN wpgsm_term_relationships AS tr ON tr.term_taxonomy_id = tt.term_taxonomy_id
			 WHERE tt.taxonomy IN ('product_type') AND tr.object_id IN (1006)
			 ORDER BY t.name ASC
			  made by shutdown_action_hook, do_action('shutdown'), WP_Hook->do_action, WP_Hook->apply_filters, WC_Post_Data::do_deferred_product_sync, array_walk, WC_Post_Data::deferred_product_sync, wc_get_product, WC_Product_Factory->get_product, WC_Product_Factory::get_product_type, WC_Data_Store->__call, WC_Product_Data_Store_CPT->get_product_type, get_the_terms, wp_get_object_terms, get_terms, WP_Term_Query->query, WP_Term_Query->get_terms
[17-Sep-2024 15:28:44 UTC] WordPress database error Commands out of sync; you can't run this command now for query SELECT DISTINCT t.term_id
			 FROM wpgsm_terms AS t  LEFT JOIN wpgsm_termmeta ON ( t.term_id = wpgsm_termmeta.term_id AND wpgsm_termmeta.meta_key='order') INNER JOIN wpgsm_term_taxonomy AS tt ON t.term_id = tt.term_id INNER JOIN wpgsm_term_relationships AS tr ON tr.term_taxonomy_id = tt.term_taxonomy_id
			 WHERE tt.taxonomy IN ('pa_color') AND tr.object_id IN (1006) AND ( 
  ( wpgsm_termmeta.meta_key = 'order' OR wpgsm_termmeta.meta_key IS NULL )
)
			 ORDER BY wpgsm_termmeta.meta_value+0 ASC, t.name ASC
			  made by shutdown_action_hook, do_action('shutdown'), WP_Hook->do_action, WP_Hook->apply_filters, WC_Post_Data::do_deferred_product_sync, array_walk, WC_Post_Data::deferred_product_sync, wc_get_product, WC_Product_Factory->get_product, WC_Product_Simple->__construct, WC_Product->__construct, WC_Data_Store->read, WC_Product_Data_Store_CPT->read, WC_Product_Data_Store_CPT->read_attributes, wc_get_object_terms, get_the_terms, wp_get_object_terms, get_terms, WP_Term_Query->query, WP_Term_Query->get_terms
[17-Sep-2024 15:28:44 UTC] WordPress database error Commands out of sync; you can't run this command now for query SELECT DISTINCT t.term_id
			 FROM wpgsm_terms AS t  INNER JOIN wpgsm_term_taxonomy AS tt ON t.term_id = tt.term_id INNER JOIN wpgsm_term_relationships AS tr ON tr.term_taxonomy_id = tt.term_taxonomy_id
			 WHERE tt.taxonomy IN ('product_type') AND tr.object_id IN (1007)
			 ORDER BY t.name ASC
			  made by shutdown_action_hook, do_action('shutdown'), WP_Hook->do_action, WP_Hook->apply_filters, WC_Post_Data::do_deferred_product_sync, array_walk, WC_Post_Data::deferred_product_sync, wc_get_product, WC_Product_Factory->get_product, WC_Product_Factory::get_product_type, WC_Data_Store->__call, WC_Product_Data_Store_CPT->get_product_type, get_the_terms, wp_get_object_terms, get_terms, WP_Term_Query->query, WP_Term_Query->get_terms
[17-Sep-2024 15:28:44 UTC] WordPress database error Commands out of sync; you can't run this command now for query SELECT DISTINCT t.term_id
			 FROM wpgsm_terms AS t  LEFT JOIN wpgsm_termmeta ON ( t.term_id = wpgsm_termmeta.term_id AND wpgsm_termmeta.meta_key='order') INNER JOIN wpgsm_term_taxonomy AS tt ON t.term_id = tt.term_id INNER JOIN wpgsm_term_relationships AS tr ON tr.term_taxonomy_id = tt.term_taxonomy_id
			 WHERE tt.taxonomy IN ('pa_color') AND tr.object_id IN (1007) AND ( 
  ( wpgsm_termmeta.meta_key = 'order' OR wpgsm_termmeta.meta_key IS NULL )
)
			 ORDER BY wpgsm_termmeta.meta_value+0 ASC, t.name ASC
			  made by shutdown_action_hook, do_action('shutdown'), WP_Hook->do_action, WP_Hook->apply_filters, WC_Post_Data::do_deferred_product_sync, array_walk, WC_Post_Data::deferred_product_sync, wc_get_product, WC_Product_Factory->get_product, WC_Product_Simple->__construct, WC_Product->__construct, WC_Data_Store->read, WC_Product_Data_Store_CPT->read, WC_Product_Data_Store_CPT->read_attributes, wc_get_object_terms, get_the_terms, wp_get_object_terms, get_terms, WP_Term_Query->query, WP_Term_Query->get_terms
[17-Sep-2024 15:28:44 UTC] WordPress database error Commands out of sync; you can't run this command now for query SELECT DISTINCT t.term_id
			 FROM wpgsm_terms AS t  INNER JOIN wpgsm_term_taxonomy AS tt ON t.term_id = tt.term_id INNER JOIN wpgsm_term_relationships AS tr ON tr.term_taxonomy_id = tt.term_taxonomy_id
			 WHERE tt.taxonomy IN ('product_type') AND tr.object_id IN (1008)
			 ORDER BY t.name ASC
			  made by shutdown_action_hook, do_action('shutdown'), WP_Hook->do_action, WP_Hook->apply_filters, WC_Post_Data::do_deferred_product_sync, array_walk, WC_Post_Data::deferred_product_sync, wc_get_product, WC_Product_Factory->get_product, WC_Product_Factory::get_product_type, WC_Data_Store->__call, WC_Product_Data_Store_CPT->get_product_type, get_the_terms, wp_get_object_terms, get_terms, WP_Term_Query->query, WP_Term_Query->get_terms
[17-Sep-2024 15:28:44 UTC] WordPress database error Commands out of sync; you can't run this command now for query SELECT DISTINCT t.term_id
			 FROM wpgsm_terms AS t  LEFT JOIN wpgsm_termmeta ON ( t.term_id = wpgsm_termmeta.term_id AND wpgsm_termmeta.meta_key='order') INNER JOIN wpgsm_term_taxonomy AS tt ON t.term_id = tt.term_id INNER JOIN wpgsm_term_relationships AS tr ON tr.term_taxonomy_id = tt.term_taxonomy_id
			 WHERE tt.taxonomy IN ('pa_color') AND tr.object_id IN (1008) AND ( 
  ( wpgsm_termmeta.meta_key = 'order' OR wpgsm_termmeta.meta_key IS NULL )
)
			 ORDER BY wpgsm_termmeta.meta_value+0 ASC, t.name ASC
			  made by shutdown_action_hook, do_action('shutdown'), WP_Hook->do_action, WP_Hook->apply_filters, WC_Post_Data::do_deferred_product_sync, array_walk, WC_Post_Data::deferred_product_sync, wc_get_product, WC_Product_Factory->get_product, WC_Product_Simple->__construct, WC_Product->__construct, WC_Data_Store->read, WC_Product_Data_Store_CPT->read, WC_Product_Data_Store_CPT->read_attributes, wc_get_object_terms, get_the_terms, wp_get_object_terms, get_terms, WP_Term_Query->query, WP_Term_Query->get_terms
[17-Sep-2024 15:28:44 UTC] WordPress database error Commands out of sync; you can't run this command now for query SELECT DISTINCT t.term_id
			 FROM wpgsm_terms AS t  INNER JOIN wpgsm_term_taxonomy AS tt ON t.term_id = tt.term_id INNER JOIN wpgsm_term_relationships AS tr ON tr.term_taxonomy_id = tt.term_taxonomy_id
			 WHERE tt.taxonomy IN ('product_type') AND tr.object_id IN (1009)
			 ORDER BY t.name ASC
			  made by shutdown_action_hook, do_action('shutdown'), WP_Hook->do_action, WP_Hook->apply_filters, WC_Post_Data::do_deferred_product_sync, array_walk, WC_Post_Data::deferred_product_sync, wc_get_product, WC_Product_Factory->get_product, WC_Product_Factory::get_product_type, WC_Data_Store->__call, WC_Product_Data_Store_CPT->get_product_type, get_the_terms, wp_get_object_terms, get_terms, WP_Term_Query->query, WP_Term_Query->get_terms
[17-Sep-2024 15:28:44 UTC] WordPress database error Commands out of sync; you can't run this command now for query SELECT DISTINCT t.term_id
			 FROM wpgsm_terms AS t  LEFT JOIN wpgsm_termmeta ON ( t.term_id = wpgsm_termmeta.term_id AND wpgsm_termmeta.meta_key='order') INNER JOIN wpgsm_term_taxonomy AS tt ON t.term_id = tt.term_id INNER JOIN wpgsm_term_relationships AS tr ON tr.term_taxonomy_id = tt.term_taxonomy_id
			 WHERE tt.taxonomy IN ('pa_color') AND tr.object_id IN (1009) AND ( 
  ( wpgsm_termmeta.meta_key = 'order' OR wpgsm_termmeta.meta_key IS NULL )
)
			 ORDER BY wpgsm_termmeta.meta_value+0 ASC, t.name ASC
			  made by shutdown_action_hook, do_action('shutdown'), WP_Hook->do_action, WP_Hook->apply_filters, WC_Post_Data::do_deferred_product_sync, array_walk, WC_Post_Data::deferred_product_sync, wc_get_product, WC_Product_Factory->get_product, WC_Product_Simple->__construct, WC_Product->__construct, WC_Data_Store->read, WC_Product_Data_Store_CPT->read, WC_Product_Data_Store_CPT->read_attributes, wc_get_object_terms, get_the_terms, wp_get_object_terms, get_terms, WP_Term_Query->query, WP_Term_Query->get_terms
[17-Sep-2024 15:28:44 UTC] WordPress database error Commands out of sync; you can't run this command now for query SELECT DISTINCT t.term_id
			 FROM wpgsm_terms AS t  INNER JOIN wpgsm_term_taxonomy AS tt ON t.term_id = tt.term_id INNER JOIN wpgsm_term_relationships AS tr ON tr.term_taxonomy_id = tt.term_taxonomy_id
			 WHERE tt.taxonomy IN ('product_type') AND tr.object_id IN (1010)
			 ORDER BY t.name ASC
			  made by shutdown_action_hook, do_action('shutdown'), WP_Hook->do_action, WP_Hook->apply_filters, WC_Post_Data::do_deferred_product_sync, array_walk, WC_Post_Data::deferred_product_sync, wc_get_product, WC_Product_Factory->get_product, WC_Product_Factory::get_product_type, WC_Data_Store->__call, WC_Product_Data_Store_CPT->get_product_type, get_the_terms, wp_get_object_terms, get_terms, WP_Term_Query->query, WP_Term_Query->get_terms
[17-Sep-2024 15:28:44 UTC] WordPress database error Commands out of sync; you can't run this command now for query SELECT DISTINCT t.term_id
			 FROM wpgsm_terms AS t  LEFT JOIN wpgsm_termmeta ON ( t.term_id = wpgsm_termmeta.term_id AND wpgsm_termmeta.meta_key='order') INNER JOIN wpgsm_term_taxonomy AS tt ON t.term_id = tt.term_id INNER JOIN wpgsm_term_relationships AS tr ON tr.term_taxonomy_id = tt.term_taxonomy_id
			 WHERE tt.taxonomy IN ('pa_color') AND tr.object_id IN (1010) AND ( 
  ( wpgsm_termmeta.meta_key = 'order' OR wpgsm_termmeta.meta_key IS NULL )
)
			 ORDER BY wpgsm_termmeta.meta_value+0 ASC, t.name ASC
			  made by shutdown_action_hook, do_action('shutdown'), WP_Hook->do_action, WP_Hook->apply_filters, WC_Post_Data::do_deferred_product_sync, array_walk, WC_Post_Data::deferred_product_sync, wc_get_product, WC_Product_Factory->get_product, WC_Product_Simple->__construct, WC_Product->__construct, WC_Data_Store->read, WC_Product_Data_Store_CPT->read, WC_Product_Data_Store_CPT->read_attributes, wc_get_object_terms, get_the_terms, wp_get_object_terms, get_terms, WP_Term_Query->query, WP_Term_Query->get_terms
[17-Sep-2024 15:28:44 UTC] WordPress database error Commands out of sync; you can't run this command now for query SELECT DISTINCT t.term_id
			 FROM wpgsm_terms AS t  INNER JOIN wpgsm_term_taxonomy AS tt ON t.term_id = tt.term_id INNER JOIN wpgsm_term_relationships AS tr ON tr.term_taxonomy_id = tt.term_taxonomy_id
			 WHERE tt.taxonomy IN ('product_type') AND tr.object_id IN (1011)
			 ORDER BY t.name ASC
			  made by shutdown_action_hook, do_action('shutdown'), WP_Hook->do_action, WP_Hook->apply_filters, WC_Post_Data::do_deferred_product_sync, array_walk, WC_Post_Data::deferred_product_sync, wc_get_product, WC_Product_Factory->get_product, WC_Product_Factory::get_product_type, WC_Data_Store->__call, WC_Product_Data_Store_CPT->get_product_type, get_the_terms, wp_get_object_terms, get_terms, WP_Term_Query->query, WP_Term_Query->get_terms
[17-Sep-2024 15:28:44 UTC] WordPress database error Commands out of sync; you can't run this command now for query SELECT DISTINCT t.term_id
			 FROM wpgsm_terms AS t  LEFT JOIN wpgsm_termmeta ON ( t.term_id = wpgsm_termmeta.term_id AND wpgsm_termmeta.meta_key='order') INNER JOIN wpgsm_term_taxonomy AS tt ON t.term_id = tt.term_id INNER JOIN wpgsm_term_relationships AS tr ON tr.term_taxonomy_id = tt.term_taxonomy_id
			 WHERE tt.taxonomy IN ('pa_color') AND tr.object_id IN (1011) AND ( 
  ( wpgsm_termmeta.meta_key = 'order' OR wpgsm_termmeta.meta_key IS NULL )
)
			 ORDER BY wpgsm_termmeta.meta_value+0 ASC, t.name ASC
			  made by shutdown_action_hook, do_action('shutdown'), WP_Hook->do_action, WP_Hook->apply_filters, WC_Post_Data::do_deferred_product_sync, array_walk, WC_Post_Data::deferred_product_sync, wc_get_product, WC_Product_Factory->get_product, WC_Product_Simple->__construct, WC_Product->__construct, WC_Data_Store->read, WC_Product_Data_Store_CPT->read, WC_Product_Data_Store_CPT->read_attributes, wc_get_object_terms, get_the_terms, wp_get_object_terms, get_terms, WP_Term_Query->query, WP_Term_Query->get_terms
[17-Sep-2024 15:28:44 UTC] WordPress database error Commands out of sync; you can't run this command now for query SELECT DISTINCT t.term_id
			 FROM wpgsm_terms AS t  INNER JOIN wpgsm_term_taxonomy AS tt ON t.term_id = tt.term_id INNER JOIN wpgsm_term_relationships AS tr ON tr.term_taxonomy_id = tt.term_taxonomy_id
			 WHERE tt.taxonomy IN ('product_type') AND tr.object_id IN (1012)
			 ORDER BY t.name ASC
			  made by shutdown_action_hook, do_action('shutdown'), WP_Hook->do_action, WP_Hook->apply_filters, WC_Post_Data::do_deferred_product_sync, array_walk, WC_Post_Data::deferred_product_sync, wc_get_product, WC_Product_Factory->get_product, WC_Product_Factory::get_product_type, WC_Data_Store->__call, WC_Product_Data_Store_CPT->get_product_type, get_the_terms, wp_get_object_terms, get_terms, WP_Term_Query->query, WP_Term_Query->get_terms
[17-Sep-2024 15:28:44 UTC] WordPress database error Commands out of sync; you can't run this command now for query SELECT DISTINCT t.term_id
			 FROM wpgsm_terms AS t  LEFT JOIN wpgsm_termmeta ON ( t.term_id = wpgsm_termmeta.term_id AND wpgsm_termmeta.meta_key='order') INNER JOIN wpgsm_term_taxonomy AS tt ON t.term_id = tt.term_id INNER JOIN wpgsm_term_relationships AS tr ON tr.term_taxonomy_id = tt.term_taxonomy_id
			 WHERE tt.taxonomy IN ('pa_color') AND tr.object_id IN (1012) AND ( 
  ( wpgsm_termmeta.meta_key = 'order' OR wpgsm_termmeta.meta_key IS NULL )
)
			 ORDER BY wpgsm_termmeta.meta_value+0 ASC, t.name ASC
			  made by shutdown_action_hook, do_action('shutdown'), WP_Hook->do_action, WP_Hook->apply_filters, WC_Post_Data::do_deferred_product_sync, array_walk, WC_Post_Data::deferred_product_sync, wc_get_product, WC_Product_Factory->get_product, WC_Product_Simple->__construct, WC_Product->__construct, WC_Data_Store->read, WC_Product_Data_Store_CPT->read, WC_Product_Data_Store_CPT->read_attributes, wc_get_object_terms, get_the_terms, wp_get_object_terms, get_terms, WP_Term_Query->query, WP_Term_Query->get_terms
[17-Sep-2024 15:28:44 UTC] WordPress database error Commands out of sync; you can't run this command now for query SELECT DISTINCT t.term_id
			 FROM wpgsm_terms AS t  INNER JOIN wpgsm_term_taxonomy AS tt ON t.term_id = tt.term_id INNER JOIN wpgsm_term_relationships AS tr ON tr.term_taxonomy_id = tt.term_taxonomy_id
			 WHERE tt.taxonomy IN ('product_type') AND tr.object_id IN (1013)
			 ORDER BY t.name ASC
			  made by shutdown_action_hook, do_action('shutdown'), WP_Hook->do_action, WP_Hook->apply_filters, WC_Post_Data::do_deferred_product_sync, array_walk, WC_Post_Data::deferred_product_sync, wc_get_product, WC_Product_Factory->get_product, WC_Product_Factory::get_product_type, WC_Data_Store->__call, WC_Product_Data_Store_CPT->get_product_type, get_the_terms, wp_get_object_terms, get_terms, WP_Term_Query->query, WP_Term_Query->get_terms
[17-Sep-2024 15:28:44 UTC] WordPress database error Commands out of sync; you can't run this command now for query SELECT DISTINCT t.term_id
			 FROM wpgsm_terms AS t  LEFT JOIN wpgsm_termmeta ON ( t.term_id = wpgsm_termmeta.term_id AND wpgsm_termmeta.meta_key='order') INNER JOIN wpgsm_term_taxonomy AS tt ON t.term_id = tt.term_id INNER JOIN wpgsm_term_relationships AS tr ON tr.term_taxonomy_id = tt.term_taxonomy_id
			 WHERE tt.taxonomy IN ('pa_color') AND tr.object_id IN (1013) AND ( 
  ( wpgsm_termmeta.meta_key = 'order' OR wpgsm_termmeta.meta_key IS NULL )
)
			 ORDER BY wpgsm_termmeta.meta_value+0 ASC, t.name ASC
			  made by shutdown_action_hook, do_action('shutdown'), WP_Hook->do_action, WP_Hook->apply_filters, WC_Post_Data::do_deferred_product_sync, array_walk, WC_Post_Data::deferred_product_sync, wc_get_product, WC_Product_Factory->get_product, WC_Product_Simple->__construct, WC_Product->__construct, WC_Data_Store->read, WC_Product_Data_Store_CPT->read, WC_Product_Data_Store_CPT->read_attributes, wc_get_object_terms, get_the_terms, wp_get_object_terms, get_terms, WP_Term_Query->query, WP_Term_Query->get_terms
[17-Sep-2024 15:28:56 UTC] create_variation_product_idproduct_id334
[17-Sep-2024 15:28:56 UTC] create_stock:2190
[17-Sep-2024 15:28:56 UTC] create_price:3,85
[17-Sep-2024 15:28:56 UTC] create_variation_product_idproduct_id953
[17-Sep-2024 15:28:56 UTC] create_stock:6103
[17-Sep-2024 15:28:56 UTC] create_price:3,55
[17-Sep-2024 15:28:56 UTC] create_variation_product_idproduct_id954
[17-Sep-2024 15:28:56 UTC] create_stock:1372
[17-Sep-2024 15:28:56 UTC] create_price:41,16
[17-Sep-2024 15:28:56 UTC] create_variation_product_idproduct_id955
[17-Sep-2024 15:28:56 UTC] create_stock:10762
[17-Sep-2024 15:28:56 UTC] create_price:1,41
[17-Sep-2024 15:28:57 UTC] create_variation_product_idproduct_id956
[17-Sep-2024 15:28:57 UTC] create_stock:31994
[17-Sep-2024 15:28:57 UTC] create_price:1,20
[17-Sep-2024 15:28:57 UTC] create_variation_product_idproduct_id956
[17-Sep-2024 15:28:57 UTC] create_stock:25385
[17-Sep-2024 15:28:57 UTC] create_price:1,20
[17-Sep-2024 15:28:57 UTC] create_variation_product_idproduct_id956
[17-Sep-2024 15:28:57 UTC] create_stock:8391
[17-Sep-2024 15:28:57 UTC] create_price:1,20
[17-Sep-2024 15:28:58 UTC] create_variation_product_idproduct_id956
[17-Sep-2024 15:28:58 UTC] create_stock:9126
[17-Sep-2024 15:28:58 UTC] create_price:1,20
[17-Sep-2024 15:28:58 UTC] create_variation_product_idproduct_id956
[17-Sep-2024 15:28:58 UTC] create_stock:7292
[17-Sep-2024 15:28:58 UTC] create_price:1,20
[17-Sep-2024 15:28:58 UTC] create_variation_product_idproduct_id956
[17-Sep-2024 15:28:58 UTC] create_stock:25
[17-Sep-2024 15:28:58 UTC] create_price:1,20
[17-Sep-2024 15:28:58 UTC] create_variation_product_idproduct_id956
[17-Sep-2024 15:28:58 UTC] create_stock:951
[17-Sep-2024 15:28:58 UTC] create_price:1,20
[17-Sep-2024 15:28:59 UTC] create_variation_product_idproduct_id956
[17-Sep-2024 15:28:59 UTC] create_stock:2160
[17-Sep-2024 15:28:59 UTC] create_price:1,20
[17-Sep-2024 15:28:59 UTC] create_variation_product_idproduct_id957
[17-Sep-2024 15:28:59 UTC] create_stock:34
[17-Sep-2024 15:28:59 UTC] create_price:7,66
[17-Sep-2024 15:28:59 UTC] create_variation_product_idproduct_id958
[17-Sep-2024 15:28:59 UTC] create_stock:5236
[17-Sep-2024 15:28:59 UTC] create_price:0,35
[17-Sep-2024 15:28:59 UTC] create_variation_product_idproduct_id959
[17-Sep-2024 15:28:59 UTC] create_stock:97326
[17-Sep-2024 15:28:59 UTC] create_price:0,25
[17-Sep-2024 15:28:59 UTC] create_variation_product_idproduct_id960
[17-Sep-2024 15:28:59 UTC] create_stock:8573
[17-Sep-2024 15:28:59 UTC] create_price:2,60
[17-Sep-2024 15:29:00 UTC] create_variation_product_idproduct_id961
[17-Sep-2024 15:29:00 UTC] create_stock:9971
[17-Sep-2024 15:29:00 UTC] create_price:2,55
[17-Sep-2024 15:29:00 UTC] create_variation_product_idproduct_id962
[17-Sep-2024 15:29:00 UTC] create_stock:56177
[17-Sep-2024 15:29:00 UTC] create_price:0,42
[17-Sep-2024 15:29:00 UTC] create_variation_product_idproduct_id963
[17-Sep-2024 15:29:00 UTC] create_stock:31536
[17-Sep-2024 15:29:00 UTC] create_price:0,95
[17-Sep-2024 15:29:00 UTC] create_variation_product_idproduct_id964
[17-Sep-2024 15:29:00 UTC] create_stock:9949
[17-Sep-2024 15:29:00 UTC] create_price:3,08
[17-Sep-2024 15:29:00 UTC] create_variation_product_idproduct_id965
[17-Sep-2024 15:29:00 UTC] create_stock:14229
[17-Sep-2024 15:29:00 UTC] create_price:1,36
[17-Sep-2024 15:29:01 UTC] create_variation_product_idproduct_id966
[17-Sep-2024 15:29:01 UTC] create_stock:9753
[17-Sep-2024 15:29:01 UTC] create_price:1,36
[17-Sep-2024 15:29:01 UTC] create_variation_product_idproduct_id967
[17-Sep-2024 15:29:01 UTC] create_stock:38231
[17-Sep-2024 15:29:01 UTC] create_price:0,73
[17-Sep-2024 15:29:01 UTC] create_variation_product_idproduct_id968
[17-Sep-2024 15:29:01 UTC] create_stock:31946
[17-Sep-2024 15:29:01 UTC] create_price:0,32
[17-Sep-2024 15:29:01 UTC] create_variation_product_idproduct_id969
[17-Sep-2024 15:29:01 UTC] create_stock:0
[17-Sep-2024 15:29:01 UTC] create_price:0,41
[17-Sep-2024 15:29:03 UTC] create_variation_product_idproduct_id970
[17-Sep-2024 15:29:03 UTC] create_stock:0
[17-Sep-2024 15:29:03 UTC] create_price:0,63
[17-Sep-2024 15:29:04 UTC] create_variation_product_idproduct_id971
[17-Sep-2024 15:29:04 UTC] create_stock:0
[17-Sep-2024 15:29:04 UTC] create_price:0,73
[17-Sep-2024 15:29:05 UTC] create_variation_product_idproduct_id972
[17-Sep-2024 15:29:05 UTC] create_stock:14922
[17-Sep-2024 15:29:05 UTC] create_price:0,61
[17-Sep-2024 15:29:05 UTC] create_variation_product_idproduct_id973
[17-Sep-2024 15:29:05 UTC] create_stock:14378
[17-Sep-2024 15:29:05 UTC] create_price:0,61
[17-Sep-2024 15:29:06 UTC] create_variation_product_idproduct_id974
[17-Sep-2024 15:29:06 UTC] create_stock:27471
[17-Sep-2024 15:29:06 UTC] create_price:1,16
[17-Sep-2024 15:29:06 UTC] create_variation_product_idproduct_id975
[17-Sep-2024 15:29:06 UTC] create_stock:19485
[17-Sep-2024 15:29:06 UTC] create_price:1,11
[17-Sep-2024 15:29:06 UTC] create_variation_product_idproduct_id976
[17-Sep-2024 15:29:06 UTC] create_stock:5599
[17-Sep-2024 15:29:06 UTC] create_price:5,76
[17-Sep-2024 15:29:06 UTC] create_variation_product_idproduct_id977
[17-Sep-2024 15:29:06 UTC] create_stock:9893
[17-Sep-2024 15:29:06 UTC] create_price:1,67
[17-Sep-2024 15:29:06 UTC] create_variation_product_idproduct_id977
[17-Sep-2024 15:29:06 UTC] create_stock:9057
[17-Sep-2024 15:29:06 UTC] create_price:1,67
[17-Sep-2024 15:29:06 UTC] create_variation_product_idproduct_id978
[17-Sep-2024 15:29:06 UTC] create_stock:7763
[17-Sep-2024 15:29:06 UTC] create_price:5,49
[17-Sep-2024 15:29:07 UTC] create_variation_product_idproduct_id979
[17-Sep-2024 15:29:07 UTC] create_stock:289
[17-Sep-2024 15:29:07 UTC] create_price:5,23
[17-Sep-2024 15:29:07 UTC] create_variation_product_idproduct_id980
[17-Sep-2024 15:29:07 UTC] create_stock:20588
[17-Sep-2024 15:29:07 UTC] create_price:2,60
[17-Sep-2024 15:29:07 UTC] create_variation_product_idproduct_id981
[17-Sep-2024 15:29:07 UTC] create_stock:10049
[17-Sep-2024 15:29:07 UTC] create_price:1,16
[17-Sep-2024 15:29:07 UTC] create_variation_product_idproduct_id982
[17-Sep-2024 15:29:07 UTC] create_stock:10817
[17-Sep-2024 15:29:07 UTC] create_price:1,27
[17-Sep-2024 15:29:07 UTC] create_variation_product_idproduct_id982
[17-Sep-2024 15:29:07 UTC] create_stock:17810
[17-Sep-2024 15:29:07 UTC] create_price:1,27
[17-Sep-2024 15:29:08 UTC] create_variation_product_idproduct_id982
[17-Sep-2024 15:29:08 UTC] create_stock:14494
[17-Sep-2024 15:29:08 UTC] create_price:1,27
[17-Sep-2024 15:29:08 UTC] create_variation_product_idproduct_id983
[17-Sep-2024 15:29:08 UTC] create_stock:15765
[17-Sep-2024 15:29:08 UTC] create_price:1,93
[17-Sep-2024 15:29:08 UTC] create_variation_product_idproduct_id983
[17-Sep-2024 15:29:08 UTC] create_stock:15755
[17-Sep-2024 15:29:08 UTC] create_price:1,93
[17-Sep-2024 15:29:08 UTC] create_variation_product_idproduct_id984
[17-Sep-2024 15:29:08 UTC] create_stock:14989
[17-Sep-2024 15:29:08 UTC] create_price:1,28
[17-Sep-2024 15:29:08 UTC] create_variation_product_idproduct_id985
[17-Sep-2024 15:29:08 UTC] create_stock:96803
[17-Sep-2024 15:29:08 UTC] create_price:0,17
[17-Sep-2024 15:29:09 UTC] create_variation_product_idproduct_id986
[17-Sep-2024 15:29:09 UTC] create_stock:49702
[17-Sep-2024 15:29:09 UTC] create_price:0,17
[17-Sep-2024 15:29:09 UTC] create_variation_product_idproduct_id987
[17-Sep-2024 15:29:09 UTC] create_stock:47711
[17-Sep-2024 15:29:09 UTC] create_price:0,17
[17-Sep-2024 15:29:09 UTC] create_variation_product_idproduct_id988
[17-Sep-2024 15:29:09 UTC] create_stock:51106
[17-Sep-2024 15:29:09 UTC] create_price:0,17
[17-Sep-2024 15:29:09 UTC] create_variation_product_idproduct_id989
[17-Sep-2024 15:29:09 UTC] create_stock:2365
[17-Sep-2024 15:29:09 UTC] create_price:6,86
[17-Sep-2024 15:29:09 UTC] create_variation_product_idproduct_id990
[17-Sep-2024 15:29:09 UTC] create_stock:6984
[17-Sep-2024 15:29:09 UTC] create_price:2,29
[17-Sep-2024 15:29:10 UTC] create_variation_product_idproduct_id991
[17-Sep-2024 15:29:10 UTC] create_stock:16137
[17-Sep-2024 15:29:10 UTC] create_price:0,79
[17-Sep-2024 15:29:10 UTC] create_variation_product_idproduct_id991
[17-Sep-2024 15:29:10 UTC] create_stock:6344
[17-Sep-2024 15:29:10 UTC] create_price:0,79
[17-Sep-2024 15:29:10 UTC] create_variation_product_idproduct_id991
[17-Sep-2024 15:29:10 UTC] create_stock:8224
[17-Sep-2024 15:29:10 UTC] create_price:0,79
[17-Sep-2024 15:29:10 UTC] create_variation_product_idproduct_id992
[17-Sep-2024 15:29:10 UTC] create_stock:23471
[17-Sep-2024 15:29:10 UTC] create_price:0,47
[17-Sep-2024 15:29:10 UTC] create_variation_product_idproduct_id992
[17-Sep-2024 15:29:10 UTC] create_stock:7754
[17-Sep-2024 15:29:10 UTC] create_price:0,47
[17-Sep-2024 15:29:11 UTC] create_variation_product_idproduct_id993
[17-Sep-2024 15:29:11 UTC] create_stock:8043
[17-Sep-2024 15:29:11 UTC] create_price:1,82
[17-Sep-2024 15:29:11 UTC] create_variation_product_idproduct_id993
[17-Sep-2024 15:29:11 UTC] create_stock:3748
[17-Sep-2024 15:29:11 UTC] create_price:1,82
[17-Sep-2024 15:29:11 UTC] create_variation_product_idproduct_id993
[17-Sep-2024 15:29:11 UTC] create_stock:2878
[17-Sep-2024 15:29:11 UTC] create_price:1,82
[17-Sep-2024 15:29:11 UTC] create_variation_product_idproduct_id993
[17-Sep-2024 15:29:11 UTC] create_stock:3000
[17-Sep-2024 15:29:11 UTC] create_price:1,82
[17-Sep-2024 15:29:11 UTC] create_variation_product_idproduct_id994
[17-Sep-2024 15:29:11 UTC] create_stock:5112
[17-Sep-2024 15:29:12 UTC] create_price:3,54
[17-Sep-2024 15:29:12 UTC] create_variation_product_idproduct_id995
[17-Sep-2024 15:29:12 UTC] create_stock:7125
[17-Sep-2024 15:29:12 UTC] create_price:1,80
[17-Sep-2024 15:29:12 UTC] create_variation_product_idproduct_id996
[17-Sep-2024 15:29:12 UTC] create_stock:1165
[17-Sep-2024 15:29:12 UTC] create_price:10,00
[17-Sep-2024 15:29:12 UTC] create_variation_product_idproduct_id997
[17-Sep-2024 15:29:12 UTC] create_stock:2301
[17-Sep-2024 15:29:12 UTC] create_price:0,62
[17-Sep-2024 15:29:12 UTC] create_variation_product_idproduct_id998
[17-Sep-2024 15:29:13 UTC] create_stock:2332
[17-Sep-2024 15:29:13 UTC] create_price:0,62
[17-Sep-2024 15:29:13 UTC] create_variation_product_idproduct_id999
[17-Sep-2024 15:29:13 UTC] create_stock:1495
[17-Sep-2024 15:29:13 UTC] create_price:1,99
[17-Sep-2024 15:29:13 UTC] create_variation_product_idproduct_id999
[17-Sep-2024 15:29:13 UTC] create_stock:1672
[17-Sep-2024 15:29:13 UTC] create_price:1,99
[17-Sep-2024 15:29:13 UTC] create_variation_product_idproduct_id1000
[17-Sep-2024 15:29:13 UTC] create_stock:2190
[17-Sep-2024 15:29:13 UTC] create_price:1,57
[17-Sep-2024 15:29:13 UTC] create_variation_product_idproduct_id1001
[17-Sep-2024 15:29:13 UTC] create_stock:2274
[17-Sep-2024 15:29:13 UTC] create_price:4,14
[17-Sep-2024 15:29:13 UTC] create_variation_product_idproduct_id1002
[17-Sep-2024 15:29:13 UTC] create_stock:5001
[17-Sep-2024 15:29:13 UTC] create_price:7,34
[17-Sep-2024 15:29:14 UTC] create_variation_product_idproduct_id1003
[17-Sep-2024 15:29:14 UTC] create_stock:8889
[17-Sep-2024 15:29:14 UTC] create_price:3,11
[17-Sep-2024 15:29:14 UTC] create_variation_product_idproduct_id1004
[17-Sep-2024 15:29:14 UTC] create_stock:4924
[17-Sep-2024 15:29:14 UTC] create_price:1,21
[17-Sep-2024 15:29:14 UTC] create_variation_product_idproduct_id1005
[17-Sep-2024 15:29:14 UTC] create_stock:6098
[17-Sep-2024 15:29:14 UTC] create_price:0,57
[17-Sep-2024 15:29:14 UTC] create_variation_product_idproduct_id1005
[17-Sep-2024 15:29:14 UTC] create_stock:5454
[17-Sep-2024 15:29:14 UTC] create_price:0,57
[17-Sep-2024 15:29:14 UTC] create_variation_product_idproduct_id1005
[17-Sep-2024 15:29:14 UTC] create_stock:12819
[17-Sep-2024 15:29:14 UTC] create_price:1,23
[17-Sep-2024 15:29:15 UTC] create_variation_product_idproduct_id1006
[17-Sep-2024 15:29:15 UTC] create_stock:2047
[17-Sep-2024 15:29:15 UTC] create_price:7,16
[17-Sep-2024 15:29:15 UTC] create_variation_product_idproduct_id1007
[17-Sep-2024 15:29:15 UTC] create_stock:1957
[17-Sep-2024 15:29:15 UTC] create_price:6,29
[17-Sep-2024 15:29:15 UTC] create_variation_product_idproduct_id1008
[17-Sep-2024 15:29:15 UTC] create_stock:1933
[17-Sep-2024 15:29:15 UTC] create_price:13,71
[17-Sep-2024 15:29:15 UTC] create_variation_product_idproduct_id1009
[17-Sep-2024 15:29:15 UTC] create_stock:6108
[17-Sep-2024 15:29:15 UTC] create_price:2,05
[17-Sep-2024 15:29:15 UTC] create_variation_product_idproduct_id1009
[17-Sep-2024 15:29:15 UTC] create_stock:5891
[17-Sep-2024 15:29:15 UTC] create_price:2,05
[17-Sep-2024 15:29:16 UTC] create_variation_product_idproduct_id1009
[17-Sep-2024 15:29:16 UTC] create_stock:6102
[17-Sep-2024 15:29:16 UTC] create_price:2,05
[17-Sep-2024 15:29:16 UTC] create_variation_product_idproduct_id1010
[17-Sep-2024 15:29:16 UTC] create_stock:12080
[17-Sep-2024 15:29:16 UTC] create_price:2,05
[17-Sep-2024 15:29:16 UTC] create_variation_product_idproduct_id1010
[17-Sep-2024 15:29:16 UTC] create_stock:6070
[17-Sep-2024 15:29:16 UTC] create_price:2,05
[17-Sep-2024 15:29:16 UTC] create_variation_product_idproduct_id1010
[17-Sep-2024 15:29:16 UTC] create_stock:6019
[17-Sep-2024 15:29:16 UTC] create_price:2,05
[17-Sep-2024 15:29:16 UTC] create_variation_product_idproduct_id1011
[17-Sep-2024 15:29:16 UTC] create_stock:2188
[17-Sep-2024 15:29:16 UTC] create_price:1,31
[17-Sep-2024 15:29:17 UTC] create_variation_product_idproduct_id1012
[17-Sep-2024 15:29:17 UTC] create_stock:14980
[17-Sep-2024 15:29:17 UTC] create_price:1,84
[17-Sep-2024 15:29:17 UTC] create_variation_product_idproduct_id1013
[17-Sep-2024 15:29:17 UTC] create_stock:4899
[17-Sep-2024 15:29:17 UTC] create_price:3,10
[17-Sep-2024 15:29:17 UTC] create_variation_product_idproduct_id1014
[17-Sep-2024 15:29:17 UTC] create_stock:7994
[17-Sep-2024 15:29:17 UTC] create_price:2,90
[17-Sep-2024 15:29:17 UTC] create_variation_product_idproduct_id1015
[17-Sep-2024 15:29:17 UTC] create_stock:6120
[17-Sep-2024 15:29:17 UTC] create_price:8,40
[17-Sep-2024 15:29:17 UTC] create_variation_product_idproduct_id1016
[17-Sep-2024 15:29:17 UTC] create_stock:8956
[17-Sep-2024 15:29:17 UTC] create_price:2,29
[17-Sep-2024 15:29:17 UTC] create_variation_product_idproduct_id1017
[17-Sep-2024 15:29:17 UTC] create_stock:5015
[17-Sep-2024 15:29:17 UTC] create_price:2,60
[17-Sep-2024 15:29:18 UTC] create_variation_product_idproduct_id1018
[17-Sep-2024 15:29:18 UTC] create_stock:29866
[17-Sep-2024 15:29:18 UTC] create_price:0,45
[17-Sep-2024 15:29:18 UTC] create_variation_product_idproduct_id1019
[17-Sep-2024 15:29:18 UTC] create_stock:14831
[17-Sep-2024 15:29:18 UTC] create_price:0,45
[17-Sep-2024 15:29:18 UTC] create_variation_product_idproduct_id1020
[17-Sep-2024 15:29:18 UTC] create_stock:20269
[17-Sep-2024 15:29:18 UTC] create_price:0,45
[17-Sep-2024 15:29:18 UTC] create_variation_product_idproduct_id1021
[17-Sep-2024 15:29:18 UTC] create_stock:30734
[17-Sep-2024 15:29:18 UTC] create_price:0,24
[17-Sep-2024 15:29:18 UTC] create_variation_product_idproduct_id1022
[17-Sep-2024 15:29:18 UTC] create_stock:37332
[17-Sep-2024 15:29:18 UTC] create_price:0,33
[17-Sep-2024 15:29:19 UTC] create_variation_product_idproduct_id1023
[17-Sep-2024 15:29:19 UTC] create_stock:26466
[17-Sep-2024 15:29:19 UTC] create_price:0,39
[17-Sep-2024 15:29:19 UTC] create_variation_product_idproduct_id1024
[17-Sep-2024 15:29:19 UTC] create_stock:166
[17-Sep-2024 15:29:19 UTC] create_price:14,75
[17-Sep-2024 15:29:19 UTC] create_variation_product_idproduct_id1024
[17-Sep-2024 15:29:19 UTC] create_stock:236
[17-Sep-2024 15:29:19 UTC] create_price:14,75
[17-Sep-2024 15:29:19 UTC] create_variation_product_idproduct_id1024
[17-Sep-2024 15:29:19 UTC] create_stock:266
[17-Sep-2024 15:29:19 UTC] create_price:14,75
[17-Sep-2024 15:29:19 UTC] create_variation_product_idproduct_id1025
[17-Sep-2024 15:29:19 UTC] create_stock:299
[17-Sep-2024 15:29:19 UTC] create_price:14,75
[17-Sep-2024 15:29:19 UTC] create_variation_product_idproduct_id1025
[17-Sep-2024 15:29:19 UTC] create_stock:599
[17-Sep-2024 15:29:19 UTC] create_price:14,75
[17-Sep-2024 15:29:20 UTC] create_variation_product_idproduct_id1025
[17-Sep-2024 15:29:20 UTC] create_stock:461
[17-Sep-2024 15:29:20 UTC] create_price:14,75
[17-Sep-2024 15:29:20 UTC] create_variation_product_idproduct_id1026
[17-Sep-2024 15:29:20 UTC] create_stock:2989
[17-Sep-2024 15:29:20 UTC] create_price:7,32
[17-Sep-2024 15:29:20 UTC] create_variation_product_idproduct_id1027
[17-Sep-2024 15:29:20 UTC] create_stock:3166
[17-Sep-2024 15:29:20 UTC] create_price:7,32
[17-Sep-2024 15:29:20 UTC] create_variation_product_idproduct_id1028
[17-Sep-2024 15:29:20 UTC] create_stock:19006
[17-Sep-2024 15:29:20 UTC] create_price:0,71
[17-Sep-2024 15:29:20 UTC] create_variation_product_idproduct_id1029
[17-Sep-2024 15:29:20 UTC] create_stock:9971
[17-Sep-2024 15:29:20 UTC] create_price:0,63
[17-Sep-2024 15:29:20 UTC] create_variation_product_idproduct_id1030
[17-Sep-2024 15:29:20 UTC] create_stock:0
[17-Sep-2024 15:29:20 UTC] create_price:2,37
[17-Sep-2024 15:29:21 UTC] create_variation_product_idproduct_id1031
[17-Sep-2024 15:29:21 UTC] create_stock:4699
[17-Sep-2024 15:29:21 UTC] create_price:2,88
[17-Sep-2024 15:29:21 UTC] create_variation_product_idproduct_id1032
[17-Sep-2024 15:29:21 UTC] create_stock:6989
[17-Sep-2024 15:29:21 UTC] create_price:2,98
[17-Sep-2024 15:29:22 UTC] create_variation_product_idproduct_id1032
[17-Sep-2024 15:29:22 UTC] create_stock:4981
[17-Sep-2024 15:29:22 UTC] create_price:2,98
[17-Sep-2024 15:29:22 UTC] create_variation_product_idproduct_id1032
[17-Sep-2024 15:29:22 UTC] create_stock:4860
[17-Sep-2024 15:29:22 UTC] create_price:2,98
[17-Sep-2024 15:29:22 UTC] create_variation_product_idproduct_id1033
[17-Sep-2024 15:29:22 UTC] create_stock:9396
[17-Sep-2024 15:29:22 UTC] create_price:1,66
[17-Sep-2024 15:29:22 UTC] create_variation_product_idproduct_id1034
[17-Sep-2024 15:29:22 UTC] create_stock:8712
[17-Sep-2024 15:29:22 UTC] create_price:1,66
[17-Sep-2024 15:29:22 UTC] create_variation_product_idproduct_id1035
[17-Sep-2024 15:29:22 UTC] create_stock:2274
[17-Sep-2024 15:29:22 UTC] create_price:3,64
[17-Sep-2024 15:29:23 UTC] create_variation_product_idproduct_id1036
[17-Sep-2024 15:29:23 UTC] create_stock:0
[17-Sep-2024 15:29:23 UTC] create_price:2,02
[17-Sep-2024 15:29:23 UTC] create_variation_product_idproduct_id1037
[17-Sep-2024 15:29:23 UTC] create_stock:4956
[17-Sep-2024 15:29:23 UTC] create_price:2,27
[17-Sep-2024 15:29:23 UTC] create_variation_product_idproduct_id1038
[17-Sep-2024 15:29:23 UTC] create_stock:0
[17-Sep-2024 15:29:23 UTC] create_price:0,60
[17-Sep-2024 15:29:25 UTC] create_variation_product_idproduct_id1039
[17-Sep-2024 15:29:25 UTC] create_stock:2632
[17-Sep-2024 15:29:25 UTC] create_price:2,58
[17-Sep-2024 15:29:25 UTC] create_variation_product_idproduct_id1040
[17-Sep-2024 15:29:25 UTC] create_stock:4863
[17-Sep-2024 15:29:25 UTC] create_price:3,08
[17-Sep-2024 15:29:25 UTC] create_variation_product_idproduct_id1041
[17-Sep-2024 15:29:25 UTC] create_stock:1714
[17-Sep-2024 15:29:25 UTC] create_price:4,70
[17-Sep-2024 15:29:25 UTC] create_variation_product_idproduct_id1042
[17-Sep-2024 15:29:25 UTC] create_stock:3332
[17-Sep-2024 15:29:25 UTC] create_price:3,64
[17-Sep-2024 15:29:25 UTC] create_variation_product_idproduct_id1042
[17-Sep-2024 15:29:25 UTC] create_stock:2936
[17-Sep-2024 15:29:25 UTC] create_price:3,64
[17-Sep-2024 15:29:26 UTC] create_variation_product_idproduct_id1043
[17-Sep-2024 15:29:26 UTC] create_stock:7890
[17-Sep-2024 15:29:26 UTC] create_price:1,40
[17-Sep-2024 15:29:26 UTC] create_variation_product_idproduct_id1044
[17-Sep-2024 15:29:26 UTC] create_stock:3976
[17-Sep-2024 15:29:26 UTC] create_price:2,95
[17-Sep-2024 15:29:26 UTC] create_variation_product_idproduct_id1045
[17-Sep-2024 15:29:26 UTC] create_stock:4804
[17-Sep-2024 15:29:26 UTC] create_price:1,85
[17-Sep-2024 15:29:26 UTC] create_variation_product_idproduct_id1046
[17-Sep-2024 15:29:26 UTC] create_stock:4964
[17-Sep-2024 15:29:26 UTC] create_price:2,55
[17-Sep-2024 15:29:26 UTC] create_variation_product_idproduct_id1046
[17-Sep-2024 15:29:26 UTC] create_stock:5012
[17-Sep-2024 15:29:26 UTC] create_price:2,55
[17-Sep-2024 15:29:26 UTC] create_variation_product_idproduct_id1047
[17-Sep-2024 15:29:26 UTC] create_stock:719
[17-Sep-2024 15:29:26 UTC] create_price:1,50
[17-Sep-2024 15:29:27 UTC] create_variation_product_idproduct_id1048
[17-Sep-2024 15:29:27 UTC] create_stock:746
[17-Sep-2024 15:29:27 UTC] create_price:2,55
[17-Sep-2024 15:29:27 UTC] create_variation_product_idproduct_id1049
[17-Sep-2024 15:29:27 UTC] create_stock:9940
[17-Sep-2024 15:29:27 UTC] create_price:1,30
[17-Sep-2024 15:29:27 UTC] create_variation_product_idproduct_id1050
[17-Sep-2024 15:29:27 UTC] create_stock:19151
[17-Sep-2024 15:29:27 UTC] create_price:1,02
[17-Sep-2024 15:29:27 UTC] create_variation_product_idproduct_id1051
[17-Sep-2024 15:29:27 UTC] create_stock:7979
[17-Sep-2024 15:29:27 UTC] create_price:6,00
[17-Sep-2024 15:29:27 UTC] create_variation_product_idproduct_id1051
[17-Sep-2024 15:29:27 UTC] create_stock:4392
[17-Sep-2024 15:29:27 UTC] create_price:6,00
[17-Sep-2024 15:29:28 UTC] create_variation_product_idproduct_id1052
[17-Sep-2024 15:29:28 UTC] create_stock:5805
[17-Sep-2024 15:29:28 UTC] create_price:0,30
[17-Sep-2024 15:29:28 UTC] create_variation_product_idproduct_id1052
[17-Sep-2024 15:29:28 UTC] create_stock:29179
[17-Sep-2024 15:29:28 UTC] create_price:0,30
[17-Sep-2024 15:29:28 UTC] create_variation_product_idproduct_id1053
[17-Sep-2024 15:29:28 UTC] create_stock:30
[17-Sep-2024 15:29:28 UTC] create_price:4,10
[17-Sep-2024 15:29:28 UTC] create_variation_product_idproduct_id1054
[17-Sep-2024 15:29:28 UTC] create_stock:11220
[17-Sep-2024 15:29:28 UTC] create_price:1,10
[17-Sep-2024 15:29:28 UTC] create_variation_product_idproduct_id1055
[17-Sep-2024 15:29:28 UTC] create_stock:480
[17-Sep-2024 15:29:28 UTC] create_price:18,10
[17-Sep-2024 15:29:28 UTC] create_variation_product_idproduct_id1056
[17-Sep-2024 15:29:28 UTC] create_stock:927
[17-Sep-2024 15:29:28 UTC] create_price:18,10
[17-Sep-2024 15:29:29 UTC] create_variation_product_idproduct_id1057
[17-Sep-2024 15:29:29 UTC] create_stock:6713
[17-Sep-2024 15:29:29 UTC] create_price:0,92
[17-Sep-2024 15:29:29 UTC] create_variation_product_idproduct_id1058
[17-Sep-2024 15:29:29 UTC] create_stock:19765
[17-Sep-2024 15:29:29 UTC] create_price:0,92
[17-Sep-2024 15:29:29 UTC] create_variation_product_idproduct_id1059
[17-Sep-2024 15:29:29 UTC] create_stock:5984
[17-Sep-2024 15:29:29 UTC] create_price:4,10
[17-Sep-2024 15:29:29 UTC] Aucune variations trouvées dans le tableau.
[17-Sep-2024 15:29:29 UTC] Aucune variations trouvées dans le tableau.
[17-Sep-2024 15:29:29 UTC] Aucune variations trouvées dans le tableau.
[17-Sep-2024 15:29:29 UTC] Aucune variations trouvées dans le tableau.
[17-Sep-2024 15:29:29 UTC] Aucune variations trouvées dans le tableau.
[17-Sep-2024 15:29:29 UTC] Aucune variations trouvées dans le tableau.
[17-Sep-2024 15:29:29 UTC] Aucune variations trouvées dans le tableau.
[17-Sep-2024 15:29:29 UTC] Aucune variations trouvées dans le tableau.
[17-Sep-2024 15:29:29 UTC] Aucune variations trouvées dans le tableau.
[17-Sep-2024 15:29:29 UTC] Aucune variations trouvées dans le tableau.
[17-Sep-2024 15:29:29 UTC] Aucune variations trouvées dans le tableau.
[17-Sep-2024 15:29:29 UTC] Aucune variations trouvées dans le tableau.
[17-Sep-2024 15:29:29 UTC] Aucune variations trouvées dans le tableau.
[17-Sep-2024 15:29:29 UTC] Aucune variations trouvées dans le tableau.
[17-Sep-2024 15:29:29 UTC] Aucune variations trouvées dans le tableau.
[17-Sep-2024 15:29:29 UTC] Aucune variations trouvées dans le tableau.
[17-Sep-2024 15:29:29 UTC] Aucune variations trouvées dans le tableau.
[17-Sep-2024 15:29:29 UTC] Aucune variations trouvées dans le tableau.
[17-Sep-2024 15:29:29 UTC] create_variation_product_idproduct_id1060
[17-Sep-2024 15:29:29 UTC] create_stock:2318
[17-Sep-2024 15:29:29 UTC] create_price:2,05
[17-Sep-2024 15:29:30 UTC] create_variation_product_idproduct_id1060
[17-Sep-2024 15:29:30 UTC] create_stock:0
[17-Sep-2024 15:29:30 UTC] create_price:2,05
[17-Sep-2024 15:29:30 UTC] create_variation_product_idproduct_id1060
[17-Sep-2024 15:29:30 UTC] create_stock:8412
[17-Sep-2024 15:29:30 UTC] create_price:2,05
[17-Sep-2024 15:29:30 UTC] create_variation_product_idproduct_id1061
[17-Sep-2024 15:29:30 UTC] create_stock:0
[17-Sep-2024 15:29:30 UTC] create_price:0,28
[17-Sep-2024 15:29:31 UTC] create_variation_product_idproduct_id1061
[17-Sep-2024 15:29:31 UTC] create_stock:0
[17-Sep-2024 15:29:31 UTC] create_price:0,28
[17-Sep-2024 15:29:32 UTC] create_variation_product_idproduct_id1061
[17-Sep-2024 15:29:32 UTC] create_stock:0
[17-Sep-2024 15:29:32 UTC] create_price:0,28
[17-Sep-2024 15:29:32 UTC] create_variation_product_idproduct_id1062
[17-Sep-2024 15:29:32 UTC] create_stock:20527
[17-Sep-2024 15:29:32 UTC] create_price:0,22
[17-Sep-2024 15:29:33 UTC] create_variation_product_idproduct_id1063
[17-Sep-2024 15:29:33 UTC] create_stock:33537
[17-Sep-2024 15:29:33 UTC] create_price:0,21
[17-Sep-2024 15:29:33 UTC] create_variation_product_idproduct_id1064
[17-Sep-2024 15:29:33 UTC] create_stock:87398
[17-Sep-2024 15:29:33 UTC] create_price:0,45
[17-Sep-2024 15:29:33 UTC] create_variation_product_idproduct_id1064
[17-Sep-2024 15:29:33 UTC] create_stock:12431
[17-Sep-2024 15:29:33 UTC] create_price:0,45
[17-Sep-2024 15:29:33 UTC] create_variation_product_idproduct_id1064
[17-Sep-2024 15:29:33 UTC] create_stock:82723
[17-Sep-2024 15:29:33 UTC] create_price:0,45
[17-Sep-2024 15:29:34 UTC] create_variation_product_idproduct_id1064
[17-Sep-2024 15:29:34 UTC] create_stock:0
[17-Sep-2024 15:29:34 UTC] create_price:0,45
[17-Sep-2024 15:29:34 UTC] create_variation_product_idproduct_id1064
[17-Sep-2024 15:29:34 UTC] create_stock:12913
[17-Sep-2024 15:29:34 UTC] create_price:0,45
[17-Sep-2024 15:29:34 UTC] create_variation_product_idproduct_id1064
[17-Sep-2024 15:29:34 UTC] create_stock:37666
[17-Sep-2024 15:29:34 UTC] create_price:0,45
[17-Sep-2024 15:29:35 UTC] create_variation_product_idproduct_id1065
[17-Sep-2024 15:29:35 UTC] create_stock:1063
[17-Sep-2024 15:29:35 UTC] create_price:8,73
[17-Sep-2024 15:29:35 UTC] create_variation_product_idproduct_id1066
[17-Sep-2024 15:29:35 UTC] create_stock:6649
[17-Sep-2024 15:29:35 UTC] create_price:0,51
[17-Sep-2024 15:29:35 UTC] create_variation_product_idproduct_id1066
[17-Sep-2024 15:29:35 UTC] create_stock:23727
[17-Sep-2024 15:29:35 UTC] create_price:0,51
[17-Sep-2024 15:29:35 UTC] create_variation_product_idproduct_id1066
[17-Sep-2024 15:29:35 UTC] create_stock:22924
[17-Sep-2024 15:29:35 UTC] create_price:0,51
[17-Sep-2024 15:29:36 UTC] create_variation_product_idproduct_id1066
[17-Sep-2024 15:29:36 UTC] create_stock:2132
[17-Sep-2024 15:29:36 UTC] create_price:0,51
[17-Sep-2024 15:29:36 UTC] create_variation_product_idproduct_id1066
[17-Sep-2024 15:29:36 UTC] create_stock:23375
[17-Sep-2024 15:29:36 UTC] create_price:0,51
[17-Sep-2024 15:29:36 UTC] create_variation_product_idproduct_id1066
[17-Sep-2024 15:29:36 UTC] create_stock:11319
[17-Sep-2024 15:29:36 UTC] create_price:0,51
[17-Sep-2024 15:29:36 UTC] create_variation_product_idproduct_id1067
[17-Sep-2024 15:29:36 UTC] create_stock:14451
[17-Sep-2024 15:29:36 UTC] create_price:0,63
[17-Sep-2024 15:29:36 UTC] create_variation_product_idproduct_id1067
[17-Sep-2024 15:29:36 UTC] create_stock:9272
[17-Sep-2024 15:29:36 UTC] create_price:0,63
[17-Sep-2024 15:29:37 UTC] create_variation_product_idproduct_id1068
[17-Sep-2024 15:29:37 UTC] create_stock:7762
[17-Sep-2024 15:29:37 UTC] create_price:2,95
[17-Sep-2024 15:29:37 UTC] create_variation_product_idproduct_id1069
[17-Sep-2024 15:29:37 UTC] create_stock:8382
[17-Sep-2024 15:29:37 UTC] create_price:2,37
[17-Sep-2024 15:29:37 UTC] create_variation_product_idproduct_id1069
[17-Sep-2024 15:29:37 UTC] create_stock:10721
[17-Sep-2024 15:29:37 UTC] create_price:2,37
[17-Sep-2024 15:29:37 UTC] create_variation_product_idproduct_id1069
[17-Sep-2024 15:29:37 UTC] create_stock:4392
[17-Sep-2024 15:29:37 UTC] create_price:2,37
[17-Sep-2024 15:29:37 UTC] create_variation_product_idproduct_id1070
[17-Sep-2024 15:29:37 UTC] create_stock:2377
[17-Sep-2024 15:29:37 UTC] create_price:10,00
[17-Sep-2024 15:29:37 UTC] create_variation_product_idproduct_id1071
[17-Sep-2024 15:29:37 UTC] create_stock:5888
[17-Sep-2024 15:29:37 UTC] create_price:4,97
[17-Sep-2024 15:29:38 UTC] create_variation_product_idproduct_id1072
[17-Sep-2024 15:29:38 UTC] create_stock:358
[17-Sep-2024 15:29:38 UTC] create_price:0,16
[17-Sep-2024 15:29:38 UTC] create_variation_product_idproduct_id1074
[17-Sep-2024 15:29:38 UTC] create_stock:14846
[17-Sep-2024 15:29:38 UTC] create_price:1,08
[17-Sep-2024 15:29:38 UTC] create_variation_product_idproduct_id1075
[17-Sep-2024 15:29:38 UTC] create_stock:1831
[17-Sep-2024 15:29:38 UTC] create_price:6,62
[17-Sep-2024 15:29:38 UTC] create_variation_product_idproduct_id1076
[17-Sep-2024 15:29:38 UTC] create_stock:19836
[17-Sep-2024 15:29:38 UTC] create_price:0,22
[17-Sep-2024 15:29:38 UTC] create_variation_product_idproduct_id1076
[17-Sep-2024 15:29:38 UTC] create_stock:11697
[17-Sep-2024 15:29:38 UTC] create_price:0,22
[17-Sep-2024 15:29:39 UTC] create_variation_product_idproduct_id1077
[17-Sep-2024 15:29:39 UTC] create_stock:14944
[17-Sep-2024 15:29:39 UTC] create_price:0,61
[17-Sep-2024 15:29:39 UTC] create_variation_product_idproduct_id1077
[17-Sep-2024 15:29:39 UTC] create_stock:10207
[17-Sep-2024 15:29:39 UTC] create_price:0,61
[17-Sep-2024 15:29:39 UTC] create_variation_product_idproduct_id1077
[17-Sep-2024 15:29:39 UTC] create_stock:0
[17-Sep-2024 15:29:39 UTC] create_price:0,61
[17-Sep-2024 15:29:41 UTC] create_variation_product_idproduct_id1077
[17-Sep-2024 15:29:41 UTC] create_stock:12297
[17-Sep-2024 15:29:41 UTC] create_price:0,61
[17-Sep-2024 15:29:41 UTC] create_variation_product_idproduct_id1077
[17-Sep-2024 15:29:41 UTC] create_stock:9090
[17-Sep-2024 15:29:41 UTC] create_price:0,61
[17-Sep-2024 15:29:41 UTC] create_variation_product_idproduct_id1078
[17-Sep-2024 15:29:41 UTC] create_stock:5827
[17-Sep-2024 15:29:41 UTC] create_price:7,66
[17-Sep-2024 15:29:41 UTC] create_variation_product_idproduct_id1079
[17-Sep-2024 15:29:41 UTC] create_stock:14699
[17-Sep-2024 15:29:41 UTC] create_price:0,47
[17-Sep-2024 15:29:41 UTC] create_variation_product_idproduct_id1079
[17-Sep-2024 15:29:41 UTC] create_stock:18744
[17-Sep-2024 15:29:41 UTC] create_price:0,47
[17-Sep-2024 15:29:42 UTC] create_variation_product_idproduct_id1080
[17-Sep-2024 15:29:42 UTC] create_stock:12890
[17-Sep-2024 15:29:42 UTC] create_price:1,15
[17-Sep-2024 15:29:42 UTC] create_variation_product_idproduct_id1081
[17-Sep-2024 15:29:42 UTC] create_stock:53654
[17-Sep-2024 15:29:42 UTC] create_price:0,25
[17-Sep-2024 15:29:42 UTC] create_variation_product_idproduct_id1081
[17-Sep-2024 15:29:42 UTC] create_stock:72321
[17-Sep-2024 15:29:42 UTC] create_price:0,25
[17-Sep-2024 15:29:43 UTC] create_variation_product_idproduct_id1081
[17-Sep-2024 15:29:43 UTC] create_stock:82281
[17-Sep-2024 15:29:43 UTC] create_price:0,25
[17-Sep-2024 15:29:43 UTC] create_variation_product_idproduct_id1081
[17-Sep-2024 15:29:43 UTC] create_stock:0
[17-Sep-2024 15:29:43 UTC] create_price:0,25
[17-Sep-2024 15:29:44 UTC] create_variation_product_idproduct_id1081
[17-Sep-2024 15:29:44 UTC] create_stock:35170
[17-Sep-2024 15:29:44 UTC] create_price:0,25
[17-Sep-2024 15:29:44 UTC] create_variation_product_idproduct_id1081
[17-Sep-2024 15:29:44 UTC] create_stock:0
[17-Sep-2024 15:29:44 UTC] create_price:0,25
[17-Sep-2024 15:29:45 UTC] create_variation_product_idproduct_id1081
[17-Sep-2024 15:29:45 UTC] create_stock:42212
[17-Sep-2024 15:29:45 UTC] create_price:0,25
[17-Sep-2024 15:29:46 UTC] create_variation_product_idproduct_id1081
[17-Sep-2024 15:29:46 UTC] create_stock:68337
[17-Sep-2024 15:29:46 UTC] create_price:0,25
[17-Sep-2024 15:29:46 UTC] create_variation_product_idproduct_id1081
[17-Sep-2024 15:29:46 UTC] create_stock:25916
[17-Sep-2024 15:29:46 UTC] create_price:0,25
[17-Sep-2024 15:29:46 UTC] create_variation_product_idproduct_id1081
[17-Sep-2024 15:29:46 UTC] create_stock:30184
[17-Sep-2024 15:29:46 UTC] create_price:0,25
[17-Sep-2024 15:29:46 UTC] create_variation_product_idproduct_id1081
[17-Sep-2024 15:29:46 UTC] create_stock:27972
[17-Sep-2024 15:29:46 UTC] create_price:0,25
[17-Sep-2024 15:29:47 UTC] create_variation_product_idproduct_id1081
[17-Sep-2024 15:29:47 UTC] create_stock:29775
[17-Sep-2024 15:29:47 UTC] create_price:0,25
[17-Sep-2024 15:29:47 UTC] create_variation_product_idproduct_id1081
[17-Sep-2024 15:29:47 UTC] create_stock:24253
[17-Sep-2024 15:29:47 UTC] create_price:0,25
[17-Sep-2024 15:29:47 UTC] create_variation_product_idproduct_id1081
[17-Sep-2024 15:29:47 UTC] create_stock:27814
[17-Sep-2024 15:29:47 UTC] create_price:0,25
[17-Sep-2024 15:29:48 UTC] create_variation_product_idproduct_id1082
[17-Sep-2024 15:29:48 UTC] create_stock:2922
[17-Sep-2024 15:29:48 UTC] create_price:16,87
[17-Sep-2024 15:29:48 UTC] create_variation_product_idproduct_id1083
[17-Sep-2024 15:29:48 UTC] create_stock:42417
[17-Sep-2024 15:29:48 UTC] create_price:0,87
[17-Sep-2024 15:29:48 UTC] create_variation_product_idproduct_id1083
[17-Sep-2024 15:29:48 UTC] create_stock:73522
[17-Sep-2024 15:29:48 UTC] create_price:0,87
[17-Sep-2024 15:29:48 UTC] create_variation_product_idproduct_id1083
[17-Sep-2024 15:29:48 UTC] create_stock:23918
[17-Sep-2024 15:29:48 UTC] create_price:0,87
[17-Sep-2024 15:29:49 UTC] create_variation_product_idproduct_id1083
[17-Sep-2024 15:29:49 UTC] create_stock:14314
[17-Sep-2024 15:29:49 UTC] create_price:0,87
[17-Sep-2024 15:29:49 UTC] create_variation_product_idproduct_id1083
[17-Sep-2024 15:29:49 UTC] create_stock:13151
[17-Sep-2024 15:29:49 UTC] create_price:0,87
[17-Sep-2024 15:29:49 UTC] create_variation_product_idproduct_id1083
[17-Sep-2024 15:29:49 UTC] create_stock:8343
[17-Sep-2024 15:29:49 UTC] create_price:0,87
[17-Sep-2024 15:29:49 UTC] create_variation_product_idproduct_id1084
[17-Sep-2024 15:29:49 UTC] create_stock:4839
[17-Sep-2024 15:29:49 UTC] create_price:3,48
[17-Sep-2024 15:29:49 UTC] create_variation_product_idproduct_id1085
[17-Sep-2024 15:29:49 UTC] create_stock:68778
[17-Sep-2024 15:29:49 UTC] create_price:0,26
[17-Sep-2024 15:29:50 UTC] create_variation_product_idproduct_id1085
[17-Sep-2024 15:29:50 UTC] create_stock:64826
[17-Sep-2024 15:29:50 UTC] create_price:0,26
[17-Sep-2024 15:29:50 UTC] create_variation_product_idproduct_id1085
[17-Sep-2024 15:29:50 UTC] create_stock:88379
[17-Sep-2024 15:29:50 UTC] create_price:0,26
[17-Sep-2024 15:29:50 UTC] create_variation_product_idproduct_id1086
[17-Sep-2024 15:29:50 UTC] create_stock:31432
[17-Sep-2024 15:29:50 UTC] create_price:0,64
[17-Sep-2024 15:29:50 UTC] create_variation_product_idproduct_id1086
[17-Sep-2024 15:29:50 UTC] create_stock:16219
[17-Sep-2024 15:29:50 UTC] create_price:0,64
[17-Sep-2024 15:29:50 UTC] create_variation_product_idproduct_id1086
[17-Sep-2024 15:29:50 UTC] create_stock:15631
[17-Sep-2024 15:29:50 UTC] create_price:0,64
[17-Sep-2024 15:29:51 UTC] create_variation_product_idproduct_id1087
[17-Sep-2024 15:29:51 UTC] create_stock:8118
[17-Sep-2024 15:29:51 UTC] create_price:0,39
[17-Sep-2024 15:29:51 UTC] create_variation_product_idproduct_id1088
[17-Sep-2024 15:29:51 UTC] create_stock:7721
[17-Sep-2024 15:29:51 UTC] create_price:1,21
[17-Sep-2024 15:29:51 UTC] create_variation_product_idproduct_id1089
[17-Sep-2024 15:29:51 UTC] create_stock:4200
[17-Sep-2024 15:29:51 UTC] create_price:0,19
[17-Sep-2024 15:29:51 UTC] create_variation_product_idproduct_id1089
[17-Sep-2024 15:29:51 UTC] create_stock:3055
[17-Sep-2024 15:29:51 UTC] create_price:0,19
[17-Sep-2024 15:29:51 UTC] create_variation_product_idproduct_id1089
[17-Sep-2024 15:29:51 UTC] create_stock:4704
[17-Sep-2024 15:29:51 UTC] create_price:0,19
[17-Sep-2024 15:29:52 UTC] create_variation_product_idproduct_id1090
[17-Sep-2024 15:29:52 UTC] create_stock:7821
[17-Sep-2024 15:29:52 UTC] create_price:4,14
[17-Sep-2024 15:29:52 UTC] create_variation_product_idproduct_id1090
[17-Sep-2024 15:29:52 UTC] create_stock:3217
[17-Sep-2024 15:29:52 UTC] create_price:4,14
[17-Sep-2024 15:29:52 UTC] create_variation_product_idproduct_id1090
[17-Sep-2024 15:29:52 UTC] create_stock:2842
[17-Sep-2024 15:29:52 UTC] create_price:4,14
[17-Sep-2024 15:29:52 UTC] create_variation_product_idproduct_id1091
[17-Sep-2024 15:29:52 UTC] create_stock:4239
[17-Sep-2024 15:29:52 UTC] create_price:2,50
[17-Sep-2024 15:29:52 UTC] create_variation_product_idproduct_id1092
[17-Sep-2024 15:29:52 UTC] create_stock:36489
[17-Sep-2024 15:29:52 UTC] create_price:0,80
[17-Sep-2024 15:29:53 UTC] create_variation_product_idproduct_id1092
[17-Sep-2024 15:29:53 UTC] create_stock:37033
[17-Sep-2024 15:29:53 UTC] create_price:0,80
[17-Sep-2024 15:29:53 UTC] create_variation_product_idproduct_id1093
[17-Sep-2024 15:29:53 UTC] create_stock:3590
[17-Sep-2024 15:29:53 UTC] create_price:5,39
[17-Sep-2024 15:29:53 UTC] create_variation_product_idproduct_id1094
[17-Sep-2024 15:29:53 UTC] create_stock:2932
[17-Sep-2024 15:29:53 UTC] create_price:1,02
[17-Sep-2024 15:29:53 UTC] create_variation_product_idproduct_id1094
[17-Sep-2024 15:29:53 UTC] create_stock:13239
[17-Sep-2024 15:29:53 UTC] create_price:1,02
[17-Sep-2024 15:29:53 UTC] create_variation_product_idproduct_id1095
[17-Sep-2024 15:29:53 UTC] create_stock:59973
[17-Sep-2024 15:29:53 UTC] create_price:0,46
[17-Sep-2024 15:29:54 UTC] create_variation_product_idproduct_id1095
[17-Sep-2024 15:29:54 UTC] create_stock:16999
[17-Sep-2024 15:29:54 UTC] create_price:0,46
[17-Sep-2024 15:29:54 UTC] create_variation_product_idproduct_id1096
[17-Sep-2024 15:29:54 UTC] create_stock:2944
[17-Sep-2024 15:29:54 UTC] create_price:12,47
[17-Sep-2024 15:29:54 UTC] create_variation_product_idproduct_id1097
[17-Sep-2024 15:29:54 UTC] create_stock:16407
[17-Sep-2024 15:29:54 UTC] create_price:0,17
[17-Sep-2024 15:29:54 UTC] create_variation_product_idproduct_id1098
[17-Sep-2024 15:29:54 UTC] create_stock:7438
[17-Sep-2024 15:29:54 UTC] create_price:0,99
[17-Sep-2024 15:29:54 UTC] create_variation_product_idproduct_id1099
[17-Sep-2024 15:29:54 UTC] create_stock:12664
[17-Sep-2024 15:29:54 UTC] create_price:2,37
[17-Sep-2024 15:29:55 UTC] create_variation_product_idproduct_id1100
[17-Sep-2024 15:29:55 UTC] create_stock:8045
[17-Sep-2024 15:29:55 UTC] create_price:4,17
[17-Sep-2024 15:29:55 UTC] create_variation_product_idproduct_id1101
[17-Sep-2024 15:29:55 UTC] create_stock:3697
[17-Sep-2024 15:29:55 UTC] create_price:1,08
[17-Sep-2024 15:29:55 UTC] create_variation_product_idproduct_id1102
[17-Sep-2024 15:29:55 UTC] create_stock:7886
[17-Sep-2024 15:29:55 UTC] create_price:2,15
[17-Sep-2024 15:29:55 UTC] create_variation_product_idproduct_id1103
[17-Sep-2024 15:29:55 UTC] create_stock:5439
[17-Sep-2024 15:29:55 UTC] create_price:8,38
[17-Sep-2024 15:29:55 UTC] create_variation_product_idproduct_id1104
[17-Sep-2024 15:29:55 UTC] create_stock:18270
[17-Sep-2024 15:29:55 UTC] create_price:0,87
[17-Sep-2024 15:29:55 UTC] create_variation_product_idproduct_id1104
[17-Sep-2024 15:29:55 UTC] create_stock:43337
[17-Sep-2024 15:29:55 UTC] create_price:0,87
[17-Sep-2024 15:29:56 UTC] create_variation_product_idproduct_id1104
[17-Sep-2024 15:29:56 UTC] create_stock:12300
[17-Sep-2024 15:29:56 UTC] create_price:0,87
[17-Sep-2024 15:29:56 UTC] create_variation_product_idproduct_id1104
[17-Sep-2024 15:29:56 UTC] create_stock:34549
[17-Sep-2024 15:29:56 UTC] create_price:0,87
[17-Sep-2024 15:29:56 UTC] create_variation_product_idproduct_id1104
[17-Sep-2024 15:29:56 UTC] create_stock:21340
[17-Sep-2024 15:29:56 UTC] create_price:0,87
[17-Sep-2024 15:29:56 UTC] create_variation_product_idproduct_id1105
[17-Sep-2024 15:29:56 UTC] create_stock:244791
[17-Sep-2024 15:29:56 UTC] create_price:0,11
[17-Sep-2024 15:29:57 UTC] create_variation_product_idproduct_id1105
[17-Sep-2024 15:29:57 UTC] create_stock:98088
[17-Sep-2024 15:29:57 UTC] create_price:0,11
[17-Sep-2024 15:29:57 UTC] create_variation_product_idproduct_id1105
[17-Sep-2024 15:29:57 UTC] create_stock:92249
[17-Sep-2024 15:29:57 UTC] create_price:0,11
[17-Sep-2024 15:29:57 UTC] create_variation_product_idproduct_id1105
[17-Sep-2024 15:29:57 UTC] create_stock:86167
[17-Sep-2024 15:29:57 UTC] create_price:0,11
[17-Sep-2024 15:29:57 UTC] create_variation_product_idproduct_id1105
[17-Sep-2024 15:29:57 UTC] create_stock:128805
[17-Sep-2024 15:29:57 UTC] create_price:0,11
[17-Sep-2024 15:29:57 UTC] create_variation_product_idproduct_id1105
[17-Sep-2024 15:29:57 UTC] create_stock:46918
[17-Sep-2024 15:29:57 UTC] create_price:0,11
[17-Sep-2024 15:29:58 UTC] create_variation_product_idproduct_id1106
[17-Sep-2024 15:29:58 UTC] create_stock:171744
[17-Sep-2024 15:29:58 UTC] create_price:0,27
[17-Sep-2024 15:29:58 UTC] create_variation_product_idproduct_id1106
[17-Sep-2024 15:29:58 UTC] create_stock:41481
[17-Sep-2024 15:29:58 UTC] create_price:0,27
[17-Sep-2024 15:29:58 UTC] create_variation_product_idproduct_id1106
[17-Sep-2024 15:29:58 UTC] create_stock:35956
[17-Sep-2024 15:29:58 UTC] create_price:0,27
[17-Sep-2024 15:29:59 UTC] create_variation_product_idproduct_id1106
[17-Sep-2024 15:29:59 UTC] create_stock:15925
[17-Sep-2024 15:29:59 UTC] create_price:0,27
[17-Sep-2024 15:29:59 UTC] create_variation_product_idproduct_id1106
[17-Sep-2024 15:29:59 UTC] create_stock:78273
[17-Sep-2024 15:29:59 UTC] create_price:0,27
[17-Sep-2024 15:29:59 UTC] create_variation_product_idproduct_id1106
[17-Sep-2024 15:29:59 UTC] create_stock:59349
[17-Sep-2024 15:29:59 UTC] create_price:0,27
[17-Sep-2024 15:30:00 UTC] create_variation_product_idproduct_id1106
[17-Sep-2024 15:30:00 UTC] create_stock:102891
[17-Sep-2024 15:30:00 UTC] create_price:0,27
[17-Sep-2024 15:30:00 UTC] create_variation_product_idproduct_id1106
[17-Sep-2024 15:30:00 UTC] create_stock:38507
[17-Sep-2024 15:30:00 UTC] create_price:0,27
[17-Sep-2024 15:30:00 UTC] create_variation_product_idproduct_id1106
[17-Sep-2024 15:30:00 UTC] create_stock:28812
[17-Sep-2024 15:30:00 UTC] create_price:0,27
[17-Sep-2024 15:30:00 UTC] create_variation_product_idproduct_id1106
[17-Sep-2024 15:30:00 UTC] create_stock:38102
[17-Sep-2024 15:30:00 UTC] create_price:0,27
[17-Sep-2024 15:30:01 UTC] create_variation_product_idproduct_id1106
[17-Sep-2024 15:30:01 UTC] create_stock:43740
[17-Sep-2024 15:30:01 UTC] create_price:0,27
[17-Sep-2024 15:30:01 UTC] create_variation_product_idproduct_id1106
[17-Sep-2024 15:30:01 UTC] create_stock:14529
[17-Sep-2024 15:30:01 UTC] create_price:0,27
[17-Sep-2024 15:30:01 UTC] create_variation_product_idproduct_id1106
[17-Sep-2024 15:30:01 UTC] create_stock:41418
[17-Sep-2024 15:30:01 UTC] create_price:0,27
[17-Sep-2024 15:30:02 UTC] create_variation_product_idproduct_id1107
[17-Sep-2024 15:30:02 UTC] create_stock:14445
[17-Sep-2024 15:30:02 UTC] create_price:0,60
[17-Sep-2024 15:30:02 UTC] create_variation_product_idproduct_id1107
[17-Sep-2024 15:30:02 UTC] create_stock:46127
[17-Sep-2024 15:30:02 UTC] create_price:0,60
[17-Sep-2024 15:30:02 UTC] create_variation_product_idproduct_id1107
[17-Sep-2024 15:30:02 UTC] create_stock:10416
[17-Sep-2024 15:30:02 UTC] create_price:0,60
[17-Sep-2024 15:30:02 UTC] create_variation_product_idproduct_id1107
[17-Sep-2024 15:30:02 UTC] create_stock:13798
[17-Sep-2024 15:30:02 UTC] create_price:0,60
[17-Sep-2024 15:30:03 UTC] create_variation_product_idproduct_id1107
[17-Sep-2024 15:30:03 UTC] create_stock:18152
[17-Sep-2024 15:30:03 UTC] create_price:0,60
[17-Sep-2024 15:30:03 UTC] create_variation_product_idproduct_id1108
[17-Sep-2024 15:30:03 UTC] create_stock:3806
[17-Sep-2024 15:30:03 UTC] create_price:8,38
[17-Sep-2024 15:30:03 UTC] create_variation_product_idproduct_id1109
[17-Sep-2024 15:30:03 UTC] create_stock:0
[17-Sep-2024 15:30:03 UTC] create_price:1,08
[17-Sep-2024 15:30:16 UTC] create_variation_product_idproduct_id1109
[17-Sep-2024 15:30:16 UTC] create_stock:12592
[17-Sep-2024 15:30:16 UTC] create_price:1,08
[17-Sep-2024 15:30:17 UTC] create_variation_product_idproduct_id1110
[17-Sep-2024 15:30:17 UTC] create_stock:23133
[17-Sep-2024 15:30:17 UTC] create_price:0,92
[17-Sep-2024 15:30:17 UTC] create_variation_product_idproduct_id1111
[17-Sep-2024 15:30:17 UTC] create_stock:16072
[17-Sep-2024 15:30:17 UTC] create_price:1,37
[17-Sep-2024 15:30:17 UTC] create_variation_product_idproduct_id1112
[17-Sep-2024 15:30:17 UTC] create_stock:10558
[17-Sep-2024 15:30:17 UTC] create_price:1,03
[17-Sep-2024 15:30:17 UTC] create_variation_product_idproduct_id1113
[17-Sep-2024 15:30:17 UTC] create_stock:57000
[17-Sep-2024 15:30:17 UTC] create_price:0,11
[17-Sep-2024 15:30:17 UTC] create_variation_product_idproduct_id1113
[17-Sep-2024 15:30:17 UTC] create_stock:104351
[17-Sep-2024 15:30:17 UTC] create_price:0,11
[17-Sep-2024 15:30:18 UTC] create_variation_product_idproduct_id1114
[17-Sep-2024 15:30:18 UTC] create_stock:7901
[17-Sep-2024 15:30:18 UTC] create_price:2,35
[17-Sep-2024 15:30:18 UTC] create_variation_product_idproduct_id1115
[17-Sep-2024 15:30:18 UTC] create_stock:1748
[17-Sep-2024 15:30:18 UTC] create_price:0,26
[17-Sep-2024 15:30:18 UTC] create_variation_product_idproduct_id1116
[17-Sep-2024 15:30:18 UTC] create_stock:0
[17-Sep-2024 15:30:18 UTC] create_price:0,34
[17-Sep-2024 15:30:26 UTC] create_variation_product_idproduct_id1117
[17-Sep-2024 15:30:26 UTC] create_stock:0
[17-Sep-2024 15:30:26 UTC] create_price:1,72
[17-Sep-2024 15:30:30 UTC] create_variation_product_idproduct_id1117
[17-Sep-2024 15:30:30 UTC] create_stock:0
[17-Sep-2024 15:30:30 UTC] create_price:1,72
[17-Sep-2024 15:30:34 UTC] create_variation_product_idproduct_id1117
[17-Sep-2024 15:30:34 UTC] create_stock:0
[17-Sep-2024 15:30:34 UTC] create_price:1,72
[17-Sep-2024 15:30:36 UTC] create_variation_product_idproduct_id1117
[17-Sep-2024 15:30:36 UTC] create_stock:0
[17-Sep-2024 15:30:36 UTC] create_price:1,72
[17-Sep-2024 15:30:37 UTC] create_variation_product_idproduct_id1118
[17-Sep-2024 15:30:37 UTC] create_stock:11849
[17-Sep-2024 15:30:37 UTC] create_price:0,46
[17-Sep-2024 15:30:37 UTC] create_variation_product_idproduct_id1118
[17-Sep-2024 15:30:37 UTC] create_stock:13493
[17-Sep-2024 15:30:37 UTC] create_price:0,46
[17-Sep-2024 15:30:37 UTC] create_variation_product_idproduct_id1118
[17-Sep-2024 15:30:37 UTC] create_stock:5402
[17-Sep-2024 15:30:37 UTC] create_price:0,46
[17-Sep-2024 15:30:38 UTC] create_variation_product_idproduct_id1118
[17-Sep-2024 15:30:38 UTC] create_stock:1
[17-Sep-2024 15:30:38 UTC] create_price:0,46
[17-Sep-2024 15:30:38 UTC] create_variation_product_idproduct_id1118
[17-Sep-2024 15:30:38 UTC] create_stock:14519
[17-Sep-2024 15:30:38 UTC] create_price:0,46
[17-Sep-2024 15:30:39 UTC] create_variation_product_idproduct_id1118
[17-Sep-2024 15:30:39 UTC] create_stock:16544
[17-Sep-2024 15:30:39 UTC] create_price:0,46
[17-Sep-2024 15:30:39 UTC] create_variation_product_idproduct_id1119
[17-Sep-2024 15:30:39 UTC] create_stock:21829
[17-Sep-2024 15:30:39 UTC] create_price:0,68
[17-Sep-2024 15:30:39 UTC] create_variation_product_idproduct_id1119
[17-Sep-2024 15:30:39 UTC] create_stock:20219
[17-Sep-2024 15:30:39 UTC] create_price:0,68
[17-Sep-2024 15:30:39 UTC] create_variation_product_idproduct_id1119
[17-Sep-2024 15:30:39 UTC] create_stock:7804
[17-Sep-2024 15:30:39 UTC] create_price:0,68
[17-Sep-2024 15:30:40 UTC] create_variation_product_idproduct_id1119
[17-Sep-2024 15:30:40 UTC] create_stock:2397
[17-Sep-2024 15:30:40 UTC] create_price:0,68
[17-Sep-2024 15:30:40 UTC] create_variation_product_idproduct_id1119
[17-Sep-2024 15:30:40 UTC] create_stock:2037
[17-Sep-2024 15:30:40 UTC] create_price:0,68
[17-Sep-2024 15:30:40 UTC] create_variation_product_idproduct_id1119
[17-Sep-2024 15:30:40 UTC] create_stock:15512
[17-Sep-2024 15:30:40 UTC] create_price:0,68
[17-Sep-2024 15:30:40 UTC] create_variation_product_idproduct_id1119
[17-Sep-2024 15:30:40 UTC] create_stock:1346
[17-Sep-2024 15:30:40 UTC] create_price:0,68
[17-Sep-2024 15:30:41 UTC] create_variation_product_idproduct_id1119
[17-Sep-2024 15:30:41 UTC] create_stock:1250
[17-Sep-2024 15:30:41 UTC] create_price:0,68
[17-Sep-2024 15:30:41 UTC] create_variation_product_idproduct_id1119
[17-Sep-2024 15:30:41 UTC] create_stock:0
[17-Sep-2024 15:30:41 UTC] create_price:0,68
[17-Sep-2024 15:30:48 UTC] create_variation_product_idproduct_id1119
[17-Sep-2024 15:30:48 UTC] create_stock:13670
[17-Sep-2024 15:30:48 UTC] create_price:0,68
[17-Sep-2024 15:30:48 UTC] create_variation_product_idproduct_id1120
[17-Sep-2024 15:30:48 UTC] create_stock:10938
[17-Sep-2024 15:30:48 UTC] create_price:0,93
[17-Sep-2024 15:30:48 UTC] create_variation_product_idproduct_id1120
[17-Sep-2024 15:30:48 UTC] create_stock:39099
[17-Sep-2024 15:30:48 UTC] create_price:0,93
[17-Sep-2024 15:30:48 UTC] create_variation_product_idproduct_id1120
[17-Sep-2024 15:30:48 UTC] create_stock:17914
[17-Sep-2024 15:30:48 UTC] create_price:0,93
[17-Sep-2024 15:30:49 UTC] create_variation_product_idproduct_id1120
[17-Sep-2024 15:30:49 UTC] create_stock:18772
[17-Sep-2024 15:30:49 UTC] create_price:0,93
[17-Sep-2024 15:30:49 UTC] create_variation_product_idproduct_id1120
[17-Sep-2024 15:30:49 UTC] create_stock:5399
[17-Sep-2024 15:30:49 UTC] create_price:0,93
[17-Sep-2024 15:30:49 UTC] create_variation_product_idproduct_id1120
[17-Sep-2024 15:30:49 UTC] create_stock:9933
[17-Sep-2024 15:30:49 UTC] create_price:0,93
[17-Sep-2024 15:30:49 UTC] create_variation_product_idproduct_id1120
[17-Sep-2024 15:30:49 UTC] create_stock:17324
[17-Sep-2024 15:30:49 UTC] create_price:0,93
[17-Sep-2024 15:30:50 UTC] create_variation_product_idproduct_id1120
[17-Sep-2024 15:30:50 UTC] create_stock:8695
[17-Sep-2024 15:30:50 UTC] create_price:0,93
[17-Sep-2024 15:30:50 UTC] create_variation_product_idproduct_id1120
[17-Sep-2024 15:30:50 UTC] create_stock:8299
[17-Sep-2024 15:30:50 UTC] create_price:0,93
[17-Sep-2024 15:30:50 UTC] create_variation_product_idproduct_id1120
[17-Sep-2024 15:30:50 UTC] create_stock:2
[17-Sep-2024 15:30:50 UTC] create_price:0,93
[17-Sep-2024 15:30:54 UTC] create_variation_product_idproduct_id1121
[17-Sep-2024 15:30:54 UTC] create_stock:5685
[17-Sep-2024 15:30:54 UTC] create_price:1,40
[17-Sep-2024 15:30:54 UTC] create_variation_product_idproduct_id1121
[17-Sep-2024 15:30:54 UTC] create_stock:6114
[17-Sep-2024 15:30:54 UTC] create_price:1,40
[17-Sep-2024 15:30:55 UTC] create_variation_product_idproduct_id1121
[17-Sep-2024 15:30:55 UTC] create_stock:18397
[17-Sep-2024 15:30:55 UTC] create_price:1,40
[17-Sep-2024 15:30:55 UTC] create_variation_product_idproduct_id1121
[17-Sep-2024 15:30:55 UTC] create_stock:0
[17-Sep-2024 15:30:55 UTC] create_price:1,40
[17-Sep-2024 15:30:56 UTC] create_variation_product_idproduct_id1121
[17-Sep-2024 15:30:56 UTC] create_stock:0
[17-Sep-2024 15:30:56 UTC] create_price:1,40
[17-Sep-2024 15:30:57 UTC] create_variation_product_idproduct_id1121
[17-Sep-2024 15:30:57 UTC] create_stock:4657
[17-Sep-2024 15:30:57 UTC] create_price:1,40
[17-Sep-2024 15:30:57 UTC] create_variation_product_idproduct_id1122
[17-Sep-2024 15:30:57 UTC] create_stock:5680
[17-Sep-2024 15:30:57 UTC] create_price:5,76
[17-Sep-2024 15:30:58 UTC] create_variation_product_idproduct_id1123
[17-Sep-2024 15:30:58 UTC] create_stock:30793
[17-Sep-2024 15:30:58 UTC] create_price:0,15
[17-Sep-2024 15:30:58 UTC] create_variation_product_idproduct_id1124
[17-Sep-2024 15:30:58 UTC] create_stock:42884
[17-Sep-2024 15:30:58 UTC] create_price:0,13
[17-Sep-2024 15:30:58 UTC] create_variation_product_idproduct_id1125
[17-Sep-2024 15:30:58 UTC] create_stock:9157
[17-Sep-2024 15:30:58 UTC] create_price:1,57
[17-Sep-2024 15:30:58 UTC] create_variation_product_idproduct_id1126
[17-Sep-2024 15:30:58 UTC] create_stock:17578
[17-Sep-2024 15:30:58 UTC] create_price:0,95
[17-Sep-2024 15:30:58 UTC] create_variation_product_idproduct_id1127
[17-Sep-2024 15:30:58 UTC] create_stock:22152
[17-Sep-2024 15:30:58 UTC] create_price:1,00
[17-Sep-2024 15:30:58 UTC] create_variation_product_idproduct_id1128
[17-Sep-2024 15:30:58 UTC] create_stock:17380
[17-Sep-2024 15:30:58 UTC] create_price:1,16
[17-Sep-2024 15:30:59 UTC] create_variation_product_idproduct_id1129
[17-Sep-2024 15:30:59 UTC] create_stock:5421
[17-Sep-2024 15:30:59 UTC] create_price:1,57
[17-Sep-2024 15:30:59 UTC] create_variation_product_idproduct_id1130
[17-Sep-2024 15:30:59 UTC] create_stock:24050
[17-Sep-2024 15:30:59 UTC] create_price:0,48
[17-Sep-2024 15:30:59 UTC] create_variation_product_idproduct_id1131
[17-Sep-2024 15:30:59 UTC] create_stock:6695
[17-Sep-2024 15:30:59 UTC] create_price:1,00
[17-Sep-2024 15:30:59 UTC] create_variation_product_idproduct_id1132
[17-Sep-2024 15:30:59 UTC] create_stock:1474
[17-Sep-2024 15:30:59 UTC] create_price:5,61
[17-Sep-2024 15:30:59 UTC] create_variation_product_idproduct_id1133
[17-Sep-2024 15:30:59 UTC] create_stock:3518
[17-Sep-2024 15:30:59 UTC] create_price:2,21
[17-Sep-2024 15:31:00 UTC] create_variation_product_idproduct_id1133
[17-Sep-2024 15:31:00 UTC] create_stock:2807
[17-Sep-2024 15:31:00 UTC] create_price:2,21
[17-Sep-2024 15:31:00 UTC] create_variation_product_idproduct_id1133
[17-Sep-2024 15:31:00 UTC] create_stock:5185
[17-Sep-2024 15:31:00 UTC] create_price:2,21
[17-Sep-2024 15:31:00 UTC] create_variation_product_idproduct_id1133
[17-Sep-2024 15:31:00 UTC] create_stock:4108
[17-Sep-2024 15:31:00 UTC] create_price:2,21
[17-Sep-2024 15:31:01 UTC] create_variation_product_idproduct_id1133
[17-Sep-2024 15:31:01 UTC] create_stock:2625
[17-Sep-2024 15:31:01 UTC] create_price:2,21
[17-Sep-2024 15:31:01 UTC] create_variation_product_idproduct_id1133
[17-Sep-2024 15:31:01 UTC] create_stock:2766
[17-Sep-2024 15:31:01 UTC] create_price:2,21
[17-Sep-2024 15:31:01 UTC] create_variation_product_idproduct_id1133
[17-Sep-2024 15:31:01 UTC] create_stock:2415
[17-Sep-2024 15:31:01 UTC] create_price:2,21
[17-Sep-2024 15:31:01 UTC] create_variation_product_idproduct_id1133
[17-Sep-2024 15:31:01 UTC] create_stock:0
[17-Sep-2024 15:31:01 UTC] create_price:2,21
[17-Sep-2024 15:31:02 UTC] create_variation_product_idproduct_id1133
[17-Sep-2024 15:31:02 UTC] create_stock:2228
[17-Sep-2024 15:31:02 UTC] create_price:2,21
[17-Sep-2024 15:31:02 UTC] create_variation_product_idproduct_id1133
[17-Sep-2024 15:31:02 UTC] create_stock:2675
[17-Sep-2024 15:31:02 UTC] create_price:2,21
[17-Sep-2024 15:31:03 UTC] create_variation_product_idproduct_id1134
[17-Sep-2024 15:31:03 UTC] create_stock:10579
[17-Sep-2024 15:31:03 UTC] create_price:9,08
[17-Sep-2024 15:31:03 UTC] create_variation_product_idproduct_id1135
[17-Sep-2024 15:31:03 UTC] create_stock:26330
[17-Sep-2024 15:31:03 UTC] create_price:0,18
[17-Sep-2024 15:31:03 UTC] create_variation_product_idproduct_id1136
[17-Sep-2024 15:31:03 UTC] create_stock:653190
[17-Sep-2024 15:31:03 UTC] create_price:0,11
[17-Sep-2024 15:31:03 UTC] create_variation_product_idproduct_id1137
[17-Sep-2024 15:31:03 UTC] create_stock:101010
[17-Sep-2024 15:31:03 UTC] create_price:0,04
[17-Sep-2024 15:31:03 UTC] create_variation_product_idproduct_id1137
[17-Sep-2024 15:31:03 UTC] create_stock:143455
[17-Sep-2024 15:31:03 UTC] create_price:0,04
[17-Sep-2024 15:31:04 UTC] create_variation_product_idproduct_id1138
[17-Sep-2024 15:31:04 UTC] create_stock:21697
[17-Sep-2024 15:31:04 UTC] create_price:1,02
[17-Sep-2024 15:31:04 UTC] create_variation_product_idproduct_id1139
[17-Sep-2024 15:31:04 UTC] create_stock:7806
[17-Sep-2024 15:31:04 UTC] create_price:0,89
[17-Sep-2024 15:31:04 UTC] create_variation_product_idproduct_id1140
[17-Sep-2024 15:31:04 UTC] create_stock:12632
[17-Sep-2024 15:31:04 UTC] create_price:1,47
[17-Sep-2024 15:31:04 UTC] create_variation_product_idproduct_id1141
[17-Sep-2024 15:31:04 UTC] create_stock:10606
[17-Sep-2024 15:31:04 UTC] create_price:5,50
[17-Sep-2024 15:31:04 UTC] create_variation_product_idproduct_id1142
[17-Sep-2024 15:31:04 UTC] create_stock:22147
[17-Sep-2024 15:31:04 UTC] create_price:0,48
[17-Sep-2024 15:31:04 UTC] create_variation_product_idproduct_id1143
[17-Sep-2024 15:31:04 UTC] create_stock:977
[17-Sep-2024 15:31:04 UTC] create_price:12,07
[17-Sep-2024 15:31:05 UTC] create_variation_product_idproduct_id1144
[17-Sep-2024 15:31:05 UTC] create_stock:1796
[17-Sep-2024 15:31:05 UTC] create_price:10,20
[17-Sep-2024 15:31:05 UTC] create_variation_product_idproduct_id1145
[17-Sep-2024 15:31:05 UTC] create_stock:3038
[17-Sep-2024 15:31:05 UTC] create_price:0,46
[17-Sep-2024 15:31:05 UTC] create_variation_product_idproduct_id1146
[17-Sep-2024 15:31:05 UTC] create_stock:9932
[17-Sep-2024 15:31:05 UTC] create_price:0,86
[17-Sep-2024 15:31:05 UTC] create_variation_product_idproduct_id1147
[17-Sep-2024 15:31:05 UTC] create_stock:296851
[17-Sep-2024 15:31:05 UTC] create_price:0,38
[17-Sep-2024 15:31:05 UTC] create_variation_product_idproduct_id1148
[17-Sep-2024 15:31:05 UTC] create_stock:106771
[17-Sep-2024 15:31:05 UTC] create_price:0,24
[17-Sep-2024 15:31:06 UTC] create_variation_product_idproduct_id1149
[17-Sep-2024 15:31:06 UTC] create_stock:21542
[17-Sep-2024 15:31:06 UTC] create_price:3,02
[17-Sep-2024 15:31:06 UTC] create_variation_product_idproduct_id1150
[17-Sep-2024 15:31:06 UTC] create_stock:34918
[17-Sep-2024 15:31:06 UTC] create_price:0,21
[17-Sep-2024 15:31:06 UTC] create_variation_product_idproduct_id1150
[17-Sep-2024 15:31:06 UTC] create_stock:49912
[17-Sep-2024 15:31:06 UTC] create_price:0,21
[17-Sep-2024 15:31:06 UTC] create_variation_product_idproduct_id1151
[17-Sep-2024 15:31:06 UTC] create_stock:0
[17-Sep-2024 15:31:06 UTC] create_price:0,17
[17-Sep-2024 15:31:07 UTC] create_variation_product_idproduct_id1152
[17-Sep-2024 15:31:07 UTC] create_stock:14212
[17-Sep-2024 15:31:07 UTC] create_price:0,10
[17-Sep-2024 15:31:07 UTC] create_variation_product_idproduct_id1152
[17-Sep-2024 15:31:07 UTC] create_stock:33831
[17-Sep-2024 15:31:07 UTC] create_price:0,10
[17-Sep-2024 15:31:08 UTC] create_variation_product_idproduct_id1152
[17-Sep-2024 15:31:08 UTC] create_stock:20853
[17-Sep-2024 15:31:08 UTC] create_price:0,10
[17-Sep-2024 15:31:08 UTC] create_variation_product_idproduct_id1152
[17-Sep-2024 15:31:08 UTC] create_stock:0
[17-Sep-2024 15:31:08 UTC] create_price:0,10
[17-Sep-2024 15:31:10 UTC] create_variation_product_idproduct_id1152
[17-Sep-2024 15:31:10 UTC] create_stock:24021
[17-Sep-2024 15:31:10 UTC] create_price:0,10
[17-Sep-2024 15:31:10 UTC] create_variation_product_idproduct_id1152
[17-Sep-2024 15:31:10 UTC] create_stock:54602
[17-Sep-2024 15:31:10 UTC] create_price:0,10
[17-Sep-2024 15:31:10 UTC] create_variation_product_idproduct_id1152
[17-Sep-2024 15:31:10 UTC] create_stock:141225
[17-Sep-2024 15:31:10 UTC] create_price:0,10
[17-Sep-2024 15:31:11 UTC] create_variation_product_idproduct_id1152
[17-Sep-2024 15:31:11 UTC] create_stock:11
[17-Sep-2024 15:31:11 UTC] create_price:0,10
[17-Sep-2024 15:31:11 UTC] create_variation_product_idproduct_id1152
[17-Sep-2024 15:31:11 UTC] create_stock:18513
[17-Sep-2024 15:31:11 UTC] create_price:0,10
[17-Sep-2024 15:31:11 UTC] create_variation_product_idproduct_id1153
[17-Sep-2024 15:31:11 UTC] create_stock:3247
[17-Sep-2024 15:31:11 UTC] create_price:6,64
[17-Sep-2024 15:31:11 UTC] create_variation_product_idproduct_id1154
[17-Sep-2024 15:31:11 UTC] create_stock:19674
[17-Sep-2024 15:31:11 UTC] create_price:0,78
[17-Sep-2024 15:31:12 UTC] create_variation_product_idproduct_id1154
[17-Sep-2024 15:31:12 UTC] create_stock:2253
[17-Sep-2024 15:31:12 UTC] create_price:0,78
[17-Sep-2024 15:31:12 UTC] create_variation_product_idproduct_id1155
[17-Sep-2024 15:31:12 UTC] create_stock:2903
[17-Sep-2024 15:31:12 UTC] create_price:12,83
[17-Sep-2024 15:31:12 UTC] create_variation_product_idproduct_id1156
[17-Sep-2024 15:31:12 UTC] create_stock:5112
[17-Sep-2024 15:31:12 UTC] create_price:2,89
[17-Sep-2024 15:31:12 UTC] create_variation_product_idproduct_id1157
[17-Sep-2024 15:31:12 UTC] create_stock:20886
[17-Sep-2024 15:31:12 UTC] create_price:0,31
[17-Sep-2024 15:31:12 UTC] create_variation_product_idproduct_id1158
[17-Sep-2024 15:31:12 UTC] create_stock:3536
[17-Sep-2024 15:31:12 UTC] create_price:7,32
[17-Sep-2024 15:31:12 UTC] create_variation_product_idproduct_id1159
[17-Sep-2024 15:31:12 UTC] create_stock:4874
[17-Sep-2024 15:31:12 UTC] create_price:2,80
[17-Sep-2024 15:31:13 UTC] create_variation_product_idproduct_id1159
[17-Sep-2024 15:31:13 UTC] create_stock:3283
[17-Sep-2024 15:31:13 UTC] create_price:2,80
[17-Sep-2024 15:31:13 UTC] create_variation_product_idproduct_id1159
[17-Sep-2024 15:31:13 UTC] create_stock:7621
[17-Sep-2024 15:31:13 UTC] create_price:2,80
[17-Sep-2024 15:31:13 UTC] create_variation_product_idproduct_id1159
[17-Sep-2024 15:31:13 UTC] create_stock:1194
[17-Sep-2024 15:31:13 UTC] create_price:2,80
[17-Sep-2024 15:31:13 UTC] create_variation_product_idproduct_id1160
[17-Sep-2024 15:31:13 UTC] create_stock:3180
[17-Sep-2024 15:31:13 UTC] create_price:3,43
[17-Sep-2024 15:31:14 UTC] create_variation_product_idproduct_id1160
[17-Sep-2024 15:31:14 UTC] create_stock:4410
[17-Sep-2024 15:31:14 UTC] create_price:3,43
[17-Sep-2024 15:31:14 UTC] create_variation_product_idproduct_id1160
[17-Sep-2024 15:31:14 UTC] create_stock:16805
[17-Sep-2024 15:31:14 UTC] create_price:3,43
[17-Sep-2024 15:31:14 UTC] create_variation_product_idproduct_id1160
[17-Sep-2024 15:31:14 UTC] create_stock:16
[17-Sep-2024 15:31:14 UTC] create_price:3,43
[17-Sep-2024 15:31:14 UTC] create_variation_product_idproduct_id1160
[17-Sep-2024 15:31:14 UTC] create_stock:4772
[17-Sep-2024 15:31:14 UTC] create_price:3,43
[17-Sep-2024 15:31:15 UTC] create_variation_product_idproduct_id1160
[17-Sep-2024 15:31:15 UTC] create_stock:3353
[17-Sep-2024 15:31:15 UTC] create_price:3,43
[17-Sep-2024 15:31:15 UTC] create_variation_product_idproduct_id1160
[17-Sep-2024 15:31:15 UTC] create_stock:5185
[17-Sep-2024 15:31:15 UTC] create_price:3,43
[17-Sep-2024 15:31:15 UTC] create_variation_product_idproduct_id1160
[17-Sep-2024 15:31:15 UTC] create_stock:2414
[17-Sep-2024 15:31:15 UTC] create_price:3,43
[17-Sep-2024 15:31:15 UTC] create_variation_product_idproduct_id1160
[17-Sep-2024 15:31:15 UTC] create_stock:692
[17-Sep-2024 15:31:15 UTC] create_price:3,43
[17-Sep-2024 15:31:16 UTC] create_variation_product_idproduct_id1161
[17-Sep-2024 15:31:16 UTC] create_stock:0
[17-Sep-2024 15:31:16 UTC] create_price:3,20
[17-Sep-2024 15:31:17 UTC] create_variation_product_idproduct_id1161
[17-Sep-2024 15:31:17 UTC] create_stock:5317
[17-Sep-2024 15:31:17 UTC] create_price:3,20
[17-Sep-2024 15:31:17 UTC] create_variation_product_idproduct_id1161
[17-Sep-2024 15:31:17 UTC] create_stock:478
[17-Sep-2024 15:31:17 UTC] create_price:3,20
[17-Sep-2024 15:31:18 UTC] create_variation_product_idproduct_id1161
[17-Sep-2024 15:31:18 UTC] create_stock:5217
[17-Sep-2024 15:31:18 UTC] create_price:3,20
[17-Sep-2024 15:31:18 UTC] create_variation_product_idproduct_id1161
[17-Sep-2024 15:31:18 UTC] create_stock:4144
[17-Sep-2024 15:31:18 UTC] create_price:3,20
[17-Sep-2024 15:31:18 UTC] create_variation_product_idproduct_id1161
[17-Sep-2024 15:31:18 UTC] create_stock:2343
[17-Sep-2024 15:31:18 UTC] create_price:3,20
[17-Sep-2024 15:31:18 UTC] create_variation_product_idproduct_id1161
[17-Sep-2024 15:31:18 UTC] create_stock:3353
[17-Sep-2024 15:31:18 UTC] create_price:3,20
[17-Sep-2024 15:31:19 UTC] create_variation_product_idproduct_id1161
[17-Sep-2024 15:31:19 UTC] create_stock:1561
[17-Sep-2024 15:31:19 UTC] create_price:3,20
[17-Sep-2024 15:31:19 UTC] create_variation_product_idproduct_id1161
[17-Sep-2024 15:31:19 UTC] create_stock:347
[17-Sep-2024 15:31:19 UTC] create_price:3,20
[17-Sep-2024 15:31:19 UTC] create_variation_product_idproduct_id1162
[17-Sep-2024 15:31:19 UTC] create_stock:935
[17-Sep-2024 15:31:19 UTC] create_price:5,39
[17-Sep-2024 15:31:19 UTC] create_variation_product_idproduct_id1162
[17-Sep-2024 15:31:19 UTC] create_stock:2755
[17-Sep-2024 15:31:19 UTC] create_price:5,39
[17-Sep-2024 15:31:19 UTC] create_variation_product_idproduct_id1162
[17-Sep-2024 15:31:19 UTC] create_stock:4089
[17-Sep-2024 15:31:19 UTC] create_price:5,39
[17-Sep-2024 15:31:20 UTC] create_variation_product_idproduct_id1162
[17-Sep-2024 15:31:20 UTC] create_stock:0
[17-Sep-2024 15:31:20 UTC] create_price:5,39
[17-Sep-2024 15:31:21 UTC] create_variation_product_idproduct_id1163
[17-Sep-2024 15:31:21 UTC] create_stock:13399
[17-Sep-2024 15:31:21 UTC] create_price:0,51
[17-Sep-2024 15:31:21 UTC] create_variation_product_idproduct_id1164
[17-Sep-2024 15:31:21 UTC] create_stock:5545
[17-Sep-2024 15:31:21 UTC] create_price:3,55
[17-Sep-2024 15:31:21 UTC] create_variation_product_idproduct_id1164
[17-Sep-2024 15:31:21 UTC] create_stock:6371
[17-Sep-2024 15:31:21 UTC] create_price:3,55
[17-Sep-2024 15:31:21 UTC] create_variation_product_idproduct_id1165
[17-Sep-2024 15:31:21 UTC] create_stock:82472
[17-Sep-2024 15:31:21 UTC] create_price:0,07
[17-Sep-2024 15:31:22 UTC] create_variation_product_idproduct_id1165
[17-Sep-2024 15:31:22 UTC] create_stock:42624
[17-Sep-2024 15:31:22 UTC] create_price:0,07
[17-Sep-2024 15:31:22 UTC] create_variation_product_idproduct_id1165
[17-Sep-2024 15:31:22 UTC] create_stock:9850
[17-Sep-2024 15:31:22 UTC] create_price:0,07
[17-Sep-2024 15:31:22 UTC] create_variation_product_idproduct_id1165
[17-Sep-2024 15:31:22 UTC] create_stock:56723
[17-Sep-2024 15:31:22 UTC] create_price:0,07
[17-Sep-2024 15:31:22 UTC] create_variation_product_idproduct_id1166
[17-Sep-2024 15:31:22 UTC] create_stock:61091
[17-Sep-2024 15:31:22 UTC] create_price:0,44
[17-Sep-2024 15:31:22 UTC] create_variation_product_idproduct_id1166
[17-Sep-2024 15:31:22 UTC] create_stock:33383
[17-Sep-2024 15:31:22 UTC] create_price:0,44
[17-Sep-2024 15:31:23 UTC] create_variation_product_idproduct_id1166
[17-Sep-2024 15:31:23 UTC] create_stock:4623
[17-Sep-2024 15:31:23 UTC] create_price:0,44
[17-Sep-2024 15:31:23 UTC] create_variation_product_idproduct_id1167
[17-Sep-2024 15:31:23 UTC] create_stock:4180
[17-Sep-2024 15:31:23 UTC] create_price:1,21
[17-Sep-2024 15:31:23 UTC] create_variation_product_idproduct_id1168
[17-Sep-2024 15:31:23 UTC] create_stock:11682
[17-Sep-2024 15:31:23 UTC] create_price:1,26
[17-Sep-2024 15:31:23 UTC] create_variation_product_idproduct_id1169
[17-Sep-2024 15:31:23 UTC] create_stock:911
[17-Sep-2024 15:31:23 UTC] create_price:2,27
[17-Sep-2024 15:31:23 UTC] create_variation_product_idproduct_id1169
[17-Sep-2024 15:31:23 UTC] create_stock:3039
[17-Sep-2024 15:31:23 UTC] create_price:2,27
[17-Sep-2024 15:31:24 UTC] create_variation_product_idproduct_id1170
[17-Sep-2024 15:31:24 UTC] create_stock:7461
[17-Sep-2024 15:31:24 UTC] create_price:8,50
[17-Sep-2024 15:31:24 UTC] create_variation_product_idproduct_id1171
[17-Sep-2024 15:31:24 UTC] create_stock:1533
[17-Sep-2024 15:31:24 UTC] create_price:4,71
[17-Sep-2024 15:31:24 UTC] create_variation_product_idproduct_id1172
[17-Sep-2024 15:31:24 UTC] create_stock:14493
[17-Sep-2024 15:31:24 UTC] create_price:1,02
[17-Sep-2024 15:31:24 UTC] create_variation_product_idproduct_id1172
[17-Sep-2024 15:31:24 UTC] create_stock:4449
[17-Sep-2024 15:31:24 UTC] create_price:1,02
[17-Sep-2024 15:31:24 UTC] create_variation_product_idproduct_id1172
[17-Sep-2024 15:31:24 UTC] create_stock:2670
[17-Sep-2024 15:31:24 UTC] create_price:1,02
[17-Sep-2024 15:31:24 UTC] create_variation_product_idproduct_id1173
[17-Sep-2024 15:31:24 UTC] create_stock:5591
[17-Sep-2024 15:31:24 UTC] create_price:11,92
[17-Sep-2024 15:31:25 UTC] create_variation_product_idproduct_id1173
[17-Sep-2024 15:31:25 UTC] create_stock:4422
[17-Sep-2024 15:31:25 UTC] create_price:11,92
[17-Sep-2024 15:31:25 UTC] create_variation_product_idproduct_id1174
[17-Sep-2024 15:31:25 UTC] create_stock:387
[17-Sep-2024 15:31:25 UTC] create_price:17,91
[17-Sep-2024 15:31:25 UTC] create_variation_product_idproduct_id1175
[17-Sep-2024 15:31:25 UTC] create_stock:1879
[17-Sep-2024 15:31:25 UTC] create_price:8,13
[17-Sep-2024 15:31:25 UTC] create_variation_product_idproduct_id1177
[17-Sep-2024 15:31:25 UTC] create_stock:6270
[17-Sep-2024 15:31:25 UTC] create_price:3,04
[17-Sep-2024 15:31:25 UTC] create_variation_product_idproduct_id1178
[17-Sep-2024 15:31:25 UTC] create_stock:7929
[17-Sep-2024 15:31:25 UTC] create_price:4,25
[17-Sep-2024 15:31:26 UTC] create_variation_product_idproduct_id1179
[17-Sep-2024 15:31:26 UTC] create_stock:10761
[17-Sep-2024 15:31:26 UTC] create_price:0,98
[17-Sep-2024 15:31:26 UTC] create_variation_product_idproduct_id1180
[17-Sep-2024 15:31:26 UTC] create_stock:29871
[17-Sep-2024 15:31:26 UTC] create_price:0,72
[17-Sep-2024 15:31:26 UTC] create_variation_product_idproduct_id1181
[17-Sep-2024 15:31:26 UTC] create_stock:31496
[17-Sep-2024 15:31:26 UTC] create_price:0,46
[17-Sep-2024 15:31:26 UTC] create_variation_product_idproduct_id1182
[17-Sep-2024 15:31:26 UTC] create_stock:8118
[17-Sep-2024 15:31:26 UTC] create_price:0,40
[17-Sep-2024 15:31:26 UTC] create_variation_product_idproduct_id1183
[17-Sep-2024 15:31:26 UTC] create_stock:62950
[17-Sep-2024 15:31:26 UTC] create_price:0,38
[17-Sep-2024 15:31:27 UTC] create_variation_product_idproduct_id1183
[17-Sep-2024 15:31:27 UTC] create_stock:19410
[17-Sep-2024 15:31:27 UTC] create_price:0,38
[17-Sep-2024 15:31:27 UTC] create_variation_product_idproduct_id1184
[17-Sep-2024 15:31:27 UTC] create_stock:5762
[17-Sep-2024 15:31:27 UTC] create_price:1,24
[17-Sep-2024 15:31:27 UTC] create_variation_product_idproduct_id1185
[17-Sep-2024 15:31:27 UTC] create_stock:49712
[17-Sep-2024 15:31:27 UTC] create_price:0,78
[17-Sep-2024 15:31:27 UTC] create_variation_product_idproduct_id1185
[17-Sep-2024 15:31:27 UTC] create_stock:19440
[17-Sep-2024 15:31:27 UTC] create_price:0,78
[17-Sep-2024 15:31:27 UTC] create_variation_product_idproduct_id1185
[17-Sep-2024 15:31:27 UTC] create_stock:18821
[17-Sep-2024 15:31:27 UTC] create_price:0,78
[17-Sep-2024 15:31:28 UTC] create_variation_product_idproduct_id1185
[17-Sep-2024 15:31:28 UTC] create_stock:8866
[17-Sep-2024 15:31:28 UTC] create_price:0,78
[17-Sep-2024 15:31:28 UTC] create_variation_product_idproduct_id1185
[17-Sep-2024 15:31:28 UTC] create_stock:2506
[17-Sep-2024 15:31:28 UTC] create_price:0,78
[17-Sep-2024 15:31:28 UTC] create_variation_product_idproduct_id1186
[17-Sep-2024 15:31:28 UTC] create_stock:9527
[17-Sep-2024 15:31:28 UTC] create_price:3,35
[17-Sep-2024 15:31:28 UTC] create_variation_product_idproduct_id1187
[17-Sep-2024 15:31:28 UTC] create_stock:119960
[17-Sep-2024 15:31:28 UTC] create_price:0,21
[17-Sep-2024 15:31:28 UTC] create_variation_product_idproduct_id1188
[17-Sep-2024 15:31:28 UTC] create_stock:43180
[17-Sep-2024 15:31:28 UTC] create_price:0,25
[17-Sep-2024 15:31:28 UTC] create_variation_product_idproduct_id1189
[17-Sep-2024 15:31:28 UTC] create_stock:449
[17-Sep-2024 15:31:28 UTC] create_price:0,56
[17-Sep-2024 15:31:29 UTC] create_variation_product_idproduct_id1189
[17-Sep-2024 15:31:29 UTC] create_stock:42381
[17-Sep-2024 15:31:29 UTC] create_price:0,56
[17-Sep-2024 15:31:29 UTC] create_variation_product_idproduct_id1189
[17-Sep-2024 15:31:29 UTC] create_stock:25926
[17-Sep-2024 15:31:29 UTC] create_price:0,56
[17-Sep-2024 15:31:29 UTC] create_variation_product_idproduct_id1189
[17-Sep-2024 15:31:29 UTC] create_stock:19749
[17-Sep-2024 15:31:29 UTC] create_price:0,56
[17-Sep-2024 15:31:29 UTC] create_variation_product_idproduct_id1189
[17-Sep-2024 15:31:29 UTC] create_stock:14862
[17-Sep-2024 15:31:29 UTC] create_price:0,56
[17-Sep-2024 15:31:30 UTC] create_variation_product_idproduct_id1189
[17-Sep-2024 15:31:30 UTC] create_stock:22306
[17-Sep-2024 15:31:30 UTC] create_price:0,56
[17-Sep-2024 15:31:30 UTC] create_variation_product_idproduct_id1189
[17-Sep-2024 15:31:30 UTC] create_stock:5847
[17-Sep-2024 15:31:30 UTC] create_price:0,56
[17-Sep-2024 15:31:30 UTC] create_variation_product_idproduct_id1190
[17-Sep-2024 15:31:30 UTC] create_stock:5806
[17-Sep-2024 15:31:30 UTC] create_price:0,76
[17-Sep-2024 15:31:30 UTC] create_variation_product_idproduct_id1191
[17-Sep-2024 15:31:30 UTC] create_stock:11114
[17-Sep-2024 15:31:30 UTC] create_price:1,18
[17-Sep-2024 15:31:31 UTC] create_variation_product_idproduct_id1192
[17-Sep-2024 15:31:31 UTC] create_stock:1576
[17-Sep-2024 15:31:31 UTC] create_price:6,67
[17-Sep-2024 15:31:31 UTC] create_variation_product_idproduct_id1193
[17-Sep-2024 15:31:31 UTC] create_stock:2695
[17-Sep-2024 15:31:31 UTC] create_price:7,76
[17-Sep-2024 15:31:31 UTC] create_variation_product_idproduct_id1194
[17-Sep-2024 15:31:31 UTC] create_stock:6872
[17-Sep-2024 15:31:31 UTC] create_price:3,50
[17-Sep-2024 15:31:31 UTC] create_variation_product_idproduct_id1195
[17-Sep-2024 15:31:31 UTC] create_stock:26671
[17-Sep-2024 15:31:31 UTC] create_price:0,23
[17-Sep-2024 15:31:31 UTC] create_variation_product_idproduct_id1195
[17-Sep-2024 15:31:31 UTC] create_stock:8813
[17-Sep-2024 15:31:31 UTC] create_price:0,23
[17-Sep-2024 15:31:31 UTC] create_variation_product_idproduct_id1196
[17-Sep-2024 15:31:31 UTC] create_stock:2529
[17-Sep-2024 15:31:31 UTC] create_price:2,57
[17-Sep-2024 15:31:32 UTC] create_variation_product_idproduct_id1197
[17-Sep-2024 15:31:32 UTC] create_stock:15545
[17-Sep-2024 15:31:32 UTC] create_price:1,01
[17-Sep-2024 15:31:32 UTC] create_variation_product_idproduct_id1197
[17-Sep-2024 15:31:32 UTC] create_stock:25534
[17-Sep-2024 15:31:32 UTC] create_price:1,01
[17-Sep-2024 15:31:32 UTC] create_variation_product_idproduct_id1198
[17-Sep-2024 15:31:32 UTC] create_stock:2813
[17-Sep-2024 15:31:32 UTC] create_price:1,81
[17-Sep-2024 15:31:32 UTC] create_variation_product_idproduct_id1198
[17-Sep-2024 15:31:32 UTC] create_stock:6509
[17-Sep-2024 15:31:32 UTC] create_price:1,81
[17-Sep-2024 15:31:32 UTC] create_variation_product_idproduct_id1199
[17-Sep-2024 15:31:32 UTC] create_stock:6294
[17-Sep-2024 15:31:32 UTC] create_price:2,42
[17-Sep-2024 15:31:33 UTC] create_variation_product_idproduct_id1200
[17-Sep-2024 15:31:33 UTC] create_stock:8552
[17-Sep-2024 15:31:33 UTC] create_price:1,15
[17-Sep-2024 15:31:33 UTC] create_variation_product_idproduct_id1201
[17-Sep-2024 15:31:33 UTC] create_stock:43714
[17-Sep-2024 15:31:33 UTC] create_price:1,18
[17-Sep-2024 15:31:33 UTC] create_variation_product_idproduct_id1202
[17-Sep-2024 15:31:33 UTC] create_stock:10721
[17-Sep-2024 15:31:33 UTC] create_price:1,37
[17-Sep-2024 15:31:33 UTC] create_variation_product_idproduct_id1203
[17-Sep-2024 15:31:33 UTC] create_stock:8913
[17-Sep-2024 15:31:33 UTC] create_price:0,76
[17-Sep-2024 15:31:33 UTC] create_variation_product_idproduct_id1204
[17-Sep-2024 15:31:33 UTC] create_stock:5786
[17-Sep-2024 15:31:33 UTC] create_price:2,93
[17-Sep-2024 15:31:33 UTC] create_variation_product_idproduct_id1205
[17-Sep-2024 15:31:33 UTC] create_stock:2923
[17-Sep-2024 15:31:33 UTC] create_price:1,17
[17-Sep-2024 15:31:34 UTC] create_variation_product_idproduct_id1206
[17-Sep-2024 15:31:34 UTC] create_stock:2146
[17-Sep-2024 15:31:34 UTC] create_price:10,75
[17-Sep-2024 15:31:34 UTC] create_variation_product_idproduct_id1207
[17-Sep-2024 15:31:34 UTC] create_stock:19168
[17-Sep-2024 15:31:34 UTC] create_price:3,78
[17-Sep-2024 15:31:34 UTC] create_variation_product_idproduct_id1208
[17-Sep-2024 15:31:34 UTC] create_stock:2965
[17-Sep-2024 15:31:34 UTC] create_price:7,88
[17-Sep-2024 15:31:34 UTC] create_variation_product_idproduct_id1209
[17-Sep-2024 15:31:34 UTC] create_stock:7978
[17-Sep-2024 15:31:34 UTC] create_price:0,58
[17-Sep-2024 15:31:34 UTC] create_variation_product_idproduct_id1209
[17-Sep-2024 15:31:34 UTC] create_stock:11363
[17-Sep-2024 15:31:34 UTC] create_price:0,58
[17-Sep-2024 15:31:35 UTC] create_variation_product_idproduct_id1210
[17-Sep-2024 15:31:35 UTC] create_stock:53956
[17-Sep-2024 15:31:35 UTC] create_price:0,21
[17-Sep-2024 15:31:35 UTC] create_variation_product_idproduct_id1210
[17-Sep-2024 15:31:35 UTC] create_stock:15957
[17-Sep-2024 15:31:35 UTC] create_price:0,21
[17-Sep-2024 15:31:35 UTC] create_variation_product_idproduct_id1210
[17-Sep-2024 15:31:35 UTC] create_stock:37300
[17-Sep-2024 15:31:35 UTC] create_price:0,21
[17-Sep-2024 15:31:35 UTC] create_variation_product_idproduct_id1210
[17-Sep-2024 15:31:35 UTC] create_stock:10271
[17-Sep-2024 15:31:35 UTC] create_price:0,21
[17-Sep-2024 15:31:36 UTC] create_variation_product_idproduct_id1210
[17-Sep-2024 15:31:36 UTC] create_stock:5221
[17-Sep-2024 15:31:36 UTC] create_price:0,21
[17-Sep-2024 15:31:36 UTC] create_variation_product_idproduct_id1210
[17-Sep-2024 15:31:36 UTC] create_stock:16843
[17-Sep-2024 15:31:36 UTC] create_price:0,21
[17-Sep-2024 15:31:36 UTC] create_variation_product_idproduct_id1210
[17-Sep-2024 15:31:36 UTC] create_stock:21515
[17-Sep-2024 15:31:36 UTC] create_price:0,21
[17-Sep-2024 15:31:36 UTC] create_variation_product_idproduct_id1210
[17-Sep-2024 15:31:36 UTC] create_stock:37137
[17-Sep-2024 15:31:36 UTC] create_price:0,21
[17-Sep-2024 15:31:37 UTC] create_variation_product_idproduct_id1210
[17-Sep-2024 15:31:37 UTC] create_stock:1380
[17-Sep-2024 15:31:37 UTC] create_price:0,21
[17-Sep-2024 15:31:37 UTC] create_variation_product_idproduct_id1211
[17-Sep-2024 15:31:37 UTC] create_stock:
[17-Sep-2024 15:31:37 UTC] create_price:
[17-Sep-2024 15:31:46 UTC] create_variation_product_idproduct_id1211
[17-Sep-2024 15:31:46 UTC] create_stock:
[17-Sep-2024 15:31:46 UTC] create_price:
[17-Sep-2024 15:32:01 UTC] create_variation_product_idproduct_id1211
[17-Sep-2024 15:32:01 UTC] create_stock:
[17-Sep-2024 15:32:01 UTC] create_price:
[17-Sep-2024 15:32:18 UTC] create_variation_product_idproduct_id1211
[17-Sep-2024 15:32:18 UTC] create_stock:
[17-Sep-2024 15:32:18 UTC] create_price:
[17-Sep-2024 15:32:24 UTC] create_variation_product_idproduct_id1211
[17-Sep-2024 15:32:24 UTC] create_stock:
[17-Sep-2024 15:32:24 UTC] create_price:
[17-Sep-2024 15:32:27 UTC] create_variation_product_idproduct_id1211
[17-Sep-2024 15:32:27 UTC] create_stock:
[17-Sep-2024 15:32:27 UTC] create_price:
[17-Sep-2024 15:32:34 UTC] create_variation_product_idproduct_id1211
[17-Sep-2024 15:32:34 UTC] create_stock:
[17-Sep-2024 15:32:34 UTC] create_price:
[17-Sep-2024 15:32:35 UTC] create_variation_product_idproduct_id1211
[17-Sep-2024 15:32:35 UTC] create_stock:
[17-Sep-2024 15:32:35 UTC] create_price:
[17-Sep-2024 15:32:42 UTC] create_variation_product_idproduct_id1211
[17-Sep-2024 15:32:42 UTC] create_stock:
[17-Sep-2024 15:32:42 UTC] create_price:
[17-Sep-2024 15:32:53 UTC] create_variation_product_idproduct_id1211
[17-Sep-2024 15:32:53 UTC] create_stock:
[17-Sep-2024 15:32:53 UTC] create_price:
[17-Sep-2024 15:33:03 UTC] create_variation_product_idproduct_id1211
[17-Sep-2024 15:33:03 UTC] create_stock:
[17-Sep-2024 15:33:03 UTC] create_price:
[17-Sep-2024 15:33:12 UTC] create_variation_product_idproduct_id1211
[17-Sep-2024 15:33:12 UTC] create_stock:
[17-Sep-2024 15:33:12 UTC] create_price:
[17-Sep-2024 15:33:22 UTC] create_variation_product_idproduct_id1212
[17-Sep-2024 15:33:22 UTC] create_stock:
[17-Sep-2024 15:33:22 UTC] create_price:
[17-Sep-2024 15:33:28 UTC] create_variation_product_idproduct_id1212
[17-Sep-2024 15:33:28 UTC] create_stock:
[17-Sep-2024 15:33:28 UTC] create_price:
[17-Sep-2024 15:33:36 UTC] create_variation_product_idproduct_id1212
[17-Sep-2024 15:33:36 UTC] create_stock:
[17-Sep-2024 15:33:36 UTC] create_price:
[17-Sep-2024 15:33:38 UTC] create_variation_product_idproduct_id1212
[17-Sep-2024 15:33:38 UTC] create_stock:
[17-Sep-2024 15:33:38 UTC] create_price:
[17-Sep-2024 15:33:40 UTC] create_variation_product_idproduct_id1212
[17-Sep-2024 15:33:40 UTC] create_stock:
[17-Sep-2024 15:33:40 UTC] create_price:
[17-Sep-2024 15:37:08 UTC] PHP Deprecated:  json_decode(): Passing null to parameter #1 ($json) of type string is deprecated in /home/fmiq6457/goodies-sur-mesure/wp-content/plugins/woocommerce-product-addon/classes/ppom.class.php on line 312
[17-Sep-2024 15:37:08 UTC] PHP Deprecated:  json_decode(): Passing null to parameter #1 ($json) of type string is deprecated in /home/fmiq6457/goodies-sur-mesure/wp-content/plugins/woocommerce-product-addon/classes/ppom.class.php on line 312
[17-Sep-2024 15:37:08 UTC] PHP Deprecated:  json_decode(): Passing null to parameter #1 ($json) of type string is deprecated in /home/fmiq6457/goodies-sur-mesure/wp-content/plugins/woocommerce-product-addon/classes/ppom.class.php on line 312
[17-Sep-2024 15:37:08 UTC] PHP Deprecated:  json_decode(): Passing null to parameter #1 ($json) of type string is deprecated in /home/fmiq6457/goodies-sur-mesure/wp-content/plugins/woocommerce-product-addon/classes/ppom.class.php on line 312
[17-Sep-2024 15:37:08 UTC] PHP Deprecated:  json_decode(): Passing null to parameter #1 ($json) of type string is deprecated in /home/fmiq6457/goodies-sur-mesure/wp-content/plugins/woocommerce-product-addon/classes/ppom.class.php on line 312
[17-Sep-2024 15:37:09 UTC] PHP Deprecated:  json_decode(): Passing null to parameter #1 ($json) of type string is deprecated in /home/fmiq6457/goodies-sur-mesure/wp-content/plugins/woocommerce-product-addon/classes/ppom.class.php on line 312
[17-Sep-2024 15:37:09 UTC] PHP Deprecated:  json_decode(): Passing null to parameter #1 ($json) of type string is deprecated in /home/fmiq6457/goodies-sur-mesure/wp-content/plugins/woocommerce-product-addon/classes/ppom.class.php on line 312
[17-Sep-2024 15:37:09 UTC] PHP Deprecated:  json_decode(): Passing null to parameter #1 ($json) of type string is deprecated in /home/fmiq6457/goodies-sur-mesure/wp-content/plugins/woocommerce-product-addon/classes/ppom.class.php on line 312
[17-Sep-2024 15:37:09 UTC] PHP Deprecated:  json_decode(): Passing null to parameter #1 ($json) of type string is deprecated in /home/fmiq6457/goodies-sur-mesure/wp-content/plugins/woocommerce-product-addon/classes/ppom.class.php on line 312
[17-Sep-2024 15:37:09 UTC] PHP Deprecated:  json_decode(): Passing null to parameter #1 ($json) of type string is deprecated in /home/fmiq6457/goodies-sur-mesure/wp-content/plugins/woocommerce-product-addon/classes/ppom.class.php on line 312
[17-Sep-2024 15:37:09 UTC] PHP Deprecated:  json_decode(): Passing null to parameter #1 ($json) of type string is deprecated in /home/fmiq6457/goodies-sur-mesure/wp-content/plugins/woocommerce-product-addon/classes/ppom.class.php on line 312
[17-Sep-2024 15:37:09 UTC] PHP Deprecated:  json_decode(): Passing null to parameter #1 ($json) of type string is deprecated in /home/fmiq6457/goodies-sur-mesure/wp-content/plugins/woocommerce-product-addon/classes/ppom.class.php on line 312
[17-Sep-2024 15:37:09 UTC] PHP Deprecated:  json_decode(): Passing null to parameter #1 ($json) of type string is deprecated in /home/fmiq6457/goodies-sur-mesure/wp-content/plugins/woocommerce-product-addon/classes/ppom.class.php on line 312
[17-Sep-2024 15:37:09 UTC] PHP Deprecated:  json_decode(): Passing null to parameter #1 ($json) of type string is deprecated in /home/fmiq6457/goodies-sur-mesure/wp-content/plugins/woocommerce-product-addon/classes/ppom.class.php on line 312
[17-Sep-2024 15:37:09 UTC] PHP Deprecated:  json_decode(): Passing null to parameter #1 ($json) of type string is deprecated in /home/fmiq6457/goodies-sur-mesure/wp-content/plugins/woocommerce-product-addon/classes/ppom.class.php on line 312
[17-Sep-2024 15:37:09 UTC] PHP Deprecated:  json_decode(): Passing null to parameter #1 ($json) of type string is deprecated in /home/fmiq6457/goodies-sur-mesure/wp-content/plugins/woocommerce-product-addon/classes/ppom.class.php on line 312
[17-Sep-2024 15:37:09 UTC] PHP Deprecated:  json_decode(): Passing null to parameter #1 ($json) of type string is deprecated in /home/fmiq6457/goodies-sur-mesure/wp-content/plugins/woocommerce-product-addon/classes/ppom.class.php on line 312
[17-Sep-2024 15:37:09 UTC] PHP Deprecated:  json_decode(): Passing null to parameter #1 ($json) of type string is deprecated in /home/fmiq6457/goodies-sur-mesure/wp-content/plugins/woocommerce-product-addon/classes/ppom.class.php on line 312
[17-Sep-2024 15:37:09 UTC] PHP Deprecated:  json_decode(): Passing null to parameter #1 ($json) of type string is deprecated in /home/fmiq6457/goodies-sur-mesure/wp-content/plugins/woocommerce-product-addon/classes/ppom.class.php on line 312
[17-Sep-2024 15:37:09 UTC] PHP Deprecated:  json_decode(): Passing null to parameter #1 ($json) of type string is deprecated in /home/fmiq6457/goodies-sur-mesure/wp-content/plugins/woocommerce-product-addon/classes/ppom.class.php on line 312
[17-Sep-2024 15:37:33 UTC] PHP Deprecated:  json_decode(): Passing null to parameter #1 ($json) of type string is deprecated in /home/fmiq6457/goodies-sur-mesure/wp-content/plugins/woocommerce-product-addon/classes/ppom.class.php on line 312
[17-Sep-2024 15:37:33 UTC] PHP Deprecated:  json_decode(): Passing null to parameter #1 ($json) of type string is deprecated in /home/fmiq6457/goodies-sur-mesure/wp-content/plugins/woocommerce-product-addon/classes/ppom.class.php on line 312
[17-Sep-2024 15:37:33 UTC] PHP Deprecated:  json_decode(): Passing null to parameter #1 ($json) of type string is deprecated in /home/fmiq6457/goodies-sur-mesure/wp-content/plugins/woocommerce-product-addon/classes/ppom.class.php on line 312
[17-Sep-2024 15:37:33 UTC] PHP Deprecated:  json_decode(): Passing null to parameter #1 ($json) of type string is deprecated in /home/fmiq6457/goodies-sur-mesure/wp-content/plugins/woocommerce-product-addon/classes/ppom.class.php on line 312
[17-Sep-2024 15:37:33 UTC] PHP Deprecated:  Creation of dynamic property PPOM_Form::$product_id is deprecated in /home/fmiq6457/goodies-sur-mesure/wp-content/plugins/woocommerce-product-addon/classes/form.class.php on line 53
[17-Sep-2024 15:37:33 UTC] PHP Deprecated:  json_decode(): Passing null to parameter #1 ($json) of type string is deprecated in /home/fmiq6457/goodies-sur-mesure/wp-content/plugins/woocommerce-product-addon/classes/ppom.class.php on line 312
[17-Sep-2024 15:37:33 UTC] PHP Deprecated:  json_decode(): Passing null to parameter #1 ($json) of type string is deprecated in /home/fmiq6457/goodies-sur-mesure/wp-content/plugins/woocommerce-product-addon/classes/ppom.class.php on line 312
[17-Sep-2024 15:37:33 UTC] PHP Deprecated:  json_decode(): Passing null to parameter #1 ($json) of type string is deprecated in /home/fmiq6457/goodies-sur-mesure/wp-content/plugins/woocommerce-product-addon/classes/ppom.class.php on line 312
[17-Sep-2024 15:37:33 UTC] PHP Deprecated:  json_decode(): Passing null to parameter #1 ($json) of type string is deprecated in /home/fmiq6457/goodies-sur-mesure/wp-content/plugins/woocommerce-product-addon/classes/ppom.class.php on line 312
[17-Sep-2024 15:37:33 UTC] PHP Deprecated:  json_decode(): Passing null to parameter #1 ($json) of type string is deprecated in /home/fmiq6457/goodies-sur-mesure/wp-content/plugins/woocommerce-product-addon/classes/ppom.class.php on line 312
[17-Sep-2024 15:37:33 UTC] PHP Deprecated:  json_decode(): Passing null to parameter #1 ($json) of type string is deprecated in /home/fmiq6457/goodies-sur-mesure/wp-content/plugins/woocommerce-product-addon/classes/ppom.class.php on line 312
[17-Sep-2024 15:38:18 UTC] PHP Deprecated:  json_decode(): Passing null to parameter #1 ($json) of type string is deprecated in /home/fmiq6457/goodies-sur-mesure/wp-content/plugins/woocommerce-product-addon/classes/ppom.class.php on line 312
[17-Sep-2024 15:38:18 UTC] PHP Deprecated:  json_decode(): Passing null to parameter #1 ($json) of type string is deprecated in /home/fmiq6457/goodies-sur-mesure/wp-content/plugins/woocommerce-product-addon/classes/ppom.class.php on line 312
[17-Sep-2024 15:38:18 UTC] PHP Deprecated:  json_decode(): Passing null to parameter #1 ($json) of type string is deprecated in /home/fmiq6457/goodies-sur-mesure/wp-content/plugins/woocommerce-product-addon/classes/ppom.class.php on line 312
[17-Sep-2024 15:38:18 UTC] PHP Deprecated:  json_decode(): Passing null to parameter #1 ($json) of type string is deprecated in /home/fmiq6457/goodies-sur-mesure/wp-content/plugins/woocommerce-product-addon/classes/ppom.class.php on line 312
[17-Sep-2024 15:38:18 UTC] PHP Deprecated:  json_decode(): Passing null to parameter #1 ($json) of type string is deprecated in /home/fmiq6457/goodies-sur-mesure/wp-content/plugins/woocommerce-product-addon/classes/ppom.class.php on line 312
[17-Sep-2024 15:38:18 UTC] PHP Deprecated:  json_decode(): Passing null to parameter #1 ($json) of type string is deprecated in /home/fmiq6457/goodies-sur-mesure/wp-content/plugins/woocommerce-product-addon/classes/ppom.class.php on line 312
[17-Sep-2024 15:38:33 UTC] PHP Deprecated:  json_decode(): Passing null to parameter #1 ($json) of type string is deprecated in /home/fmiq6457/goodies-sur-mesure/wp-content/plugins/woocommerce-product-addon/classes/ppom.class.php on line 312
[17-Sep-2024 15:39:51 UTC] PHP Deprecated:  Creation of dynamic property PPOM_Form::$product_id is deprecated in /home/fmiq6457/goodies-sur-mesure/wp-content/plugins/woocommerce-product-addon/classes/form.class.php on line 53
